ISO-10303-21;
HEADER;
FILE_DESCRIPTION((''),'2;1');
FILE_NAME('_0001','2026-01-15T02:42:22',('ACE'),(''),
'CREO PARAMETRIC BY PTC INC, 2025102','CREO PARAMETRIC BY PTC INC, 2025102','');
FILE_SCHEMA((
'AP242_MANAGED_MODEL_BASED_3D_ENGINEERING_MIM_LF { 1 0 10303 442 1 1 4 }'));
ENDSEC;
DATA;
#16=DIRECTION('',(0.E0,7.071067811865E-1,-7.071067811866E-1));
#17=VECTOR('',#16,5.656854249492E-1);
#18=CARTESIAN_POINT('',(2.1E1,0.E0,1.82E1));
#19=LINE('2431',#18,#17);
#20=DRAUGHTING_PRE_DEFINED_CURVE_FONT('continuous');
#21=CURVE_STYLE('',#20,POSITIVE_LENGTH_MEASURE(2.E-2),#5);
#22=PRESENTATION_STYLE_ASSIGNMENT((#21));
#23=STYLED_ITEM('',(#22),#19);
#24=CARTESIAN_POINT('',(2.1E1,4.E-1,1.45E1));
#25=DIRECTION('',(0.E0,1.E0,0.E0));
#26=DIRECTION('',(0.E0,0.E0,1.E0));
#27=AXIS2_PLACEMENT_3D('',#24,#25,#26);
#29=CURVE_STYLE('',#20,POSITIVE_LENGTH_MEASURE(2.E-2),#5);
#30=PRESENTATION_STYLE_ASSIGNMENT((#29));
#31=STYLED_ITEM('',(#30),#28);
#32=CARTESIAN_POINT('',(2.1E1,4.E-1,1.45E1));
#33=DIRECTION('',(0.E0,1.E0,0.E0));
#34=DIRECTION('',(0.E0,0.E0,-1.E0));
#35=AXIS2_PLACEMENT_3D('',#32,#33,#34);
#37=CURVE_STYLE('',#20,POSITIVE_LENGTH_MEASURE(2.E-2),#5);
#38=PRESENTATION_STYLE_ASSIGNMENT((#37));
#39=STYLED_ITEM('',(#38),#36);
#40=DIRECTION('',(0.E0,7.071067811865E-1,7.071067811866E-1));
#41=VECTOR('',#40,5.656854249492E-1);
#42=CARTESIAN_POINT('',(2.1E1,0.E0,1.08E1));
#43=LINE('2503',#42,#41);
#44=CURVE_STYLE('',#20,POSITIVE_LENGTH_MEASURE(2.E-2),#5);
#45=PRESENTATION_STYLE_ASSIGNMENT((#44));
#46=STYLED_ITEM('',(#45),#43);
#47=DIRECTION('',(0.E0,1.E0,0.E0));
#48=VECTOR('',#47,2.1E0);
#49=CARTESIAN_POINT('',(2.1E1,4.E-1,1.12E1));
#50=LINE('2636',#49,#48);
#51=CURVE_STYLE('',#20,POSITIVE_LENGTH_MEASURE(2.E-2),#5);
#52=PRESENTATION_STYLE_ASSIGNMENT((#51));
#53=STYLED_ITEM('',(#52),#50);
#54=CARTESIAN_POINT('',(2.1E1,2.5E0,1.45E1));
#55=DIRECTION('',(0.E0,-1.E0,0.E0));
#56=DIRECTION('',(0.E0,0.E0,1.E0));
#57=AXIS2_PLACEMENT_3D('',#54,#55,#56);
#59=CURVE_STYLE('',#20,POSITIVE_LENGTH_MEASURE(2.E-2),#5);
#60=PRESENTATION_STYLE_ASSIGNMENT((#59));
#61=STYLED_ITEM('',(#60),#58);
#62=DIRECTION('',(0.E0,-7.071067811865E-1,-7.071067811865E-1));
#63=VECTOR('',#62,9.899494936612E-1);
#64=CARTESIAN_POINT('',(2.1E1,3.2E0,1.85E1));
#65=LINE('2280',#64,#63);
#66=CURVE_STYLE('',#20,POSITIVE_LENGTH_MEASURE(2.E-2),#5);
#67=PRESENTATION_STYLE_ASSIGNMENT((#66));
#68=STYLED_ITEM('',(#67),#65);
#69=CARTESIAN_POINT('',(2.1E1,3.2E0,1.45E1));
#70=DIRECTION('',(0.E0,1.E0,0.E0));
#71=DIRECTION('',(0.E0,0.E0,-1.E0));
#72=AXIS2_PLACEMENT_3D('',#69,#70,#71);
#74=CURVE_STYLE('',#20,POSITIVE_LENGTH_MEASURE(2.E-2),#5);
#75=PRESENTATION_STYLE_ASSIGNMENT((#74));
#76=STYLED_ITEM('',(#75),#73);
#77=DIRECTION('',(0.E0,-7.071067811865E-1,7.071067811865E-1));
#78=VECTOR('',#77,9.899494936612E-1);
#79=CARTESIAN_POINT('',(2.1E1,3.2E0,1.05E1));
#80=LINE('2539',#79,#78);
#81=CURVE_STYLE('',#20,POSITIVE_LENGTH_MEASURE(2.E-2),#5);
#82=PRESENTATION_STYLE_ASSIGNMENT((#81));
#83=STYLED_ITEM('',(#82),#80);
#84=CARTESIAN_POINT('',(2.1E1,3.2E0,1.45E1));
#85=DIRECTION('',(0.E0,1.E0,0.E0));
#86=DIRECTION('',(0.E0,0.E0,1.E0));
#87=AXIS2_PLACEMENT_3D('',#84,#85,#86);
#89=CURVE_STYLE('',#20,POSITIVE_LENGTH_MEASURE(2.E-2),#5);
#90=PRESENTATION_STYLE_ASSIGNMENT((#89));
#91=STYLED_ITEM('',(#90),#88);
#92=CARTESIAN_POINT('',(2.1E1,2.5E0,1.45E1));
#93=DIRECTION('',(0.E0,-1.E0,0.E0));
#94=DIRECTION('',(0.E0,0.E0,-1.E0));
#95=AXIS2_PLACEMENT_3D('',#92,#93,#94);
#97=CURVE_STYLE('',#20,POSITIVE_LENGTH_MEASURE(2.E-2),#5);
#98=PRESENTATION_STYLE_ASSIGNMENT((#97));
#99=STYLED_ITEM('',(#98),#96);
#100=DIRECTION('',(0.E0,1.E0,0.E0));
#101=VECTOR('',#100,3.4E0);
#102=CARTESIAN_POINT('',(2.1E1,3.2E0,1.85E1));
#103=LINE('2219',#102,#101);
#104=CURVE_STYLE('',#20,POSITIVE_LENGTH_MEASURE(2.E-2),#5);
#105=PRESENTATION_STYLE_ASSIGNMENT((#104));
#106=STYLED_ITEM('',(#105),#103);
#107=DIRECTION('',(0.E0,1.E0,0.E0));
#108=VECTOR('',#107,3.4E0);
#109=CARTESIAN_POINT('',(2.1E1,3.2E0,1.05E1));
#110=LINE('2258',#109,#108);
#111=CURVE_STYLE('',#20,POSITIVE_LENGTH_MEASURE(2.E-2),#5);
#112=PRESENTATION_STYLE_ASSIGNMENT((#111));
#113=STYLED_ITEM('',(#112),#110);
#114=DIRECTION('',(0.E0,7.071067811865E-1,7.071067811865E-1));
#115=VECTOR('',#114,5.656854249492E-1);
#116=CARTESIAN_POINT('',(2.1E1,6.6E0,1.05E1));
#117=LINE('2458',#116,#115);
#118=CURVE_STYLE('',#20,POSITIVE_LENGTH_MEASURE(2.E-2),#5);
#119=PRESENTATION_STYLE_ASSIGNMENT((#118));
#120=STYLED_ITEM('',(#119),#117);
#121=CARTESIAN_POINT('',(2.1E1,6.6E0,1.45E1));
#122=DIRECTION('',(0.E0,-1.E0,0.E0));
#123=DIRECTION('',(0.E0,0.E0,1.E0));
#124=AXIS2_PLACEMENT_3D('',#121,#122,#123);
#126=CURVE_STYLE('',#20,POSITIVE_LENGTH_MEASURE(2.E-2),#5);
#127=PRESENTATION_STYLE_ASSIGNMENT((#126));
#128=STYLED_ITEM('',(#127),#125);
#129=CARTESIAN_POINT('',(2.1E1,7.E0,1.45E1));
#130=DIRECTION('',(0.E0,-1.E0,0.E0));
#131=DIRECTION('',(0.E0,0.E0,-1.E0));
#132=AXIS2_PLACEMENT_3D('',#129,#130,#131);
#134=CURVE_STYLE('',#20,POSITIVE_LENGTH_MEASURE(2.E-2),#5);
#135=PRESENTATION_STYLE_ASSIGNMENT((#134));
#136=STYLED_ITEM('',(#135),#133);
#137=CARTESIAN_POINT('',(2.1E1,7.E0,1.45E1));
#138=DIRECTION('',(0.E0,-1.E0,0.E0));
#139=DIRECTION('',(0.E0,0.E0,1.E0));
#140=AXIS2_PLACEMENT_3D('',#137,#138,#139);
#142=CURVE_STYLE('',#20,POSITIVE_LENGTH_MEASURE(2.E-2),#5);
#143=PRESENTATION_STYLE_ASSIGNMENT((#142));
#144=STYLED_ITEM('',(#143),#141);
#145=CARTESIAN_POINT('',(2.1E1,7.E0,1.45E1));
#146=DIRECTION('',(0.E0,1.E0,0.E0));
#147=DIRECTION('',(0.E0,0.E0,1.E0));
#148=AXIS2_PLACEMENT_3D('',#145,#146,#147);
#150=CURVE_STYLE('',#20,POSITIVE_LENGTH_MEASURE(2.E-2),#5);
#151=PRESENTATION_STYLE_ASSIGNMENT((#150));
#152=STYLED_ITEM('',(#151),#149);
#153=CARTESIAN_POINT('',(2.1E1,7.E0,1.45E1));
#154=DIRECTION('',(0.E0,1.E0,0.E0));
#155=DIRECTION('',(0.E0,0.E0,-1.E0));
#156=AXIS2_PLACEMENT_3D('',#153,#154,#155);
#158=CURVE_STYLE('',#20,POSITIVE_LENGTH_MEASURE(2.E-2),#5);
#159=PRESENTATION_STYLE_ASSIGNMENT((#158));
#160=STYLED_ITEM('',(#159),#157);
#161=DIRECTION('',(0.E0,7.071067811865E-1,-7.071067811866E-1));
#162=VECTOR('',#161,5.656854249492E-1);
#163=CARTESIAN_POINT('',(2.1E1,6.6E0,1.85E1));
#164=LINE('2526',#163,#162);
#165=CURVE_STYLE('',#20,POSITIVE_LENGTH_MEASURE(2.E-2),#5);
#166=PRESENTATION_STYLE_ASSIGNMENT((#165));
#167=STYLED_ITEM('',(#166),#164);
#168=CARTESIAN_POINT('',(2.1E1,6.6E0,1.45E1));
#169=DIRECTION('',(0.E0,-1.E0,0.E0));
#170=DIRECTION('',(0.E0,0.E0,-1.E0));
#171=AXIS2_PLACEMENT_3D('',#168,#169,#170);
#173=CURVE_STYLE('',#20,POSITIVE_LENGTH_MEASURE(2.E-2),#5);
#174=PRESENTATION_STYLE_ASSIGNMENT((#173));
#175=STYLED_ITEM('',(#174),#172);
#176=DIRECTION('',(0.E0,7.071067811866E-1,-7.071067811865E-1));
#177=VECTOR('',#176,5.656854249492E-1);
#178=CARTESIAN_POINT('',(2.1E1,7.E0,1.705E1));
#179=LINE('2558',#178,#177);
#180=CURVE_STYLE('',#20,POSITIVE_LENGTH_MEASURE(2.E-2),#5);
#181=PRESENTATION_STYLE_ASSIGNMENT((#180));
#182=STYLED_ITEM('',(#181),#179);
#183=CARTESIAN_POINT('',(2.1E1,7.4E0,1.45E1));
#184=DIRECTION('',(0.E0,1.E0,0.E0));
#185=DIRECTION('',(0.E0,0.E0,1.E0));
#186=AXIS2_PLACEMENT_3D('',#183,#184,#185);
#188=CURVE_STYLE('',#20,POSITIVE_LENGTH_MEASURE(2.E-2),#5);
#189=PRESENTATION_STYLE_ASSIGNMENT((#188));
#190=STYLED_ITEM('',(#189),#187);
#191=CARTESIAN_POINT('',(2.1E1,7.4E0,1.45E1));
#192=DIRECTION('',(0.E0,1.E0,0.E0));
#193=DIRECTION('',(0.E0,0.E0,-1.E0));
#194=AXIS2_PLACEMENT_3D('',#191,#192,#193);
#196=CURVE_STYLE('',#20,POSITIVE_LENGTH_MEASURE(2.E-2),#5);
#197=PRESENTATION_STYLE_ASSIGNMENT((#196));
#198=STYLED_ITEM('',(#197),#195);
#199=DIRECTION('',(0.E0,7.071067811865E-1,7.071067811865E-1));
#200=VECTOR('',#199,5.656854249492E-1);
#201=CARTESIAN_POINT('',(2.1E1,7.E0,1.195E1));
#202=LINE('2656',#201,#200);
#203=CURVE_STYLE('',#20,POSITIVE_LENGTH_MEASURE(2.E-2),#5);
#204=PRESENTATION_STYLE_ASSIGNMENT((#203));
#205=STYLED_ITEM('',(#204),#202);
#206=DIRECTION('',(0.E0,1.E0,0.E0));
#207=VECTOR('',#206,2.1E0);
#208=CARTESIAN_POINT('',(2.1E1,7.4E0,1.235E1));
#209=LINE('2312',#208,#207);
#210=CURVE_STYLE('',#20,POSITIVE_LENGTH_MEASURE(2.E-2),#5);
#211=PRESENTATION_STYLE_ASSIGNMENT((#210));
#212=STYLED_ITEM('',(#211),#209);
#213=CARTESIAN_POINT('',(2.1E1,9.5E0,1.45E1));
#214=DIRECTION('',(0.E0,-1.E0,0.E0));
#215=DIRECTION('',(0.E0,0.E0,-1.E0));
#216=AXIS2_PLACEMENT_3D('',#213,#214,#215);
#218=CURVE_STYLE('',#20,POSITIVE_LENGTH_MEASURE(2.E-2),#5);
#219=PRESENTATION_STYLE_ASSIGNMENT((#218));
#220=STYLED_ITEM('',(#219),#217);
#221=CARTESIAN_POINT('',(2.1E1,9.5E0,1.45E1));
#222=DIRECTION('',(0.E0,-1.E0,0.E0));
#223=DIRECTION('',(0.E0,0.E0,1.E0));
#224=AXIS2_PLACEMENT_3D('',#221,#222,#223);
#226=CURVE_STYLE('',#20,POSITIVE_LENGTH_MEASURE(2.E-2),#5);
#227=PRESENTATION_STYLE_ASSIGNMENT((#226));
#228=STYLED_ITEM('',(#227),#225);
#229=CARTESIAN_POINT('',(2.1E1,9.5E0,1.45E1));
#230=DIRECTION('',(0.E0,1.E0,0.E0));
#231=DIRECTION('',(-1.E0,0.E0,0.E0));
#232=AXIS2_PLACEMENT_3D('',#229,#230,#231);
#234=CURVE_STYLE('',#20,POSITIVE_LENGTH_MEASURE(2.E-2),#5);
#235=PRESENTATION_STYLE_ASSIGNMENT((#234));
#236=STYLED_ITEM('',(#235),#233);
#237=CARTESIAN_POINT('',(2.1E1,9.5E0,1.45E1));
#238=DIRECTION('',(0.E0,1.E0,0.E0));
#239=DIRECTION('',(0.E0,0.E0,-1.E0));
#240=AXIS2_PLACEMENT_3D('',#237,#238,#239);
#242=CURVE_STYLE('',#20,POSITIVE_LENGTH_MEASURE(2.E-2),#5);
#243=PRESENTATION_STYLE_ASSIGNMENT((#242));
#244=STYLED_ITEM('',(#243),#241);
#245=CARTESIAN_POINT('',(2.1E1,9.5E0,1.45E1));
#246=DIRECTION('',(0.E0,1.E0,0.E0));
#247=DIRECTION('',(1.E0,0.E0,0.E0));
#248=AXIS2_PLACEMENT_3D('',#245,#246,#247);
#250=CURVE_STYLE('',#20,POSITIVE_LENGTH_MEASURE(2.E-2),#5);
#251=PRESENTATION_STYLE_ASSIGNMENT((#250));
#252=STYLED_ITEM('',(#251),#249);
#253=DIRECTION('',(0.E0,1.E0,0.E0));
#254=VECTOR('',#253,2.1E0);
#255=CARTESIAN_POINT('',(2.1E1,7.4E0,1.665E1));
#256=LINE('2517',#255,#254);
#257=CURVE_STYLE('',#20,POSITIVE_LENGTH_MEASURE(2.E-2),#5);
#258=PRESENTATION_STYLE_ASSIGNMENT((#257));
#259=STYLED_ITEM('',(#258),#256);
#260=DIRECTION('',(0.E0,-1.E0,0.E0));
#261=VECTOR('',#260,4.713727135780E0);
#262=CARTESIAN_POINT('',(2.22E1,1.421372713578E1,1.45E1));
#263=LINE('2340',#262,#261);
#264=CURVE_STYLE('',#20,POSITIVE_LENGTH_MEASURE(2.E-2),#5);
#265=PRESENTATION_STYLE_ASSIGNMENT((#264));
#266=STYLED_ITEM('',(#265),#263);
#267=DIRECTION('',(1.070213345306E-14,-1.E0,2.675533363264E-14));
#268=VECTOR('',#267,4.647483767735E0);
#269=CARTESIAN_POINT('',(1.98E1,1.414748376773E1,1.45E1));
#270=LINE('2443',#269,#268);
#271=CURVE_STYLE('',#20,POSITIVE_LENGTH_MEASURE(2.E-2),#5);
#272=PRESENTATION_STYLE_ASSIGNMENT((#271));
#273=STYLED_ITEM('',(#272),#270);
#274=CARTESIAN_POINT('',(1.98E1,1.414748376773E1,1.45E1));
#275=CARTESIAN_POINT('',(1.98E1,1.414748376773E1,1.441323820924E1));
#276=CARTESIAN_POINT('',(1.981893804393E1,1.416595295998E1,1.424254696836E1));
#277=CARTESIAN_POINT('',(1.990530322163E1,1.425314378226E1,1.398309568040E1));
#278=CARTESIAN_POINT('',(2.004631031538E1,1.440617747423E1,1.375593592257E1));
#279=CARTESIAN_POINT('',(2.022880905952E1,1.462725914925E1,1.356891913583E1));
#280=CARTESIAN_POINT('',(2.043506965407E1,1.491641951703E1,1.343227322062E1));
#281=CARTESIAN_POINT('',(2.057663376388E1,1.515493680568E1,1.337482535004E1));
#282=CARTESIAN_POINT('',(2.064591033879E1,1.528677246999E1,1.335343098253E1));
#284=CURVE_STYLE('',#20,POSITIVE_LENGTH_MEASURE(2.E-2),#5);
#285=PRESENTATION_STYLE_ASSIGNMENT((#284));
#286=STYLED_ITEM('',(#285),#283);
#287=CARTESIAN_POINT('',(2.064591033879E1,1.528677246999E1,1.564656901747E1));
#288=CARTESIAN_POINT('',(2.057650005664E1,1.515468235629E1,1.562513335776E1));
#289=CARTESIAN_POINT('',(2.043469615205E1,1.491583575636E1,1.556737178287E1));
#290=CARTESIAN_POINT('',(2.022844584888E1,1.462679233E1,1.543113508098E1));
#291=CARTESIAN_POINT('',(2.004584113666E1,1.440561628101E1,1.524324390804E1));
#292=CARTESIAN_POINT('',(1.990412615783E1,1.425190503496E1,1.501445875918E1));
#293=CARTESIAN_POINT('',(1.981836379218E1,1.416539534493E1,1.475522247413E1));
#294=CARTESIAN_POINT('',(1.98E1,1.414748376773E1,1.458582445962E1));
#295=CARTESIAN_POINT('',(1.98E1,1.414748376773E1,1.45E1));
#297=CURVE_STYLE('',#20,POSITIVE_LENGTH_MEASURE(2.E-2),#5);
#298=PRESENTATION_STYLE_ASSIGNMENT((#297));
#299=STYLED_ITEM('',(#298),#296);
#300=DIRECTION('',(0.E0,0.E0,1.E0));
#301=VECTOR('',#300,9.4E0);
#302=CARTESIAN_POINT('',(1.951030315550E1,1.388570892379E1,8.5E0));
#303=LINE('2496',#302,#301);
#304=CURVE_STYLE('',#20,POSITIVE_LENGTH_MEASURE(2.E-2),#5);
#305=PRESENTATION_STYLE_ASSIGNMENT((#304));
#306=STYLED_ITEM('',(#305),#303);
#307=CARTESIAN_POINT('',(2.134800000025E1,1.529792727778E1,1.564843197440E1));
#308=CARTESIAN_POINT('',(2.132414418541E1,1.534002135853E1,1.565566080794E1));
#309=CARTESIAN_POINT('',(2.126161435311E1,1.541442180875E1,1.567303296403E1));
#310=CARTESIAN_POINT('',(2.113673586317E1,1.548566024659E1,1.569460409763E1));
#311=CARTESIAN_POINT('',(2.099293817754E1,1.550938897617E1,1.570304223994E1));
#312=CARTESIAN_POINT('',(2.084998389069E1,1.548066408137E1,1.569292324755E1));
#313=CARTESIAN_POINT('',(2.072804136356E1,1.540540039455E1,1.567058004550E1));
#314=CARTESIAN_POINT('',(2.066828330841E1,1.532934898761E1,1.565347835927E1));
#315=CARTESIAN_POINT('',(2.064591033879E1,1.528677246999E1,1.564656901747E1));
#317=CURVE_STYLE('',#20,POSITIVE_LENGTH_MEASURE(2.E-2),#5);
#318=PRESENTATION_STYLE_ASSIGNMENT((#317));
#319=STYLED_ITEM('',(#318),#316);
#320=DIRECTION('',(0.E0,0.E0,1.E0));
#321=VECTOR('',#320,2.253430982528E0);
#322=CARTESIAN_POINT('',(2.064591033879E1,1.528677246999E1,1.564656901747E1));
#323=LINE('2486',#322,#321);
#324=CURVE_STYLE('',#20,POSITIVE_LENGTH_MEASURE(2.E-2),#5);
#325=PRESENTATION_STYLE_ASSIGNMENT((#324));
#326=STYLED_ITEM('',(#325),#323);
#327=CARTESIAN_POINT('',(2.22E1,1.421372713578E1,1.45E1));
#328=CARTESIAN_POINT('',(2.22E1,1.421372713578E1,1.459307471714E1));
#329=CARTESIAN_POINT('',(2.217904987497E1,1.423322055951E1,1.477246492782E1));
#330=CARTESIAN_POINT('',(2.208789638081E1,1.432136602146E1,1.502966373419E1));
#331=CARTESIAN_POINT('',(2.194841447805E1,1.446632816864E1,1.524983831368E1));
#332=CARTESIAN_POINT('',(2.176973304634E1,1.467238809790E1,1.543187326758E1));
#333=CARTESIAN_POINT('',(2.156487545189E1,1.494322045131E1,1.556789572508E1));
#334=CARTESIAN_POINT('',(2.141989735036E1,1.517106291028E1,1.562664550518E1));
#335=CARTESIAN_POINT('',(2.134800000025E1,1.529792727778E1,1.564843197440E1));
#337=CURVE_STYLE('',#20,POSITIVE_LENGTH_MEASURE(2.E-2),#5);
#338=PRESENTATION_STYLE_ASSIGNMENT((#337));
#339=STYLED_ITEM('',(#338),#336);
#340=CARTESIAN_POINT('',(2.134800000025E1,1.529792727778E1,1.335156802560E1));
#341=CARTESIAN_POINT('',(2.142016710534E1,1.517058692202E1,1.337343623647E1));
#342=CARTESIAN_POINT('',(2.156605167621E1,1.494132552137E1,1.343283336077E1));
#343=CARTESIAN_POINT('',(2.177433787984E1,1.466650466396E1,1.357074577350E1));
#344=CARTESIAN_POINT('',(2.195652012199E1,1.445736780843E1,1.376011769476E1));
#345=CARTESIAN_POINT('',(2.209705437414E1,1.431226886187E1,1.398891618518E1));
#346=CARTESIAN_POINT('',(2.218175090946E1,1.423073417095E1,1.424423477015E1));
#347=CARTESIAN_POINT('',(2.22E1,1.421372713578E1,1.441382896017E1));
#348=CARTESIAN_POINT('',(2.22E1,1.421372713578E1,1.45E1));
#350=CURVE_STYLE('',#20,POSITIVE_LENGTH_MEASURE(2.E-2),#5);
#351=PRESENTATION_STYLE_ASSIGNMENT((#350));
#352=STYLED_ITEM('',(#351),#349);
#353=DIRECTION('',(0.E0,0.E0,1.E0));
#354=VECTOR('',#353,4.851568025601E0);
#355=CARTESIAN_POINT('',(2.134800000025E1,1.529792727778E1,8.5E0));
#356=LINE('2379',#355,#354);
#357=CURVE_STYLE('',#20,POSITIVE_LENGTH_MEASURE(2.E-2),#5);
#358=PRESENTATION_STYLE_ASSIGNMENT((#357));
#359=STYLED_ITEM('',(#358),#356);
#360=DIRECTION('',(0.E0,0.E0,1.E0));
#361=VECTOR('',#360,2.251568025601E0);
#362=CARTESIAN_POINT('',(2.134800000025E1,1.529792727778E1,1.564843197440E1));
#363=LINE('2167',#362,#361);
#364=CURVE_STYLE('',#20,POSITIVE_LENGTH_MEASURE(2.E-2),#5);
#365=PRESENTATION_STYLE_ASSIGNMENT((#364));
#366=STYLED_ITEM('',(#365),#363);
#367=CARTESIAN_POINT('',(2.064591033879E1,1.528677246999E1,1.335343098253E1));
#368=CARTESIAN_POINT('',(2.066844956137E1,1.532966537261E1,1.334647029759E1));
#369=CARTESIAN_POINT('',(2.072868481499E1,1.540608105640E1,1.332926094441E1));
#370=CARTESIAN_POINT('',(2.085124377553E1,1.548116224281E1,1.330688328522E1));
#371=CARTESIAN_POINT('',(2.099412527656E1,1.550940783795E1,1.329695050271E1));
#372=CARTESIAN_POINT('',(2.113801390731E1,1.548520166830E1,1.330558074350E1));
#373=CARTESIAN_POINT('',(2.126228669638E1,1.541375512932E1,1.332712434830E1));
#374=CARTESIAN_POINT('',(2.132432234360E1,1.533970699470E1,1.334439317789E1));
#375=CARTESIAN_POINT('',(2.134800000025E1,1.529792727778E1,1.335156802560E1));
#377=CURVE_STYLE('',#20,POSITIVE_LENGTH_MEASURE(2.E-2),#5);
#378=PRESENTATION_STYLE_ASSIGNMENT((#377));
#379=STYLED_ITEM('',(#378),#376);
#380=DIRECTION('',(0.E0,0.E0,1.E0));
#381=VECTOR('',#380,4.853430982528E0);
#382=CARTESIAN_POINT('',(2.064591033879E1,1.528677246999E1,8.5E0));
#383=LINE('2336',#382,#381);
#384=CURVE_STYLE('',#20,POSITIVE_LENGTH_MEASURE(2.E-2),#5);
#385=PRESENTATION_STYLE_ASSIGNMENT((#384));
#386=STYLED_ITEM('',(#385),#383);
#387=CARTESIAN_POINT('',(2.014865618171E1,2.201596519116E1,8.5E0));
#388=DIRECTION('',(0.E0,0.E0,-1.E0));
#389=DIRECTION('',(-6.383530262142E-1,-7.697437326300E-1,0.E0));
#390=AXIS2_PLACEMENT_3D('',#387,#388,#389);
#392=CURVE_STYLE('',#20,POSITIVE_LENGTH_MEASURE(2.E-2),#5);
#393=PRESENTATION_STYLE_ASSIGNMENT((#392));
#394=STYLED_ITEM('',(#393),#391);
#395=CARTESIAN_POINT('',(1.657387923491E1,1.770540028843E1,8.5E0));
#396=DIRECTION('',(0.E0,0.E0,1.E0));
#397=DIRECTION('',(8.852241530179E-1,4.651647008466E-1,0.E0));
#398=AXIS2_PLACEMENT_3D('',#395,#396,#397);
#400=CURVE_STYLE('',#20,POSITIVE_LENGTH_MEASURE(2.E-2),#5);
#401=PRESENTATION_STYLE_ASSIGNMENT((#400));
#402=STYLED_ITEM('',(#401),#399);
#403=CARTESIAN_POINT('',(2.1E1,2.003122379266E1,8.5E0));
#404=DIRECTION('',(0.E0,0.E0,-1.E0));
#405=DIRECTION('',(8.700000006369E-1,-4.930517203010E-1,0.E0));
#406=AXIS2_PLACEMENT_3D('',#403,#404,#405);
#408=CURVE_STYLE('',#20,POSITIVE_LENGTH_MEASURE(2.E-2),#5);
#409=PRESENTATION_STYLE_ASSIGNMENT((#408));
#410=STYLED_ITEM('',(#409),#407);
#411=CARTESIAN_POINT('',(2.535000000318E1,1.756596519116E1,8.5E0));
#412=DIRECTION('',(0.E0,0.E0,1.E0));
#413=DIRECTION('',(-5.439302468346E-1,8.391304347826E-1,0.E0));
#414=AXIS2_PLACEMENT_3D('',#411,#412,#413);
#416=CURVE_STYLE('',#20,POSITIVE_LENGTH_MEASURE(2.E-2),#5);
#417=PRESENTATION_STYLE_ASSIGNMENT((#416));
#418=STYLED_ITEM('',(#417),#415);
#419=CARTESIAN_POINT('',(2.571524005687E1,2.054364967635E1,8.5E0));
#420=DIRECTION('',(0.E0,0.E0,1.E0));
#421=DIRECTION('',(1.238782923653E-1,9.922974194669E-1,0.E0));
#422=AXIS2_PLACEMENT_3D('',#419,#420,#421);
#424=CURVE_STYLE('',#20,POSITIVE_LENGTH_MEASURE(2.E-2),#5);
#425=PRESENTATION_STYLE_ASSIGNMENT((#424));
#426=STYLED_ITEM('',(#425),#423);
#427=CARTESIAN_POINT('',(2.535000000318E1,1.756596519116E1,8.5E0));
#428=DIRECTION('',(0.E0,0.E0,1.E0));
#429=DIRECTION('',(1.E0,0.E0,0.E0));
#430=AXIS2_PLACEMENT_3D('',#427,#428,#429);
#432=CURVE_STYLE('',#20,POSITIVE_LENGTH_MEASURE(2.E-2),#5);
#433=PRESENTATION_STYLE_ASSIGNMENT((#432));
#434=STYLED_ITEM('',(#433),#431);
#435=CARTESIAN_POINT('',(2.535000000318E1,1.756596519116E1,8.5E0));
#436=DIRECTION('',(0.E0,0.E0,1.E0));
#437=DIRECTION('',(1.228125415820E-1,-9.924298865059E-1,0.E0));
#438=AXIS2_PLACEMENT_3D('',#435,#436,#437);
#440=CURVE_STYLE('',#20,POSITIVE_LENGTH_MEASURE(2.E-2),#5);
#441=PRESENTATION_STYLE_ASSIGNMENT((#440));
#442=STYLED_ITEM('',(#441),#439);
#443=CARTESIAN_POINT('',(2.571524005687E1,1.458828070597E1,8.5E0));
#444=DIRECTION('',(0.E0,0.E0,1.E0));
#445=DIRECTION('',(-9.557730630421E-1,-2.941051716022E-1,0.E0));
#446=AXIS2_PLACEMENT_3D('',#443,#444,#445);
#448=CURVE_STYLE('',#20,POSITIVE_LENGTH_MEASURE(2.E-2),#5);
#449=PRESENTATION_STYLE_ASSIGNMENT((#448));
#450=STYLED_ITEM('',(#449),#447);
#451=CARTESIAN_POINT('',(2.535000000318E1,1.756596519116E1,8.5E0));
#452=DIRECTION('',(0.E0,0.E0,1.E0));
#453=DIRECTION('',(-8.700000006370E-1,-4.930517203009E-1,0.E0));
#454=AXIS2_PLACEMENT_3D('',#451,#452,#453);
#456=CURVE_STYLE('',#20,POSITIVE_LENGTH_MEASURE(2.E-2),#5);
#457=PRESENTATION_STYLE_ASSIGNMENT((#456));
#458=STYLED_ITEM('',(#457),#455);
#459=CARTESIAN_POINT('',(2.1E1,1.510070658966E1,8.5E0));
#460=DIRECTION('',(0.E0,0.E0,-1.E0));
#461=DIRECTION('',(-8.852241530180E-1,4.651647008464E-1,0.E0));
#462=AXIS2_PLACEMENT_3D('',#459,#460,#461);
#464=CURVE_STYLE('',#20,POSITIVE_LENGTH_MEASURE(2.E-2),#5);
#465=PRESENTATION_STYLE_ASSIGNMENT((#464));
#466=STYLED_ITEM('',(#465),#463);
#467=CARTESIAN_POINT('',(1.657387923491E1,1.742653009389E1,8.5E0));
#468=DIRECTION('',(0.E0,0.E0,1.E0));
#469=DIRECTION('',(6.383530262142E-1,-7.697437326300E-1,0.E0));
#470=AXIS2_PLACEMENT_3D('',#467,#468,#469);
#472=CURVE_STYLE('',#20,POSITIVE_LENGTH_MEASURE(2.E-2),#5);
#473=PRESENTATION_STYLE_ASSIGNMENT((#472));
#474=STYLED_ITEM('',(#473),#471);
#475=CARTESIAN_POINT('',(2.014865618171E1,1.311596519116E1,8.5E0));
#476=DIRECTION('',(0.E0,0.E0,-1.E0));
#477=DIRECTION('',(-1.E0,0.E0,0.E0));
#478=AXIS2_PLACEMENT_3D('',#475,#476,#477);
#480=CURVE_STYLE('',#20,POSITIVE_LENGTH_MEASURE(2.E-2),#5);
#481=PRESENTATION_STYLE_ASSIGNMENT((#480));
#482=STYLED_ITEM('',(#481),#479);
#483=CARTESIAN_POINT('',(1.674910100587E1,1.756596519116E1,8.5E0));
#484=DIRECTION('',(0.E0,0.E0,-1.E0));
#485=DIRECTION('',(6.561858977682E-1,-7.545992761527E-1,0.E0));
#486=AXIS2_PLACEMENT_3D('',#483,#484,#485);
#488=CURVE_STYLE('',#20,POSITIVE_LENGTH_MEASURE(2.E-2),#5);
#489=PRESENTATION_STYLE_ASSIGNMENT((#488));
#490=STYLED_ITEM('',(#489),#487);
#491=CARTESIAN_POINT('',(2.535000000318E1,1.756596519116E1,8.5E0));
#492=DIRECTION('',(0.E0,0.E0,-1.E0));
#493=DIRECTION('',(1.E0,0.E0,0.E0));
#494=AXIS2_PLACEMENT_3D('',#491,#492,#493);
#496=CURVE_STYLE('',#20,POSITIVE_LENGTH_MEASURE(2.E-2),#5);
#497=PRESENTATION_STYLE_ASSIGNMENT((#496));
#498=STYLED_ITEM('',(#497),#495);
#499=CARTESIAN_POINT('',(2.535000000318E1,1.756596519116E1,8.5E0));
#500=DIRECTION('',(0.E0,0.E0,-1.E0));
#501=DIRECTION('',(-7.175051708776E-1,6.965531779871E-1,0.E0));
#502=AXIS2_PLACEMENT_3D('',#499,#500,#501);
#504=CURVE_STYLE('',#20,POSITIVE_LENGTH_MEASURE(2.E-2),#5);
#505=PRESENTATION_STYLE_ASSIGNMENT((#504));
#506=STYLED_ITEM('',(#505),#503);
#507=CARTESIAN_POINT('',(1.674910100587E1,1.756596519116E1,8.5E0));
#508=DIRECTION('',(0.E0,0.E0,-1.E0));
#509=DIRECTION('',(3.999258626398E-1,9.165474916183E-1,0.E0));
#510=AXIS2_PLACEMENT_3D('',#507,#508,#509);
#512=CURVE_STYLE('',#20,POSITIVE_LENGTH_MEASURE(2.E-2),#5);
#513=PRESENTATION_STYLE_ASSIGNMENT((#512));
#514=STYLED_ITEM('',(#513),#511);
#515=DIRECTION('',(0.E0,0.E0,-1.E0));
#516=VECTOR('',#515,9.4E0);
#517=CARTESIAN_POINT('',(1.914865618171E1,2.201596519116E1,1.79E1));
#518=LINE('2456',#517,#516);
#519=CURVE_STYLE('',#20,POSITIVE_LENGTH_MEASURE(2.E-2),#5);
#520=PRESENTATION_STYLE_ASSIGNMENT((#519));
#521=STYLED_ITEM('',(#520),#518);
#522=DIRECTION('',(0.E0,0.E0,1.E0));
#523=VECTOR('',#522,9.4E0);
#524=CARTESIAN_POINT('',(1.951030315550E1,2.124622145853E1,8.5E0));
#525=LINE('2450',#524,#523);
#526=CURVE_STYLE('',#20,POSITIVE_LENGTH_MEASURE(2.E-2),#5);
#527=PRESENTATION_STYLE_ASSIGNMENT((#526));
#528=STYLED_ITEM('',(#527),#525);
#529=DIRECTION('',(0.E0,-1.E0,0.E0));
#530=VECTOR('',#529,1.049284949710E0);
#531=CARTESIAN_POINT('',(1.914865618171E1,1.311596519116E1,8.5E0));
#532=LINE('2364',#531,#530);
#533=CURVE_STYLE('',#20,POSITIVE_LENGTH_MEASURE(2.E-2),#5);
#534=PRESENTATION_STYLE_ASSIGNMENT((#533));
#535=STYLED_ITEM('',(#534),#532);
#536=DIRECTION('',(0.E0,-1.E0,0.E0));
#537=VECTOR('',#536,8.9E0);
#538=CARTESIAN_POINT('',(1.914865618171E1,2.201596519116E1,1.79E1));
#539=LINE('2247',#538,#537);
#540=CURVE_STYLE('',#20,POSITIVE_LENGTH_MEASURE(2.E-2),#5);
#541=PRESENTATION_STYLE_ASSIGNMENT((#540));
#542=STYLED_ITEM('',(#541),#539);
#543=DIRECTION('',(0.E0,-1.E0,0.E0));
#544=VECTOR('',#543,1.049284949710E0);
#545=CARTESIAN_POINT('',(1.914865618171E1,2.306525014087E1,8.5E0));
#546=LINE('2426',#545,#544);
#547=CURVE_STYLE('',#20,POSITIVE_LENGTH_MEASURE(2.E-2),#5);
#548=PRESENTATION_STYLE_ASSIGNMENT((#547));
#549=STYLED_ITEM('',(#548),#546);
#550=DIRECTION('',(0.E0,0.E0,1.E0));
#551=VECTOR('',#550,6.8E0);
#552=CARTESIAN_POINT('',(1.914865618171E1,1.206668024145E1,1.7E0));
#553=LINE('2523',#552,#551);
#554=CURVE_STYLE('',#20,POSITIVE_LENGTH_MEASURE(2.E-2),#5);
#555=PRESENTATION_STYLE_ASSIGNMENT((#554));
#556=STYLED_ITEM('',(#555),#553);
#557=DIRECTION('',(0.E0,0.E0,1.E0));
#558=VECTOR('',#557,6.8E0);
#559=CARTESIAN_POINT('',(2.068621639248E1,1.303836953424E1,1.7E0));
#560=LINE('2542',#559,#558);
#561=CURVE_STYLE('',#20,POSITIVE_LENGTH_MEASURE(2.E-2),#5);
#562=PRESENTATION_STYLE_ASSIGNMENT((#561));
#563=STYLED_ITEM('',(#562),#560);
#564=DIRECTION('',(0.E0,0.E0,-1.E0));
#565=VECTOR('',#564,6.8E0);
#566=CARTESIAN_POINT('',(1.914865618171E1,2.306525014087E1,8.5E0));
#567=LINE('2647',#566,#565);
#568=CURVE_STYLE('',#20,POSITIVE_LENGTH_MEASURE(2.E-2),#5);
#569=PRESENTATION_STYLE_ASSIGNMENT((#568));
#570=STYLED_ITEM('',(#569),#567);
#571=DIRECTION('',(0.E0,0.E0,1.E0));
#572=VECTOR('',#571,6.8E0);
#573=CARTESIAN_POINT('',(2.068621639248E1,2.209356084808E1,1.7E0));
#574=LINE('2395',#573,#572);
#575=CURVE_STYLE('',#20,POSITIVE_LENGTH_MEASURE(2.E-2),#5);
#576=PRESENTATION_STYLE_ASSIGNMENT((#575));
#577=STYLED_ITEM('',(#576),#574);
#578=CARTESIAN_POINT('',(1.914865618171E1,2.306525014087E1,1.7E0));
#579=CARTESIAN_POINT('',(1.914865618171E1,2.310102728453E1,1.667208548718E0));
#580=CARTESIAN_POINT('',(1.914865618171E1,2.317286533959E1,1.601262813230E0));
#581=CARTESIAN_POINT('',(1.914865618171E1,2.328147892779E1,1.501261159540E0));
#582=CARTESIAN_POINT('',(1.914865618171E1,2.335446024416E1,1.433873180172E0));
#583=CARTESIAN_POINT('',(1.914865618171E1,2.339109479986E1,1.4E0));
#585=CURVE_STYLE('',#20,POSITIVE_LENGTH_MEASURE(2.E-2),#5);
#586=PRESENTATION_STYLE_ASSIGNMENT((#585));
#587=STYLED_ITEM('',(#586),#584);
#588=CARTESIAN_POINT('',(1.674910100587E1,1.756596519116E1,1.7E0));
#589=DIRECTION('',(0.E0,0.E0,1.E0));
#590=DIRECTION('',(6.561858977682E-1,7.545992761527E-1,0.E0));
#591=AXIS2_PLACEMENT_3D('',#588,#589,#590);
#593=CURVE_STYLE('',#20,POSITIVE_LENGTH_MEASURE(2.E-2),#5);
#594=PRESENTATION_STYLE_ASSIGNMENT((#593));
#595=STYLED_ITEM('',(#594),#592);
#596=CARTESIAN_POINT('',(2.066877635510E1,2.249811940171E1,1.4E0));
#597=CARTESIAN_POINT('',(2.067077193960E1,2.245268566734E1,1.434327641412E0));
#598=CARTESIAN_POINT('',(2.067471584182E1,2.236214716708E1,1.502331254455E0));
#599=CARTESIAN_POINT('',(2.068054768234E1,2.222729434238E1,1.602336493040E0));
#600=CARTESIAN_POINT('',(2.068433710295E1,2.213803521107E1,1.667672841166E0));
#601=CARTESIAN_POINT('',(2.068621639248E1,2.209356084808E1,1.7E0));
#603=CURVE_STYLE('',#20,POSITIVE_LENGTH_MEASURE(2.E-2),#5);
#604=PRESENTATION_STYLE_ASSIGNMENT((#603));
#605=STYLED_ITEM('',(#604),#602);
#606=CARTESIAN_POINT('',(2.535000000318E1,1.756596519116E1,1.7E0));
#607=DIRECTION('',(0.E0,0.E0,1.E0));
#608=DIRECTION('',(1.E0,0.E0,0.E0));
#609=AXIS2_PLACEMENT_3D('',#606,#607,#608);
#611=CURVE_STYLE('',#20,POSITIVE_LENGTH_MEASURE(2.E-2),#5);
#612=PRESENTATION_STYLE_ASSIGNMENT((#611));
#613=STYLED_ITEM('',(#612),#610);
#614=CARTESIAN_POINT('',(2.535000000318E1,1.756596519116E1,1.7E0));
#615=DIRECTION('',(0.E0,0.E0,1.E0));
#616=DIRECTION('',(-7.175051708776E-1,-6.965531779871E-1,0.E0));
#617=AXIS2_PLACEMENT_3D('',#614,#615,#616);
#619=CURVE_STYLE('',#20,POSITIVE_LENGTH_MEASURE(2.E-2),#5);
#620=PRESENTATION_STYLE_ASSIGNMENT((#619));
#621=STYLED_ITEM('',(#620),#618);
#622=CARTESIAN_POINT('',(2.066877635510E1,1.263381098061E1,1.4E0));
#623=CARTESIAN_POINT('',(2.067076863607E1,1.267916950310E1,1.434270814772E0));
#624=CARTESIAN_POINT('',(2.067472914312E1,1.276960488668E1,1.502200555064E0));
#625=CARTESIAN_POINT('',(2.068052044712E1,1.290446038362E1,1.602204824802E0));
#626=CARTESIAN_POINT('',(2.068433387292E1,1.299381873078E1,1.667617278747E0));
#627=CARTESIAN_POINT('',(2.068621639248E1,1.303836953424E1,1.7E0));
#629=CURVE_STYLE('',#20,POSITIVE_LENGTH_MEASURE(2.E-2),#5);
#630=PRESENTATION_STYLE_ASSIGNMENT((#629));
#631=STYLED_ITEM('',(#630),#628);
#632=CARTESIAN_POINT('',(1.674910100587E1,1.756596519116E1,1.7E0));
#633=DIRECTION('',(0.E0,0.E0,1.E0));
#634=DIRECTION('',(3.999258626398E-1,-9.165474916183E-1,0.E0));
#635=AXIS2_PLACEMENT_3D('',#632,#633,#634);
#637=CURVE_STYLE('',#20,POSITIVE_LENGTH_MEASURE(2.E-2),#5);
#638=PRESENTATION_STYLE_ASSIGNMENT((#637));
#639=STYLED_ITEM('',(#638),#636);
#640=CARTESIAN_POINT('',(1.914865618171E1,1.174083558246E1,1.4E0));
#641=CARTESIAN_POINT('',(1.914865618171E1,1.177747013816E1,1.433873180172E0));
#642=CARTESIAN_POINT('',(1.914865618171E1,1.185045145453E1,1.501261159541E0));
#643=CARTESIAN_POINT('',(1.914865618171E1,1.195906504273E1,1.601262813231E0));
#644=CARTESIAN_POINT('',(1.914865618171E1,1.203090309779E1,1.667208548718E0));
#645=CARTESIAN_POINT('',(1.914865618171E1,1.206668024145E1,1.7E0));
#647=CURVE_STYLE('',#20,POSITIVE_LENGTH_MEASURE(2.E-2),#5);
#648=PRESENTATION_STYLE_ASSIGNMENT((#647));
#649=STYLED_ITEM('',(#648),#646);
#650=DIRECTION('',(0.E0,1.E0,0.E0));
#651=VECTOR('',#650,6.558003197059E-1);
#652=CARTESIAN_POINT('',(1.914865618171E1,1.108503526276E1,1.4E0));
#653=LINE('2064',#652,#651);
#654=CURVE_STYLE('',#20,POSITIVE_LENGTH_MEASURE(2.E-2),#5);
#655=PRESENTATION_STYLE_ASSIGNMENT((#654));
#656=STYLED_ITEM('',(#655),#653);
#657=CARTESIAN_POINT('',(1.644865618171E1,1.108503526276E1,1.4E0));
#658=DIRECTION('',(0.E0,0.E0,1.E0));
#659=DIRECTION('',(6.260713414347E-1,-7.797657824207E-1,0.E0));
#660=AXIS2_PLACEMENT_3D('',#657,#658,#659);
#662=CURVE_STYLE('',#20,POSITIVE_LENGTH_MEASURE(2.E-2),#5);
#663=PRESENTATION_STYLE_ASSIGNMENT((#662));
#664=STYLED_ITEM('',(#663),#661);
#665=CARTESIAN_POINT('',(2.064333416932E1,5.860604520541E0,1.4E0));
#666=DIRECTION('',(0.E0,0.E0,-1.E0));
#667=DIRECTION('',(-9.703289450567E-1,2.417886233575E-1,0.E0));
#668=AXIS2_PLACEMENT_3D('',#665,#666,#667);
#670=CURVE_STYLE('',#20,POSITIVE_LENGTH_MEASURE(2.E-2),#5);
#671=PRESENTATION_STYLE_ASSIGNMENT((#670));
#672=STYLED_ITEM('',(#671),#669);
#673=CARTESIAN_POINT('',(2.535000000318E1,1.756596519116E1,1.4E0));
#674=DIRECTION('',(0.E0,0.E0,-1.E0));
#675=DIRECTION('',(8.778382906719E-1,-4.789571331864E-1,0.E0));
#676=AXIS2_PLACEMENT_3D('',#673,#674,#675);
#678=CURVE_STYLE('',#20,POSITIVE_LENGTH_MEASURE(2.E-2),#5);
#679=PRESENTATION_STYLE_ASSIGNMENT((#678));
#680=STYLED_ITEM('',(#679),#677);
#681=CARTESIAN_POINT('',(4.705000000318E1,1.756596519116E1,1.4E0));
#682=DIRECTION('',(0.E0,0.E0,1.E0));
#683=DIRECTION('',(-8.254309823982E-1,5.645030498564E-1,0.E0));
#684=AXIS2_PLACEMENT_3D('',#681,#682,#683);
#686=CURVE_STYLE('',#20,POSITIVE_LENGTH_MEASURE(2.E-2),#5);
#687=PRESENTATION_STYLE_ASSIGNMENT((#686));
#688=STYLED_ITEM('',(#687),#685);
#689=CARTESIAN_POINT('',(2.535000000318E1,1.756596519116E1,1.4E0));
#690=DIRECTION('',(0.E0,0.E0,-1.E0));
#691=DIRECTION('',(8.428287671547E-1,5.381818180285E-1,0.E0));
#692=AXIS2_PLACEMENT_3D('',#689,#690,#691);
#694=CURVE_STYLE('',#20,POSITIVE_LENGTH_MEASURE(2.E-2),#5);
#695=PRESENTATION_STYLE_ASSIGNMENT((#694));
#696=STYLED_ITEM('',(#695),#693);
#697=DIRECTION('',(1.E0,0.E0,0.E0));
#698=VECTOR('',#697,3.388895554864E0);
#699=CARTESIAN_POINT('',(3.355E1,2.496596519116E1,1.4E0));
#700=LINE('2237',#699,#698);
#701=CURVE_STYLE('',#20,POSITIVE_LENGTH_MEASURE(2.E-2),#5);
#702=PRESENTATION_STYLE_ASSIGNMENT((#701));
#703=STYLED_ITEM('',(#702),#700);
#704=DIRECTION('',(7.071067811865E-1,7.071067811866E-1,0.E0));
#705=VECTOR('',#704,5.656854249492E-1);
#706=CARTESIAN_POINT('',(3.315E1,2.456596519116E1,1.4E0));
#707=LINE('2391',#706,#705);
#708=CURVE_STYLE('',#20,POSITIVE_LENGTH_MEASURE(2.E-2),#5);
#709=PRESENTATION_STYLE_ASSIGNMENT((#708));
#710=STYLED_ITEM('',(#709),#707);
#711=DIRECTION('',(1.E0,0.E0,0.E0));
#712=VECTOR('',#711,6.5E0);
#713=CARTESIAN_POINT('',(2.665E1,2.456596519116E1,1.4E0));
#714=LINE('2311',#713,#712);
#715=CURVE_STYLE('',#20,POSITIVE_LENGTH_MEASURE(2.E-2),#5);
#716=PRESENTATION_STYLE_ASSIGNMENT((#715));
#717=STYLED_ITEM('',(#716),#714);
#718=DIRECTION('',(0.E0,-1.E0,0.E0));
#719=VECTOR('',#718,2.95E0);
#720=CARTESIAN_POINT('',(2.665E1,2.751596519116E1,1.4E0));
#721=LINE('2424',#720,#719);
#722=CURVE_STYLE('',#20,POSITIVE_LENGTH_MEASURE(2.E-2),#5);
#723=PRESENTATION_STYLE_ASSIGNMENT((#722));
#724=STYLED_ITEM('',(#723),#721);
#725=DIRECTION('',(1.E0,0.E0,0.E0));
#726=VECTOR('',#725,1.E0);
#727=CARTESIAN_POINT('',(2.565E1,2.751596519116E1,1.4E0));
#728=LINE('2288',#727,#726);
#729=CURVE_STYLE('',#20,POSITIVE_LENGTH_MEASURE(2.E-2),#5);
#730=PRESENTATION_STYLE_ASSIGNMENT((#729));
#731=STYLED_ITEM('',(#730),#728);
#732=DIRECTION('',(0.E0,-1.E0,0.E0));
#733=VECTOR('',#732,4.840348058534E-1);
#734=CARTESIAN_POINT('',(2.565E1,2.799999999701E1,1.4E0));
#735=LINE('2620',#734,#733);
#736=CURVE_STYLE('',#20,POSITIVE_LENGTH_MEASURE(2.E-2),#5);
#737=PRESENTATION_STYLE_ASSIGNMENT((#736));
#738=STYLED_ITEM('',(#737),#735);
#739=CARTESIAN_POINT('',(1.514865618171E1,2.577684044965E1,1.4E0));
#740=DIRECTION('',(0.E0,0.E0,1.E0));
#741=DIRECTION('',(1.E0,0.E0,0.E0));
#742=AXIS2_PLACEMENT_3D('',#739,#740,#741);
#744=CURVE_STYLE('',#20,POSITIVE_LENGTH_MEASURE(2.E-2),#5);
#745=PRESENTATION_STYLE_ASSIGNMENT((#744));
#746=STYLED_ITEM('',(#745),#743);
#747=DIRECTION('',(0.E0,1.E0,0.E0));
#748=VECTOR('',#747,2.385745649795E0);
#749=CARTESIAN_POINT('',(1.914865618171E1,2.339109479986E1,1.4E0));
#750=LINE('2482',#749,#748);
#751=CURVE_STYLE('',#20,POSITIVE_LENGTH_MEASURE(2.E-2),#5);
#752=PRESENTATION_STYLE_ASSIGNMENT((#751));
#753=STYLED_ITEM('',(#752),#750);
#754=CARTESIAN_POINT('',(1.674910100587E1,1.756596519116E1,1.4E0));
#755=DIRECTION('',(0.E0,0.E0,1.E0));
#756=DIRECTION('',(6.221706903541E-1,7.828816207220E-1,0.E0));
#757=AXIS2_PLACEMENT_3D('',#754,#755,#756);
#759=CURVE_STYLE('',#20,POSITIVE_LENGTH_MEASURE(2.E-2),#5);
#760=PRESENTATION_STYLE_ASSIGNMENT((#759));
#761=STYLED_ITEM('',(#760),#758);
#762=CARTESIAN_POINT('',(2.535000000318E1,1.756596519116E1,1.4E0));
#763=DIRECTION('',(0.E0,0.E0,1.E0));
#764=DIRECTION('',(1.E0,0.E0,0.E0));
#765=AXIS2_PLACEMENT_3D('',#762,#763,#764);
#767=CURVE_STYLE('',#20,POSITIVE_LENGTH_MEASURE(2.E-2),#5);
#768=PRESENTATION_STYLE_ASSIGNMENT((#767));
#769=STYLED_ITEM('',(#768),#766);
#770=CARTESIAN_POINT('',(2.535000000318E1,1.756596519116E1,1.4E0));
#771=DIRECTION('',(0.E0,0.E0,1.E0));
#772=DIRECTION('',(-6.884152423651E-1,-7.253167956689E-1,0.E0));
#773=AXIS2_PLACEMENT_3D('',#770,#771,#772);
#775=CURVE_STYLE('',#20,POSITIVE_LENGTH_MEASURE(2.E-2),#5);
#776=PRESENTATION_STYLE_ASSIGNMENT((#775));
#777=STYLED_ITEM('',(#776),#774);
#778=CARTESIAN_POINT('',(1.674910100587E1,1.756596519116E1,1.4E0));
#779=DIRECTION('',(0.E0,0.E0,1.E0));
#780=DIRECTION('',(3.808817739426E-1,-9.246237474121E-1,0.E0));
#781=AXIS2_PLACEMENT_3D('',#778,#779,#780);
#783=CURVE_STYLE('',#20,POSITIVE_LENGTH_MEASURE(2.E-2),#5);
#784=PRESENTATION_STYLE_ASSIGNMENT((#783));
#785=STYLED_ITEM('',(#784),#782);
#786=DIRECTION('',(0.E0,0.E0,-1.E0));
#787=VECTOR('',#786,1.88E1);
#788=CARTESIAN_POINT('',(1.914865618171E1,1.108503526276E1,2.02E1));
#789=LINE('2233',#788,#787);
#790=CURVE_STYLE('',#20,POSITIVE_LENGTH_MEASURE(2.E-2),#5);
#791=PRESENTATION_STYLE_ASSIGNMENT((#790));
#792=STYLED_ITEM('',(#791),#789);
#793=DIRECTION('',(0.E0,0.E0,1.E0));
#794=VECTOR('',#793,1.88E1);
#795=CARTESIAN_POINT('',(1.813904880358E1,8.979667650223E0,1.4E0));
#796=LINE('2662',#795,#794);
#797=CURVE_STYLE('',#20,POSITIVE_LENGTH_MEASURE(2.E-2),#5);
#798=PRESENTATION_STYLE_ASSIGNMENT((#797));
#799=STYLED_ITEM('',(#798),#796);
#800=CARTESIAN_POINT('',(1.170000000319E1,6.205965191159E0,2.02E1));
#801=DIRECTION('',(0.E0,0.E0,-1.E0));
#802=DIRECTION('',(-1.283420231748E-1,9.917299658110E-1,0.E0));
#803=AXIS2_PLACEMENT_3D('',#800,#801,#802);
#805=CURVE_STYLE('',#20,POSITIVE_LENGTH_MEASURE(2.E-2),#5);
#806=PRESENTATION_STYLE_ASSIGNMENT((#805));
#807=STYLED_ITEM('',(#806),#804);
#808=DIRECTION('',(-4.940939501578E-1,-8.694085164164E-1,-2.226792554376E-14));
#809=VECTOR('',#808,1.595439894847E-1);
#810=CARTESIAN_POINT('',(6.382070273E0,4.804674433306E1,2.02E1));
#811=LINE('2310',#810,#809);
#812=CURVE_STYLE('',#20,POSITIVE_LENGTH_MEASURE(2.E-2),#5);
#813=PRESENTATION_STYLE_ASSIGNMENT((#812));
#814=STYLED_ITEM('',(#813),#811);
#815=CARTESIAN_POINT('',(5.499999999998E0,4.95E1,2.02E1));
#816=DIRECTION('',(0.E0,0.E0,1.E0));
#817=DIRECTION('',(-2.582310350907E-1,-9.660831913019E-1,0.E0));
#818=AXIS2_PLACEMENT_3D('',#815,#816,#817);
#820=CURVE_STYLE('',#20,POSITIVE_LENGTH_MEASURE(2.E-2),#5);
#821=PRESENTATION_STYLE_ASSIGNMENT((#820));
#822=STYLED_ITEM('',(#821),#819);
#823=DIRECTION('',(-7.182415632984E-1,6.957938320728E-1,2.225457631824E-14));
#824=VECTOR('',#823,1.596396906415E-1);
#825=CARTESIAN_POINT('',(5.175840664318E0,4.774658410419E1,2.02E1));
#826=LINE('2435',#825,#824);
#827=CURVE_STYLE('',#20,POSITIVE_LENGTH_MEASURE(2.E-2),#5);
#828=PRESENTATION_STYLE_ASSIGNMENT((#827));
#829=STYLED_ITEM('',(#828),#826);
#830=CARTESIAN_POINT('',(1.170000000319E1,6.205965191159E0,2.02E1));
#831=DIRECTION('',(0.E0,0.E0,-1.E0));
#832=DIRECTION('',(-2.782413567656E-1,9.605111906611E-1,0.E0));
#833=AXIS2_PLACEMENT_3D('',#830,#831,#832);
#835=CURVE_STYLE('',#20,POSITIVE_LENGTH_MEASURE(2.E-2),#5);
#836=PRESENTATION_STYLE_ASSIGNMENT((#835));
#837=STYLED_ITEM('',(#836),#834);
#838=DIRECTION('',(0.E0,1.E0,0.E0));
#839=VECTOR('',#838,4.159529143810E1);
#840=CARTESIAN_POINT('',(0.E0,5.E0,2.02E1));
#841=LINE('2446',#840,#839);
#842=CURVE_STYLE('',#20,POSITIVE_LENGTH_MEASURE(2.E-2),#5);
#843=PRESENTATION_STYLE_ASSIGNMENT((#842));
#844=STYLED_ITEM('',(#843),#841);
#845=CARTESIAN_POINT('',(5.E0,5.E0,2.02E1));
#846=DIRECTION('',(0.E0,0.E0,-1.E0));
#847=DIRECTION('',(0.E0,-1.E0,0.E0));
#848=AXIS2_PLACEMENT_3D('',#845,#846,#847);
#850=CURVE_STYLE('',#20,POSITIVE_LENGTH_MEASURE(2.E-2),#5);
#851=PRESENTATION_STYLE_ASSIGNMENT((#850));
#852=STYLED_ITEM('',(#851),#849);
#853=DIRECTION('',(-1.E0,0.E0,0.E0));
#854=VECTOR('',#853,1.026516850249E1);
#855=CARTESIAN_POINT('',(1.526516850249E1,0.E0,2.02E1));
#856=LINE('2430',#855,#854);
#857=CURVE_STYLE('',#20,POSITIVE_LENGTH_MEASURE(2.E-2),#5);
#858=PRESENTATION_STYLE_ASSIGNMENT((#857));
#859=STYLED_ITEM('',(#858),#856);
#860=CARTESIAN_POINT('',(1.526516850249E1,9.999999999994E-1,2.02E1));
#861=DIRECTION('',(0.E0,0.E0,1.E0));
#862=DIRECTION('',(-1.E0,0.E0,0.E0));
#863=AXIS2_PLACEMENT_3D('',#860,#861,#862);
#865=CURVE_STYLE('',#20,POSITIVE_LENGTH_MEASURE(2.E-2),#5);
#866=PRESENTATION_STYLE_ASSIGNMENT((#865));
#867=STYLED_ITEM('',(#866),#864);
#868=CARTESIAN_POINT('',(1.526516850249E1,9.999999999994E-1,2.02E1));
#869=DIRECTION('',(0.E0,0.E0,1.E0));
#870=DIRECTION('',(-8.074167528363E-1,5.899815143200E-1,0.E0));
#871=AXIS2_PLACEMENT_3D('',#868,#869,#870);
#873=CURVE_STYLE('',#20,POSITIVE_LENGTH_MEASURE(2.E-2),#5);
#874=PRESENTATION_STYLE_ASSIGNMENT((#873));
#875=STYLED_ITEM('',(#874),#872);
#876=DIRECTION('',(-5.899815143200E-1,-8.074167528363E-1,0.E0));
#877=VECTOR('',#876,2.1E0);
#878=CARTESIAN_POINT('',(1.569671292973E1,3.285556695275E0,2.02E1));
#879=LINE('2256',#878,#877);
#880=CURVE_STYLE('',#20,POSITIVE_LENGTH_MEASURE(2.E-2),#5);
#881=PRESENTATION_STYLE_ASSIGNMENT((#880));
#882=STYLED_ITEM('',(#881),#879);
#883=CARTESIAN_POINT('',(1.170000000319E1,6.205965191159E0,2.02E1));
#884=DIRECTION('',(0.E0,0.E0,-1.E0));
#885=DIRECTION('',(9.992552140935E-1,-3.858778442665E-2,0.E0));
#886=AXIS2_PLACEMENT_3D('',#883,#884,#885);
#888=CURVE_STYLE('',#20,POSITIVE_LENGTH_MEASURE(2.E-2),#5);
#889=PRESENTATION_STYLE_ASSIGNMENT((#888));
#890=STYLED_ITEM('',(#889),#887);
#891=CARTESIAN_POINT('',(2.064333416932E1,5.860604520541E0,2.02E1));
#892=DIRECTION('',(0.E0,0.E0,1.E0));
#893=DIRECTION('',(-6.260713414350E-1,7.797657824205E-1,0.E0));
#894=AXIS2_PLACEMENT_3D('',#891,#892,#893);
#896=CURVE_STYLE('',#20,POSITIVE_LENGTH_MEASURE(2.E-2),#5);
#897=PRESENTATION_STYLE_ASSIGNMENT((#896));
#898=STYLED_ITEM('',(#897),#895);
#899=CARTESIAN_POINT('',(1.644865618171E1,1.108503526276E1,2.02E1));
#900=DIRECTION('',(0.E0,0.E0,-1.E0));
#901=DIRECTION('',(1.E0,-1.447401869141E-14,0.E0));
#902=AXIS2_PLACEMENT_3D('',#899,#900,#901);
#904=CURVE_STYLE('',#20,POSITIVE_LENGTH_MEASURE(2.E-2),#5);
#905=PRESENTATION_STYLE_ASSIGNMENT((#904));
#906=STYLED_ITEM('',(#905),#903);
#907=DIRECTION('',(0.E0,-1.E0,0.E0));
#908=VECTOR('',#907,1.469180518689E1);
#909=CARTESIAN_POINT('',(1.914865618171E1,2.577684044965E1,2.02E1));
#910=LINE('2427',#909,#908);
#911=CURVE_STYLE('',#20,POSITIVE_LENGTH_MEASURE(2.E-2),#5);
#912=PRESENTATION_STYLE_ASSIGNMENT((#911));
#913=STYLED_ITEM('',(#912),#910);
#914=CARTESIAN_POINT('',(1.514865618171E1,2.577684044965E1,2.02E1));
#915=DIRECTION('',(0.E0,0.E0,-1.E0));
#916=DIRECTION('',(5.680012445636E-1,8.230276946581E-1,0.E0));
#917=AXIS2_PLACEMENT_3D('',#914,#915,#916);
#919=CURVE_STYLE('',#20,POSITIVE_LENGTH_MEASURE(2.E-2),#5);
#920=PRESENTATION_STYLE_ASSIGNMENT((#919));
#921=STYLED_ITEM('',(#920),#918);
#922=DIRECTION('',(8.230276946581E-1,-5.680012445636E-1,0.E0));
#923=VECTOR('',#922,3.774194239281E0);
#924=CARTESIAN_POINT('',(1.431439477602E1,3.121269825342E1,2.02E1));
#925=LINE('2432',#924,#923);
#926=CURVE_STYLE('',#20,POSITIVE_LENGTH_MEASURE(2.E-2),#5);
#927=PRESENTATION_STYLE_ASSIGNMENT((#926));
#928=STYLED_ITEM('',(#927),#925);
#929=CARTESIAN_POINT('',(1.670000000318E1,3.466941457098E1,2.02E1));
#930=DIRECTION('',(0.E0,0.E0,1.E0));
#931=DIRECTION('',(-1.E0,0.E0,0.E0));
#932=AXIS2_PLACEMENT_3D('',#929,#930,#931);
#934=CURVE_STYLE('',#20,POSITIVE_LENGTH_MEASURE(2.E-2),#5);
#935=PRESENTATION_STYLE_ASSIGNMENT((#934));
#936=STYLED_ITEM('',(#935),#933);
#937=DIRECTION('',(0.E0,-1.E0,0.E0));
#938=VECTOR('',#937,1.357876362992E1);
#939=CARTESIAN_POINT('',(1.250000000318E1,4.824817820090E1,2.02E1));
#940=LINE('2533',#939,#938);
#941=CURVE_STYLE('',#20,POSITIVE_LENGTH_MEASURE(2.E-2),#5);
#942=PRESENTATION_STYLE_ASSIGNMENT((#941));
#943=STYLED_ITEM('',(#942),#940);
#944=CARTESIAN_POINT('',(1.170000000319E1,6.205965191159E0,2.02E1));
#945=DIRECTION('',(0.E0,0.E0,1.E0));
#946=DIRECTION('',(-1.E0,0.E0,0.E0));
#947=AXIS2_PLACEMENT_3D('',#944,#945,#946);
#949=CURVE_STYLE('',#20,POSITIVE_LENGTH_MEASURE(2.E-2),#5);
#950=PRESENTATION_STYLE_ASSIGNMENT((#949));
#951=STYLED_ITEM('',(#950),#948);
#952=CARTESIAN_POINT('',(1.170000000319E1,6.205965191159E0,2.02E1));
#953=DIRECTION('',(0.E0,0.E0,1.E0));
#954=DIRECTION('',(1.E0,0.E0,0.E0));
#955=AXIS2_PLACEMENT_3D('',#952,#953,#954);
#957=CURVE_STYLE('',#20,POSITIVE_LENGTH_MEASURE(2.E-2),#5);
#958=PRESENTATION_STYLE_ASSIGNMENT((#957));
#959=STYLED_ITEM('',(#958),#956);
#960=DIRECTION('',(0.E0,0.E0,-1.E0));
#961=VECTOR('',#960,1.988312831243E1);
#962=CARTESIAN_POINT('',(6.303240553012E0,4.790803542986E1,2.02E1));
#963=LINE('2624',#962,#961);
#964=CURVE_STYLE('',#20,POSITIVE_LENGTH_MEASURE(2.E-2),#5);
#965=PRESENTATION_STYLE_ASSIGNMENT((#964));
#966=STYLED_ITEM('',(#965),#963);
#967=DIRECTION('',(0.E0,0.E0,1.E0));
#968=VECTOR('',#967,2.02E1);
#969=CARTESIAN_POINT('',(1.250000000318E1,4.824817820090E1,0.E0));
#970=LINE('2563',#969,#968);
#971=CURVE_STYLE('',#20,POSITIVE_LENGTH_MEASURE(2.E-2),#5);
#972=PRESENTATION_STYLE_ASSIGNMENT((#971));
#973=STYLED_ITEM('',(#972),#970);
#974=DIRECTION('',(0.E0,0.E0,1.E0));
#975=VECTOR('',#974,2.18E1);
#976=CARTESIAN_POINT('',(3.799999999998E0,4.95E1,4.E-1));
#977=LINE('2471',#976,#975);
#978=CURVE_STYLE('',#20,POSITIVE_LENGTH_MEASURE(2.E-2),#5);
#979=PRESENTATION_STYLE_ASSIGNMENT((#978));
#980=STYLED_ITEM('',(#979),#977);
#981=DIRECTION('',(3.471542849824E-6,-3.363044170918E-6,-9.999999999883E-1));
#982=VECTOR('',#981,1.980000000023E1);
#983=CARTESIAN_POINT('',(5.061180803347E0,4.785766041629E1,2.02E1));
#984=LINE('2595',#983,#982);
#985=CURVE_STYLE('',#20,POSITIVE_LENGTH_MEASURE(2.E-2),#5);
#986=PRESENTATION_STYLE_ASSIGNMENT((#985));
#987=STYLED_ITEM('',(#986),#984);
#988=DIRECTION('',(0.E0,0.E0,1.E0));
#989=VECTOR('',#988,1.98E1);
#990=CARTESIAN_POINT('',(6.382070273E0,4.804674433306E1,4.E-1));
#991=LINE('2529',#990,#989);
#992=CURVE_STYLE('',#20,POSITIVE_LENGTH_MEASURE(2.E-2),#5);
#993=PRESENTATION_STYLE_ASSIGNMENT((#992));
#994=STYLED_ITEM('',(#993),#991);
#995=CARTESIAN_POINT('',(7.699999999998E0,4.95E1,2.22E1));
#996=DIRECTION('',(0.E0,-1.E0,0.E0));
#997=DIRECTION('',(0.E0,0.E0,1.E0));
#998=AXIS2_PLACEMENT_3D('',#995,#996,#997);
#1000=CURVE_STYLE('',#20,POSITIVE_LENGTH_MEASURE(2.E-2),#5);
#1001=PRESENTATION_STYLE_ASSIGNMENT((#1000));
#1002=STYLED_ITEM('',(#1001),#999);
#1003=CARTESIAN_POINT('',(5.499999999998E0,4.95E1,2.22E1));
#1004=DIRECTION('',(0.E0,0.E0,-1.E0));
#1005=DIRECTION('',(1.E0,0.E0,0.E0));
#1006=AXIS2_PLACEMENT_3D('',#1003,#1004,#1005);
#1008=CURVE_STYLE('',#20,POSITIVE_LENGTH_MEASURE(2.E-2),#5);
#1009=PRESENTATION_STYLE_ASSIGNMENT((#1008));
#1010=STYLED_ITEM('',(#1009),#1007);
#1011=CARTESIAN_POINT('',(5.499999999998E0,4.95E1,2.22E1));
#1012=DIRECTION('',(0.E0,0.E0,-1.E0));
#1013=DIRECTION('',(-1.E0,0.E0,0.E0));
#1014=AXIS2_PLACEMENT_3D('',#1011,#1012,#1013);
#1016=CURVE_STYLE('',#20,POSITIVE_LENGTH_MEASURE(2.E-2),#5);
#1017=PRESENTATION_STYLE_ASSIGNMENT((#1016));
#1018=STYLED_ITEM('',(#1017),#1015);
#1019=CARTESIAN_POINT('',(3.299999999998E0,4.95E1,2.22E1));
#1020=DIRECTION('',(0.E0,1.E0,0.E0));
#1021=DIRECTION('',(0.E0,0.E0,1.E0));
#1022=AXIS2_PLACEMENT_3D('',#1019,#1020,#1021);
#1024=CURVE_STYLE('',#20,POSITIVE_LENGTH_MEASURE(2.E-2),#5);
#1025=PRESENTATION_STYLE_ASSIGNMENT((#1024));
#1026=STYLED_ITEM('',(#1025),#1023);
#1027=DIRECTION('',(0.E0,0.E0,1.E0));
#1028=VECTOR('',#1027,2.18E1);
#1029=CARTESIAN_POINT('',(7.199999999998E0,4.95E1,4.E-1));
#1030=LINE('2518',#1029,#1028);
#1031=CURVE_STYLE('',#20,POSITIVE_LENGTH_MEASURE(2.E-2),#5);
#1032=PRESENTATION_STYLE_ASSIGNMENT((#1031));
#1033=STYLED_ITEM('',(#1032),#1030);
#1034=DIRECTION('',(-7.071067811865E-1,0.E0,7.071067811866E-1));
#1035=VECTOR('',#1034,5.656854249492E-1);
#1036=CARTESIAN_POINT('',(7.599999999998E0,4.95E1,0.E0));
#1037=LINE('2586',#1036,#1035);
#1038=CURVE_STYLE('',#20,POSITIVE_LENGTH_MEASURE(2.E-2),#5);
#1039=PRESENTATION_STYLE_ASSIGNMENT((#1038));
#1040=STYLED_ITEM('',(#1039),#1037);
#1041=CARTESIAN_POINT('',(5.499999999998E0,4.95E1,4.E-1));
#1042=DIRECTION('',(0.E0,0.E0,1.E0));
#1043=DIRECTION('',(1.E0,0.E0,0.E0));
#1044=AXIS2_PLACEMENT_3D('',#1041,#1042,#1043);
#1046=CURVE_STYLE('',#20,POSITIVE_LENGTH_MEASURE(2.E-2),#5);
#1047=PRESENTATION_STYLE_ASSIGNMENT((#1046));
#1048=STYLED_ITEM('',(#1047),#1045);
#1049=CARTESIAN_POINT('',(5.499999999998E0,4.95E1,4.E-1));
#1050=DIRECTION('',(0.E0,0.E0,1.E0));
#1051=DIRECTION('',(5.188648664721E-1,-8.548562746690E-1,0.E0));
#1052=AXIS2_PLACEMENT_3D('',#1049,#1050,#1051);
#1054=CURVE_STYLE('',#20,POSITIVE_LENGTH_MEASURE(2.E-2),#5);
#1055=PRESENTATION_STYLE_ASSIGNMENT((#1054));
#1056=STYLED_ITEM('',(#1055),#1053);
#1057=CARTESIAN_POINT('',(6.303240553012E0,4.790803542986E1,3.168716875721E-1));
#1058=CARTESIAN_POINT('',(6.311973962883E0,4.792340275204E1,3.266574126669E-1));
#1059=CARTESIAN_POINT('',(6.329450705095E0,4.795415485599E1,3.458888745861E-1));
#1060=CARTESIAN_POINT('',(6.355731115762E0,4.800039790924E1,3.736087315989E-1));
#1061=CARTESIAN_POINT('',(6.373281753994E0,4.803128004075E1,3.913403064315E-1));
#1062=CARTESIAN_POINT('',(6.382070273E0,4.804674433306E1,4.E-1));
#1064=CURVE_STYLE('',#20,POSITIVE_LENGTH_MEASURE(2.E-2),#5);
#1065=PRESENTATION_STYLE_ASSIGNMENT((#1064));
#1066=STYLED_ITEM('',(#1065),#1063);
#1067=CARTESIAN_POINT('',(6.956732651316E0,4.798740951259E1,0.E0));
#1068=CARTESIAN_POINT('',(6.880770619916E0,4.797878587046E1,4.648206302265E-2));
#1069=CARTESIAN_POINT('',(6.731403737731E0,4.796141005470E1,1.324659415359E-1));
#1070=CARTESIAN_POINT('',(6.513914096816E0,4.793494504799E1,2.387641320092E-1));
#1071=CARTESIAN_POINT('',(6.372824087179E0,4.791704039276E1,2.935661664415E-1));
#1072=CARTESIAN_POINT('',(6.303240553012E0,4.790803542986E1,3.168716875721E-1));
#1074=CURVE_STYLE('',#20,POSITIVE_LENGTH_MEASURE(2.E-2),#5);
#1075=PRESENTATION_STYLE_ASSIGNMENT((#1074));
#1076=STYLED_ITEM('',(#1075),#1073);
#1077=CARTESIAN_POINT('',(1.170000000319E1,6.205965191159E0,
-1.421085471520E-14));
#1078=DIRECTION('',(0.E0,0.E0,1.E0));
#1079=DIRECTION('',(1.902505003001E-2,9.998190073565E-1,0.E0));
#1080=AXIS2_PLACEMENT_3D('',#1077,#1078,#1079);
#1082=CURVE_STYLE('',#20,POSITIVE_LENGTH_MEASURE(2.E-2),#5);
#1083=PRESENTATION_STYLE_ASSIGNMENT((#1082));
#1084=STYLED_ITEM('',(#1083),#1081);
#1085=DIRECTION('',(0.E0,1.E0,0.E0));
#1086=VECTOR('',#1085,8.248178203886E0);
#1087=CARTESIAN_POINT('',(1.250000000318E1,3.999999999701E1,0.E0));
#1088=LINE('2385',#1087,#1086);
#1089=CURVE_STYLE('',#20,POSITIVE_LENGTH_MEASURE(2.E-2),#5);
#1090=PRESENTATION_STYLE_ASSIGNMENT((#1089));
#1091=STYLED_ITEM('',(#1090),#1088);
#1092=DIRECTION('',(-1.E0,0.E0,0.E0));
#1093=VECTOR('',#1092,8.5E0);
#1094=CARTESIAN_POINT('',(2.100000000318E1,3.999999999701E1,0.E0));
#1095=LINE('2504',#1094,#1093);
#1096=CURVE_STYLE('',#20,POSITIVE_LENGTH_MEASURE(2.E-2),#5);
#1097=PRESENTATION_STYLE_ASSIGNMENT((#1096));
#1098=STYLED_ITEM('',(#1097),#1095);
#1099=CARTESIAN_POINT('',(2.100000000318E1,3.399999999701E1,
-1.421085471520E-14));
#1100=DIRECTION('',(0.E0,0.E0,1.E0));
#1101=DIRECTION('',(8.459051693633E-1,5.333333333333E-1,0.E0));
#1102=AXIS2_PLACEMENT_3D('',#1099,#1100,#1101);
#1104=CURVE_STYLE('',#20,POSITIVE_LENGTH_MEASURE(2.E-2),#5);
#1105=PRESENTATION_STYLE_ASSIGNMENT((#1104));
#1106=STYLED_ITEM('',(#1105),#1103);
#1107=DIRECTION('',(-1.E0,0.E0,0.E0));
#1108=VECTOR('',#1107,5.745689806357E-1);
#1109=CARTESIAN_POINT('',(2.665E1,3.719999999701E1,0.E0));
#1110=LINE('2633',#1109,#1108);
#1111=CURVE_STYLE('',#20,POSITIVE_LENGTH_MEASURE(2.E-2),#5);
#1112=PRESENTATION_STYLE_ASSIGNMENT((#1111));
#1113=STYLED_ITEM('',(#1112),#1110);
#1114=DIRECTION('',(0.E0,-1.E0,0.E0));
#1115=VECTOR('',#1114,3.659651941466E-1);
#1116=CARTESIAN_POINT('',(2.665E1,3.756596519116E1,0.E0));
#1117=LINE('2347',#1116,#1115);
#1118=CURVE_STYLE('',#20,POSITIVE_LENGTH_MEASURE(2.E-2),#5);
#1119=PRESENTATION_STYLE_ASSIGNMENT((#1118));
#1120=STYLED_ITEM('',(#1119),#1117);
#1121=DIRECTION('',(-1.E0,0.E0,0.E0));
#1122=VECTOR('',#1121,6.5E0);
#1123=CARTESIAN_POINT('',(3.315E1,3.756596519116E1,0.E0));
#1124=LINE('2515',#1123,#1122);
#1125=CURVE_STYLE('',#20,POSITIVE_LENGTH_MEASURE(2.E-2),#5);
#1126=PRESENTATION_STYLE_ASSIGNMENT((#1125));
#1127=STYLED_ITEM('',(#1126),#1124);
#1128=DIRECTION('',(-7.071067811866E-1,7.071067811865E-1,0.E0));
#1129=VECTOR('',#1128,5.656854249492E-1);
#1130=CARTESIAN_POINT('',(3.355E1,3.716596519116E1,0.E0));
#1131=LINE('2408',#1130,#1129);
#1132=CURVE_STYLE('',#20,POSITIVE_LENGTH_MEASURE(2.E-2),#5);
#1133=PRESENTATION_STYLE_ASSIGNMENT((#1132));
#1134=STYLED_ITEM('',(#1133),#1131);
#1135=DIRECTION('',(-1.E0,0.E0,0.E0));
#1136=VECTOR('',#1135,3.6E0);
#1137=CARTESIAN_POINT('',(3.715E1,3.716596519116E1,0.E0));
#1138=LINE('2452',#1137,#1136);
#1139=CURVE_STYLE('',#20,POSITIVE_LENGTH_MEASURE(2.E-2),#5);
#1140=PRESENTATION_STYLE_ASSIGNMENT((#1139));
#1141=STYLED_ITEM('',(#1140),#1138);
#1142=DIRECTION('',(0.E0,1.E0,0.E0));
#1143=VECTOR('',#1142,1.22E1);
#1144=CARTESIAN_POINT('',(3.715E1,2.496596519116E1,0.E0));
#1145=LINE('2342',#1144,#1143);
#1146=CURVE_STYLE('',#20,POSITIVE_LENGTH_MEASURE(2.E-2),#5);
#1147=PRESENTATION_STYLE_ASSIGNMENT((#1146));
#1148=STYLED_ITEM('',(#1147),#1145);
#1149=DIRECTION('',(1.E0,3.365835026835E-14,0.E0));
#1150=VECTOR('',#1149,2.111044451362E-1);
#1151=CARTESIAN_POINT('',(3.693889555486E1,2.496596519116E1,0.E0));
#1152=LINE('2416',#1151,#1150);
#1153=CURVE_STYLE('',#20,POSITIVE_LENGTH_MEASURE(2.E-2),#5);
#1154=PRESENTATION_STYLE_ASSIGNMENT((#1153));
#1155=STYLED_ITEM('',(#1154),#1152);
#1156=CARTESIAN_POINT('',(2.535000000318E1,1.756596519116E1,0.E0));
#1157=DIRECTION('',(0.E0,0.E0,1.E0));
#1158=DIRECTION('',(8.745538331949E-1,4.849284409520E-1,0.E0));
#1159=AXIS2_PLACEMENT_3D('',#1156,#1157,#1158);
#1161=CURVE_STYLE('',#20,POSITIVE_LENGTH_MEASURE(2.E-2),#5);
#1162=PRESENTATION_STYLE_ASSIGNMENT((#1161));
#1163=STYLED_ITEM('',(#1162),#1160);
#1164=CARTESIAN_POINT('',(4.705000000318E1,1.756596519116E1,0.E0));
#1165=DIRECTION('',(0.E0,0.E0,1.E0));
#1166=DIRECTION('',(-4.297872343136E-1,9.029301928837E-1,0.E0));
#1167=AXIS2_PLACEMENT_3D('',#1164,#1165,#1166);
#1169=CURVE_STYLE('',#20,POSITIVE_LENGTH_MEASURE(2.E-2),#5);
#1170=PRESENTATION_STYLE_ASSIGNMENT((#1169));
#1171=STYLED_ITEM('',(#1170),#1168);
#1172=DIRECTION('',(0.E0,-1.E0,0.E0));
#1173=VECTOR('',#1172,2.182460504246E1);
#1174=CARTESIAN_POINT('',(4.2E1,5.E1,0.E0));
#1175=LINE('2464',#1174,#1173);
#1176=CURVE_STYLE('',#20,POSITIVE_LENGTH_MEASURE(2.E-2),#5);
#1177=PRESENTATION_STYLE_ASSIGNMENT((#1176));
#1178=STYLED_ITEM('',(#1177),#1175);
#1179=CARTESIAN_POINT('',(3.7E1,5.E1,0.E0));
#1180=DIRECTION('',(0.E0,0.E0,-1.E0));
#1181=DIRECTION('',(0.E0,1.E0,0.E0));
#1182=AXIS2_PLACEMENT_3D('',#1179,#1180,#1181);
#1184=CURVE_STYLE('',#20,POSITIVE_LENGTH_MEASURE(2.E-2),#5);
#1185=PRESENTATION_STYLE_ASSIGNMENT((#1184));
#1186=STYLED_ITEM('',(#1185),#1183);
#1187=DIRECTION('',(1.E0,0.E0,0.E0));
#1188=VECTOR('',#1187,3.2E1);
#1189=CARTESIAN_POINT('',(5.E0,5.5E1,0.E0));
#1190=LINE('2469',#1189,#1188);
#1191=CURVE_STYLE('',#20,POSITIVE_LENGTH_MEASURE(2.E-2),#5);
#1192=PRESENTATION_STYLE_ASSIGNMENT((#1191));
#1193=STYLED_ITEM('',(#1192),#1190);
#1194=CARTESIAN_POINT('',(5.E0,5.E1,0.E0));
#1195=DIRECTION('',(0.E0,0.E0,-1.E0));
#1196=DIRECTION('',(-1.E0,0.E0,0.E0));
#1197=AXIS2_PLACEMENT_3D('',#1194,#1195,#1196);
#1199=CURVE_STYLE('',#20,POSITIVE_LENGTH_MEASURE(2.E-2),#5);
#1200=PRESENTATION_STYLE_ASSIGNMENT((#1199));
#1201=STYLED_ITEM('',(#1200),#1198);
#1202=DIRECTION('',(0.E0,1.E0,0.E0));
#1203=VECTOR('',#1202,3.404708561900E0);
#1204=CARTESIAN_POINT('',(0.E0,4.659529143810E1,0.E0));
#1205=LINE('2329',#1204,#1203);
#1206=CURVE_STYLE('',#20,POSITIVE_LENGTH_MEASURE(2.E-2),#5);
#1207=PRESENTATION_STYLE_ASSIGNMENT((#1206));
#1208=STYLED_ITEM('',(#1207),#1205);
#1209=CARTESIAN_POINT('',(1.170000000319E1,6.205965191159E0,
-1.421085471520E-14));
#1210=DIRECTION('',(0.E0,0.E0,1.E0));
#1211=DIRECTION('',(-1.705991258836E-1,9.853405189313E-1,0.E0));
#1212=AXIS2_PLACEMENT_3D('',#1209,#1210,#1211);
#1214=CURVE_STYLE('',#20,POSITIVE_LENGTH_MEASURE(2.E-2),#5);
#1215=PRESENTATION_STYLE_ASSIGNMENT((#1214));
#1216=STYLED_ITEM('',(#1215),#1213);
#1217=CARTESIAN_POINT('',(5.499999999998E0,4.95E1,0.E0));
#1218=DIRECTION('',(0.E0,0.E0,1.E0));
#1219=DIRECTION('',(-1.E0,0.E0,0.E0));
#1220=AXIS2_PLACEMENT_3D('',#1217,#1218,#1219);
#1222=CURVE_STYLE('',#20,POSITIVE_LENGTH_MEASURE(2.E-2),#5);
#1223=PRESENTATION_STYLE_ASSIGNMENT((#1222));
#1224=STYLED_ITEM('',(#1223),#1221);
#1225=CARTESIAN_POINT('',(5.499999999998E0,4.95E1,0.E0));
#1226=DIRECTION('',(0.E0,0.E0,1.E0));
#1227=DIRECTION('',(1.E0,0.E0,0.E0));
#1228=AXIS2_PLACEMENT_3D('',#1225,#1226,#1227);
#1230=CURVE_STYLE('',#20,POSITIVE_LENGTH_MEASURE(2.E-2),#5);
#1231=PRESENTATION_STYLE_ASSIGNMENT((#1230));
#1232=STYLED_ITEM('',(#1231),#1229);
#1233=CARTESIAN_POINT('',(5.499999999998E0,4.95E1,0.E0));
#1234=DIRECTION('',(0.E0,0.E0,1.E0));
#1235=DIRECTION('',(6.936822149137E-1,-7.202811844776E-1,0.E0));
#1236=AXIS2_PLACEMENT_3D('',#1233,#1234,#1235);
#1238=CURVE_STYLE('',#20,POSITIVE_LENGTH_MEASURE(2.E-2),#5);
#1239=PRESENTATION_STYLE_ASSIGNMENT((#1238));
#1240=STYLED_ITEM('',(#1239),#1237);
#1241=CARTESIAN_POINT('',(1.6E1,5.E1,0.E0));
#1242=DIRECTION('',(0.E0,0.E0,1.E0));
#1243=DIRECTION('',(0.E0,1.E0,0.E0));
#1244=AXIS2_PLACEMENT_3D('',#1241,#1242,#1243);
#1246=CURVE_STYLE('',#20,POSITIVE_LENGTH_MEASURE(2.E-2),#5);
#1247=PRESENTATION_STYLE_ASSIGNMENT((#1246));
#1248=STYLED_ITEM('',(#1247),#1245);
#1249=CARTESIAN_POINT('',(2.6E1,5.E1,0.E0));
#1250=DIRECTION('',(0.E0,0.E0,1.E0));
#1251=DIRECTION('',(1.E0,0.E0,0.E0));
#1252=AXIS2_PLACEMENT_3D('',#1249,#1250,#1251);
#1254=CURVE_STYLE('',#20,POSITIVE_LENGTH_MEASURE(2.E-2),#5);
#1255=PRESENTATION_STYLE_ASSIGNMENT((#1254));
#1256=STYLED_ITEM('',(#1255),#1253);
#1257=CARTESIAN_POINT('',(2.6E1,5.E1,0.E0));
#1258=DIRECTION('',(0.E0,0.E0,1.E0));
#1259=DIRECTION('',(0.E0,-1.E0,0.E0));
#1260=AXIS2_PLACEMENT_3D('',#1257,#1258,#1259);
#1262=CURVE_STYLE('',#20,POSITIVE_LENGTH_MEASURE(2.E-2),#5);
#1263=PRESENTATION_STYLE_ASSIGNMENT((#1262));
#1264=STYLED_ITEM('',(#1263),#1261);
#1265=CARTESIAN_POINT('',(1.6E1,5.E1,0.E0));
#1266=DIRECTION('',(0.E0,0.E0,1.E0));
#1267=DIRECTION('',(-1.E0,0.E0,0.E0));
#1268=AXIS2_PLACEMENT_3D('',#1265,#1266,#1267);
#1270=CURVE_STYLE('',#20,POSITIVE_LENGTH_MEASURE(2.E-2),#5);
#1271=PRESENTATION_STYLE_ASSIGNMENT((#1270));
#1272=STYLED_ITEM('',(#1271),#1269);
#1273=CARTESIAN_POINT('',(3.65E1,4.95E1,0.E0));
#1274=DIRECTION('',(0.E0,0.E0,1.E0));
#1275=DIRECTION('',(-1.E0,0.E0,0.E0));
#1276=AXIS2_PLACEMENT_3D('',#1273,#1274,#1275);
#1278=CURVE_STYLE('',#20,POSITIVE_LENGTH_MEASURE(2.E-2),#5);
#1279=PRESENTATION_STYLE_ASSIGNMENT((#1278));
#1280=STYLED_ITEM('',(#1279),#1277);
#1281=CARTESIAN_POINT('',(3.65E1,4.95E1,0.E0));
#1282=DIRECTION('',(0.E0,0.E0,1.E0));
#1283=DIRECTION('',(1.E0,0.E0,0.E0));
#1284=AXIS2_PLACEMENT_3D('',#1281,#1282,#1283);
#1286=CURVE_STYLE('',#20,POSITIVE_LENGTH_MEASURE(2.E-2),#5);
#1287=PRESENTATION_STYLE_ASSIGNMENT((#1286));
#1288=STYLED_ITEM('',(#1287),#1285);
#1289=DIRECTION('',(0.E0,0.E0,1.E0));
#1290=VECTOR('',#1289,1.15E1);
#1291=CARTESIAN_POINT('',(1.250000000318E1,3.999999999701E1,0.E0));
#1292=LINE('2439',#1291,#1290);
#1293=CURVE_STYLE('',#20,POSITIVE_LENGTH_MEASURE(2.E-2),#5);
#1294=PRESENTATION_STYLE_ASSIGNMENT((#1293));
#1295=STYLED_ITEM('',(#1294),#1292);
#1296=CARTESIAN_POINT('',(1.250000000318E1,4.063235300454E1,1.585E1));
#1297=DIRECTION('',(1.E0,0.E0,0.E0));
#1298=DIRECTION('',(0.E0,1.E0,0.E0));
#1299=AXIS2_PLACEMENT_3D('',#1296,#1297,#1298);
#1301=CURVE_STYLE('',#20,POSITIVE_LENGTH_MEASURE(2.E-2),#5);
#1302=PRESENTATION_STYLE_ASSIGNMENT((#1301));
#1303=STYLED_ITEM('',(#1302),#1300);
#1304=CARTESIAN_POINT('',(1.250000000318E1,4.063235300454E1,1.585E1));
#1305=DIRECTION('',(1.E0,0.E0,0.E0));
#1306=DIRECTION('',(0.E0,-1.E0,0.E0));
#1307=AXIS2_PLACEMENT_3D('',#1304,#1305,#1306);
#1309=CURVE_STYLE('',#20,POSITIVE_LENGTH_MEASURE(2.E-2),#5);
#1310=PRESENTATION_STYLE_ASSIGNMENT((#1309));
#1311=STYLED_ITEM('',(#1310),#1308);
#1312=CARTESIAN_POINT('',(2.175197471039E1,2.876596519116E1,1.15E1));
#1313=CARTESIAN_POINT('',(2.190146495516E1,2.869889955865E1,1.15E1));
#1314=CARTESIAN_POINT('',(2.219551573302E1,2.857798867356E1,1.15E1));
#1315=CARTESIAN_POINT('',(2.262708990445E1,2.843992417683E1,1.15E1));
#1316=CARTESIAN_POINT('',(2.290223629260E1,2.837910515826E1,1.15E1));
#1317=CARTESIAN_POINT('',(2.303720915734E1,2.835643916521E1,1.15E1));
#1319=CURVE_STYLE('',#20,POSITIVE_LENGTH_MEASURE(2.E-2),#5);
#1320=PRESENTATION_STYLE_ASSIGNMENT((#1319));
#1321=STYLED_ITEM('',(#1320),#1318);
#1322=DIRECTION('',(-1.E0,0.E0,0.E0));
#1323=VECTOR('',#1322,9.863384522294E-1);
#1324=CARTESIAN_POINT('',(2.463633845223E1,2.922746998831E1,1.15E1));
#1325=LINE('2257',#1324,#1323);
#1326=CURVE_STYLE('',#20,POSITIVE_LENGTH_MEASURE(2.E-2),#5);
#1327=PRESENTATION_STYLE_ASSIGNMENT((#1326));
#1328=STYLED_ITEM('',(#1327),#1325);
#1329=CARTESIAN_POINT('',(2.100000000318E1,3.399999999701E1,1.15E1));
#1330=DIRECTION('',(0.E0,0.E0,-1.E0));
#1331=DIRECTION('',(7.453559924999E-1,-6.666666666667E-1,0.E0));
#1332=AXIS2_PLACEMENT_3D('',#1329,#1330,#1331);
#1334=CURVE_STYLE('',#20,POSITIVE_LENGTH_MEASURE(2.E-2),#5);
#1335=PRESENTATION_STYLE_ASSIGNMENT((#1334));
#1336=STYLED_ITEM('',(#1335),#1333);
#1337=DIRECTION('',(-1.E0,0.E0,0.E0));
#1338=VECTOR('',#1337,1.778640418159E-1);
#1339=CARTESIAN_POINT('',(2.565E1,2.999999999701E1,1.15E1));
#1340=LINE('2242',#1339,#1338);
#1341=CURVE_STYLE('',#20,POSITIVE_LENGTH_MEASURE(2.E-2),#5);
#1342=PRESENTATION_STYLE_ASSIGNMENT((#1341));
#1343=STYLED_ITEM('',(#1342),#1340);
#1344=DIRECTION('',(0.E0,-1.E0,0.E0));
#1345=VECTOR('',#1344,1.596519414663E-2);
#1346=CARTESIAN_POINT('',(2.565E1,3.001596519116E1,1.15E1));
#1347=LINE('2283',#1346,#1345);
#1348=CURVE_STYLE('',#20,POSITIVE_LENGTH_MEASURE(2.E-2),#5);
#1349=PRESENTATION_STYLE_ASSIGNMENT((#1348));
#1350=STYLED_ITEM('',(#1349),#1347);
#1351=DIRECTION('',(-1.E0,0.E0,0.E0));
#1352=VECTOR('',#1351,1.E0);
#1353=CARTESIAN_POINT('',(2.665E1,3.001596519116E1,1.15E1));
#1354=LINE('2555',#1353,#1352);
#1355=CURVE_STYLE('',#20,POSITIVE_LENGTH_MEASURE(2.E-2),#5);
#1356=PRESENTATION_STYLE_ASSIGNMENT((#1355));
#1357=STYLED_ITEM('',(#1356),#1354);
#1358=DIRECTION('',(0.E0,-1.E0,0.E0));
#1359=VECTOR('',#1358,7.184034805853E0);
#1360=CARTESIAN_POINT('',(2.665E1,3.719999999701E1,1.15E1));
#1361=LINE('2601',#1360,#1359);
#1362=CURVE_STYLE('',#20,POSITIVE_LENGTH_MEASURE(2.E-2),#5);
#1363=PRESENTATION_STYLE_ASSIGNMENT((#1362));
#1364=STYLED_ITEM('',(#1363),#1361);
#1365=DIRECTION('',(1.E0,0.E0,0.E0));
#1366=VECTOR('',#1365,5.745689806357E-1);
#1367=CARTESIAN_POINT('',(2.607543101936E1,3.719999999701E1,1.15E1));
#1368=LINE('2074',#1367,#1366);
#1369=CURVE_STYLE('',#20,POSITIVE_LENGTH_MEASURE(2.E-2),#5);
#1370=PRESENTATION_STYLE_ASSIGNMENT((#1369));
#1371=STYLED_ITEM('',(#1370),#1368);
#1372=CARTESIAN_POINT('',(2.100000000318E1,3.399999999701E1,1.15E1));
#1373=DIRECTION('',(0.E0,0.E0,-1.E0));
#1374=DIRECTION('',(0.E0,1.E0,0.E0));
#1375=AXIS2_PLACEMENT_3D('',#1372,#1373,#1374);
#1377=CURVE_STYLE('',#20,POSITIVE_LENGTH_MEASURE(2.E-2),#5);
#1378=PRESENTATION_STYLE_ASSIGNMENT((#1377));
#1379=STYLED_ITEM('',(#1378),#1376);
#1380=DIRECTION('',(1.E0,0.E0,0.E0));
#1381=VECTOR('',#1380,8.5E0);
#1382=CARTESIAN_POINT('',(1.250000000318E1,3.999999999701E1,1.15E1));
#1383=LINE('2148',#1382,#1381);
#1384=CURVE_STYLE('',#20,POSITIVE_LENGTH_MEASURE(2.E-2),#5);
#1385=PRESENTATION_STYLE_ASSIGNMENT((#1384));
#1386=STYLED_ITEM('',(#1385),#1383);
#1387=DIRECTION('',(0.E0,1.E0,0.E0));
#1388=VECTOR('',#1387,5.330585426030E0);
#1389=CARTESIAN_POINT('',(1.250000000318E1,3.466941457098E1,1.15E1));
#1390=LINE('2544',#1389,#1388);
#1391=CURVE_STYLE('',#20,POSITIVE_LENGTH_MEASURE(2.E-2),#5);
#1392=PRESENTATION_STYLE_ASSIGNMENT((#1391));
#1393=STYLED_ITEM('',(#1392),#1390);
#1394=CARTESIAN_POINT('',(1.670000000318E1,3.466941457098E1,1.15E1));
#1395=DIRECTION('',(0.E0,0.E0,-1.E0));
#1396=DIRECTION('',(-5.680012445636E-1,-8.230276946581E-1,0.E0));
#1397=AXIS2_PLACEMENT_3D('',#1394,#1395,#1396);
#1399=CURVE_STYLE('',#20,POSITIVE_LENGTH_MEASURE(2.E-2),#5);
#1400=PRESENTATION_STYLE_ASSIGNMENT((#1399));
#1401=STYLED_ITEM('',(#1400),#1398);
#1402=DIRECTION('',(-8.230276946581E-1,5.680012445636E-1,0.E0));
#1403=VECTOR('',#1402,3.774194239281E0);
#1404=CARTESIAN_POINT('',(1.742066115996E1,2.906895122828E1,1.15E1));
#1405=LINE('2359',#1404,#1403);
#1406=CURVE_STYLE('',#20,POSITIVE_LENGTH_MEASURE(2.E-2),#5);
#1407=PRESENTATION_STYLE_ASSIGNMENT((#1406));
#1408=STYLED_ITEM('',(#1407),#1405);
#1409=CARTESIAN_POINT('',(1.514865618171E1,2.577684044965E1,1.15E1));
#1410=DIRECTION('',(0.E0,0.E0,1.E0));
#1411=DIRECTION('',(8.313228023372E-1,5.557898868405E-1,0.E0));
#1412=AXIS2_PLACEMENT_3D('',#1409,#1410,#1411);
#1414=CURVE_STYLE('',#20,POSITIVE_LENGTH_MEASURE(2.E-2),#5);
#1415=PRESENTATION_STYLE_ASSIGNMENT((#1414));
#1416=STYLED_ITEM('',(#1415),#1413);
#1417=DIRECTION('',(-1.E0,0.E0,0.E0));
#1418=VECTOR('',#1417,2.526052612126E0);
#1419=CARTESIAN_POINT('',(2.100000000318E1,2.799999999701E1,1.15E1));
#1420=LINE('2279',#1419,#1418);
#1421=CURVE_STYLE('',#20,POSITIVE_LENGTH_MEASURE(2.E-2),#5);
#1422=PRESENTATION_STYLE_ASSIGNMENT((#1421));
#1423=STYLED_ITEM('',(#1422),#1420);
#1424=CARTESIAN_POINT('',(2.100000000318E1,3.399999999701E1,1.15E1));
#1425=DIRECTION('',(0.E0,0.E0,-1.E0));
#1426=DIRECTION('',(3.395348590254E-1,-9.405934719668E-1,0.E0));
#1427=AXIS2_PLACEMENT_3D('',#1424,#1425,#1426);
#1429=CURVE_STYLE('',#20,POSITIVE_LENGTH_MEASURE(2.E-2),#5);
#1430=PRESENTATION_STYLE_ASSIGNMENT((#1429));
#1431=STYLED_ITEM('',(#1430),#1428);
#1432=CARTESIAN_POINT('',(2.100000000318E1,3.399999999701E1,1.15E1));
#1433=DIRECTION('',(0.E0,0.E0,1.E0));
#1434=DIRECTION('',(-1.E0,0.E0,0.E0));
#1435=AXIS2_PLACEMENT_3D('',#1432,#1433,#1434);
#1437=CURVE_STYLE('',#20,POSITIVE_LENGTH_MEASURE(2.E-2),#5);
#1438=PRESENTATION_STYLE_ASSIGNMENT((#1437));
#1439=STYLED_ITEM('',(#1438),#1436);
#1440=CARTESIAN_POINT('',(2.100000000318E1,3.399999999701E1,1.15E1));
#1441=DIRECTION('',(0.E0,0.E0,1.E0));
#1442=DIRECTION('',(1.E0,0.E0,0.E0));
#1443=AXIS2_PLACEMENT_3D('',#1440,#1441,#1442);
#1445=CURVE_STYLE('',#20,POSITIVE_LENGTH_MEASURE(2.E-2),#5);
#1446=PRESENTATION_STYLE_ASSIGNMENT((#1445));
#1447=STYLED_ITEM('',(#1446),#1444);
#1448=DIRECTION('',(2.162141427624E-5,6.427883808918E-1,-7.660437956951E-1));
#1449=VECTOR('',#1448,9.544767373728E-1);
#1450=CARTESIAN_POINT('',(2.364997936286E1,2.800339810962E1,1.185879056383E1));
#1451=LINE('2646',#1450,#1449);
#1452=CURVE_STYLE('',#20,POSITIVE_LENGTH_MEASURE(2.E-2),#5);
#1453=PRESENTATION_STYLE_ASSIGNMENT((#1452));
#1454=STYLED_ITEM('',(#1453),#1451);
#1455=CARTESIAN_POINT('',(2.365E1,2.876596519116E1,1.45E1));
#1456=DIRECTION('',(0.E0,1.E0,0.E0));
#1457=DIRECTION('',(-5.346550111578E-1,0.E0,-8.450704225352E-1));
#1458=AXIS2_PLACEMENT_3D('',#1455,#1456,#1457);
#1460=CURVE_STYLE('',#20,POSITIVE_LENGTH_MEASURE(2.E-2),#5);
#1461=PRESENTATION_STYLE_ASSIGNMENT((#1460));
#1462=STYLED_ITEM('',(#1461),#1459);
#1463=CARTESIAN_POINT('',(2.365E1,2.861692466623E1,1.112761958103E1));
#1464=CARTESIAN_POINT('',(2.358529060688E1,2.858506928970E1,1.116558334045E1));
#1465=CARTESIAN_POINT('',(2.345333181366E1,2.852301219226E1,1.124324673991E1));
#1466=CARTESIAN_POINT('',(2.324869121280E1,2.843581674612E1,1.136642829519E1));
#1467=CARTESIAN_POINT('',(2.310822088694E1,2.838207293614E1,1.145431495103E1));
#1468=CARTESIAN_POINT('',(2.303720915734E1,2.835643916521E1,1.15E1));
#1470=CURVE_STYLE('',#20,POSITIVE_LENGTH_MEASURE(2.E-2),#5);
#1471=PRESENTATION_STYLE_ASSIGNMENT((#1470));
#1472=STYLED_ITEM('',(#1471),#1469);
#1473=CARTESIAN_POINT('',(2.393340751854E1,2.876596519116E1,1.095E1));
#1474=CARTESIAN_POINT('',(2.384136269365E1,2.871437879728E1,1.101147827023E1));
#1475=CARTESIAN_POINT('',(2.374695207048E1,2.866465258581E1,1.107073966141E1));
#1476=CARTESIAN_POINT('',(2.365E1,2.861692466623E1,1.112761958103E1));
#1478=CURVE_STYLE('',#20,POSITIVE_LENGTH_MEASURE(2.E-2),#5);
#1479=PRESENTATION_STYLE_ASSIGNMENT((#1478));
#1480=STYLED_ITEM('',(#1479),#1477);
#1481=DIRECTION('',(-1.E0,0.E0,0.E0));
#1482=VECTOR('',#1481,1.716592481465E0);
#1483=CARTESIAN_POINT('',(2.565E1,2.876596519116E1,1.095E1));
#1484=LINE('2076',#1483,#1482);
#1485=CURVE_STYLE('',#20,POSITIVE_LENGTH_MEASURE(2.E-2),#5);
#1486=PRESENTATION_STYLE_ASSIGNMENT((#1485));
#1487=STYLED_ITEM('',(#1486),#1484);
#1488=DIRECTION('',(9.999999365759E-1,0.E0,3.561576581163E-4));
#1489=VECTOR('',#1488,1.699978091085E0);
#1490=CARTESIAN_POINT('',(2.365002201674E1,2.876596519116E1,1.724939453978E1));
#1491=LINE('2461',#1490,#1489);
#1492=CURVE_STYLE('',#20,POSITIVE_LENGTH_MEASURE(2.E-2),#5);
#1493=PRESENTATION_STYLE_ASSIGNMENT((#1492));
#1494=STYLED_ITEM('',(#1493),#1491);
#1495=DIRECTION('',(-9.999995388810E-1,-6.177225687021E-4,7.352935733881E-4));
#1496=VECTOR('',#1495,1.700021421049E0);
#1497=CARTESIAN_POINT('',(2.535E1,2.800444825122E1,1.185754054900E1));
#1498=LINE('2068',#1497,#1496);
#1499=CURVE_STYLE('',#20,POSITIVE_LENGTH_MEASURE(2.E-2),#5);
#1500=PRESENTATION_STYLE_ASSIGNMENT((#1499));
#1501=STYLED_ITEM('',(#1500),#1498);
#1502=DIRECTION('',(-1.E0,0.E0,0.E0));
#1503=VECTOR('',#1502,1.E0);
#1504=CARTESIAN_POINT('',(2.635E1,2.702590053659E1,1.237052236502E1));
#1505=LINE('2339',#1504,#1503);
#1506=CURVE_STYLE('',#20,POSITIVE_LENGTH_MEASURE(2.E-2),#5);
#1507=PRESENTATION_STYLE_ASSIGNMENT((#1506));
#1508=STYLED_ITEM('',(#1507),#1505);
#1509=DIRECTION('',(1.E0,0.E0,0.E0));
#1510=VECTOR('',#1509,1.E0);
#1511=CARTESIAN_POINT('',(2.535E1,2.702590053659E1,1.662947763498E1));
#1512=LINE('2374',#1511,#1510);
#1513=CURVE_STYLE('',#20,POSITIVE_LENGTH_MEASURE(2.E-2),#5);
#1514=PRESENTATION_STYLE_ASSIGNMENT((#1513));
#1515=STYLED_ITEM('',(#1514),#1512);
#1516=DIRECTION('',(-1.E0,0.E0,0.E0));
#1517=VECTOR('',#1516,1.E0);
#1518=CARTESIAN_POINT('',(2.635E1,3.050602984573E1,1.662947763498E1));
#1519=LINE('2623',#1518,#1517);
#1520=CURVE_STYLE('',#20,POSITIVE_LENGTH_MEASURE(2.E-2),#5);
#1521=PRESENTATION_STYLE_ASSIGNMENT((#1520));
#1522=STYLED_ITEM('',(#1521),#1519);
#1523=DIRECTION('',(1.E0,0.E0,0.E0));
#1524=VECTOR('',#1523,7.E-1);
#1525=CARTESIAN_POINT('',(2.565E1,3.050602984573E1,1.237052236502E1));
#1526=LINE('2345',#1525,#1524);
#1527=CURVE_STYLE('',#20,POSITIVE_LENGTH_MEASURE(2.E-2),#5);
#1528=PRESENTATION_STYLE_ASSIGNMENT((#1527));
#1529=STYLED_ITEM('',(#1528),#1526);
#1530=DIRECTION('',(9.999996680324E-1,-5.235979559988E-4,-6.243238439979E-4));
#1531=VECTOR('',#1530,2.000021165808E0);
#1532=CARTESIAN_POINT('',(2.364997949813E1,2.952852933810E1,1.185878920990E1));
#1533=LINE('2307',#1532,#1531);
#1534=CURVE_STYLE('',#20,POSITIVE_LENGTH_MEASURE(2.E-2),#5);
#1535=PRESENTATION_STYLE_ASSIGNMENT((#1534));
#1536=STYLED_ITEM('',(#1535),#1533);
#1537=CARTESIAN_POINT('',(2.565E1,2.751596519116E1,1.728208554865E1));
#1538=CARTESIAN_POINT('',(2.563774556463E1,2.751596519116E1,1.726865101286E1));
#1539=CARTESIAN_POINT('',(2.561332746992E1,2.751596519116E1,1.724184890092E1));
#1540=CARTESIAN_POINT('',(2.557697409681E1,2.751596519116E1,1.720184523559E1));
#1541=CARTESIAN_POINT('',(2.555292152340E1,2.751596519116E1,1.717530879881E1));
#1542=CARTESIAN_POINT('',(2.554094124027E1,2.751596519116E1,1.716207351114E1));
#1544=CURVE_STYLE('',#20,POSITIVE_LENGTH_MEASURE(2.E-2),#5);
#1545=PRESENTATION_STYLE_ASSIGNMENT((#1544));
#1546=STYLED_ITEM('',(#1545),#1543);
#1547=CARTESIAN_POINT('',(2.560000000316E1,2.876596519116E1,1.750000000105E1));
#1548=CARTESIAN_POINT('',(2.560000000316E1,2.870517683816E1,1.750000000105E1));
#1549=CARTESIAN_POINT('',(2.560371048809E1,2.858338509923E1,1.749999999951E1));
#1550=CARTESIAN_POINT('',(2.562041288215E1,2.840003654353E1,1.750000000014E1));
#1551=CARTESIAN_POINT('',(2.563892245057E1,2.827739523801E1,1.75E1));
#1552=CARTESIAN_POINT('',(2.565E1,2.821596519116E1,1.75E1));
#1554=CURVE_STYLE('',#20,POSITIVE_LENGTH_MEASURE(2.E-2),#5);
#1555=PRESENTATION_STYLE_ASSIGNMENT((#1554));
#1556=STYLED_ITEM('',(#1555),#1553);
#1557=CARTESIAN_POINT('',(2.565E1,2.931596519116E1,1.75E1));
#1558=CARTESIAN_POINT('',(2.563894405425E1,2.925465494656E1,1.75E1));
#1559=CARTESIAN_POINT('',(2.562046329783E1,2.913216659437E1,1.750000000014E1));
#1560=CARTESIAN_POINT('',(2.560371085791E1,2.894824709333E1,1.749999999951E1));
#1561=CARTESIAN_POINT('',(2.560000000316E1,2.882662288441E1,1.750000000105E1));
#1562=CARTESIAN_POINT('',(2.560000000316E1,2.876596519116E1,1.750000000105E1));
#1564=CURVE_STYLE('',#20,POSITIVE_LENGTH_MEASURE(2.E-2),#5);
#1565=PRESENTATION_STYLE_ASSIGNMENT((#1564));
#1566=STYLED_ITEM('',(#1565),#1563);
#1567=CARTESIAN_POINT('',(2.554094124027E1,3.001596519116E1,1.716207351114E1));
#1568=CARTESIAN_POINT('',(2.555292152340E1,3.001596519116E1,1.717530879881E1));
#1569=CARTESIAN_POINT('',(2.557697409681E1,3.001596519116E1,1.720184523559E1));
#1570=CARTESIAN_POINT('',(2.561332746992E1,3.001596519116E1,1.724184890092E1));
#1571=CARTESIAN_POINT('',(2.563774556463E1,3.001596519116E1,1.726865101286E1));
#1572=CARTESIAN_POINT('',(2.565E1,3.001596519116E1,1.728208554865E1));
#1574=CURVE_STYLE('',#20,POSITIVE_LENGTH_MEASURE(2.E-2),#5);
#1575=PRESENTATION_STYLE_ASSIGNMENT((#1574));
#1576=STYLED_ITEM('',(#1575),#1573);
#1577=CARTESIAN_POINT('',(2.535E1,3.050602984573E1,1.662947763498E1));
#1578=CARTESIAN_POINT('',(2.536120917649E1,3.045234828193E1,1.668781805852E1));
#1579=CARTESIAN_POINT('',(2.539045160499E1,3.034448886254E1,1.680503826903E1));
#1580=CARTESIAN_POINT('',(2.545445144528E1,3.018118995098E1,1.698250939670E1));
#1581=CARTESIAN_POINT('',(2.551005465267E1,3.007124804948E1,1.710199282160E1));
#1582=CARTESIAN_POINT('',(2.554094124027E1,3.001596519116E1,1.716207351114E1));
#1584=CURVE_STYLE('',#20,POSITIVE_LENGTH_MEASURE(2.E-2),#5);
#1585=PRESENTATION_STYLE_ASSIGNMENT((#1584));
#1586=STYLED_ITEM('',(#1585),#1583);
#1587=CARTESIAN_POINT('',(2.535E1,2.876596519116E1,1.45E1));
#1588=DIRECTION('',(-1.E0,0.E0,0.E0));
#1589=DIRECTION('',(0.E0,0.E0,1.E0));
#1590=AXIS2_PLACEMENT_3D('',#1587,#1588,#1589);
#1592=CURVE_STYLE('',#20,POSITIVE_LENGTH_MEASURE(2.E-2),#5);
#1593=PRESENTATION_STYLE_ASSIGNMENT((#1592));
#1594=STYLED_ITEM('',(#1593),#1591);
#1595=CARTESIAN_POINT('',(2.535E1,2.876596519116E1,1.45E1));
#1596=DIRECTION('',(-1.E0,0.E0,0.E0));
#1597=DIRECTION('',(0.E0,-6.327507834816E-1,7.743555036308E-1));
#1598=AXIS2_PLACEMENT_3D('',#1595,#1596,#1597);
#1600=CURVE_STYLE('',#20,POSITIVE_LENGTH_MEASURE(2.E-2),#5);
#1601=PRESENTATION_STYLE_ASSIGNMENT((#1600));
#1602=STYLED_ITEM('',(#1601),#1599);
#1603=DIRECTION('',(1.E0,0.E0,0.E0));
#1604=VECTOR('',#1603,1.E0);
#1605=CARTESIAN_POINT('',(2.554094124027E1,2.751596519116E1,1.716207351114E1));
#1606=LINE('2473',#1605,#1604);
#1607=CURVE_STYLE('',#20,POSITIVE_LENGTH_MEASURE(2.E-2),#5);
#1608=PRESENTATION_STYLE_ASSIGNMENT((#1607));
#1609=STYLED_ITEM('',(#1608),#1606);
#1610=CARTESIAN_POINT('',(2.535E1,2.702590053659E1,1.662947763498E1));
#1611=CARTESIAN_POINT('',(2.536090239154E1,2.707811288487E1,1.668622133425E1));
#1612=CARTESIAN_POINT('',(2.538937395532E1,2.718405024267E1,1.680135267328E1));
#1613=CARTESIAN_POINT('',(2.545289188520E1,2.734743250195E1,1.697891438217E1));
#1614=CARTESIAN_POINT('',(2.550927742235E1,2.745929119458E1,1.710048095068E1));
#1615=CARTESIAN_POINT('',(2.554094124027E1,2.751596519116E1,1.716207351114E1));
#1617=CURVE_STYLE('',#20,POSITIVE_LENGTH_MEASURE(2.E-2),#5);
#1618=PRESENTATION_STYLE_ASSIGNMENT((#1617));
#1619=STYLED_ITEM('',(#1618),#1616);
#1620=CARTESIAN_POINT('',(2.665E1,2.751596519116E1,1.171791445135E1));
#1621=CARTESIAN_POINT('',(2.663774556463E1,2.751596519116E1,1.173134898714E1));
#1622=CARTESIAN_POINT('',(2.661332746992E1,2.751596519116E1,1.175815109908E1));
#1623=CARTESIAN_POINT('',(2.657697409681E1,2.751596519116E1,1.179815476441E1));
#1624=CARTESIAN_POINT('',(2.655292152340E1,2.751596519116E1,1.182469120119E1));
#1625=CARTESIAN_POINT('',(2.654094124027E1,2.751596519116E1,1.183792648886E1));
#1627=CURVE_STYLE('',#20,POSITIVE_LENGTH_MEASURE(2.E-2),#5);
#1628=PRESENTATION_STYLE_ASSIGNMENT((#1627));
#1629=STYLED_ITEM('',(#1628),#1626);
#1630=CARTESIAN_POINT('',(2.654094124027E1,2.751596519116E1,1.716207351114E1));
#1631=CARTESIAN_POINT('',(2.655292152340E1,2.751596519116E1,1.717530879881E1));
#1632=CARTESIAN_POINT('',(2.657697409681E1,2.751596519116E1,1.720184523559E1));
#1633=CARTESIAN_POINT('',(2.661332746992E1,2.751596519116E1,1.724184890092E1));
#1634=CARTESIAN_POINT('',(2.663774556463E1,2.751596519116E1,1.726865101286E1));
#1635=CARTESIAN_POINT('',(2.665E1,2.751596519116E1,1.728208554865E1));
#1637=CURVE_STYLE('',#20,POSITIVE_LENGTH_MEASURE(2.E-2),#5);
#1638=PRESENTATION_STYLE_ASSIGNMENT((#1637));
#1639=STYLED_ITEM('',(#1638),#1636);
#1640=CARTESIAN_POINT('',(2.635E1,2.702590053659E1,1.662947763498E1));
#1641=CARTESIAN_POINT('',(2.636120917649E1,2.707958210039E1,1.668781805852E1));
#1642=CARTESIAN_POINT('',(2.639045160499E1,2.718744151978E1,1.680503826903E1));
#1643=CARTESIAN_POINT('',(2.645445144528E1,2.735074043134E1,1.698250939670E1));
#1644=CARTESIAN_POINT('',(2.651005465267E1,2.746068233284E1,1.710199282160E1));
#1645=CARTESIAN_POINT('',(2.654094124027E1,2.751596519116E1,1.716207351114E1));
#1647=CURVE_STYLE('',#20,POSITIVE_LENGTH_MEASURE(2.E-2),#5);
#1648=PRESENTATION_STYLE_ASSIGNMENT((#1647));
#1649=STYLED_ITEM('',(#1648),#1646);
#1650=CARTESIAN_POINT('',(2.635E1,2.876596519116E1,1.45E1));
#1651=DIRECTION('',(-1.E0,0.E0,0.E0));
#1652=DIRECTION('',(0.E0,-6.327507834816E-1,-7.743555036308E-1));
#1653=AXIS2_PLACEMENT_3D('',#1650,#1651,#1652);
#1655=CURVE_STYLE('',#20,POSITIVE_LENGTH_MEASURE(2.E-2),#5);
#1656=PRESENTATION_STYLE_ASSIGNMENT((#1655));
#1657=STYLED_ITEM('',(#1656),#1654);
#1658=DIRECTION('',(-1.E0,0.E0,0.E0));
#1659=VECTOR('',#1658,1.E0);
#1660=CARTESIAN_POINT('',(2.654094124027E1,2.751596519116E1,1.183792648886E1));
#1661=LINE('2393',#1660,#1659);
#1662=CURVE_STYLE('',#20,POSITIVE_LENGTH_MEASURE(2.E-2),#5);
#1663=PRESENTATION_STYLE_ASSIGNMENT((#1662));
#1664=STYLED_ITEM('',(#1663),#1661);
#1665=CARTESIAN_POINT('',(2.635E1,2.702590053659E1,1.237052236502E1));
#1666=CARTESIAN_POINT('',(2.636090239154E1,2.707811288487E1,1.231377866575E1));
#1667=CARTESIAN_POINT('',(2.638937395532E1,2.718405024267E1,1.219864732672E1));
#1668=CARTESIAN_POINT('',(2.645289188520E1,2.734743250195E1,1.202108561783E1));
#1669=CARTESIAN_POINT('',(2.650927742235E1,2.745929119458E1,1.189951904932E1));
#1670=CARTESIAN_POINT('',(2.654094124027E1,2.751596519116E1,1.183792648886E1));
#1672=CURVE_STYLE('',#20,POSITIVE_LENGTH_MEASURE(2.E-2),#5);
#1673=PRESENTATION_STYLE_ASSIGNMENT((#1672));
#1674=STYLED_ITEM('',(#1673),#1671);
#1675=CARTESIAN_POINT('',(2.565E1,2.831875483219E1,1.148296455194E1));
#1676=CARTESIAN_POINT('',(2.561277300938E1,2.828269078845E1,1.152594400564E1));
#1677=CARTESIAN_POINT('',(2.554085422996E1,2.821134911290E1,1.161096570378E1));
#1678=CARTESIAN_POINT('',(2.544076948670E1,2.810661439656E1,1.173578367825E1));
#1679=CARTESIAN_POINT('',(2.537935873104E1,2.803826255676E1,1.181724222889E1));
#1680=CARTESIAN_POINT('',(2.535E1,2.800444825122E1,1.185754054900E1));
#1682=CURVE_STYLE('',#20,POSITIVE_LENGTH_MEASURE(2.E-2),#5);
#1683=PRESENTATION_STYLE_ASSIGNMENT((#1682));
#1684=STYLED_ITEM('',(#1683),#1681);
#1685=CARTESIAN_POINT('',(2.554094124027E1,2.751596519116E1,1.183792648886E1));
#1686=CARTESIAN_POINT('',(2.555292152340E1,2.751596519116E1,1.182469120119E1));
#1687=CARTESIAN_POINT('',(2.557697409681E1,2.751596519116E1,1.179815476441E1));
#1688=CARTESIAN_POINT('',(2.561332746992E1,2.751596519116E1,1.175815109908E1));
#1689=CARTESIAN_POINT('',(2.563774556463E1,2.751596519116E1,1.173134898714E1));
#1690=CARTESIAN_POINT('',(2.565E1,2.751596519116E1,1.171791445135E1));
#1692=CURVE_STYLE('',#20,POSITIVE_LENGTH_MEASURE(2.E-2),#5);
#1693=PRESENTATION_STYLE_ASSIGNMENT((#1692));
#1694=STYLED_ITEM('',(#1693),#1691);
#1695=CARTESIAN_POINT('',(2.535E1,2.702590053659E1,1.237052236502E1));
#1696=CARTESIAN_POINT('',(2.536120917649E1,2.707958210039E1,1.231218194148E1));
#1697=CARTESIAN_POINT('',(2.539045160499E1,2.718744151978E1,1.219496173097E1));
#1698=CARTESIAN_POINT('',(2.545445144528E1,2.735074043134E1,1.201749060330E1));
#1699=CARTESIAN_POINT('',(2.551005465267E1,2.746068233284E1,1.189800717840E1));
#1700=CARTESIAN_POINT('',(2.554094124027E1,2.751596519116E1,1.183792648886E1));
#1702=CURVE_STYLE('',#20,POSITIVE_LENGTH_MEASURE(2.E-2),#5);
#1703=PRESENTATION_STYLE_ASSIGNMENT((#1702));
#1704=STYLED_ITEM('',(#1703),#1701);
#1705=CARTESIAN_POINT('',(2.535E1,2.876596519116E1,1.45E1));
#1706=DIRECTION('',(-1.E0,0.E0,0.E0));
#1707=DIRECTION('',(0.E0,-2.769152508890E-1,-9.608943458181E-1));
#1708=AXIS2_PLACEMENT_3D('',#1705,#1706,#1707);
#1710=CURVE_STYLE('',#20,POSITIVE_LENGTH_MEASURE(2.E-2),#5);
#1711=PRESENTATION_STYLE_ASSIGNMENT((#1710));
#1712=STYLED_ITEM('',(#1711),#1709);
#1713=DIRECTION('',(0.E0,-6.427876096865E-1,7.660444431190E-1));
#1714=VECTOR('',#1713,6.957358110618E-1);
#1715=CARTESIAN_POINT('',(2.565E1,2.876596519116E1,1.095E1));
#1716=LINE('2154',#1715,#1714);
#1717=CURVE_STYLE('',#20,POSITIVE_LENGTH_MEASURE(2.E-2),#5);
#1718=PRESENTATION_STYLE_ASSIGNMENT((#1717));
#1719=STYLED_ITEM('',(#1718),#1716);
#1720=DIRECTION('',(0.E0,-6.427876096865E-1,-7.660444431190E-1));
#1721=VECTOR('',#1720,1.184710048030E0);
#1722=CARTESIAN_POINT('',(2.565E1,2.952748213110E1,1.185754054900E1));
#1723=LINE('2065',#1722,#1721);
#1724=CURVE_STYLE('',#20,POSITIVE_LENGTH_MEASURE(2.E-2),#5);
#1725=PRESENTATION_STYLE_ASSIGNMENT((#1724));
#1726=STYLED_ITEM('',(#1725),#1723);
#1727=CARTESIAN_POINT('',(2.565E1,2.876596519116E1,1.45E1));
#1728=DIRECTION('',(-1.E0,0.E0,0.E0));
#1729=DIRECTION('',(0.E0,6.327507834816E-1,-7.743555036309E-1));
#1730=AXIS2_PLACEMENT_3D('',#1727,#1728,#1729);
#1732=CURVE_STYLE('',#20,POSITIVE_LENGTH_MEASURE(2.E-2),#5);
#1733=PRESENTATION_STYLE_ASSIGNMENT((#1732));
#1734=STYLED_ITEM('',(#1733),#1731);
#1735=DIRECTION('',(0.E0,6.771137360806E-1,7.358783788174E-1));
#1736=VECTOR('',#1735,7.237552990893E-1);
#1737=CARTESIAN_POINT('',(2.565E1,3.001596519116E1,1.183792648886E1));
#1738=LINE('2194',#1737,#1736);
#1739=CURVE_STYLE('',#20,POSITIVE_LENGTH_MEASURE(2.E-2),#5);
#1740=PRESENTATION_STYLE_ASSIGNMENT((#1739));
#1741=STYLED_ITEM('',(#1740),#1738);
#1742=DIRECTION('',(0.E0,0.E0,1.E0));
#1743=VECTOR('',#1742,5.E0);
#1744=CARTESIAN_POINT('',(2.565E1,2.999999999701E1,6.5E0));
#1745=LINE('2525',#1744,#1743);
#1746=CURVE_STYLE('',#20,POSITIVE_LENGTH_MEASURE(2.E-2),#5);
#1747=PRESENTATION_STYLE_ASSIGNMENT((#1746));
#1748=STYLED_ITEM('',(#1747),#1745);
#1749=DIRECTION('',(0.E0,0.E0,1.E0));
#1750=VECTOR('',#1749,5.1E0);
#1751=CARTESIAN_POINT('',(2.565E1,2.799999999701E1,1.4E0));
#1752=LINE('2262',#1751,#1750);
#1753=CURVE_STYLE('',#20,POSITIVE_LENGTH_MEASURE(2.E-2),#5);
#1754=PRESENTATION_STYLE_ASSIGNMENT((#1753));
#1755=STYLED_ITEM('',(#1754),#1752);
#1756=DIRECTION('',(0.E0,0.E0,-1.E0));
#1757=VECTOR('',#1756,1.031791445135E1);
#1758=CARTESIAN_POINT('',(2.565E1,2.751596519116E1,1.171791445135E1));
#1759=LINE('2419',#1758,#1757);
#1760=CURVE_STYLE('',#20,POSITIVE_LENGTH_MEASURE(2.E-2),#5);
#1761=PRESENTATION_STYLE_ASSIGNMENT((#1760));
#1762=STYLED_ITEM('',(#1761),#1759);
#1763=CARTESIAN_POINT('',(2.565E1,2.876596519116E1,1.45E1));
#1764=DIRECTION('',(-1.E0,0.E0,0.E0));
#1765=DIRECTION('',(0.E0,-1.466263472019E-1,-9.891919501827E-1));
#1766=AXIS2_PLACEMENT_3D('',#1763,#1764,#1765);
#1768=CURVE_STYLE('',#20,POSITIVE_LENGTH_MEASURE(2.E-2),#5);
#1769=PRESENTATION_STYLE_ASSIGNMENT((#1768));
#1770=STYLED_ITEM('',(#1769),#1767);
#1771=CARTESIAN_POINT('',(2.463633845223E1,2.922746998831E1,1.15E1));
#1772=CARTESIAN_POINT('',(2.441973794358E1,2.906243535128E1,1.130331937842E1));
#1773=CARTESIAN_POINT('',(2.418659366831E1,2.890786301608E1,1.111910724263E1));
#1774=CARTESIAN_POINT('',(2.393340751854E1,2.876596519116E1,1.095E1));
#1776=CURVE_STYLE('',#20,POSITIVE_LENGTH_MEASURE(2.E-2),#5);
#1777=PRESENTATION_STYLE_ASSIGNMENT((#1776));
#1778=STYLED_ITEM('',(#1777),#1775);
#1779=DIRECTION('',(-4.377320132608E-5,6.427869275977E-1,7.660450142083E-1));
#1780=VECTOR('',#1779,4.683657007722E-1);
#1781=CARTESIAN_POINT('',(2.365E1,2.922746998831E1,1.15E1));
#1782=LINE('2236',#1781,#1780);
#1783=CURVE_STYLE('',#20,POSITIVE_LENGTH_MEASURE(2.E-2),#5);
#1784=PRESENTATION_STYLE_ASSIGNMENT((#1783));
#1785=STYLED_ITEM('',(#1784),#1782);
#1786=CARTESIAN_POINT('',(2.175197471039E1,2.876596519116E1,1.15E1));
#1787=CARTESIAN_POINT('',(2.191327222136E1,2.883832790361E1,1.15E1));
#1788=CARTESIAN_POINT('',(2.223384226436E1,2.896922778289E1,1.15E1));
#1789=CARTESIAN_POINT('',(2.271447712349E1,2.911731605276E1,1.15E1));
#1790=CARTESIAN_POINT('',(2.319076135344E1,2.920775783912E1,1.15E1));
#1791=CARTESIAN_POINT('',(2.349820183234E1,2.922746998831E1,1.15E1));
#1792=CARTESIAN_POINT('',(2.365E1,2.922746998831E1,1.15E1));
#1794=CURVE_STYLE('',#20,POSITIVE_LENGTH_MEASURE(2.E-2),#5);
#1795=PRESENTATION_STYLE_ASSIGNMENT((#1794));
#1796=STYLED_ITEM('',(#1795),#1793);
#1797=DIRECTION('',(5.416751484260E-1,6.427877790906E-1,5.416750913874E-1));
#1798=VECTOR('',#1797,1.310428156877E0);
#1799=CARTESIAN_POINT('',(2.113977092679E1,2.876596519116E1,1.198977092679E1));
#1800=LINE('2245',#1799,#1798);
#1801=CURVE_STYLE('',#20,POSITIVE_LENGTH_MEASURE(2.E-2),#5);
#1802=PRESENTATION_STYLE_ASSIGNMENT((#1801));
#1803=STYLED_ITEM('',(#1802),#1800);
#1804=DIRECTION('',(-5.416738439456E-1,6.427908485956E-1,-5.416727533732E-1));
#1805=VECTOR('',#1804,1.310443280120E0);
#1806=CARTESIAN_POINT('',(2.184960377560E1,2.792362424310E1,1.269960234647E1));
#1807=LINE('2479',#1806,#1805);
#1808=CURVE_STYLE('',#20,POSITIVE_LENGTH_MEASURE(2.E-2),#5);
#1809=PRESENTATION_STYLE_ASSIGNMENT((#1808));
#1810=STYLED_ITEM('',(#1809),#1807);
#1811=CARTESIAN_POINT('',(2.375E1,2.876596519116E1,1.45E1));
#1812=DIRECTION('',(0.E0,0.E0,1.E0));
#1813=DIRECTION('',(-5.636363636364E-1,-8.260230321164E-1,0.E0));
#1814=AXIS2_PLACEMENT_3D('',#1811,#1812,#1813);
#1816=CURVE_STYLE('',#20,POSITIVE_LENGTH_MEASURE(2.E-2),#5);
#1817=PRESENTATION_STYLE_ASSIGNMENT((#1816));
#1818=STYLED_ITEM('',(#1817),#1815);
#1819=CARTESIAN_POINT('',(2.375E1,2.876596519116E1,1.45E1));
#1820=DIRECTION('',(0.E0,0.E0,1.E0));
#1821=DIRECTION('',(-3.633961912912E-2,9.993394979093E-1,0.E0));
#1822=AXIS2_PLACEMENT_3D('',#1819,#1820,#1821);
#1824=CURVE_STYLE('',#20,POSITIVE_LENGTH_MEASURE(2.E-2),#5);
#1825=PRESENTATION_STYLE_ASSIGNMENT((#1824));
#1826=STYLED_ITEM('',(#1825),#1823);
#1827=CARTESIAN_POINT('',(2.365E1,2.876596519116E1,1.45E1));
#1828=DIRECTION('',(1.E0,0.E0,0.E0));
#1829=DIRECTION('',(0.E0,2.769152508890E-1,-9.608943458181E-1));
#1830=AXIS2_PLACEMENT_3D('',#1827,#1828,#1829);
#1832=CURVE_STYLE('',#20,POSITIVE_LENGTH_MEASURE(2.E-2),#5);
#1833=PRESENTATION_STYLE_ASSIGNMENT((#1832));
#1834=STYLED_ITEM('',(#1833),#1831);
#1835=CARTESIAN_POINT('',(2.184959729317E1,2.960829239578E1,1.269959721842E1));
#1836=CARTESIAN_POINT('',(2.191917496304E1,2.960511832886E1,1.262466999491E1));
#1837=CARTESIAN_POINT('',(2.206034728756E1,2.959870998815E1,1.249011602830E1));
#1838=CARTESIAN_POINT('',(2.226763843428E1,2.958940223061E1,1.233033843904E1));
#1839=CARTESIAN_POINT('',(2.246544610513E1,2.958060627550E1,1.220545816093E1));
#1840=CARTESIAN_POINT('',(2.264907201481E1,2.957251539076E1,1.210990978782E1));
#1841=CARTESIAN_POINT('',(2.281711109797E1,2.956517067681E1,1.203763159965E1));
#1842=CARTESIAN_POINT('',(2.296875739155E1,2.955859468916E1,1.198373627328E1));
#1843=CARTESIAN_POINT('',(2.310847279501E1,2.955256054671E1,1.194288826974E1));
#1844=CARTESIAN_POINT('',(2.324187266645E1,2.954688933582E1,1.191149518264E1));
#1845=CARTESIAN_POINT('',(2.337333488686E1,2.954112411512E1,1.188728580321E1));
#1846=CARTESIAN_POINT('',(2.350696297064E1,2.953608116576E1,1.187047079458E1));
#1847=CARTESIAN_POINT('',(2.360163139401E1,2.953056024785E1,1.186120955390E1));
#1848=CARTESIAN_POINT('',(2.364997949813E1,2.952852933810E1,1.185878920990E1));
#1850=CURVE_STYLE('',#20,POSITIVE_LENGTH_MEASURE(2.E-2),#5);
#1851=PRESENTATION_STYLE_ASSIGNMENT((#1850));
#1852=STYLED_ITEM('',(#1851),#1849);
#1853=CARTESIAN_POINT('',(2.37E1,2.876596519116E1,1.455E1));
#1854=DIRECTION('',(-7.071067811866E-1,0.E0,7.071067811865E-1));
#1855=DIRECTION('',(-6.730966021103E-1,3.064015803732E-1,-6.730966021103E-1));
#1856=AXIS2_PLACEMENT_3D('',#1853,#1854,#1855);
#1858=CURVE_STYLE('',#20,POSITIVE_LENGTH_MEASURE(2.E-2),#5);
#1859=PRESENTATION_STYLE_ASSIGNMENT((#1858));
#1860=STYLED_ITEM('',(#1859),#1857);
#1861=CARTESIAN_POINT('',(2.364997936286E1,2.800339810962E1,1.185879056383E1));
#1862=CARTESIAN_POINT('',(2.360163129282E1,2.800136717938E1,1.186121093223E1));
#1863=CARTESIAN_POINT('',(2.350696258987E1,2.799585056995E1,1.187047019221E1));
#1864=CARTESIAN_POINT('',(2.337333431952E1,2.799080587635E1,1.188728605796E1));
#1865=CARTESIAN_POINT('',(2.324187173888E1,2.798504110457E1,1.191149532665E1));
#1866=CARTESIAN_POINT('',(2.310847178742E1,2.797936976839E1,1.194288854573E1));
#1867=CARTESIAN_POINT('',(2.296875635039E1,2.797333564615E1,1.198373661314E1));
#1868=CARTESIAN_POINT('',(2.281711023418E1,2.796675969972E1,1.203763192701E1));
#1869=CARTESIAN_POINT('',(2.264907154010E1,2.795941484524E1,1.210991010010E1));
#1870=CARTESIAN_POINT('',(2.246544575236E1,2.795132456114E1,1.220545807141E1));
#1871=CARTESIAN_POINT('',(2.226763918092E1,2.794252643032E1,1.233033914309E1));
#1872=CARTESIAN_POINT('',(2.206034444788E1,2.793322681623E1,1.249011344637E1));
#1873=CARTESIAN_POINT('',(2.191918149065E1,2.792679823428E1,1.262467520544E1));
#1874=CARTESIAN_POINT('',(2.184960377560E1,2.792362424310E1,1.269960234647E1));
#1876=CURVE_STYLE('',#20,POSITIVE_LENGTH_MEASURE(2.E-2),#5);
#1877=PRESENTATION_STYLE_ASSIGNMENT((#1876));
#1878=STYLED_ITEM('',(#1877),#1875);
#1879=CARTESIAN_POINT('',(2.365E1,2.876596519116E1,1.45E1));
#1880=DIRECTION('',(1.E0,0.E0,0.E0));
#1881=DIRECTION('',(0.E0,-1.E0,2.581193712103E-7));
#1882=AXIS2_PLACEMENT_3D('',#1879,#1880,#1881);
#1884=CURVE_STYLE('',#20,POSITIVE_LENGTH_MEASURE(2.E-2),#5);
#1885=PRESENTATION_STYLE_ASSIGNMENT((#1884));
#1886=STYLED_ITEM('',(#1885),#1883);
#1887=CARTESIAN_POINT('',(2.365E1,2.876596519116E1,1.45E1));
#1888=DIRECTION('',(1.E0,0.E0,0.E0));
#1889=DIRECTION('',(0.E0,1.E0,2.576010399738E-7));
#1890=AXIS2_PLACEMENT_3D('',#1887,#1888,#1889);
#1892=CURVE_STYLE('',#20,POSITIVE_LENGTH_MEASURE(2.E-2),#5);
#1893=PRESENTATION_STYLE_ASSIGNMENT((#1892));
#1894=STYLED_ITEM('',(#1893),#1891);
#1895=CARTESIAN_POINT('',(2.365E1,2.876596519116E1,1.45E1));
#1896=DIRECTION('',(1.E0,0.E0,0.E0));
#1897=DIRECTION('',(0.E0,0.E0,1.E0));
#1898=AXIS2_PLACEMENT_3D('',#1895,#1896,#1897);
#1900=CURVE_STYLE('',#20,POSITIVE_LENGTH_MEASURE(2.E-2),#5);
#1901=PRESENTATION_STYLE_ASSIGNMENT((#1900));
#1902=STYLED_ITEM('',(#1901),#1899);
#1903=DIRECTION('',(0.E0,-1.E0,0.E0));
#1904=VECTOR('',#1903,5.576198606300E0);
#1905=CARTESIAN_POINT('',(2.22E1,2.649440185284E1,1.45E1));
#1906=LINE('2246',#1905,#1904);
#1907=CURVE_STYLE('',#20,POSITIVE_LENGTH_MEASURE(2.E-2),#5);
#1908=PRESENTATION_STYLE_ASSIGNMENT((#1907));
#1909=STYLED_ITEM('',(#1908),#1906);
#1910=CARTESIAN_POINT('',(2.126181820329E1,2.876596519116E1,1.567108983422E1));
#1911=CARTESIAN_POINT('',(2.126181820329E1,2.857062528403E1,1.567108983422E1));
#1912=CARTESIAN_POINT('',(2.130319216434E1,2.820658690340E1,1.566262937439E1));
#1913=CARTESIAN_POINT('',(2.144224471070E1,2.774037024003E1,1.561999829087E1));
#1914=CARTESIAN_POINT('',(2.161773742504E1,2.735225219626E1,1.553602946883E1));
#1915=CARTESIAN_POINT('',(2.180074004197E1,2.703689506251E1,1.540408380465E1));
#1916=CARTESIAN_POINT('',(2.196740211914E1,2.679225727746E1,1.522481869677E1));
#1917=CARTESIAN_POINT('',(2.210038587623E1,2.661697175121E1,1.500229171280E1));
#1918=CARTESIAN_POINT('',(2.218281924E1,2.651527976144E1,1.475170987618E1));
#1919=CARTESIAN_POINT('',(2.22E1,2.649440185284E1,1.458331947992E1));
#1920=CARTESIAN_POINT('',(2.22E1,2.649440185284E1,1.45E1));
#1922=CURVE_STYLE('',#20,POSITIVE_LENGTH_MEASURE(2.E-2),#5);
#1923=PRESENTATION_STYLE_ASSIGNMENT((#1922));
#1924=STYLED_ITEM('',(#1923),#1921);
#1925=CARTESIAN_POINT('',(2.22E1,3.103752852948E1,1.45E1));
#1926=CARTESIAN_POINT('',(2.22E1,3.103752852948E1,1.458495074982E1));
#1927=CARTESIAN_POINT('',(2.218210757353E1,3.101560981740E1,1.475533489262E1));
#1928=CARTESIAN_POINT('',(2.209915528573E1,3.091348904444E1,1.500442471885E1));
#1929=CARTESIAN_POINT('',(2.196811880844E1,3.074063658126E1,1.522342872734E1));
#1930=CARTESIAN_POINT('',(2.180326618324E1,3.049815027331E1,1.540192642624E1));
#1931=CARTESIAN_POINT('',(2.161884841906E1,3.018223478610E1,1.553540012721E1));
#1932=CARTESIAN_POINT('',(2.144437459042E1,2.979689129620E1,1.561918468278E1));
#1933=CARTESIAN_POINT('',(2.130266371469E1,2.932563929526E1,1.566283996904E1));
#1934=CARTESIAN_POINT('',(2.126181820329E1,2.896134136431E1,1.567108983422E1));
#1935=CARTESIAN_POINT('',(2.126181820329E1,2.876596519116E1,1.567108983422E1));
#1937=CURVE_STYLE('',#20,POSITIVE_LENGTH_MEASURE(2.E-2),#5);
#1938=PRESENTATION_STYLE_ASSIGNMENT((#1937));
#1939=STYLED_ITEM('',(#1938),#1936);
#1940=DIRECTION('',(0.E0,-1.E0,0.E0));
#1941=VECTOR('',#1940,2.678200223058E0);
#1942=CARTESIAN_POINT('',(2.22E1,3.371572875254E1,1.45E1));
#1943=LINE('2661',#1942,#1941);
#1944=CURVE_STYLE('',#20,POSITIVE_LENGTH_MEASURE(2.E-2),#5);
#1945=PRESENTATION_STYLE_ASSIGNMENT((#1944));
#1946=STYLED_ITEM('',(#1945),#1943);
#1947=DIRECTION('',(0.E0,-1.E0,0.E0));
#1948=VECTOR('',#1947,1.273128213795E1);
#1949=CARTESIAN_POINT('',(1.98E1,3.371572875254E1,1.45E1));
#1950=LINE('2388',#1949,#1948);
#1951=CURVE_STYLE('',#20,POSITIVE_LENGTH_MEASURE(2.E-2),#5);
#1952=PRESENTATION_STYLE_ASSIGNMENT((#1951));
#1953=STYLED_ITEM('',(#1952),#1950);
#1954=CARTESIAN_POINT('',(2.126181818661E1,2.876596519116E1,1.332891023107E1));
#1955=CARTESIAN_POINT('',(2.126181818661E1,2.896183505976E1,1.332891023107E1));
#1956=CARTESIAN_POINT('',(2.130405504059E1,2.932677184556E1,1.333762601788E1));
#1957=CARTESIAN_POINT('',(2.144208050815E1,2.979233586905E1,1.337988798510E1));
#1958=CARTESIAN_POINT('',(2.161939254363E1,3.018258311564E1,1.346491995124E1));
#1959=CARTESIAN_POINT('',(2.180106460043E1,3.049558561648E1,1.359632012610E1));
#1960=CARTESIAN_POINT('',(2.196725693633E1,3.073930193642E1,1.377511800314E1));
#1961=CARTESIAN_POINT('',(2.209976956229E1,3.091440425665E1,1.399638843602E1));
#1962=CARTESIAN_POINT('',(2.218281939265E1,3.101638926955E1,1.424791147947E1));
#1963=CARTESIAN_POINT('',(2.22E1,3.103752852948E1,1.441652960119E1));
#1964=CARTESIAN_POINT('',(2.22E1,3.103752852948E1,1.45E1));
#1966=CURVE_STYLE('',#20,POSITIVE_LENGTH_MEASURE(2.E-2),#5);
#1967=PRESENTATION_STYLE_ASSIGNMENT((#1966));
#1968=STYLED_ITEM('',(#1967),#1965);
#1969=CARTESIAN_POINT('',(2.22E1,2.649440185284E1,1.45E1));
#1970=CARTESIAN_POINT('',(2.22E1,2.649440185284E1,1.441493869873E1));
#1971=CARTESIAN_POINT('',(2.218197195273E1,2.651622518852E1,1.424449308705E1));
#1972=CARTESIAN_POINT('',(2.209979330624E1,2.661780678851E1,1.399709682189E1));
#1973=CARTESIAN_POINT('',(2.196863824437E1,2.679065618570E1,1.377707997274E1));
#1974=CARTESIAN_POINT('',(2.180349079763E1,2.703259456918E1,1.359846891931E1));
#1975=CARTESIAN_POINT('',(2.162136571976E1,2.734549868020E1,1.346603217616E1));
#1976=CARTESIAN_POINT('',(2.144356092747E1,2.773558667100E1,1.338042789747E1));
#1977=CARTESIAN_POINT('',(2.130440371345E1,2.820279564371E1,1.333768291223E1));
#1978=CARTESIAN_POINT('',(2.126181818661E1,2.856919808749E1,1.332891023107E1));
#1979=CARTESIAN_POINT('',(2.126181818661E1,2.876596519116E1,1.332891023107E1));
#1981=CURVE_STYLE('',#20,POSITIVE_LENGTH_MEASURE(2.E-2),#5);
#1982=PRESENTATION_STYLE_ASSIGNMENT((#1981));
#1983=STYLED_ITEM('',(#1982),#1980);
#1984=CARTESIAN_POINT('',(2.22E1,2.091820324654E1,1.45E1));
#1985=CARTESIAN_POINT('',(2.22E1,2.091820324654E1,1.440692528286E1));
#1986=CARTESIAN_POINT('',(2.217904987497E1,2.089870982281E1,1.422753507218E1));
#1987=CARTESIAN_POINT('',(2.208789638081E1,2.081056436086E1,1.397033626581E1));
#1988=CARTESIAN_POINT('',(2.194841447805E1,2.066560221368E1,1.375016168632E1));
#1989=CARTESIAN_POINT('',(2.176973304634E1,2.045954228442E1,1.356812673242E1));
#1990=CARTESIAN_POINT('',(2.156487545189E1,2.018870993101E1,1.343210427492E1));
#1991=CARTESIAN_POINT('',(2.141989735036E1,1.996086747204E1,1.337335449482E1));
#1992=CARTESIAN_POINT('',(2.134800000025E1,1.983400310454E1,1.335156802560E1));
#1994=CURVE_STYLE('',#20,POSITIVE_LENGTH_MEASURE(2.E-2),#5);
#1995=PRESENTATION_STYLE_ASSIGNMENT((#1994));
#1996=STYLED_ITEM('',(#1995),#1993);
#1997=CARTESIAN_POINT('',(2.134800000025E1,1.983400310454E1,1.564843197440E1));
#1998=CARTESIAN_POINT('',(2.142016710534E1,1.996134346030E1,1.562656376353E1));
#1999=CARTESIAN_POINT('',(2.156605167621E1,2.019060486095E1,1.556716663923E1));
#2000=CARTESIAN_POINT('',(2.177433787984E1,2.046542571836E1,1.542925422650E1));
#2001=CARTESIAN_POINT('',(2.195652012199E1,2.067456257389E1,1.523988230524E1));
#2002=CARTESIAN_POINT('',(2.209705437414E1,2.081966152045E1,1.501108381482E1));
#2003=CARTESIAN_POINT('',(2.218175090946E1,2.090119621137E1,1.475576522985E1));
#2004=CARTESIAN_POINT('',(2.22E1,2.091820324654E1,1.458617103983E1));
#2005=CARTESIAN_POINT('',(2.22E1,2.091820324654E1,1.45E1));
#2007=CURVE_STYLE('',#20,POSITIVE_LENGTH_MEASURE(2.E-2),#5);
#2008=PRESENTATION_STYLE_ASSIGNMENT((#2007));
#2009=STYLED_ITEM('',(#2008),#2006);
#2010=DIRECTION('',(0.E0,0.E0,1.E0));
#2011=VECTOR('',#2010,9.4E0);
#2012=CARTESIAN_POINT('',(2.284792086775E1,2.142596519116E1,8.5E0));
#2013=LINE('2330',#2012,#2011);
#2014=CURVE_STYLE('',#20,POSITIVE_LENGTH_MEASURE(2.E-2),#5);
#2015=PRESENTATION_STYLE_ASSIGNMENT((#2014));
#2016=STYLED_ITEM('',(#2015),#2013);
#2017=CARTESIAN_POINT('',(2.064591033879E1,1.984515791233E1,1.564656901747E1));
#2018=CARTESIAN_POINT('',(2.066844956137E1,1.980226500971E1,1.565352970241E1));
#2019=CARTESIAN_POINT('',(2.072868481499E1,1.972584932592E1,1.567073905559E1));
#2020=CARTESIAN_POINT('',(2.085124377553E1,1.965076813951E1,1.569311671478E1));
#2021=CARTESIAN_POINT('',(2.099412527656E1,1.962252254437E1,1.570304949729E1));
#2022=CARTESIAN_POINT('',(2.113801390731E1,1.964672871402E1,1.569441925650E1));
#2023=CARTESIAN_POINT('',(2.126228669638E1,1.971817525300E1,1.567287565170E1));
#2024=CARTESIAN_POINT('',(2.132432234360E1,1.979222338762E1,1.565560682211E1));
#2025=CARTESIAN_POINT('',(2.134800000025E1,1.983400310454E1,1.564843197440E1));
#2027=CURVE_STYLE('',#20,POSITIVE_LENGTH_MEASURE(2.E-2),#5);
#2028=PRESENTATION_STYLE_ASSIGNMENT((#2027));
#2029=STYLED_ITEM('',(#2028),#2026);
#2030=DIRECTION('',(0.E0,0.E0,1.E0));
#2031=VECTOR('',#2030,2.251568025601E0);
#2032=CARTESIAN_POINT('',(2.134800000025E1,1.983400310454E1,1.564843197440E1));
#2033=LINE('2066',#2032,#2031);
#2034=CURVE_STYLE('',#20,POSITIVE_LENGTH_MEASURE(2.E-2),#5);
#2035=PRESENTATION_STYLE_ASSIGNMENT((#2034));
#2036=STYLED_ITEM('',(#2035),#2033);
#2037=CARTESIAN_POINT('',(1.98E1,2.098444661459E1,1.45E1));
#2038=CARTESIAN_POINT('',(1.98E1,2.098444661459E1,1.458676179076E1));
#2039=CARTESIAN_POINT('',(1.981893804393E1,2.096597742234E1,1.475745303164E1));
#2040=CARTESIAN_POINT('',(1.990530322163E1,2.087878660006E1,1.501690431960E1));
#2041=CARTESIAN_POINT('',(2.004631031538E1,2.072575290809E1,1.524406407743E1));
#2042=CARTESIAN_POINT('',(2.022880905952E1,2.050467123307E1,1.543108086417E1));
#2043=CARTESIAN_POINT('',(2.043506965407E1,2.021551086529E1,1.556772677938E1));
#2044=CARTESIAN_POINT('',(2.057663376388E1,1.997699357664E1,1.562517464996E1));
#2045=CARTESIAN_POINT('',(2.064591033879E1,1.984515791233E1,1.564656901747E1));
#2047=CURVE_STYLE('',#20,POSITIVE_LENGTH_MEASURE(2.E-2),#5);
#2048=PRESENTATION_STYLE_ASSIGNMENT((#2047));
#2049=STYLED_ITEM('',(#2048),#2046);
#2050=CARTESIAN_POINT('',(2.064591033879E1,1.984515791233E1,1.335343098253E1));
#2051=CARTESIAN_POINT('',(2.057650005664E1,1.997724802603E1,1.337486664224E1));
#2052=CARTESIAN_POINT('',(2.043469615205E1,2.021609462596E1,1.343262821713E1));
#2053=CARTESIAN_POINT('',(2.022844584888E1,2.050513805232E1,1.356886491902E1));
#2054=CARTESIAN_POINT('',(2.004584113666E1,2.072631410131E1,1.375675609196E1));
#2055=CARTESIAN_POINT('',(1.990412615783E1,2.088002534736E1,1.398554124082E1));
#2056=CARTESIAN_POINT('',(1.981836379218E1,2.096653503739E1,1.424477752587E1));
#2057=CARTESIAN_POINT('',(1.98E1,2.098444661459E1,1.441417554038E1));
#2058=CARTESIAN_POINT('',(1.98E1,2.098444661459E1,1.45E1));
#2060=CURVE_STYLE('',#20,POSITIVE_LENGTH_MEASURE(2.E-2),#5);
#2061=PRESENTATION_STYLE_ASSIGNMENT((#2060));
#2062=STYLED_ITEM('',(#2061),#2059);
#2063=DIRECTION('',(0.E0,0.E0,1.E0));
#2064=VECTOR('',#2063,4.853430982528E0);
#2065=CARTESIAN_POINT('',(2.064591033879E1,1.984515791233E1,8.5E0));
#2066=LINE('2627',#2065,#2064);
#2067=CURVE_STYLE('',#20,POSITIVE_LENGTH_MEASURE(2.E-2),#5);
#2068=PRESENTATION_STYLE_ASSIGNMENT((#2067));
#2069=STYLED_ITEM('',(#2068),#2066);
#2070=DIRECTION('',(0.E0,0.E0,1.E0));
#2071=VECTOR('',#2070,2.253430982528E0);
#2072=CARTESIAN_POINT('',(2.064591033879E1,1.984515791233E1,1.564656901747E1));
#2073=LINE('2501',#2072,#2071);
#2074=CURVE_STYLE('',#20,POSITIVE_LENGTH_MEASURE(2.E-2),#5);
#2075=PRESENTATION_STYLE_ASSIGNMENT((#2074));
#2076=STYLED_ITEM('',(#2075),#2073);
#2077=CARTESIAN_POINT('',(2.134800000025E1,1.983400310454E1,1.335156802560E1));
#2078=CARTESIAN_POINT('',(2.132414418541E1,1.979190902379E1,1.334433919206E1));
#2079=CARTESIAN_POINT('',(2.126161435311E1,1.971750857357E1,1.332696703597E1));
#2080=CARTESIAN_POINT('',(2.113673586317E1,1.964627013573E1,1.330539590237E1));
#2081=CARTESIAN_POINT('',(2.099293817754E1,1.962254140615E1,1.329695776006E1));
#2082=CARTESIAN_POINT('',(2.084998389069E1,1.965126630095E1,1.330707675245E1));
#2083=CARTESIAN_POINT('',(2.072804136356E1,1.972652998777E1,1.332941995450E1));
#2084=CARTESIAN_POINT('',(2.066828330841E1,1.980258139471E1,1.334652164073E1));
#2085=CARTESIAN_POINT('',(2.064591033879E1,1.984515791233E1,1.335343098253E1));
#2087=CURVE_STYLE('',#20,POSITIVE_LENGTH_MEASURE(2.E-2),#5);
#2088=PRESENTATION_STYLE_ASSIGNMENT((#2087));
#2089=STYLED_ITEM('',(#2088),#2086);
#2090=DIRECTION('',(0.E0,0.E0,1.E0));
#2091=VECTOR('',#2090,4.851568025601E0);
#2092=CARTESIAN_POINT('',(2.134800000025E1,1.983400310454E1,8.5E0));
#2093=LINE('2628',#2092,#2091);
#2094=CURVE_STYLE('',#20,POSITIVE_LENGTH_MEASURE(2.E-2),#5);
#2095=PRESENTATION_STYLE_ASSIGNMENT((#2094));
#2096=STYLED_ITEM('',(#2095),#2093);
#2097=CARTESIAN_POINT('',(1.657387923491E1,1.742653009389E1,1.79E1));
#2098=DIRECTION('',(0.E0,0.E0,-1.E0));
#2099=DIRECTION('',(8.852241530179E-1,-4.651647008466E-1,0.E0));
#2100=AXIS2_PLACEMENT_3D('',#2097,#2098,#2099);
#2102=CURVE_STYLE('',#20,POSITIVE_LENGTH_MEASURE(2.E-2),#5);
#2103=PRESENTATION_STYLE_ASSIGNMENT((#2102));
#2104=STYLED_ITEM('',(#2103),#2101);
#2105=CARTESIAN_POINT('',(2.1E1,1.510070658966E1,1.79E1));
#2106=DIRECTION('',(0.E0,0.E0,1.E0));
#2107=DIRECTION('',(8.700000006369E-1,4.930517203010E-1,0.E0));
#2108=AXIS2_PLACEMENT_3D('',#2105,#2106,#2107);
#2110=CURVE_STYLE('',#20,POSITIVE_LENGTH_MEASURE(2.E-2),#5);
#2111=PRESENTATION_STYLE_ASSIGNMENT((#2110));
#2112=STYLED_ITEM('',(#2111),#2109);
#2113=CARTESIAN_POINT('',(2.535000000318E1,1.756596519116E1,1.79E1));
#2114=DIRECTION('',(0.E0,0.E0,-1.E0));
#2115=DIRECTION('',(-5.439302468346E-1,-8.391304347826E-1,0.E0));
#2116=AXIS2_PLACEMENT_3D('',#2113,#2114,#2115);
#2118=CURVE_STYLE('',#20,POSITIVE_LENGTH_MEASURE(2.E-2),#5);
#2119=PRESENTATION_STYLE_ASSIGNMENT((#2118));
#2120=STYLED_ITEM('',(#2119),#2117);
#2121=CARTESIAN_POINT('',(2.571524005687E1,1.458828070597E1,1.79E1));
#2122=DIRECTION('',(0.E0,0.E0,-1.E0));
#2123=DIRECTION('',(1.238782923653E-1,-9.922974194669E-1,0.E0));
#2124=AXIS2_PLACEMENT_3D('',#2121,#2122,#2123);
#2126=CURVE_STYLE('',#20,POSITIVE_LENGTH_MEASURE(2.E-2),#5);
#2127=PRESENTATION_STYLE_ASSIGNMENT((#2126));
#2128=STYLED_ITEM('',(#2127),#2125);
#2129=CARTESIAN_POINT('',(2.535000000318E1,1.756596519116E1,1.79E1));
#2130=DIRECTION('',(0.E0,0.E0,-1.E0));
#2131=DIRECTION('',(1.E0,0.E0,0.E0));
#2132=AXIS2_PLACEMENT_3D('',#2129,#2130,#2131);
#2134=CURVE_STYLE('',#20,POSITIVE_LENGTH_MEASURE(2.E-2),#5);
#2135=PRESENTATION_STYLE_ASSIGNMENT((#2134));
#2136=STYLED_ITEM('',(#2135),#2133);
#2137=CARTESIAN_POINT('',(2.535000000318E1,1.756596519116E1,1.79E1));
#2138=DIRECTION('',(0.E0,0.E0,-1.E0));
#2139=DIRECTION('',(1.228125415820E-1,9.924298865059E-1,0.E0));
#2140=AXIS2_PLACEMENT_3D('',#2137,#2138,#2139);
#2142=CURVE_STYLE('',#20,POSITIVE_LENGTH_MEASURE(2.E-2),#5);
#2143=PRESENTATION_STYLE_ASSIGNMENT((#2142));
#2144=STYLED_ITEM('',(#2143),#2141);
#2145=CARTESIAN_POINT('',(2.571524005687E1,2.054364967635E1,1.79E1));
#2146=DIRECTION('',(0.E0,0.E0,-1.E0));
#2147=DIRECTION('',(-9.557730630421E-1,2.941051716022E-1,0.E0));
#2148=AXIS2_PLACEMENT_3D('',#2145,#2146,#2147);
#2150=CURVE_STYLE('',#20,POSITIVE_LENGTH_MEASURE(2.E-2),#5);
#2151=PRESENTATION_STYLE_ASSIGNMENT((#2150));
#2152=STYLED_ITEM('',(#2151),#2149);
#2153=CARTESIAN_POINT('',(2.535000000318E1,1.756596519116E1,1.79E1));
#2154=DIRECTION('',(0.E0,0.E0,-1.E0));
#2155=DIRECTION('',(-8.700000006370E-1,4.930517203009E-1,0.E0));
#2156=AXIS2_PLACEMENT_3D('',#2153,#2154,#2155);
#2158=CURVE_STYLE('',#20,POSITIVE_LENGTH_MEASURE(2.E-2),#5);
#2159=PRESENTATION_STYLE_ASSIGNMENT((#2158));
#2160=STYLED_ITEM('',(#2159),#2157);
#2161=CARTESIAN_POINT('',(2.1E1,2.003122379266E1,1.79E1));
#2162=DIRECTION('',(0.E0,0.E0,1.E0));
#2163=DIRECTION('',(-8.852241530180E-1,-4.651647008464E-1,0.E0));
#2164=AXIS2_PLACEMENT_3D('',#2161,#2162,#2163);
#2166=CURVE_STYLE('',#20,POSITIVE_LENGTH_MEASURE(2.E-2),#5);
#2167=PRESENTATION_STYLE_ASSIGNMENT((#2166));
#2168=STYLED_ITEM('',(#2167),#2165);
#2169=CARTESIAN_POINT('',(1.657387923491E1,1.770540028843E1,1.79E1));
#2170=DIRECTION('',(0.E0,0.E0,-1.E0));
#2171=DIRECTION('',(6.383530262141E-1,7.697437326300E-1,0.E0));
#2172=AXIS2_PLACEMENT_3D('',#2169,#2170,#2171);
#2174=CURVE_STYLE('',#20,POSITIVE_LENGTH_MEASURE(2.E-2),#5);
#2175=PRESENTATION_STYLE_ASSIGNMENT((#2174));
#2176=STYLED_ITEM('',(#2175),#2173);
#2177=CARTESIAN_POINT('',(2.014865618171E1,2.201596519116E1,1.79E1));
#2178=DIRECTION('',(0.E0,0.E0,1.E0));
#2179=DIRECTION('',(-1.E0,0.E0,0.E0));
#2180=AXIS2_PLACEMENT_3D('',#2177,#2178,#2179);
#2182=CURVE_STYLE('',#20,POSITIVE_LENGTH_MEASURE(2.E-2),#5);
#2183=PRESENTATION_STYLE_ASSIGNMENT((#2182));
#2184=STYLED_ITEM('',(#2183),#2181);
#2185=CARTESIAN_POINT('',(2.014865618171E1,1.311596519116E1,1.79E1));
#2186=DIRECTION('',(0.E0,0.E0,1.E0));
#2187=DIRECTION('',(-6.383530262141E-1,7.697437326301E-1,0.E0));
#2188=AXIS2_PLACEMENT_3D('',#2185,#2186,#2187);
#2190=CURVE_STYLE('',#20,POSITIVE_LENGTH_MEASURE(2.E-2),#5);
#2191=PRESENTATION_STYLE_ASSIGNMENT((#2190));
#2192=STYLED_ITEM('',(#2191),#2189);
#2193=CARTESIAN_POINT('',(2.535000000318E1,1.756596519116E1,1.79E1));
#2194=DIRECTION('',(0.E0,0.E0,1.E0));
#2195=DIRECTION('',(-1.E0,0.E0,0.E0));
#2196=AXIS2_PLACEMENT_3D('',#2193,#2194,#2195);
#2198=CURVE_STYLE('',#20,POSITIVE_LENGTH_MEASURE(2.E-2),#5);
#2199=PRESENTATION_STYLE_ASSIGNMENT((#2198));
#2200=STYLED_ITEM('',(#2199),#2197);
#2201=CARTESIAN_POINT('',(2.535000000318E1,1.756596519116E1,1.79E1));
#2202=DIRECTION('',(0.E0,0.E0,1.E0));
#2203=DIRECTION('',(1.E0,0.E0,0.E0));
#2204=AXIS2_PLACEMENT_3D('',#2201,#2202,#2203);
#2206=CURVE_STYLE('',#20,POSITIVE_LENGTH_MEASURE(2.E-2),#5);
#2207=PRESENTATION_STYLE_ASSIGNMENT((#2206));
#2208=STYLED_ITEM('',(#2207),#2205);
#2209=DIRECTION('',(0.E0,0.E0,1.E0));
#2210=VECTOR('',#2209,9.4E0);
#2211=CARTESIAN_POINT('',(2.284792086775E1,1.370596519116E1,8.5E0));
#2212=LINE('2331',#2211,#2210);
#2213=CURVE_STYLE('',#20,POSITIVE_LENGTH_MEASURE(2.E-2),#5);
#2214=PRESENTATION_STYLE_ASSIGNMENT((#2213));
#2215=STYLED_ITEM('',(#2214),#2212);
#2216=DIRECTION('',(0.E0,0.E0,1.E0));
#2217=VECTOR('',#2216,9.4E0);
#2218=CARTESIAN_POINT('',(2.608687493397E1,1.161138844757E1,8.5E0));
#2219=LINE('2583',#2218,#2217);
#2220=CURVE_STYLE('',#20,POSITIVE_LENGTH_MEASURE(2.E-2),#5);
#2221=PRESENTATION_STYLE_ASSIGNMENT((#2220));
#2222=STYLED_ITEM('',(#2221),#2219);
#2223=DIRECTION('',(0.E0,0.E0,1.E0));
#2224=VECTOR('',#2223,9.4E0);
#2225=CARTESIAN_POINT('',(2.608687493397E1,2.352054193475E1,8.5E0));
#2226=LINE('2572',#2225,#2224);
#2227=CURVE_STYLE('',#20,POSITIVE_LENGTH_MEASURE(2.E-2),#5);
#2228=PRESENTATION_STYLE_ASSIGNMENT((#2227));
#2229=STYLED_ITEM('',(#2228),#2226);
#2230=DIRECTION('',(0.E0,0.E0,1.E0));
#2231=VECTOR('',#2230,9.4E0);
#2232=CARTESIAN_POINT('',(1.914865618171E1,1.311596519116E1,8.5E0));
#2233=LINE('2070',#2232,#2231);
#2234=CURVE_STYLE('',#20,POSITIVE_LENGTH_MEASURE(2.E-2),#5);
#2235=PRESENTATION_STYLE_ASSIGNMENT((#2234));
#2236=STYLED_ITEM('',(#2235),#2233);
#2237=CARTESIAN_POINT('',(2.535000000318E1,1.756596519116E1,1.82E1));
#2238=DIRECTION('',(0.E0,0.E0,1.E0));
#2239=DIRECTION('',(-1.E0,0.E0,0.E0));
#2240=AXIS2_PLACEMENT_3D('',#2237,#2238,#2239);
#2242=CURVE_STYLE('',#20,POSITIVE_LENGTH_MEASURE(2.E-2),#5);
#2243=PRESENTATION_STYLE_ASSIGNMENT((#2242));
#2244=STYLED_ITEM('',(#2243),#2241);
#2245=DIRECTION('',(7.071067811865E-1,0.E0,7.071067811866E-1));
#2246=VECTOR('',#2245,4.242640687119E-1);
#2247=CARTESIAN_POINT('',(2.100000000318E1,1.756596519116E1,1.79E1));
#2248=LINE('2375',#2247,#2246);
#2249=CURVE_STYLE('',#20,POSITIVE_LENGTH_MEASURE(2.E-2),#5);
#2250=PRESENTATION_STYLE_ASSIGNMENT((#2249));
#2251=STYLED_ITEM('',(#2250),#2248);
#2252=CARTESIAN_POINT('',(2.535000000318E1,1.756596519116E1,1.98E1));
#2253=DIRECTION('',(0.E0,0.E0,-1.E0));
#2254=DIRECTION('',(1.E0,0.E0,0.E0));
#2255=AXIS2_PLACEMENT_3D('',#2252,#2253,#2254);
#2257=CURVE_STYLE('',#20,POSITIVE_LENGTH_MEASURE(2.E-2),#5);
#2258=PRESENTATION_STYLE_ASSIGNMENT((#2257));
#2259=STYLED_ITEM('',(#2258),#2256);
#2260=DIRECTION('',(0.E0,0.E0,1.E0));
#2261=VECTOR('',#2260,1.6E0);
#2262=CARTESIAN_POINT('',(2.130000000318E1,1.756596519116E1,1.82E1));
#2263=LINE('3023',#2262,#2261);
#2264=CURVE_STYLE('',#20,POSITIVE_LENGTH_MEASURE(2.E-2),#5);
#2265=PRESENTATION_STYLE_ASSIGNMENT((#2264));
#2266=STYLED_ITEM('',(#2265),#2263);
#2267=CARTESIAN_POINT('',(2.535000000318E1,1.756596519116E1,1.98E1));
#2268=DIRECTION('',(0.E0,0.E0,1.E0));
#2269=DIRECTION('',(-1.E0,0.E0,0.E0));
#2270=AXIS2_PLACEMENT_3D('',#2267,#2268,#2269);
#2272=CURVE_STYLE('',#20,POSITIVE_LENGTH_MEASURE(2.E-2),#5);
#2273=PRESENTATION_STYLE_ASSIGNMENT((#2272));
#2274=STYLED_ITEM('',(#2273),#2271);
#2275=CARTESIAN_POINT('',(2.535000000318E1,1.756596519116E1,1.98E1));
#2276=DIRECTION('',(0.E0,0.E0,1.E0));
#2277=DIRECTION('',(1.E0,0.E0,0.E0));
#2278=AXIS2_PLACEMENT_3D('',#2275,#2276,#2277);
#2280=CURVE_STYLE('',#20,POSITIVE_LENGTH_MEASURE(2.E-2),#5);
#2281=PRESENTATION_STYLE_ASSIGNMENT((#2280));
#2282=STYLED_ITEM('',(#2281),#2279);
#2283=DIRECTION('',(0.E0,0.E0,-1.E0));
#2284=VECTOR('',#2283,2.4E0);
#2285=CARTESIAN_POINT('',(2.900000000710E1,1.756596519116E1,2.22E1));
#2286=LINE('3029',#2285,#2284);
#2287=CURVE_STYLE('',#20,POSITIVE_LENGTH_MEASURE(2.E-2),#5);
#2288=PRESENTATION_STYLE_ASSIGNMENT((#2287));
#2289=STYLED_ITEM('',(#2288),#2286);
#2290=DIRECTION('',(0.E0,0.E0,1.E0));
#2291=VECTOR('',#2290,2.4E0);
#2292=CARTESIAN_POINT('',(2.169999999927E1,1.756596519116E1,1.98E1));
#2293=LINE('3030',#2292,#2291);
#2294=CURVE_STYLE('',#20,POSITIVE_LENGTH_MEASURE(2.E-2),#5);
#2295=PRESENTATION_STYLE_ASSIGNMENT((#2294));
#2296=STYLED_ITEM('',(#2295),#2293);
#2297=CARTESIAN_POINT('',(2.535000000318E1,1.756596519116E1,2.22E1));
#2298=DIRECTION('',(0.E0,0.E0,-1.E0));
#2299=DIRECTION('',(-1.E0,0.E0,0.E0));
#2300=AXIS2_PLACEMENT_3D('',#2297,#2298,#2299);
#2302=CURVE_STYLE('',#20,POSITIVE_LENGTH_MEASURE(2.E-2),#5);
#2303=PRESENTATION_STYLE_ASSIGNMENT((#2302));
#2304=STYLED_ITEM('',(#2303),#2301);
#2305=CARTESIAN_POINT('',(2.119999999927E1,1.756596519116E1,2.22E1));
#2306=DIRECTION('',(0.E0,1.E0,0.E0));
#2307=DIRECTION('',(0.E0,0.E0,1.E0));
#2308=AXIS2_PLACEMENT_3D('',#2305,#2306,#2307);
#2310=CURVE_STYLE('',#20,POSITIVE_LENGTH_MEASURE(2.E-2),#5);
#2311=PRESENTATION_STYLE_ASSIGNMENT((#2310));
#2312=STYLED_ITEM('',(#2311),#2309);
#2313=CARTESIAN_POINT('',(2.950000000710E1,1.756596519116E1,2.22E1));
#2314=DIRECTION('',(0.E0,-1.E0,0.E0));
#2315=DIRECTION('',(0.E0,0.E0,1.E0));
#2316=AXIS2_PLACEMENT_3D('',#2313,#2314,#2315);
#2318=CURVE_STYLE('',#20,POSITIVE_LENGTH_MEASURE(2.E-2),#5);
#2319=PRESENTATION_STYLE_ASSIGNMENT((#2318));
#2320=STYLED_ITEM('',(#2319),#2317);
#2321=CARTESIAN_POINT('',(2.535000000318E1,1.756596519116E1,2.22E1));
#2322=DIRECTION('',(0.E0,0.E0,-1.E0));
#2323=DIRECTION('',(1.E0,0.E0,0.E0));
#2324=AXIS2_PLACEMENT_3D('',#2321,#2322,#2323);
#2326=CURVE_STYLE('',#20,POSITIVE_LENGTH_MEASURE(2.E-2),#5);
#2327=PRESENTATION_STYLE_ASSIGNMENT((#2326));
#2328=STYLED_ITEM('',(#2327),#2325);
#2329=CARTESIAN_POINT('',(5.E0,5.E0,2.27E1));
#2330=DIRECTION('',(0.E0,0.E0,1.E0));
#2331=DIRECTION('',(-1.E0,0.E0,0.E0));
#2332=AXIS2_PLACEMENT_3D('',#2329,#2330,#2331);
#2334=CURVE_STYLE('',#20,POSITIVE_LENGTH_MEASURE(2.E-2),#5);
#2335=PRESENTATION_STYLE_ASSIGNMENT((#2334));
#2336=STYLED_ITEM('',(#2335),#2333);
#2337=CARTESIAN_POINT('',(5.E0,5.E1,2.27E1));
#2338=DIRECTION('',(0.E0,0.E0,1.E0));
#2339=DIRECTION('',(0.E0,1.E0,0.E0));
#2340=AXIS2_PLACEMENT_3D('',#2337,#2338,#2339);
#2342=CURVE_STYLE('',#20,POSITIVE_LENGTH_MEASURE(2.E-2),#5);
#2343=PRESENTATION_STYLE_ASSIGNMENT((#2342));
#2344=STYLED_ITEM('',(#2343),#2341);
#2345=CARTESIAN_POINT('',(3.7E1,5.E1,2.27E1));
#2346=DIRECTION('',(0.E0,0.E0,1.E0));
#2347=DIRECTION('',(1.E0,3.157967714489E-14,0.E0));
#2348=AXIS2_PLACEMENT_3D('',#2345,#2346,#2347);
#2350=CURVE_STYLE('',#20,POSITIVE_LENGTH_MEASURE(2.E-2),#5);
#2351=PRESENTATION_STYLE_ASSIGNMENT((#2350));
#2352=STYLED_ITEM('',(#2351),#2349);
#2353=CARTESIAN_POINT('',(3.7E1,5.E0,2.27E1));
#2354=DIRECTION('',(0.E0,0.E0,1.E0));
#2355=DIRECTION('',(0.E0,-1.E0,0.E0));
#2356=AXIS2_PLACEMENT_3D('',#2353,#2354,#2355);
#2358=CURVE_STYLE('',#20,POSITIVE_LENGTH_MEASURE(2.E-2),#5);
#2359=PRESENTATION_STYLE_ASSIGNMENT((#2358));
#2360=STYLED_ITEM('',(#2359),#2357);
#2361=CARTESIAN_POINT('',(3.700000000319E1,4.999999997016E0,2.27E1));
#2362=DIRECTION('',(0.E0,0.E0,-1.E0));
#2363=DIRECTION('',(-1.E0,0.E0,0.E0));
#2364=AXIS2_PLACEMENT_3D('',#2361,#2362,#2363);
#2366=CURVE_STYLE('',#20,POSITIVE_LENGTH_MEASURE(2.E-2),#5);
#2367=PRESENTATION_STYLE_ASSIGNMENT((#2366));
#2368=STYLED_ITEM('',(#2367),#2365);
#2369=CARTESIAN_POINT('',(3.700000000319E1,4.999999997016E0,2.27E1));
#2370=DIRECTION('',(0.E0,0.E0,-1.E0));
#2371=DIRECTION('',(1.E0,0.E0,0.E0));
#2372=AXIS2_PLACEMENT_3D('',#2369,#2370,#2371);
#2374=CURVE_STYLE('',#20,POSITIVE_LENGTH_MEASURE(2.E-2),#5);
#2375=PRESENTATION_STYLE_ASSIGNMENT((#2374));
#2376=STYLED_ITEM('',(#2375),#2373);
#2377=CARTESIAN_POINT('',(5.499999999998E0,4.95E1,2.27E1));
#2378=DIRECTION('',(0.E0,0.E0,-1.E0));
#2379=DIRECTION('',(-1.E0,0.E0,0.E0));
#2380=AXIS2_PLACEMENT_3D('',#2377,#2378,#2379);
#2382=CURVE_STYLE('',#20,POSITIVE_LENGTH_MEASURE(2.E-2),#5);
#2383=PRESENTATION_STYLE_ASSIGNMENT((#2382));
#2384=STYLED_ITEM('',(#2383),#2381);
#2385=CARTESIAN_POINT('',(5.499999999998E0,4.95E1,2.27E1));
#2386=DIRECTION('',(0.E0,0.E0,-1.E0));
#2387=DIRECTION('',(1.E0,0.E0,0.E0));
#2388=AXIS2_PLACEMENT_3D('',#2385,#2386,#2387);
#2390=CURVE_STYLE('',#20,POSITIVE_LENGTH_MEASURE(2.E-2),#5);
#2391=PRESENTATION_STYLE_ASSIGNMENT((#2390));
#2392=STYLED_ITEM('',(#2391),#2389);
#2393=CARTESIAN_POINT('',(3.65E1,4.95E1,2.27E1));
#2394=DIRECTION('',(0.E0,0.E0,-1.E0));
#2395=DIRECTION('',(-1.E0,0.E0,0.E0));
#2396=AXIS2_PLACEMENT_3D('',#2393,#2394,#2395);
#2398=CURVE_STYLE('',#20,POSITIVE_LENGTH_MEASURE(2.E-2),#5);
#2399=PRESENTATION_STYLE_ASSIGNMENT((#2398));
#2400=STYLED_ITEM('',(#2399),#2397);
#2401=CARTESIAN_POINT('',(3.65E1,4.95E1,2.27E1));
#2402=DIRECTION('',(0.E0,0.E0,-1.E0));
#2403=DIRECTION('',(1.E0,0.E0,0.E0));
#2404=AXIS2_PLACEMENT_3D('',#2401,#2402,#2403);
#2406=CURVE_STYLE('',#20,POSITIVE_LENGTH_MEASURE(2.E-2),#5);
#2407=PRESENTATION_STYLE_ASSIGNMENT((#2406));
#2408=STYLED_ITEM('',(#2407),#2405);
#2409=CARTESIAN_POINT('',(2.535000000318E1,1.756596519116E1,2.27E1));
#2410=DIRECTION('',(0.E0,0.E0,-1.E0));
#2411=DIRECTION('',(-1.E0,0.E0,0.E0));
#2412=AXIS2_PLACEMENT_3D('',#2409,#2410,#2411);
#2414=CURVE_STYLE('',#20,POSITIVE_LENGTH_MEASURE(2.E-2),#5);
#2415=PRESENTATION_STYLE_ASSIGNMENT((#2414));
#2416=STYLED_ITEM('',(#2415),#2413);
#2417=CARTESIAN_POINT('',(2.535000000318E1,1.756596519116E1,2.27E1));
#2418=DIRECTION('',(0.E0,0.E0,-1.E0));
#2419=DIRECTION('',(1.E0,0.E0,0.E0));
#2420=AXIS2_PLACEMENT_3D('',#2417,#2418,#2419);
#2422=CURVE_STYLE('',#20,POSITIVE_LENGTH_MEASURE(2.E-2),#5);
#2423=PRESENTATION_STYLE_ASSIGNMENT((#2422));
#2424=STYLED_ITEM('',(#2423),#2421);
#2425=CARTESIAN_POINT('',(1.170000000319E1,6.205965191159E0,2.27E1));
#2426=DIRECTION('',(0.E0,0.E0,1.E0));
#2427=DIRECTION('',(1.E0,0.E0,0.E0));
#2428=AXIS2_PLACEMENT_3D('',#2425,#2426,#2427);
#2430=CURVE_STYLE('',#20,POSITIVE_LENGTH_MEASURE(2.E-2),#5);
#2431=PRESENTATION_STYLE_ASSIGNMENT((#2430));
#2432=STYLED_ITEM('',(#2431),#2429);
#2433=CARTESIAN_POINT('',(1.170000000319E1,6.205965191159E0,2.27E1));
#2434=DIRECTION('',(0.E0,0.E0,1.E0));
#2435=DIRECTION('',(-1.E0,0.E0,0.E0));
#2436=AXIS2_PLACEMENT_3D('',#2433,#2434,#2435);
#2438=CURVE_STYLE('',#20,POSITIVE_LENGTH_MEASURE(2.E-2),#5);
#2439=PRESENTATION_STYLE_ASSIGNMENT((#2438));
#2440=STYLED_ITEM('',(#2439),#2437);
#2441=DIRECTION('',(-1.E0,0.E0,0.E0));
#2442=VECTOR('',#2441,3.2E1);
#2443=CARTESIAN_POINT('',(3.7E1,5.E-1,2.27E1));
#2444=LINE('2609',#2443,#2442);
#2445=CURVE_STYLE('',#20,POSITIVE_LENGTH_MEASURE(2.E-2),#5);
#2446=PRESENTATION_STYLE_ASSIGNMENT((#2445));
#2447=STYLED_ITEM('',(#2446),#2444);
#2448=DIRECTION('',(1.E0,0.E0,0.E0));
#2449=VECTOR('',#2448,3.2E1);
#2450=CARTESIAN_POINT('',(5.E0,0.E0,2.22E1));
#2451=LINE('2521',#2450,#2449);
#2452=CURVE_STYLE('',#20,POSITIVE_LENGTH_MEASURE(2.E-2),#5);
#2453=PRESENTATION_STYLE_ASSIGNMENT((#2452));
#2454=STYLED_ITEM('',(#2453),#2451);
#2455=CARTESIAN_POINT('',(5.E-1,5.E0,2.22E1));
#2456=DIRECTION('',(0.E0,-1.E0,0.E0));
#2457=DIRECTION('',(0.E0,0.E0,1.E0));
#2458=AXIS2_PLACEMENT_3D('',#2455,#2456,#2457);
#2460=CURVE_STYLE('',#20,POSITIVE_LENGTH_MEASURE(2.E-2),#5);
#2461=PRESENTATION_STYLE_ASSIGNMENT((#2460));
#2462=STYLED_ITEM('',(#2461),#2459);
#2463=CARTESIAN_POINT('',(5.E0,5.E-1,2.22E1));
#2464=DIRECTION('',(-1.E0,0.E0,0.E0));
#2465=DIRECTION('',(0.E0,-1.E0,0.E0));
#2466=AXIS2_PLACEMENT_3D('',#2463,#2464,#2465);
#2468=CURVE_STYLE('',#20,POSITIVE_LENGTH_MEASURE(2.E-2),#5);
#2469=PRESENTATION_STYLE_ASSIGNMENT((#2468));
#2470=STYLED_ITEM('',(#2469),#2467);
#2471=CARTESIAN_POINT('',(5.E0,5.E0,2.22E1));
#2472=DIRECTION('',(0.E0,0.E0,1.E0));
#2473=DIRECTION('',(-1.E0,0.E0,0.E0));
#2474=AXIS2_PLACEMENT_3D('',#2471,#2472,#2473);
#2476=CURVE_STYLE('',#20,POSITIVE_LENGTH_MEASURE(2.E-2),#5);
#2477=PRESENTATION_STYLE_ASSIGNMENT((#2476));
#2478=STYLED_ITEM('',(#2477),#2475);
#2479=DIRECTION('',(0.E0,1.E0,0.E0));
#2480=VECTOR('',#2479,4.5E1);
#2481=CARTESIAN_POINT('',(5.E-1,5.E0,2.27E1));
#2482=LINE('2354',#2481,#2480);
#2483=CURVE_STYLE('',#20,POSITIVE_LENGTH_MEASURE(2.E-2),#5);
#2484=PRESENTATION_STYLE_ASSIGNMENT((#2483));
#2485=STYLED_ITEM('',(#2484),#2482);
#2486=DIRECTION('',(0.E0,-1.E0,0.E0));
#2487=VECTOR('',#2486,4.5E1);
#2488=CARTESIAN_POINT('',(0.E0,5.E1,2.22E1));
#2489=LINE('2182',#2488,#2487);
#2490=CURVE_STYLE('',#20,POSITIVE_LENGTH_MEASURE(2.E-2),#5);
#2491=PRESENTATION_STYLE_ASSIGNMENT((#2490));
#2492=STYLED_ITEM('',(#2491),#2489);
#2493=CARTESIAN_POINT('',(5.E0,5.45E1,2.22E1));
#2494=DIRECTION('',(-1.E0,0.E0,0.E0));
#2495=DIRECTION('',(0.E0,0.E0,1.E0));
#2496=AXIS2_PLACEMENT_3D('',#2493,#2494,#2495);
#2498=CURVE_STYLE('',#20,POSITIVE_LENGTH_MEASURE(2.E-2),#5);
#2499=PRESENTATION_STYLE_ASSIGNMENT((#2498));
#2500=STYLED_ITEM('',(#2499),#2497);
#2501=CARTESIAN_POINT('',(5.E-1,5.E1,2.22E1));
#2502=DIRECTION('',(0.E0,1.E0,0.E0));
#2503=DIRECTION('',(-1.E0,0.E0,0.E0));
#2504=AXIS2_PLACEMENT_3D('',#2501,#2502,#2503);
#2506=CURVE_STYLE('',#20,POSITIVE_LENGTH_MEASURE(2.E-2),#5);
#2507=PRESENTATION_STYLE_ASSIGNMENT((#2506));
#2508=STYLED_ITEM('',(#2507),#2505);
#2509=CARTESIAN_POINT('',(5.E0,5.E1,2.22E1));
#2510=DIRECTION('',(0.E0,0.E0,1.E0));
#2511=DIRECTION('',(0.E0,1.E0,0.E0));
#2512=AXIS2_PLACEMENT_3D('',#2509,#2510,#2511);
#2514=CURVE_STYLE('',#20,POSITIVE_LENGTH_MEASURE(2.E-2),#5);
#2515=PRESENTATION_STYLE_ASSIGNMENT((#2514));
#2516=STYLED_ITEM('',(#2515),#2513);
#2517=DIRECTION('',(-1.E0,0.E0,0.E0));
#2518=VECTOR('',#2517,3.2E1);
#2519=CARTESIAN_POINT('',(3.7E1,5.5E1,2.22E1));
#2520=LINE('2468',#2519,#2518);
#2521=CURVE_STYLE('',#20,POSITIVE_LENGTH_MEASURE(2.E-2),#5);
#2522=PRESENTATION_STYLE_ASSIGNMENT((#2521));
#2523=STYLED_ITEM('',(#2522),#2520);
#2524=DIRECTION('',(1.E0,0.E0,0.E0));
#2525=VECTOR('',#2524,3.2E1);
#2526=CARTESIAN_POINT('',(5.E0,5.45E1,2.27E1));
#2527=LINE('2645',#2526,#2525);
#2528=CURVE_STYLE('',#20,POSITIVE_LENGTH_MEASURE(2.E-2),#5);
#2529=PRESENTATION_STYLE_ASSIGNMENT((#2528));
#2530=STYLED_ITEM('',(#2529),#2527);
#2531=CARTESIAN_POINT('',(3.046446609407E1,5.5E1,1.45E1));
#2532=CARTESIAN_POINT('',(3.046446609407E1,5.5E1,1.430610132234E1));
#2533=CARTESIAN_POINT('',(3.051351976615E1,5.5E1,1.404808778425E1));
#2534=CARTESIAN_POINT('',(3.061999257620E1,5.5E1,1.374809232802E1));
#2535=CARTESIAN_POINT('',(3.074904794177E1,5.5E1,1.350784469770E1));
#2536=CARTESIAN_POINT('',(3.093876995259E1,5.5E1,1.323420724591E1));
#2537=CARTESIAN_POINT('',(3.120075048109E1,5.5E1,1.295784918434E1));
#2538=CARTESIAN_POINT('',(3.154045391997E1,5.5E1,1.269322793715E1));
#2539=CARTESIAN_POINT('',(3.189971885058E1,5.5E1,1.248036153235E1));
#2540=CARTESIAN_POINT('',(3.240037592489E1,5.5E1,1.225378622179E1));
#2541=CARTESIAN_POINT('',(3.306192722940E1,5.5E1,1.206509967643E1));
#2542=CARTESIAN_POINT('',(3.376662908423E1,5.5E1,1.199057875611E1));
#2543=CARTESIAN_POINT('',(3.435875380827E1,5.5E1,1.200600409973E1));
#2544=CARTESIAN_POINT('',(3.481893443246E1,5.5E1,1.206013552354E1));
#2545=CARTESIAN_POINT('',(3.529814024437E1,5.5E1,1.216460286270E1));
#2546=CARTESIAN_POINT('',(3.580273469974E1,5.5E1,1.233624223858E1));
#2547=CARTESIAN_POINT('',(3.625279224178E1,5.5E1,1.255748918215E1));
#2548=CARTESIAN_POINT('',(3.665140057462E1,5.5E1,1.283651299072E1));
#2549=CARTESIAN_POINT('',(3.687174807984E1,5.5E1,1.303170033622E1));
#2550=CARTESIAN_POINT('',(3.7E1,5.5E1,1.317712434447E1));
#2552=CURVE_STYLE('',#20,POSITIVE_LENGTH_MEASURE(2.E-2),#5);
#2553=PRESENTATION_STYLE_ASSIGNMENT((#2552));
#2554=STYLED_ITEM('',(#2553),#2551);
#2555=CARTESIAN_POINT('',(3.750950647811E1,5.497397257218E1,1.45E1));
#2556=CARTESIAN_POINT('',(3.750950647811E1,5.497397257218E1,1.466095781925E1));
#2557=CARTESIAN_POINT('',(3.747114237395E1,5.497815554374E1,1.497377229581E1));
#2558=CARTESIAN_POINT('',(3.729693564307E1,5.499282677793E1,1.542852715646E1));
#2559=CARTESIAN_POINT('',(3.711155417248E1,5.5E1,1.569638511349E1));
#2560=CARTESIAN_POINT('',(3.7E1,5.5E1,1.582287565553E1));
#2562=CURVE_STYLE('',#20,POSITIVE_LENGTH_MEASURE(2.E-2),#5);
#2563=PRESENTATION_STYLE_ASSIGNMENT((#2562));
#2564=STYLED_ITEM('',(#2563),#2561);
#2565=CARTESIAN_POINT('',(3.7E1,5.5E1,1.317712434447E1));
#2566=CARTESIAN_POINT('',(3.711140934790E1,5.5E1,1.330345067087E1));
#2567=CARTESIAN_POINT('',(3.729712804743E1,5.499282938468E1,1.357064672016E1));
#2568=CARTESIAN_POINT('',(3.747197599838E1,5.497807414705E1,1.402997937115E1));
#2569=CARTESIAN_POINT('',(3.750950647811E1,5.497397257218E1,1.434066263585E1));
#2570=CARTESIAN_POINT('',(3.750950647811E1,5.497397257218E1,1.45E1));
#2572=CURVE_STYLE('',#20,POSITIVE_LENGTH_MEASURE(2.E-2),#5);
#2573=PRESENTATION_STYLE_ASSIGNMENT((#2572));
#2574=STYLED_ITEM('',(#2573),#2571);
#2575=DIRECTION('',(0.E0,0.E0,1.E0));
#2576=VECTOR('',#2575,1.317712434447E1);
#2577=CARTESIAN_POINT('',(3.7E1,5.5E1,0.E0));
#2578=LINE('2602',#2577,#2576);
#2579=CURVE_STYLE('',#20,POSITIVE_LENGTH_MEASURE(2.E-2),#5);
#2580=PRESENTATION_STYLE_ASSIGNMENT((#2579));
#2581=STYLED_ITEM('',(#2580),#2578);
#2582=DIRECTION('',(0.E0,0.E0,-1.E0));
#2583=VECTOR('',#2582,2.22E1);
#2584=CARTESIAN_POINT('',(4.2E1,5.E1,2.22E1));
#2585=LINE('2617',#2584,#2583);
#2586=CURVE_STYLE('',#20,POSITIVE_LENGTH_MEASURE(2.E-2),#5);
#2587=PRESENTATION_STYLE_ASSIGNMENT((#2586));
#2588=STYLED_ITEM('',(#2587),#2585);
#2589=DIRECTION('',(0.E0,0.E0,1.E0));
#2590=VECTOR('',#2589,6.377124344468E0);
#2591=CARTESIAN_POINT('',(3.7E1,5.5E1,1.582287565553E1));
#2592=LINE('2632',#2591,#2590);
#2593=CURVE_STYLE('',#20,POSITIVE_LENGTH_MEASURE(2.E-2),#5);
#2594=PRESENTATION_STYLE_ASSIGNMENT((#2593));
#2595=STYLED_ITEM('',(#2594),#2592);
#2596=DIRECTION('',(7.071067811865E-1,7.071067811866E-1,1.180263839240E-14));
#2597=VECTOR('',#2596,1.505050633885E-1);
#2598=CARTESIAN_POINT('',(3.035804294314E1,5.489357684908E1,1.45E1));
#2599=LINE('2415',#2598,#2597);
#2600=CURVE_STYLE('',#20,POSITIVE_LENGTH_MEASURE(2.E-2),#5);
#2601=PRESENTATION_STYLE_ASSIGNMENT((#2600));
#2602=STYLED_ITEM('',(#2601),#2599);
#2603=CARTESIAN_POINT('',(3.046446609407E1,5.5E1,1.45E1));
#2604=CARTESIAN_POINT('',(3.046446609407E1,5.5E1,1.469389867766E1));
#2605=CARTESIAN_POINT('',(3.051351976615E1,5.5E1,1.495191221575E1));
#2606=CARTESIAN_POINT('',(3.061999257620E1,5.5E1,1.525190767198E1));
#2607=CARTESIAN_POINT('',(3.074904794177E1,5.5E1,1.549215530230E1));
#2608=CARTESIAN_POINT('',(3.093876995259E1,5.5E1,1.576579275409E1));
#2609=CARTESIAN_POINT('',(3.120075048109E1,5.5E1,1.604215081566E1));
#2610=CARTESIAN_POINT('',(3.154045391997E1,5.5E1,1.630677206285E1));
#2611=CARTESIAN_POINT('',(3.189971885058E1,5.5E1,1.651963846765E1));
#2612=CARTESIAN_POINT('',(3.240037592489E1,5.5E1,1.674621377821E1));
#2613=CARTESIAN_POINT('',(3.306192722940E1,5.5E1,1.693490032357E1));
#2614=CARTESIAN_POINT('',(3.376662908423E1,5.5E1,1.700942124389E1));
#2615=CARTESIAN_POINT('',(3.435875380827E1,5.5E1,1.699399590027E1));
#2616=CARTESIAN_POINT('',(3.481893443246E1,5.5E1,1.693986447646E1));
#2617=CARTESIAN_POINT('',(3.529814024437E1,5.5E1,1.683539713730E1));
#2618=CARTESIAN_POINT('',(3.580273469974E1,5.5E1,1.666375776142E1));
#2619=CARTESIAN_POINT('',(3.625279224178E1,5.5E1,1.644251081785E1));
#2620=CARTESIAN_POINT('',(3.665140057462E1,5.5E1,1.616348700928E1));
#2621=CARTESIAN_POINT('',(3.687174807984E1,5.5E1,1.596829966378E1));
#2622=CARTESIAN_POINT('',(3.7E1,5.5E1,1.582287565553E1));
#2624=CURVE_STYLE('',#20,POSITIVE_LENGTH_MEASURE(2.E-2),#5);
#2625=PRESENTATION_STYLE_ASSIGNMENT((#2624));
#2626=STYLED_ITEM('',(#2625),#2623);
#2627=DIRECTION('',(7.071067811865E-1,7.071067811866E-1,0.E0));
#2628=VECTOR('',#2627,5.113696721967E0);
#2629=CARTESIAN_POINT('',(3.389357684908E1,5.135804294314E1,1.45E1));
#2630=LINE('2454',#2629,#2628);
#2631=CURVE_STYLE('',#20,POSITIVE_LENGTH_MEASURE(2.E-2),#5);
#2632=PRESENTATION_STYLE_ASSIGNMENT((#2631));
#2633=STYLED_ITEM('',(#2632),#2630);
#2634=CARTESIAN_POINT('',(3.187832252269E1,5.287832252269E1,1.45E1));
#2635=DIRECTION('',(-7.071067811865E-1,-7.071067811865E-1,0.E0));
#2636=DIRECTION('',(-7.071067811865E-1,7.071067811865E-1,0.E0));
#2637=AXIS2_PLACEMENT_3D('',#2634,#2635,#2636);
#2639=CURVE_STYLE('',#20,POSITIVE_LENGTH_MEASURE(2.E-2),#5);
#2640=PRESENTATION_STYLE_ASSIGNMENT((#2639));
#2641=STYLED_ITEM('',(#2640),#2638);
#2642=DIRECTION('',(1.435513105082E-14,-1.E0,0.E0));
#2643=VECTOR('',#2642,4.949747468306E-1);
#2644=CARTESIAN_POINT('',(3.035804294314E1,5.489357684908E1,1.45E1));
#2645=LINE('2467',#2644,#2643);
#2646=CURVE_STYLE('',#20,POSITIVE_LENGTH_MEASURE(2.E-2),#5);
#2647=PRESENTATION_STYLE_ASSIGNMENT((#2646));
#2648=STYLED_ITEM('',(#2647),#2645);
#2649=CARTESIAN_POINT('',(3.212580989611E1,5.312580989611E1,1.45E1));
#2650=DIRECTION('',(7.071067811865E-1,7.071067811865E-1,0.E0));
#2651=DIRECTION('',(7.071067811865E-1,-7.071067811865E-1,0.E0));
#2652=AXIS2_PLACEMENT_3D('',#2649,#2650,#2651);
#2654=CURVE_STYLE('',#20,POSITIVE_LENGTH_MEASURE(2.E-2),#5);
#2655=PRESENTATION_STYLE_ASSIGNMENT((#2654));
#2656=STYLED_ITEM('',(#2655),#2653);
#2657=DIRECTION('',(7.071067811865E-1,7.071067811866E-1,0.E0));
#2658=VECTOR('',#2657,5.15E0);
#2659=CARTESIAN_POINT('',(2.975700217913E1,4.771644302003E1,1.45E1));
#2660=LINE('2205',#2659,#2658);
#2661=CURVE_STYLE('',#20,POSITIVE_LENGTH_MEASURE(2.E-2),#5);
#2662=PRESENTATION_STYLE_ASSIGNMENT((#2661));
#2663=STYLED_ITEM('',(#2662),#2660);
#2664=DIRECTION('',(7.071067811865E-1,7.071067811865E-1,0.E0));
#2665=VECTOR('',#2664,5.15E0);
#2666=CARTESIAN_POINT('',(2.671644302003E1,5.075700217913E1,1.45E1));
#2667=LINE('2400',#2666,#2665);
#2668=CURVE_STYLE('',#20,POSITIVE_LENGTH_MEASURE(2.E-2),#5);
#2669=PRESENTATION_STYLE_ASSIGNMENT((#2668));
#2670=STYLED_ITEM('',(#2669),#2667);
#2671=DIRECTION('',(-1.E0,0.E0,0.E0));
#2672=VECTOR('',#2671,1.343502884254E0);
#2673=CARTESIAN_POINT('',(2.975700217913E1,4.771644302003E1,1.45E1));
#2674=LINE('2300',#2673,#2672);
#2675=CURVE_STYLE('',#20,POSITIVE_LENGTH_MEASURE(2.E-2),#5);
#2676=PRESENTATION_STYLE_ASSIGNMENT((#2675));
#2677=STYLED_ITEM('',(#2676),#2674);
#2678=CARTESIAN_POINT('',(2.823672259958E1,4.923672259958E1,1.45E1));
#2679=DIRECTION('',(7.071067811865E-1,7.071067811866E-1,0.E0));
#2680=DIRECTION('',(-7.071067811866E-1,7.071067811865E-1,0.E0));
#2681=AXIS2_PLACEMENT_3D('',#2678,#2679,#2680);
#2683=CURVE_STYLE('',#20,POSITIVE_LENGTH_MEASURE(2.E-2),#5);
#2684=PRESENTATION_STYLE_ASSIGNMENT((#2683));
#2685=STYLED_ITEM('',(#2684),#2682);
#2686=CARTESIAN_POINT('',(2.756497115746E1,4.856497115746E1,1.45E1));
#2687=DIRECTION('',(-7.071067811865E-1,-7.071067811866E-1,0.E0));
#2688=DIRECTION('',(7.071067811866E-1,-7.071067811865E-1,0.E0));
#2689=AXIS2_PLACEMENT_3D('',#2686,#2687,#2688);
#2691=CURVE_STYLE('',#20,POSITIVE_LENGTH_MEASURE(2.E-2),#5);
#2692=PRESENTATION_STYLE_ASSIGNMENT((#2691));
#2693=STYLED_ITEM('',(#2692),#2690);
#2694=CARTESIAN_POINT('',(2.756497115746E1,4.856497115746E1,1.45E1));
#2695=DIRECTION('',(-7.071067811865E-1,-7.071067811866E-1,0.E0));
#2696=DIRECTION('',(-7.071067811866E-1,7.071067811865E-1,0.E0));
#2697=AXIS2_PLACEMENT_3D('',#2694,#2695,#2696);
#2699=CURVE_STYLE('',#20,POSITIVE_LENGTH_MEASURE(2.E-2),#5);
#2700=PRESENTATION_STYLE_ASSIGNMENT((#2699));
#2701=STYLED_ITEM('',(#2700),#2698);
#2702=DIRECTION('',(0.E0,-1.E0,0.E0));
#2703=VECTOR('',#2702,1.343502884254E0);
#2704=CARTESIAN_POINT('',(2.671644302003E1,5.075700217913E1,1.45E1));
#2705=LINE('2508',#2704,#2703);
#2706=CURVE_STYLE('',#20,POSITIVE_LENGTH_MEASURE(2.E-2),#5);
#2707=PRESENTATION_STYLE_ASSIGNMENT((#2706));
#2708=STYLED_ITEM('',(#2707),#2705);
#2709=CARTESIAN_POINT('',(2.823672259958E1,4.923672259958E1,1.45E1));
#2710=DIRECTION('',(7.071067811865E-1,7.071067811866E-1,0.E0));
#2711=DIRECTION('',(7.071067811866E-1,-7.071067811865E-1,0.E0));
#2712=AXIS2_PLACEMENT_3D('',#2709,#2710,#2711);
#2714=CURVE_STYLE('',#20,POSITIVE_LENGTH_MEASURE(2.E-2),#5);
#2715=PRESENTATION_STYLE_ASSIGNMENT((#2714));
#2716=STYLED_ITEM('',(#2715),#2713);
#2717=DIRECTION('',(-7.071067811865E-1,-7.071067811866E-1,0.E0));
#2718=VECTOR('',#2717,1.E0);
#2719=CARTESIAN_POINT('',(2.671644302003E1,4.941349929488E1,1.45E1));
#2720=LINE('2085',#2719,#2718);
#2721=CURVE_STYLE('',#20,POSITIVE_LENGTH_MEASURE(2.E-2),#5);
#2722=PRESENTATION_STYLE_ASSIGNMENT((#2721));
#2723=STYLED_ITEM('',(#2722),#2720);
#2724=CARTESIAN_POINT('',(4.1E1,3.371572875254E1,1.45E1));
#2725=DIRECTION('',(0.E0,0.E0,1.E0));
#2726=DIRECTION('',(-7.071067811866E-1,7.071067811865E-1,0.E0));
#2727=AXIS2_PLACEMENT_3D('',#2724,#2725,#2726);
#2729=CURVE_STYLE('',#20,POSITIVE_LENGTH_MEASURE(2.E-2),#5);
#2730=PRESENTATION_STYLE_ASSIGNMENT((#2729));
#2731=STYLED_ITEM('',(#2730),#2728);
#2732=CARTESIAN_POINT('',(2.685786437627E1,4.785786437627E1,1.45E1));
#2733=DIRECTION('',(7.071067811865E-1,7.071067811866E-1,0.E0));
#2734=DIRECTION('',(7.071067811866E-1,-7.071067811865E-1,0.E0));
#2735=AXIS2_PLACEMENT_3D('',#2732,#2733,#2734);
#2737=CURVE_STYLE('',#20,POSITIVE_LENGTH_MEASURE(2.E-2),#5);
#2738=PRESENTATION_STYLE_ASSIGNMENT((#2737));
#2739=STYLED_ITEM('',(#2738),#2736);
#2740=CARTESIAN_POINT('',(2.1E1,3.371572875254E1,1.45E1));
#2741=DIRECTION('',(0.E0,-1.E0,0.E0));
#2742=DIRECTION('',(-1.E0,0.E0,0.E0));
#2743=AXIS2_PLACEMENT_3D('',#2740,#2741,#2742);
#2745=CURVE_STYLE('',#20,POSITIVE_LENGTH_MEASURE(2.E-2),#5);
#2746=PRESENTATION_STYLE_ASSIGNMENT((#2745));
#2747=STYLED_ITEM('',(#2746),#2744);
#2748=CARTESIAN_POINT('',(2.1E1,3.371572875254E1,1.45E1));
#2749=DIRECTION('',(0.E0,-1.E0,0.E0));
#2750=DIRECTION('',(1.E0,0.E0,0.E0));
#2751=AXIS2_PLACEMENT_3D('',#2748,#2749,#2750);
#2753=CURVE_STYLE('',#20,POSITIVE_LENGTH_MEASURE(2.E-2),#5);
#2754=PRESENTATION_STYLE_ASSIGNMENT((#2753));
#2755=STYLED_ITEM('',(#2754),#2752);
#2756=CARTESIAN_POINT('',(4.1E1,3.371572875254E1,1.45E1));
#2757=DIRECTION('',(0.E0,0.E0,1.E0));
#2758=DIRECTION('',(-7.071067811866E-1,7.071067811865E-1,0.E0));
#2759=AXIS2_PLACEMENT_3D('',#2756,#2757,#2758);
#2761=CURVE_STYLE('',#20,POSITIVE_LENGTH_MEASURE(2.E-2),#5);
#2762=PRESENTATION_STYLE_ASSIGNMENT((#2761));
#2763=STYLED_ITEM('',(#2762),#2760);
#2764=CARTESIAN_POINT('',(2.685786437627E1,4.785786437627E1,1.45E1));
#2765=DIRECTION('',(7.071067811865E-1,7.071067811866E-1,0.E0));
#2766=DIRECTION('',(-7.071067811866E-1,7.071067811865E-1,0.E0));
#2767=AXIS2_PLACEMENT_3D('',#2764,#2765,#2766);
#2769=CURVE_STYLE('',#20,POSITIVE_LENGTH_MEASURE(2.E-2),#5);
#2770=PRESENTATION_STYLE_ASSIGNMENT((#2769));
#2771=STYLED_ITEM('',(#2770),#2768);
#2772=DIRECTION('',(-7.071067811866E-1,-7.071067811865E-1,0.E0));
#2773=VECTOR('',#2772,1.E0);
#2774=CARTESIAN_POINT('',(2.841349929488E1,4.771644302003E1,1.45E1));
#2775=LINE('2641',#2774,#2773);
#2776=CURVE_STYLE('',#20,POSITIVE_LENGTH_MEASURE(2.E-2),#5);
#2777=PRESENTATION_STYLE_ASSIGNMENT((#2776));
#2778=STYLED_ITEM('',(#2777),#2775);
#2779=DIRECTION('',(-1.E0,1.435513105082E-14,0.E0));
#2780=VECTOR('',#2779,4.949747468306E-1);
#2781=CARTESIAN_POINT('',(3.389357684908E1,5.135804294314E1,1.45E1));
#2782=LINE('2249',#2781,#2780);
#2783=CURVE_STYLE('',#20,POSITIVE_LENGTH_MEASURE(2.E-2),#5);
#2784=PRESENTATION_STYLE_ASSIGNMENT((#2783));
#2785=STYLED_ITEM('',(#2784),#2782);
#2786=CARTESIAN_POINT('',(3.212580989611E1,5.312580989611E1,1.45E1));
#2787=DIRECTION('',(7.071067811865E-1,7.071067811865E-1,0.E0));
#2788=DIRECTION('',(-7.071067811865E-1,7.071067811865E-1,0.E0));
#2789=AXIS2_PLACEMENT_3D('',#2786,#2787,#2788);
#2791=CURVE_STYLE('',#20,POSITIVE_LENGTH_MEASURE(2.E-2),#5);
#2792=PRESENTATION_STYLE_ASSIGNMENT((#2791));
#2793=STYLED_ITEM('',(#2792),#2790);
#2794=CARTESIAN_POINT('',(3.187832252269E1,5.287832252269E1,1.45E1));
#2795=DIRECTION('',(-7.071067811865E-1,-7.071067811865E-1,0.E0));
#2796=DIRECTION('',(7.071067811865E-1,-7.071067811865E-1,0.E0));
#2797=AXIS2_PLACEMENT_3D('',#2794,#2795,#2796);
#2799=CURVE_STYLE('',#20,POSITIVE_LENGTH_MEASURE(2.E-2),#5);
#2800=PRESENTATION_STYLE_ASSIGNMENT((#2799));
#2801=STYLED_ITEM('',(#2800),#2798);
#2802=CARTESIAN_POINT('',(4.2E1,1.756596519116E1,0.E0));
#2803=DIRECTION('',(-1.E0,0.E0,0.E0));
#2804=DIRECTION('',(0.E0,-1.E0,0.E0));
#2805=AXIS2_PLACEMENT_3D('',#2802,#2803,#2804);
#2807=CURVE_STYLE('',#20,POSITIVE_LENGTH_MEASURE(2.E-2),#5);
#2808=PRESENTATION_STYLE_ASSIGNMENT((#2807));
#2809=STYLED_ITEM('',(#2808),#2806);
#2810=CARTESIAN_POINT('',(3.737511521304E1,2.423373125615E1,0.E0));
#2811=CARTESIAN_POINT('',(3.737511521304E1,2.423373125615E1,1.561299893715E-1));
#2812=CARTESIAN_POINT('',(3.737844815981E1,2.422772589128E1,4.680141174513E-1));
#2813=CARTESIAN_POINT('',(3.739359401496E1,2.420033766969E1,9.352737608972E-1));
#2814=CARTESIAN_POINT('',(3.741029460241E1,2.416992072032E1,1.245280535208E0));
#2815=CARTESIAN_POINT('',(3.742027650336E1,2.415162577435E1,1.4E0));
#2817=CURVE_STYLE('',#20,POSITIVE_LENGTH_MEASURE(2.E-2),#5);
#2818=PRESENTATION_STYLE_ASSIGNMENT((#2817));
#2819=STYLED_ITEM('',(#2818),#2816);
#2820=DIRECTION('',(0.E0,0.E0,-1.E0));
#2821=VECTOR('',#2820,1.4E0);
#2822=CARTESIAN_POINT('',(3.693889555486E1,2.496596519116E1,1.4E0));
#2823=LINE('2352',#2822,#2821);
#2824=CURVE_STYLE('',#20,POSITIVE_LENGTH_MEASURE(2.E-2),#5);
#2825=PRESENTATION_STYLE_ASSIGNMENT((#2824));
#2826=STYLED_ITEM('',(#2825),#2823);
#2827=DIRECTION('',(0.E0,0.E0,-1.E0));
#2828=VECTOR('',#2827,1.258348486101E1);
#2829=CARTESIAN_POINT('',(3.715E1,2.496596519116E1,1.258348486101E1));
#2830=LINE('2581',#2829,#2828);
#2831=CURVE_STYLE('',#20,POSITIVE_LENGTH_MEASURE(2.E-2),#5);
#2832=PRESENTATION_STYLE_ASSIGNMENT((#2831));
#2833=STYLED_ITEM('',(#2832),#2830);
#2834=CARTESIAN_POINT('',(3.515E1,2.496596519116E1,1.35E1));
#2835=DIRECTION('',(0.E0,-1.E0,0.E0));
#2836=DIRECTION('',(0.E0,0.E0,-1.E0));
#2837=AXIS2_PLACEMENT_3D('',#2834,#2835,#2836);
#2839=CURVE_STYLE('',#20,POSITIVE_LENGTH_MEASURE(2.E-2),#5);
#2840=PRESENTATION_STYLE_ASSIGNMENT((#2839));
#2841=STYLED_ITEM('',(#2840),#2838);
#2842=CARTESIAN_POINT('',(3.515E1,2.496596519116E1,1.35E1));
#2843=DIRECTION('',(0.E0,-1.E0,0.E0));
#2844=DIRECTION('',(-7.272727272727E-1,0.E0,-6.863485850246E-1));
#2845=AXIS2_PLACEMENT_3D('',#2842,#2843,#2844);
#2847=CURVE_STYLE('',#20,POSITIVE_LENGTH_MEASURE(2.E-2),#5);
#2848=PRESENTATION_STYLE_ASSIGNMENT((#2847));
#2849=STYLED_ITEM('',(#2848),#2846);
#2850=DIRECTION('',(0.E0,0.E0,-1.E0));
#2851=VECTOR('',#2850,2.490033112946E0);
#2852=CARTESIAN_POINT('',(3.355E1,2.496596519116E1,1.75E1));
#2853=LINE('2355',#2852,#2851);
#2854=CURVE_STYLE('',#20,POSITIVE_LENGTH_MEASURE(2.E-2),#5);
#2855=PRESENTATION_STYLE_ASSIGNMENT((#2854));
#2856=STYLED_ITEM('',(#2855),#2853);
#2857=DIRECTION('',(0.E0,0.E0,-1.E0));
#2858=VECTOR('',#2857,1.059003311295E1);
#2859=CARTESIAN_POINT('',(3.355E1,2.496596519116E1,1.199003311295E1));
#2860=LINE('2386',#2859,#2858);
#2861=CURVE_STYLE('',#20,POSITIVE_LENGTH_MEASURE(2.E-2),#5);
#2862=PRESENTATION_STYLE_ASSIGNMENT((#2861));
#2863=STYLED_ITEM('',(#2862),#2860);
#2864=DIRECTION('',(0.E0,0.E0,-1.E0));
#2865=VECTOR('',#2864,3.083484861009E0);
#2866=CARTESIAN_POINT('',(3.715E1,2.496596519116E1,1.75E1));
#2867=LINE('2218',#2866,#2865);
#2868=CURVE_STYLE('',#20,POSITIVE_LENGTH_MEASURE(2.E-2),#5);
#2869=PRESENTATION_STYLE_ASSIGNMENT((#2868));
#2870=STYLED_ITEM('',(#2869),#2867);
#2871=CARTESIAN_POINT('',(3.515E1,2.496596519116E1,1.35E1));
#2872=DIRECTION('',(0.E0,-1.E0,0.E0));
#2873=DIRECTION('',(0.E0,0.E0,1.E0));
#2874=AXIS2_PLACEMENT_3D('',#2871,#2872,#2873);
#2876=CURVE_STYLE('',#20,POSITIVE_LENGTH_MEASURE(2.E-2),#5);
#2877=PRESENTATION_STYLE_ASSIGNMENT((#2876));
#2878=STYLED_ITEM('',(#2877),#2875);
#2879=CARTESIAN_POINT('',(3.515E1,2.496596519116E1,1.35E1));
#2880=DIRECTION('',(0.E0,-1.E0,0.E0));
#2881=DIRECTION('',(9.090909090909E-1,0.E0,4.165977904505E-1));
#2882=AXIS2_PLACEMENT_3D('',#2879,#2880,#2881);
#2884=CURVE_STYLE('',#20,POSITIVE_LENGTH_MEASURE(2.E-2),#5);
#2885=PRESENTATION_STYLE_ASSIGNMENT((#2884));
#2886=STYLED_ITEM('',(#2885),#2883);
#2887=DIRECTION('',(0.E0,0.E0,-1.E0));
#2888=VECTOR('',#2887,1.75E1);
#2889=CARTESIAN_POINT('',(3.715E1,3.716596519116E1,1.75E1));
#2890=LINE('2519',#2889,#2888);
#2891=CURVE_STYLE('',#20,POSITIVE_LENGTH_MEASURE(2.E-2),#5);
#2892=PRESENTATION_STYLE_ASSIGNMENT((#2891));
#2893=STYLED_ITEM('',(#2892),#2890);
#2894=DIRECTION('',(-1.E0,0.E0,0.E0));
#2895=VECTOR('',#2894,3.6E0);
#2896=CARTESIAN_POINT('',(3.715E1,2.496596519116E1,1.75E1));
#2897=LINE('2113',#2896,#2895);
#2898=CURVE_STYLE('',#20,POSITIVE_LENGTH_MEASURE(2.E-2),#5);
#2899=PRESENTATION_STYLE_ASSIGNMENT((#2898));
#2900=STYLED_ITEM('',(#2899),#2897);
#2901=DIRECTION('',(0.E0,-1.E0,0.E0));
#2902=VECTOR('',#2901,1.22E1);
#2903=CARTESIAN_POINT('',(3.715E1,3.716596519116E1,1.75E1));
#2904=LINE('2271',#2903,#2902);
#2905=CURVE_STYLE('',#20,POSITIVE_LENGTH_MEASURE(2.E-2),#5);
#2906=PRESENTATION_STYLE_ASSIGNMENT((#2905));
#2907=STYLED_ITEM('',(#2906),#2904);
#2908=DIRECTION('',(1.E0,0.E0,0.E0));
#2909=VECTOR('',#2908,3.6E0);
#2910=CARTESIAN_POINT('',(3.355E1,3.716596519116E1,1.75E1));
#2911=LINE('2642',#2910,#2909);
#2912=CURVE_STYLE('',#20,POSITIVE_LENGTH_MEASURE(2.E-2),#5);
#2913=PRESENTATION_STYLE_ASSIGNMENT((#2912));
#2914=STYLED_ITEM('',(#2913),#2911);
#2915=DIRECTION('',(7.071067811866E-1,-7.071067811865E-1,0.E0));
#2916=VECTOR('',#2915,5.656854249492E-1);
#2917=CARTESIAN_POINT('',(3.315E1,3.756596519116E1,1.75E1));
#2918=LINE('2291',#2917,#2916);
#2919=CURVE_STYLE('',#20,POSITIVE_LENGTH_MEASURE(2.E-2),#5);
#2920=PRESENTATION_STYLE_ASSIGNMENT((#2919));
#2921=STYLED_ITEM('',(#2920),#2918);
#2922=DIRECTION('',(1.E0,0.E0,0.E0));
#2923=VECTOR('',#2922,6.5E0);
#2924=CARTESIAN_POINT('',(2.665E1,3.756596519116E1,1.75E1));
#2925=LINE('2434',#2924,#2923);
#2926=CURVE_STYLE('',#20,POSITIVE_LENGTH_MEASURE(2.E-2),#5);
#2927=PRESENTATION_STYLE_ASSIGNMENT((#2926));
#2928=STYLED_ITEM('',(#2927),#2925);
#2929=DIRECTION('',(0.E0,1.E0,0.E0));
#2930=VECTOR('',#2929,7.55E0);
#2931=CARTESIAN_POINT('',(2.665E1,3.001596519116E1,1.75E1));
#2932=LINE('2344',#2931,#2930);
#2933=CURVE_STYLE('',#20,POSITIVE_LENGTH_MEASURE(2.E-2),#5);
#2934=PRESENTATION_STYLE_ASSIGNMENT((#2933));
#2935=STYLED_ITEM('',(#2934),#2932);
#2936=DIRECTION('',(1.E0,0.E0,0.E0));
#2937=VECTOR('',#2936,1.E0);
#2938=CARTESIAN_POINT('',(2.565E1,3.001596519116E1,1.75E1));
#2939=LINE('2481',#2938,#2937);
#2940=CURVE_STYLE('',#20,POSITIVE_LENGTH_MEASURE(2.E-2),#5);
#2941=PRESENTATION_STYLE_ASSIGNMENT((#2940));
#2942=STYLED_ITEM('',(#2941),#2939);
#2943=DIRECTION('',(-1.522591576629E-14,1.E0,0.E0));
#2944=VECTOR('',#2943,7.E-1);
#2945=CARTESIAN_POINT('',(2.565E1,2.931596519116E1,1.75E1));
#2946=LINE('2422',#2945,#2944);
#2947=CURVE_STYLE('',#20,POSITIVE_LENGTH_MEASURE(2.E-2),#5);
#2948=PRESENTATION_STYLE_ASSIGNMENT((#2947));
#2949=STYLED_ITEM('',(#2948),#2946);
#2950=DIRECTION('',(1.522591576629E-14,1.E0,0.E0));
#2951=VECTOR('',#2950,7.E-1);
#2952=CARTESIAN_POINT('',(2.565E1,2.751596519116E1,1.75E1));
#2953=LINE('2325',#2952,#2951);
#2954=CURVE_STYLE('',#20,POSITIVE_LENGTH_MEASURE(2.E-2),#5);
#2955=PRESENTATION_STYLE_ASSIGNMENT((#2954));
#2956=STYLED_ITEM('',(#2955),#2953);
#2957=DIRECTION('',(-1.E0,0.E0,0.E0));
#2958=VECTOR('',#2957,1.E0);
#2959=CARTESIAN_POINT('',(2.665E1,2.751596519116E1,1.75E1));
#2960=LINE('2188',#2959,#2958);
#2961=CURVE_STYLE('',#20,POSITIVE_LENGTH_MEASURE(2.E-2),#5);
#2962=PRESENTATION_STYLE_ASSIGNMENT((#2961));
#2963=STYLED_ITEM('',(#2962),#2960);
#2964=DIRECTION('',(0.E0,1.E0,0.E0));
#2965=VECTOR('',#2964,2.95E0);
#2966=CARTESIAN_POINT('',(2.665E1,2.456596519116E1,1.75E1));
#2967=LINE('2378',#2966,#2965);
#2968=CURVE_STYLE('',#20,POSITIVE_LENGTH_MEASURE(2.E-2),#5);
#2969=PRESENTATION_STYLE_ASSIGNMENT((#2968));
#2970=STYLED_ITEM('',(#2969),#2967);
#2971=DIRECTION('',(-1.E0,0.E0,0.E0));
#2972=VECTOR('',#2971,6.5E0);
#2973=CARTESIAN_POINT('',(3.315E1,2.456596519116E1,1.75E1));
#2974=LINE('2209',#2973,#2972);
#2975=CURVE_STYLE('',#20,POSITIVE_LENGTH_MEASURE(2.E-2),#5);
#2976=PRESENTATION_STYLE_ASSIGNMENT((#2975));
#2977=STYLED_ITEM('',(#2976),#2974);
#2978=DIRECTION('',(-7.071067811866E-1,-7.071067811865E-1,0.E0));
#2979=VECTOR('',#2978,5.656854249492E-1);
#2980=CARTESIAN_POINT('',(3.355E1,2.496596519116E1,1.75E1));
#2981=LINE('2568',#2980,#2979);
#2982=CURVE_STYLE('',#20,POSITIVE_LENGTH_MEASURE(2.E-2),#5);
#2983=PRESENTATION_STYLE_ASSIGNMENT((#2982));
#2984=STYLED_ITEM('',(#2983),#2981);
#2985=CARTESIAN_POINT('',(3.175E1,2.781596519116E1,1.75E1));
#2986=DIRECTION('',(0.E0,0.E0,1.E0));
#2987=DIRECTION('',(-1.E0,0.E0,0.E0));
#2988=AXIS2_PLACEMENT_3D('',#2985,#2986,#2987);
#2990=CURVE_STYLE('',#20,POSITIVE_LENGTH_MEASURE(2.E-2),#5);
#2991=PRESENTATION_STYLE_ASSIGNMENT((#2990));
#2992=STYLED_ITEM('',(#2991),#2989);
#2993=CARTESIAN_POINT('',(3.175E1,2.781596519116E1,1.75E1));
#2994=DIRECTION('',(0.E0,0.E0,1.E0));
#2995=DIRECTION('',(1.E0,0.E0,0.E0));
#2996=AXIS2_PLACEMENT_3D('',#2993,#2994,#2995);
#2998=CURVE_STYLE('',#20,POSITIVE_LENGTH_MEASURE(2.E-2),#5);
#2999=PRESENTATION_STYLE_ASSIGNMENT((#2998));
#3000=STYLED_ITEM('',(#2999),#2997);
#3001=CARTESIAN_POINT('',(3.175E1,3.431596519116E1,1.75E1));
#3002=DIRECTION('',(0.E0,0.E0,1.E0));
#3003=DIRECTION('',(-1.E0,0.E0,0.E0));
#3004=AXIS2_PLACEMENT_3D('',#3001,#3002,#3003);
#3006=CURVE_STYLE('',#20,POSITIVE_LENGTH_MEASURE(2.E-2),#5);
#3007=PRESENTATION_STYLE_ASSIGNMENT((#3006));
#3008=STYLED_ITEM('',(#3007),#3005);
#3009=CARTESIAN_POINT('',(3.175E1,3.431596519116E1,1.75E1));
#3010=DIRECTION('',(0.E0,0.E0,1.E0));
#3011=DIRECTION('',(1.E0,0.E0,0.E0));
#3012=AXIS2_PLACEMENT_3D('',#3009,#3010,#3011);
#3014=CURVE_STYLE('',#20,POSITIVE_LENGTH_MEASURE(2.E-2),#5);
#3015=PRESENTATION_STYLE_ASSIGNMENT((#3014));
#3016=STYLED_ITEM('',(#3015),#3013);
#3017=DIRECTION('',(0.E0,0.E0,-1.E0));
#3018=VECTOR('',#3017,1.75E1);
#3019=CARTESIAN_POINT('',(3.315E1,3.756596519116E1,1.75E1));
#3020=LINE('2120',#3019,#3018);
#3021=CURVE_STYLE('',#20,POSITIVE_LENGTH_MEASURE(2.E-2),#5);
#3022=PRESENTATION_STYLE_ASSIGNMENT((#3021));
#3023=STYLED_ITEM('',(#3022),#3020);
#3024=DIRECTION('',(0.E0,0.E0,1.E0));
#3025=VECTOR('',#3024,1.75E1);
#3026=CARTESIAN_POINT('',(3.355E1,3.716596519116E1,0.E0));
#3027=LINE('2368',#3026,#3025);
#3028=CURVE_STYLE('',#20,POSITIVE_LENGTH_MEASURE(2.E-2),#5);
#3029=PRESENTATION_STYLE_ASSIGNMENT((#3028));
#3030=STYLED_ITEM('',(#3029),#3027);
#3031=DIRECTION('',(0.E0,0.E0,-1.E0));
#3032=VECTOR('',#3031,1.75E1);
#3033=CARTESIAN_POINT('',(2.665E1,3.756596519116E1,1.75E1));
#3034=LINE('2129',#3033,#3032);
#3035=CURVE_STYLE('',#20,POSITIVE_LENGTH_MEASURE(2.E-2),#5);
#3036=PRESENTATION_STYLE_ASSIGNMENT((#3035));
#3037=STYLED_ITEM('',(#3036),#3034);
#3038=DIRECTION('',(0.E0,0.E0,-1.E0));
#3039=VECTOR('',#3038,2.179144513513E-1);
#3040=CARTESIAN_POINT('',(2.665E1,3.001596519116E1,1.75E1));
#3041=LINE('2214',#3040,#3039);
#3042=CURVE_STYLE('',#20,POSITIVE_LENGTH_MEASURE(2.E-2),#5);
#3043=PRESENTATION_STYLE_ASSIGNMENT((#3042));
#3044=STYLED_ITEM('',(#3043),#3041);
#3045=DIRECTION('',(0.E0,0.E0,-1.E0));
#3046=VECTOR('',#3045,1.15E1);
#3047=CARTESIAN_POINT('',(2.665E1,3.719999999701E1,1.15E1));
#3048=LINE('2534',#3047,#3046);
#3049=CURVE_STYLE('',#20,POSITIVE_LENGTH_MEASURE(2.E-2),#5);
#3050=PRESENTATION_STYLE_ASSIGNMENT((#3049));
#3051=STYLED_ITEM('',(#3050),#3048);
#3052=DIRECTION('',(0.E0,0.E0,-1.E0));
#3053=VECTOR('',#3052,2.179144513513E-1);
#3054=CARTESIAN_POINT('',(2.665E1,3.001596519116E1,1.171791445135E1));
#3055=LINE('2666',#3054,#3053);
#3056=CURVE_STYLE('',#20,POSITIVE_LENGTH_MEASURE(2.E-2),#5);
#3057=PRESENTATION_STYLE_ASSIGNMENT((#3056));
#3058=STYLED_ITEM('',(#3057),#3055);
#3059=CARTESIAN_POINT('',(2.665E1,2.876596519116E1,1.45E1));
#3060=DIRECTION('',(-1.E0,0.E0,0.E0));
#3061=DIRECTION('',(0.E0,1.E0,0.E0));
#3062=AXIS2_PLACEMENT_3D('',#3059,#3060,#3061);
#3064=CURVE_STYLE('',#20,POSITIVE_LENGTH_MEASURE(2.E-2),#5);
#3065=PRESENTATION_STYLE_ASSIGNMENT((#3064));
#3066=STYLED_ITEM('',(#3065),#3063);
#3067=CARTESIAN_POINT('',(2.665E1,2.876596519116E1,1.45E1));
#3068=DIRECTION('',(-1.E0,0.E0,0.E0));
#3069=DIRECTION('',(0.E0,4.098360655738E-1,9.121591962783E-1));
#3070=AXIS2_PLACEMENT_3D('',#3067,#3068,#3069);
#3072=CURVE_STYLE('',#20,POSITIVE_LENGTH_MEASURE(2.E-2),#5);
#3073=PRESENTATION_STYLE_ASSIGNMENT((#3072));
#3074=STYLED_ITEM('',(#3073),#3071);
#3075=DIRECTION('',(4.890974862066E-14,-1.630324954022E-14,-1.E0));
#3076=VECTOR('',#3075,2.179144513513E-1);
#3077=CARTESIAN_POINT('',(2.565E1,3.001596519116E1,1.75E1));
#3078=LINE('2075',#3077,#3076);
#3079=CURVE_STYLE('',#20,POSITIVE_LENGTH_MEASURE(2.E-2),#5);
#3080=PRESENTATION_STYLE_ASSIGNMENT((#3079));
#3081=STYLED_ITEM('',(#3080),#3078);
#3082=CARTESIAN_POINT('',(2.565E1,2.876596519116E1,1.45E1));
#3083=DIRECTION('',(-1.E0,0.E0,0.E0));
#3084=DIRECTION('',(0.E0,1.803278688525E-1,9.836065573770E-1));
#3085=AXIS2_PLACEMENT_3D('',#3082,#3083,#3084);
#3087=CURVE_STYLE('',#20,POSITIVE_LENGTH_MEASURE(2.E-2),#5);
#3088=PRESENTATION_STYLE_ASSIGNMENT((#3087));
#3089=STYLED_ITEM('',(#3088),#3086);
#3090=CARTESIAN_POINT('',(2.665E1,3.001596519116E1,1.728208554865E1));
#3091=CARTESIAN_POINT('',(2.663774556463E1,3.001596519116E1,1.726865101286E1));
#3092=CARTESIAN_POINT('',(2.661332746992E1,3.001596519116E1,1.724184890092E1));
#3093=CARTESIAN_POINT('',(2.657697409681E1,3.001596519116E1,1.720184523559E1));
#3094=CARTESIAN_POINT('',(2.655292152340E1,3.001596519116E1,1.717530879881E1));
#3095=CARTESIAN_POINT('',(2.654094124027E1,3.001596519116E1,1.716207351114E1));
#3097=CURVE_STYLE('',#20,POSITIVE_LENGTH_MEASURE(2.E-2),#5);
#3098=PRESENTATION_STYLE_ASSIGNMENT((#3097));
#3099=STYLED_ITEM('',(#3098),#3096);
#3100=CARTESIAN_POINT('',(2.654094124027E1,3.001596519116E1,1.183792648886E1));
#3101=CARTESIAN_POINT('',(2.655292152340E1,3.001596519116E1,1.182469120119E1));
#3102=CARTESIAN_POINT('',(2.657697409681E1,3.001596519116E1,1.179815476441E1));
#3103=CARTESIAN_POINT('',(2.661332746992E1,3.001596519116E1,1.175815109908E1));
#3104=CARTESIAN_POINT('',(2.663774556463E1,3.001596519116E1,1.173134898714E1));
#3105=CARTESIAN_POINT('',(2.665E1,3.001596519116E1,1.171791445135E1));
#3107=CURVE_STYLE('',#20,POSITIVE_LENGTH_MEASURE(2.E-2),#5);
#3108=PRESENTATION_STYLE_ASSIGNMENT((#3107));
#3109=STYLED_ITEM('',(#3108),#3106);
#3110=CARTESIAN_POINT('',(2.635E1,3.050602984573E1,1.237052236502E1));
#3111=CARTESIAN_POINT('',(2.636120917649E1,3.045234828193E1,1.231218194148E1));
#3112=CARTESIAN_POINT('',(2.639045160499E1,3.034448886254E1,1.219496173097E1));
#3113=CARTESIAN_POINT('',(2.645445144528E1,3.018118995098E1,1.201749060330E1));
#3114=CARTESIAN_POINT('',(2.651005465267E1,3.007124804948E1,1.189800717840E1));
#3115=CARTESIAN_POINT('',(2.654094124027E1,3.001596519116E1,1.183792648886E1));
#3117=CURVE_STYLE('',#20,POSITIVE_LENGTH_MEASURE(2.E-2),#5);
#3118=PRESENTATION_STYLE_ASSIGNMENT((#3117));
#3119=STYLED_ITEM('',(#3118),#3116);
#3120=CARTESIAN_POINT('',(2.635E1,2.876596519116E1,1.45E1));
#3121=DIRECTION('',(-1.E0,0.E0,0.E0));
#3122=DIRECTION('',(0.E0,6.327507834816E-1,7.743555036308E-1));
#3123=AXIS2_PLACEMENT_3D('',#3120,#3121,#3122);
#3125=CURVE_STYLE('',#20,POSITIVE_LENGTH_MEASURE(2.E-2),#5);
#3126=PRESENTATION_STYLE_ASSIGNMENT((#3125));
#3127=STYLED_ITEM('',(#3126),#3124);
#3128=DIRECTION('',(-1.E0,0.E0,0.E0));
#3129=VECTOR('',#3128,1.E0);
#3130=CARTESIAN_POINT('',(2.654094124027E1,3.001596519116E1,1.716207351114E1));
#3131=LINE('2377',#3130,#3129);
#3132=CURVE_STYLE('',#20,POSITIVE_LENGTH_MEASURE(2.E-2),#5);
#3133=PRESENTATION_STYLE_ASSIGNMENT((#3132));
#3134=STYLED_ITEM('',(#3133),#3131);
#3135=CARTESIAN_POINT('',(2.635E1,3.050602984573E1,1.662947763498E1));
#3136=CARTESIAN_POINT('',(2.636090239154E1,3.045381749745E1,1.668622133425E1));
#3137=CARTESIAN_POINT('',(2.638937395532E1,3.034788013966E1,1.680135267328E1));
#3138=CARTESIAN_POINT('',(2.645289188520E1,3.018449788037E1,1.697891438217E1));
#3139=CARTESIAN_POINT('',(2.650927742235E1,3.007263918774E1,1.710048095068E1));
#3140=CARTESIAN_POINT('',(2.654094124027E1,3.001596519116E1,1.716207351114E1));
#3142=CURVE_STYLE('',#20,POSITIVE_LENGTH_MEASURE(2.E-2),#5);
#3143=PRESENTATION_STYLE_ASSIGNMENT((#3142));
#3144=STYLED_ITEM('',(#3143),#3141);
#3145=DIRECTION('',(0.E0,0.E0,-1.E0));
#3146=VECTOR('',#3145,3.379264888608E-1);
#3147=CARTESIAN_POINT('',(2.565E1,3.001596519116E1,1.183792648886E1));
#3148=LINE('2298',#3147,#3146);
#3149=CURVE_STYLE('',#20,POSITIVE_LENGTH_MEASURE(2.E-2),#5);
#3150=PRESENTATION_STYLE_ASSIGNMENT((#3149));
#3151=STYLED_ITEM('',(#3150),#3148);
#3152=DIRECTION('',(1.E0,0.E0,0.E0));
#3153=VECTOR('',#3152,8.909412402680E-1);
#3154=CARTESIAN_POINT('',(2.565E1,3.001596519116E1,1.183792648886E1));
#3155=LINE('2221',#3154,#3153);
#3156=CURVE_STYLE('',#20,POSITIVE_LENGTH_MEASURE(2.E-2),#5);
#3157=PRESENTATION_STYLE_ASSIGNMENT((#3156));
#3158=STYLED_ITEM('',(#3157),#3155);
#3159=DIRECTION('',(0.E0,0.E0,1.E0));
#3160=VECTOR('',#3159,1.15E1);
#3161=CARTESIAN_POINT('',(2.607543101936E1,3.719999999701E1,0.E0));
#3162=LINE('2578',#3161,#3160);
#3163=CURVE_STYLE('',#20,POSITIVE_LENGTH_MEASURE(2.E-2),#5);
#3164=PRESENTATION_STYLE_ASSIGNMENT((#3163));
#3165=STYLED_ITEM('',(#3164),#3162);
#3166=DIRECTION('',(0.E0,0.E0,-1.E0));
#3167=VECTOR('',#3166,1.15E1);
#3168=CARTESIAN_POINT('',(2.100000000318E1,3.999999999701E1,1.15E1));
#3169=LINE('2664',#3168,#3167);
#3170=CURVE_STYLE('',#20,POSITIVE_LENGTH_MEASURE(2.E-2),#5);
#3171=PRESENTATION_STYLE_ASSIGNMENT((#3170));
#3172=STYLED_ITEM('',(#3171),#3169);
#3173=DIRECTION('',(4.890974862066E-14,0.E0,-1.E0));
#3174=VECTOR('',#3173,2.179144513513E-1);
#3175=CARTESIAN_POINT('',(2.565E1,2.751596519116E1,1.75E1));
#3176=LINE('2153',#3175,#3174);
#3177=CURVE_STYLE('',#20,POSITIVE_LENGTH_MEASURE(2.E-2),#5);
#3178=PRESENTATION_STYLE_ASSIGNMENT((#3177));
#3179=STYLED_ITEM('',(#3178),#3176);
#3180=CARTESIAN_POINT('',(2.565E1,2.876596519116E1,1.45E1));
#3181=DIRECTION('',(-1.E0,0.E0,0.E0));
#3182=DIRECTION('',(0.E0,-4.098360655738E-1,9.121591962783E-1));
#3183=AXIS2_PLACEMENT_3D('',#3180,#3181,#3182);
#3185=CURVE_STYLE('',#20,POSITIVE_LENGTH_MEASURE(2.E-2),#5);
#3186=PRESENTATION_STYLE_ASSIGNMENT((#3185));
#3187=STYLED_ITEM('',(#3186),#3184);
#3188=DIRECTION('',(0.E0,0.E0,-1.E0));
#3189=VECTOR('',#3188,2.179144513513E-1);
#3190=CARTESIAN_POINT('',(2.665E1,2.751596519116E1,1.75E1));
#3191=LINE('2240',#3190,#3189);
#3192=CURVE_STYLE('',#20,POSITIVE_LENGTH_MEASURE(2.E-2),#5);
#3193=PRESENTATION_STYLE_ASSIGNMENT((#3192));
#3194=STYLED_ITEM('',(#3193),#3191);
#3195=DIRECTION('',(0.E0,0.E0,-1.E0));
#3196=VECTOR('',#3195,1.61E1);
#3197=CARTESIAN_POINT('',(2.665E1,2.456596519116E1,1.75E1));
#3198=LINE('2341',#3197,#3196);
#3199=CURVE_STYLE('',#20,POSITIVE_LENGTH_MEASURE(2.E-2),#5);
#3200=PRESENTATION_STYLE_ASSIGNMENT((#3199));
#3201=STYLED_ITEM('',(#3200),#3198);
#3202=CARTESIAN_POINT('',(2.665E1,2.876596519116E1,1.45E1));
#3203=DIRECTION('',(-1.E0,0.E0,0.E0));
#3204=DIRECTION('',(0.E0,-4.098360655738E-1,-9.121591962783E-1));
#3205=AXIS2_PLACEMENT_3D('',#3202,#3203,#3204);
#3207=CURVE_STYLE('',#20,POSITIVE_LENGTH_MEASURE(2.E-2),#5);
#3208=PRESENTATION_STYLE_ASSIGNMENT((#3207));
#3209=STYLED_ITEM('',(#3208),#3206);
#3210=DIRECTION('',(0.E0,0.E0,-1.E0));
#3211=VECTOR('',#3210,1.031791445135E1);
#3212=CARTESIAN_POINT('',(2.665E1,2.751596519116E1,1.171791445135E1));
#3213=LINE('2303',#3212,#3211);
#3214=CURVE_STYLE('',#20,POSITIVE_LENGTH_MEASURE(2.E-2),#5);
#3215=PRESENTATION_STYLE_ASSIGNMENT((#3214));
#3216=STYLED_ITEM('',(#3215),#3213);
#3217=DIRECTION('',(0.E0,0.E0,-1.E0));
#3218=VECTOR('',#3217,1.61E1);
#3219=CARTESIAN_POINT('',(3.315E1,2.456596519116E1,1.75E1));
#3220=LINE('2448',#3219,#3218);
#3221=CURVE_STYLE('',#20,POSITIVE_LENGTH_MEASURE(2.E-2),#5);
#3222=PRESENTATION_STYLE_ASSIGNMENT((#3221));
#3223=STYLED_ITEM('',(#3222),#3220);
#3224=CARTESIAN_POINT('',(3.175E1,2.781596519116E1,1.79E1));
#3225=DIRECTION('',(0.E0,0.E0,1.E0));
#3226=DIRECTION('',(-1.E0,0.E0,0.E0));
#3227=AXIS2_PLACEMENT_3D('',#3224,#3225,#3226);
#3229=CURVE_STYLE('',#20,POSITIVE_LENGTH_MEASURE(2.E-2),#5);
#3230=PRESENTATION_STYLE_ASSIGNMENT((#3229));
#3231=STYLED_ITEM('',(#3230),#3228);
#3232=DIRECTION('',(7.071067811865E-1,0.E0,7.071067811865E-1));
#3233=VECTOR('',#3232,5.656854249492E-1);
#3234=CARTESIAN_POINT('',(3.049999999913E1,2.781596519116E1,1.75E1));
#3235=LINE('2540',#3234,#3233);
#3236=CURVE_STYLE('',#20,POSITIVE_LENGTH_MEASURE(2.E-2),#5);
#3237=PRESENTATION_STYLE_ASSIGNMENT((#3236));
#3238=STYLED_ITEM('',(#3237),#3235);
#3239=DIRECTION('',(0.E0,0.E0,1.E0));
#3240=VECTOR('',#3239,3.6E0);
#3241=CARTESIAN_POINT('',(3.089999999913E1,2.781596519116E1,1.79E1));
#3242=LINE('2420',#3241,#3240);
#3243=CURVE_STYLE('',#20,POSITIVE_LENGTH_MEASURE(2.E-2),#5);
#3244=PRESENTATION_STYLE_ASSIGNMENT((#3243));
#3245=STYLED_ITEM('',(#3244),#3242);
#3246=CARTESIAN_POINT('',(3.175E1,2.781596519116E1,2.15E1));
#3247=DIRECTION('',(0.E0,0.E0,-1.E0));
#3248=DIRECTION('',(-1.E0,0.E0,0.E0));
#3249=AXIS2_PLACEMENT_3D('',#3246,#3247,#3248);
#3251=CURVE_STYLE('',#20,POSITIVE_LENGTH_MEASURE(2.E-2),#5);
#3252=PRESENTATION_STYLE_ASSIGNMENT((#3251));
#3253=STYLED_ITEM('',(#3252),#3250);
#3254=CARTESIAN_POINT('',(3.175E1,2.781596519116E1,2.15E1));
#3255=DIRECTION('',(0.E0,0.E0,-1.E0));
#3256=DIRECTION('',(1.E0,0.E0,0.E0));
#3257=AXIS2_PLACEMENT_3D('',#3254,#3255,#3256);
#3259=CURVE_STYLE('',#20,POSITIVE_LENGTH_MEASURE(2.E-2),#5);
#3260=PRESENTATION_STYLE_ASSIGNMENT((#3259));
#3261=STYLED_ITEM('',(#3260),#3258);
#3262=DIRECTION('',(0.E0,0.E0,1.E0));
#3263=VECTOR('',#3262,3.6E0);
#3264=CARTESIAN_POINT('',(3.260000000087E1,2.781596519116E1,1.79E1));
#3265=LINE('2553',#3264,#3263);
#3266=CURVE_STYLE('',#20,POSITIVE_LENGTH_MEASURE(2.E-2),#5);
#3267=PRESENTATION_STYLE_ASSIGNMENT((#3266));
#3268=STYLED_ITEM('',(#3267),#3265);
#3269=DIRECTION('',(-7.071067811865E-1,0.E0,7.071067811865E-1));
#3270=VECTOR('',#3269,5.656854249492E-1);
#3271=CARTESIAN_POINT('',(3.300000000087E1,2.781596519116E1,1.75E1));
#3272=LINE('2083',#3271,#3270);
#3273=CURVE_STYLE('',#20,POSITIVE_LENGTH_MEASURE(2.E-2),#5);
#3274=PRESENTATION_STYLE_ASSIGNMENT((#3273));
#3275=STYLED_ITEM('',(#3274),#3272);
#3276=CARTESIAN_POINT('',(3.175E1,2.781596519116E1,1.79E1));
#3277=DIRECTION('',(0.E0,0.E0,1.E0));
#3278=DIRECTION('',(1.E0,0.E0,0.E0));
#3279=AXIS2_PLACEMENT_3D('',#3276,#3277,#3278);
#3281=CURVE_STYLE('',#20,POSITIVE_LENGTH_MEASURE(2.E-2),#5);
#3282=PRESENTATION_STYLE_ASSIGNMENT((#3281));
#3283=STYLED_ITEM('',(#3282),#3280);
#3284=CARTESIAN_POINT('',(3.175E1,3.431596519116E1,1.79E1));
#3285=DIRECTION('',(0.E0,0.E0,1.E0));
#3286=DIRECTION('',(-1.E0,0.E0,0.E0));
#3287=AXIS2_PLACEMENT_3D('',#3284,#3285,#3286);
#3289=CURVE_STYLE('',#20,POSITIVE_LENGTH_MEASURE(2.E-2),#5);
#3290=PRESENTATION_STYLE_ASSIGNMENT((#3289));
#3291=STYLED_ITEM('',(#3290),#3288);
#3292=DIRECTION('',(7.071067811865E-1,1.256073966947E-14,7.071067811865E-1));
#3293=VECTOR('',#3292,5.656854249492E-1);
#3294=CARTESIAN_POINT('',(3.049999999913E1,3.431596519116E1,1.75E1));
#3295=LINE('2177',#3294,#3293);
#3296=CURVE_STYLE('',#20,POSITIVE_LENGTH_MEASURE(2.E-2),#5);
#3297=PRESENTATION_STYLE_ASSIGNMENT((#3296));
#3298=STYLED_ITEM('',(#3297),#3295);
#3299=DIRECTION('',(0.E0,0.E0,1.E0));
#3300=VECTOR('',#3299,3.6E0);
#3301=CARTESIAN_POINT('',(3.089999999913E1,3.431596519116E1,1.79E1));
#3302=LINE('2094',#3301,#3300);
#3303=CURVE_STYLE('',#20,POSITIVE_LENGTH_MEASURE(2.E-2),#5);
#3304=PRESENTATION_STYLE_ASSIGNMENT((#3303));
#3305=STYLED_ITEM('',(#3304),#3302);
#3306=CARTESIAN_POINT('',(3.175E1,3.431596519116E1,2.15E1));
#3307=DIRECTION('',(0.E0,0.E0,-1.E0));
#3308=DIRECTION('',(-1.E0,0.E0,0.E0));
#3309=AXIS2_PLACEMENT_3D('',#3306,#3307,#3308);
#3311=CURVE_STYLE('',#20,POSITIVE_LENGTH_MEASURE(2.E-2),#5);
#3312=PRESENTATION_STYLE_ASSIGNMENT((#3311));
#3313=STYLED_ITEM('',(#3312),#3310);
#3314=CARTESIAN_POINT('',(3.175E1,3.431596519116E1,2.15E1));
#3315=DIRECTION('',(0.E0,0.E0,-1.E0));
#3316=DIRECTION('',(1.E0,0.E0,0.E0));
#3317=AXIS2_PLACEMENT_3D('',#3314,#3315,#3316);
#3319=CURVE_STYLE('',#20,POSITIVE_LENGTH_MEASURE(2.E-2),#5);
#3320=PRESENTATION_STYLE_ASSIGNMENT((#3319));
#3321=STYLED_ITEM('',(#3320),#3318);
#3322=DIRECTION('',(0.E0,0.E0,1.E0));
#3323=VECTOR('',#3322,3.6E0);
#3324=CARTESIAN_POINT('',(3.260000000087E1,3.431596519116E1,1.79E1));
#3325=LINE('2576',#3324,#3323);
#3326=CURVE_STYLE('',#20,POSITIVE_LENGTH_MEASURE(2.E-2),#5);
#3327=PRESENTATION_STYLE_ASSIGNMENT((#3326));
#3328=STYLED_ITEM('',(#3327),#3325);
#3329=DIRECTION('',(-7.071067811865E-1,1.256073966947E-14,7.071067811865E-1));
#3330=VECTOR('',#3329,5.656854249492E-1);
#3331=CARTESIAN_POINT('',(3.300000000087E1,3.431596519116E1,1.75E1));
#3332=LINE('2507',#3331,#3330);
#3333=CURVE_STYLE('',#20,POSITIVE_LENGTH_MEASURE(2.E-2),#5);
#3334=PRESENTATION_STYLE_ASSIGNMENT((#3333));
#3335=STYLED_ITEM('',(#3334),#3332);
#3336=CARTESIAN_POINT('',(3.175E1,3.431596519116E1,1.79E1));
#3337=DIRECTION('',(0.E0,0.E0,1.E0));
#3338=DIRECTION('',(1.E0,0.E0,0.E0));
#3339=AXIS2_PLACEMENT_3D('',#3336,#3337,#3338);
#3341=CURVE_STYLE('',#20,POSITIVE_LENGTH_MEASURE(2.E-2),#5);
#3342=PRESENTATION_STYLE_ASSIGNMENT((#3341));
#3343=STYLED_ITEM('',(#3342),#3340);
#3344=CARTESIAN_POINT('',(3.515E1,2.466596519116E1,1.35E1));
#3345=DIRECTION('',(0.E0,-1.E0,0.E0));
#3346=DIRECTION('',(0.E0,0.E0,-1.E0));
#3347=AXIS2_PLACEMENT_3D('',#3344,#3345,#3346);
#3349=CURVE_STYLE('',#20,POSITIVE_LENGTH_MEASURE(2.E-2),#5);
#3350=PRESENTATION_STYLE_ASSIGNMENT((#3349));
#3351=STYLED_ITEM('',(#3350),#3348);
#3352=CARTESIAN_POINT('',(3.515E1,2.466596519116E1,1.13E1));
#3353=DIRECTION('',(1.E0,0.E0,0.E0));
#3354=DIRECTION('',(0.E0,1.E0,0.E0));
#3355=AXIS2_PLACEMENT_3D('',#3352,#3353,#3354);
#3357=CURVE_STYLE('',#20,POSITIVE_LENGTH_MEASURE(2.E-2),#5);
#3358=PRESENTATION_STYLE_ASSIGNMENT((#3357));
#3359=STYLED_ITEM('',(#3358),#3356);
#3360=CARTESIAN_POINT('',(3.715E1,2.496596519116E1,1.441651513899E1));
#3361=CARTESIAN_POINT('',(3.715E1,2.496596519116E1,1.429354058999E1));
#3362=CARTESIAN_POINT('',(3.715E1,2.494053523011E1,1.404866202756E1));
#3363=CARTESIAN_POINT('',(3.715E1,2.488813582359E1,1.368284215644E1));
#3364=CARTESIAN_POINT('',(3.715E1,2.488820697478E1,1.331643565176E1));
#3365=CARTESIAN_POINT('',(3.715E1,2.494058535071E1,1.295103281882E1));
#3366=CARTESIAN_POINT('',(3.715E1,2.496596519116E1,1.270635008716E1));
#3367=CARTESIAN_POINT('',(3.715E1,2.496596519116E1,1.258348486101E1));
#3369=CURVE_STYLE('',#20,POSITIVE_LENGTH_MEASURE(2.E-2),#5);
#3370=PRESENTATION_STYLE_ASSIGNMENT((#3369));
#3371=STYLED_ITEM('',(#3370),#3368);
#3372=DIRECTION('',(0.E0,1.E0,0.E0));
#3373=VECTOR('',#3372,5.087221654282E0);
#3374=CARTESIAN_POINT('',(3.515E1,1.957874353688E1,1.54E1));
#3375=LINE('2625',#3374,#3373);
#3376=CURVE_STYLE('',#20,POSITIVE_LENGTH_MEASURE(2.E-2),#5);
#3377=PRESENTATION_STYLE_ASSIGNMENT((#3376));
#3378=STYLED_ITEM('',(#3377),#3375);
#3379=DIRECTION('',(0.E0,1.E0,0.E0));
#3380=VECTOR('',#3379,5.087221654282E0);
#3381=CARTESIAN_POINT('',(3.515E1,1.957874353688E1,1.16E1));
#3382=LINE('2193',#3381,#3380);
#3383=CURVE_STYLE('',#20,POSITIVE_LENGTH_MEASURE(2.E-2),#5);
#3384=PRESENTATION_STYLE_ASSIGNMENT((#3383));
#3385=STYLED_ITEM('',(#3384),#3382);
#3386=CARTESIAN_POINT('',(3.515E1,2.466596519116E1,1.57E1));
#3387=DIRECTION('',(-1.E0,0.E0,0.E0));
#3388=DIRECTION('',(0.E0,1.E0,0.E0));
#3389=AXIS2_PLACEMENT_3D('',#3386,#3387,#3388);
#3391=CURVE_STYLE('',#20,POSITIVE_LENGTH_MEASURE(2.E-2),#5);
#3392=PRESENTATION_STYLE_ASSIGNMENT((#3391));
#3393=STYLED_ITEM('',(#3392),#3390);
#3394=CARTESIAN_POINT('',(3.325E1,2.466596519116E1,1.35E1));
#3395=CARTESIAN_POINT('',(3.325E1,2.466596519116E1,1.356386361668E1));
#3396=CARTESIAN_POINT('',(3.325635479521E1,2.467231998637E1,1.369224979379E1));
#3397=CARTESIAN_POINT('',(3.328630512324E1,2.470227031440E1,1.389458323606E1));
#3398=CARTESIAN_POINT('',(3.332894853216E1,2.474491372333E1,1.408334465757E1));
#3399=CARTESIAN_POINT('',(3.337301452815E1,2.478897971931E1,1.424570870935E1));
#3400=CARTESIAN_POINT('',(3.341394735017E1,2.482991254133E1,1.438559251531E1));
#3401=CARTESIAN_POINT('',(3.345176595460E1,2.486773114576E1,1.451325117691E1));
#3402=CARTESIAN_POINT('',(3.348489175327E1,2.490085694443E1,1.462991747507E1));
#3403=CARTESIAN_POINT('',(3.351232256396E1,2.492828775512E1,1.473719519492E1));
#3404=CARTESIAN_POINT('',(3.353314317862E1,2.494910836978E1,1.483574841363E1));
#3405=CARTESIAN_POINT('',(3.354668295884E1,2.496264815E1,1.492742349701E1));
#3406=CARTESIAN_POINT('',(3.355E1,2.496596519116E1,1.498328944573E1));
#3407=CARTESIAN_POINT('',(3.355E1,2.496596519116E1,1.500996688705E1));
#3409=CURVE_STYLE('',#20,POSITIVE_LENGTH_MEASURE(2.E-2),#5);
#3410=PRESENTATION_STYLE_ASSIGNMENT((#3409));
#3411=STYLED_ITEM('',(#3410),#3408);
#3412=CARTESIAN_POINT('',(3.515E1,2.466596519116E1,1.35E1));
#3413=DIRECTION('',(0.E0,-1.E0,0.E0));
#3414=DIRECTION('',(0.E0,0.E0,1.E0));
#3415=AXIS2_PLACEMENT_3D('',#3412,#3413,#3414);
#3417=CURVE_STYLE('',#20,POSITIVE_LENGTH_MEASURE(2.E-2),#5);
#3418=PRESENTATION_STYLE_ASSIGNMENT((#3417));
#3419=STYLED_ITEM('',(#3418),#3416);
#3420=CARTESIAN_POINT('',(3.515E1,2.466596519116E1,1.35E1));
#3421=DIRECTION('',(0.E0,-1.E0,0.E0));
#3422=DIRECTION('',(-1.E0,0.E0,0.E0));
#3423=AXIS2_PLACEMENT_3D('',#3420,#3421,#3422);
#3425=CURVE_STYLE('',#20,POSITIVE_LENGTH_MEASURE(2.E-2),#5);
#3426=PRESENTATION_STYLE_ASSIGNMENT((#3425));
#3427=STYLED_ITEM('',(#3426),#3424);
#3428=CARTESIAN_POINT('',(3.355E1,2.496596519116E1,1.199003311295E1));
#3429=CARTESIAN_POINT('',(3.355E1,2.496596519116E1,1.205145905051E1));
#3430=CARTESIAN_POINT('',(3.353327603383E1,2.494924122499E1,1.217960494885E1));
#3431=CARTESIAN_POINT('',(3.348169951717E1,2.489766470833E1,1.238631812600E1));
#3432=CARTESIAN_POINT('',(3.341368765464E1,2.482965284580E1,1.261466511624E1));
#3433=CARTESIAN_POINT('',(3.333877757428E1,2.475474276544E1,1.287191436894E1));
#3434=CARTESIAN_POINT('',(3.327209403698E1,2.468805922814E1,1.316355667958E1));
#3435=CARTESIAN_POINT('',(3.325E1,2.466596519116E1,1.338359761161E1));
#3436=CARTESIAN_POINT('',(3.325E1,2.466596519116E1,1.35E1));
#3438=CURVE_STYLE('',#20,POSITIVE_LENGTH_MEASURE(2.E-2),#5);
#3439=PRESENTATION_STYLE_ASSIGNMENT((#3438));
#3440=STYLED_ITEM('',(#3439),#3437);
#3441=CARTESIAN_POINT('',(2.015E1,1.957874353688E1,1.35E1));
#3442=DIRECTION('',(0.E0,0.E0,1.E0));
#3443=DIRECTION('',(9.078516833305E-1,-4.192914512293E-1,0.E0));
#3444=AXIS2_PLACEMENT_3D('',#3441,#3442,#3443);
#3446=CURVE_STYLE('',#20,POSITIVE_LENGTH_MEASURE(2.E-2),#5);
#3447=PRESENTATION_STYLE_ASSIGNMENT((#3446));
#3448=STYLED_ITEM('',(#3447),#3445);
#3449=CARTESIAN_POINT('',(3.376777524996E1,1.328937176844E1,1.35E1));
#3450=DIRECTION('',(-4.192914512293E-1,-9.078516833305E-1,0.E0));
#3451=DIRECTION('',(-9.078516833305E-1,4.192914512293E-1,0.E0));
#3452=AXIS2_PLACEMENT_3D('',#3449,#3450,#3451);
#3454=CURVE_STYLE('',#20,POSITIVE_LENGTH_MEASURE(2.E-2),#5);
#3455=PRESENTATION_STYLE_ASSIGNMENT((#3454));
#3456=STYLED_ITEM('',(#3455),#3453);
#3457=CARTESIAN_POINT('',(3.515E1,1.957874353688E1,1.35E1));
#3458=DIRECTION('',(0.E0,1.E0,0.E0));
#3459=DIRECTION('',(0.E0,0.E0,-1.E0));
#3460=AXIS2_PLACEMENT_3D('',#3457,#3458,#3459);
#3462=CURVE_STYLE('',#20,POSITIVE_LENGTH_MEASURE(2.E-2),#5);
#3463=PRESENTATION_STYLE_ASSIGNMENT((#3462));
#3464=STYLED_ITEM('',(#3463),#3461);
#3465=CARTESIAN_POINT('',(3.515E1,1.957874353688E1,1.35E1));
#3466=DIRECTION('',(0.E0,1.E0,0.E0));
#3467=DIRECTION('',(1.E0,0.E0,0.E0));
#3468=AXIS2_PLACEMENT_3D('',#3465,#3466,#3467);
#3470=CURVE_STYLE('',#20,POSITIVE_LENGTH_MEASURE(2.E-2),#5);
#3471=PRESENTATION_STYLE_ASSIGNMENT((#3470));
#3472=STYLED_ITEM('',(#3471),#3469);
#3473=CARTESIAN_POINT('',(3.515E1,1.957874353688E1,1.35E1));
#3474=DIRECTION('',(0.E0,1.E0,0.E0));
#3475=DIRECTION('',(0.E0,0.E0,1.E0));
#3476=AXIS2_PLACEMENT_3D('',#3473,#3474,#3475);
#3478=CURVE_STYLE('',#20,POSITIVE_LENGTH_MEASURE(2.E-2),#5);
#3479=PRESENTATION_STYLE_ASSIGNMENT((#3478));
#3480=STYLED_ITEM('',(#3479),#3477);
#3481=CARTESIAN_POINT('',(3.515E1,1.957874353688E1,1.35E1));
#3482=DIRECTION('',(0.E0,1.E0,0.E0));
#3483=DIRECTION('',(-1.E0,0.E0,0.E0));
#3484=AXIS2_PLACEMENT_3D('',#3481,#3482,#3483);
#3486=CURVE_STYLE('',#20,POSITIVE_LENGTH_MEASURE(2.E-2),#5);
#3487=PRESENTATION_STYLE_ASSIGNMENT((#3486));
#3488=STYLED_ITEM('',(#3487),#3485);
#3489=CARTESIAN_POINT('',(2.015E1,1.957874353688E1,1.35E1));
#3490=DIRECTION('',(0.E0,0.E0,1.E0));
#3491=DIRECTION('',(9.078516833305E-1,-4.192914512293E-1,0.E0));
#3492=AXIS2_PLACEMENT_3D('',#3489,#3490,#3491);
#3494=CURVE_STYLE('',#20,POSITIVE_LENGTH_MEASURE(2.E-2),#5);
#3495=PRESENTATION_STYLE_ASSIGNMENT((#3494));
#3496=STYLED_ITEM('',(#3495),#3493);
#3497=CARTESIAN_POINT('',(3.376777524996E1,1.328937176844E1,1.35E1));
#3498=DIRECTION('',(-4.192914512293E-1,-9.078516833305E-1,0.E0));
#3499=DIRECTION('',(9.078516833305E-1,-4.192914512293E-1,0.E0));
#3500=AXIS2_PLACEMENT_3D('',#3497,#3498,#3499);
#3502=CURVE_STYLE('',#20,POSITIVE_LENGTH_MEASURE(2.E-2),#5);
#3503=PRESENTATION_STYLE_ASSIGNMENT((#3502));
#3504=STYLED_ITEM('',(#3503),#3501);
#3505=DIRECTION('',(4.192914512293E-1,9.078516833305E-1,0.E0));
#3506=VECTOR('',#3505,3.304504529853E0);
#3507=CARTESIAN_POINT('',(3.065730655171E1,1.108602552577E1,1.35E1));
#3508=LINE('2115',#3507,#3506);
#3509=CURVE_STYLE('',#20,POSITIVE_LENGTH_MEASURE(2.E-2),#5);
#3510=PRESENTATION_STYLE_ASSIGNMENT((#3509));
#3511=STYLED_ITEM('',(#3510),#3508);
#3512=DIRECTION('',(4.192914512293E-1,9.078516833305E-1,0.E0));
#3513=VECTOR('',#3512,3.304504529853E0);
#3514=CARTESIAN_POINT('',(3.410714294837E1,9.492718011103E0,1.35E1));
#3515=LINE('2610',#3514,#3513);
#3516=CURVE_STYLE('',#20,POSITIVE_LENGTH_MEASURE(2.E-2),#5);
#3517=PRESENTATION_STYLE_ASSIGNMENT((#3516));
#3518=STYLED_ITEM('',(#3517),#3515);
#3519=CARTESIAN_POINT('',(3.238222475004E1,1.028937176844E1,1.35E1));
#3520=DIRECTION('',(4.192914512293E-1,9.078516833305E-1,0.E0));
#3521=DIRECTION('',(9.078516833305E-1,-4.192914512293E-1,0.E0));
#3522=AXIS2_PLACEMENT_3D('',#3519,#3520,#3521);
#3524=CURVE_STYLE('',#20,POSITIVE_LENGTH_MEASURE(2.E-2),#5);
#3525=PRESENTATION_STYLE_ASSIGNMENT((#3524));
#3526=STYLED_ITEM('',(#3525),#3523);
#3527=CARTESIAN_POINT('',(4.6E1,4.E0,1.35E1));
#3528=DIRECTION('',(0.E0,0.E0,-1.E0));
#3529=DIRECTION('',(-1.E0,0.E0,0.E0));
#3530=AXIS2_PLACEMENT_3D('',#3527,#3528,#3529);
#3532=CURVE_STYLE('',#20,POSITIVE_LENGTH_MEASURE(2.E-2),#5);
#3533=PRESENTATION_STYLE_ASSIGNMENT((#3532));
#3534=STYLED_ITEM('',(#3533),#3531);
#3535=CARTESIAN_POINT('',(3.1E1,4.E0,1.35E1));
#3536=DIRECTION('',(0.E0,-1.E0,0.E0));
#3537=DIRECTION('',(0.E0,0.E0,-1.E0));
#3538=AXIS2_PLACEMENT_3D('',#3535,#3536,#3537);
#3540=CURVE_STYLE('',#20,POSITIVE_LENGTH_MEASURE(2.E-2),#5);
#3541=PRESENTATION_STYLE_ASSIGNMENT((#3540));
#3542=STYLED_ITEM('',(#3541),#3539);
#3543=CARTESIAN_POINT('',(3.1E1,4.E0,1.35E1));
#3544=DIRECTION('',(0.E0,-1.E0,0.E0));
#3545=DIRECTION('',(-1.E0,0.E0,0.E0));
#3546=AXIS2_PLACEMENT_3D('',#3543,#3544,#3545);
#3548=CURVE_STYLE('',#20,POSITIVE_LENGTH_MEASURE(2.E-2),#5);
#3549=PRESENTATION_STYLE_ASSIGNMENT((#3548));
#3550=STYLED_ITEM('',(#3549),#3547);
#3551=CARTESIAN_POINT('',(4.6E1,4.E0,1.35E1));
#3552=DIRECTION('',(0.E0,0.E0,-1.E0));
#3553=DIRECTION('',(-1.E0,0.E0,0.E0));
#3554=AXIS2_PLACEMENT_3D('',#3551,#3552,#3553);
#3556=CURVE_STYLE('',#20,POSITIVE_LENGTH_MEASURE(2.E-2),#5);
#3557=PRESENTATION_STYLE_ASSIGNMENT((#3556));
#3558=STYLED_ITEM('',(#3557),#3555);
#3559=CARTESIAN_POINT('',(3.1E1,4.E0,1.35E1));
#3560=DIRECTION('',(0.E0,-1.E0,0.E0));
#3561=DIRECTION('',(0.E0,0.E0,1.E0));
#3562=AXIS2_PLACEMENT_3D('',#3559,#3560,#3561);
#3564=CURVE_STYLE('',#20,POSITIVE_LENGTH_MEASURE(2.E-2),#5);
#3565=PRESENTATION_STYLE_ASSIGNMENT((#3564));
#3566=STYLED_ITEM('',(#3565),#3563);
#3567=CARTESIAN_POINT('',(3.1E1,4.E0,1.35E1));
#3568=DIRECTION('',(0.E0,-1.E0,0.E0));
#3569=DIRECTION('',(1.E0,0.E0,0.E0));
#3570=AXIS2_PLACEMENT_3D('',#3567,#3568,#3569);
#3572=CURVE_STYLE('',#20,POSITIVE_LENGTH_MEASURE(2.E-2),#5);
#3573=PRESENTATION_STYLE_ASSIGNMENT((#3572));
#3574=STYLED_ITEM('',(#3573),#3571);
#3575=CARTESIAN_POINT('',(3.238222475004E1,1.028937176844E1,1.35E1));
#3576=DIRECTION('',(4.192914512293E-1,9.078516833305E-1,0.E0));
#3577=DIRECTION('',(-9.078516833305E-1,4.192914512293E-1,0.E0));
#3578=AXIS2_PLACEMENT_3D('',#3575,#3576,#3577);
#3580=CURVE_STYLE('',#20,POSITIVE_LENGTH_MEASURE(2.E-2),#5);
#3581=PRESENTATION_STYLE_ASSIGNMENT((#3580));
#3582=STYLED_ITEM('',(#3581),#3579);
#3583=DIRECTION('',(0.E0,1.E0,0.E0));
#3584=VECTOR('',#3583,3.7E0);
#3585=CARTESIAN_POINT('',(3.1E1,3.E-1,1.16E1));
#3586=LINE('2301',#3585,#3584);
#3587=CURVE_STYLE('',#20,POSITIVE_LENGTH_MEASURE(2.E-2),#5);
#3588=PRESENTATION_STYLE_ASSIGNMENT((#3587));
#3589=STYLED_ITEM('',(#3588),#3586);
#3590=DIRECTION('',(0.E0,1.E0,0.E0));
#3591=VECTOR('',#3590,3.7E0);
#3592=CARTESIAN_POINT('',(3.1E1,3.E-1,1.54E1));
#3593=LINE('2063',#3592,#3591);
#3594=CURVE_STYLE('',#20,POSITIVE_LENGTH_MEASURE(2.E-2),#5);
#3595=PRESENTATION_STYLE_ASSIGNMENT((#3594));
#3596=STYLED_ITEM('',(#3595),#3593);
#3597=CARTESIAN_POINT('',(3.1E1,3.E-1,1.35E1));
#3598=DIRECTION('',(0.E0,1.E0,0.E0));
#3599=DIRECTION('',(0.E0,0.E0,1.E0));
#3600=AXIS2_PLACEMENT_3D('',#3597,#3598,#3599);
#3602=CURVE_STYLE('',#20,POSITIVE_LENGTH_MEASURE(2.E-2),#5);
#3603=PRESENTATION_STYLE_ASSIGNMENT((#3602));
#3604=STYLED_ITEM('',(#3603),#3601);
#3605=CARTESIAN_POINT('',(3.1E1,3.E-1,1.57E1));
#3606=DIRECTION('',(1.E0,0.E0,0.E0));
#3607=DIRECTION('',(0.E0,-1.E0,0.E0));
#3608=AXIS2_PLACEMENT_3D('',#3605,#3606,#3607);
#3610=CURVE_STYLE('',#20,POSITIVE_LENGTH_MEASURE(2.E-2),#5);
#3611=PRESENTATION_STYLE_ASSIGNMENT((#3610));
#3612=STYLED_ITEM('',(#3611),#3609);
#3613=CARTESIAN_POINT('',(3.1E1,3.E-1,1.13E1));
#3614=DIRECTION('',(-1.E0,0.E0,0.E0));
#3615=DIRECTION('',(0.E0,-1.E0,0.E0));
#3616=AXIS2_PLACEMENT_3D('',#3613,#3614,#3615);
#3618=CURVE_STYLE('',#20,POSITIVE_LENGTH_MEASURE(2.E-2),#5);
#3619=PRESENTATION_STYLE_ASSIGNMENT((#3618));
#3620=STYLED_ITEM('',(#3619),#3617);
#3621=CARTESIAN_POINT('',(3.1E1,3.E-1,1.35E1));
#3622=DIRECTION('',(0.E0,1.E0,0.E0));
#3623=DIRECTION('',(0.E0,0.E0,-1.E0));
#3624=AXIS2_PLACEMENT_3D('',#3621,#3622,#3623);
#3626=CURVE_STYLE('',#20,POSITIVE_LENGTH_MEASURE(2.E-2),#5);
#3627=PRESENTATION_STYLE_ASSIGNMENT((#3626));
#3628=STYLED_ITEM('',(#3627),#3625);
#3629=CARTESIAN_POINT('',(3.1E1,0.E0,1.35E1));
#3630=DIRECTION('',(0.E0,1.E0,0.E0));
#3631=DIRECTION('',(0.E0,0.E0,1.E0));
#3632=AXIS2_PLACEMENT_3D('',#3629,#3630,#3631);
#3634=CURVE_STYLE('',#20,POSITIVE_LENGTH_MEASURE(2.E-2),#5);
#3635=PRESENTATION_STYLE_ASSIGNMENT((#3634));
#3636=STYLED_ITEM('',(#3635),#3633);
#3637=CARTESIAN_POINT('',(3.1E1,0.E0,1.35E1));
#3638=DIRECTION('',(0.E0,1.E0,0.E0));
#3639=DIRECTION('',(0.E0,0.E0,-1.E0));
#3640=AXIS2_PLACEMENT_3D('',#3637,#3638,#3639);
#3642=CURVE_STYLE('',#20,POSITIVE_LENGTH_MEASURE(2.E-2),#5);
#3643=PRESENTATION_STYLE_ASSIGNMENT((#3642));
#3644=STYLED_ITEM('',(#3643),#3641);
#3645=CARTESIAN_POINT('',(2.1E1,0.E0,1.45E1));
#3646=DIRECTION('',(0.E0,1.E0,0.E0));
#3647=DIRECTION('',(0.E0,0.E0,1.E0));
#3648=AXIS2_PLACEMENT_3D('',#3645,#3646,#3647);
#3650=CURVE_STYLE('',#20,POSITIVE_LENGTH_MEASURE(2.E-2),#5);
#3651=PRESENTATION_STYLE_ASSIGNMENT((#3650));
#3652=STYLED_ITEM('',(#3651),#3649);
#3653=CARTESIAN_POINT('',(2.1E1,0.E0,1.45E1));
#3654=DIRECTION('',(0.E0,1.E0,0.E0));
#3655=DIRECTION('',(0.E0,0.E0,-1.E0));
#3656=AXIS2_PLACEMENT_3D('',#3653,#3654,#3655);
#3658=CURVE_STYLE('',#20,POSITIVE_LENGTH_MEASURE(2.E-2),#5);
#3659=PRESENTATION_STYLE_ASSIGNMENT((#3658));
#3660=STYLED_ITEM('',(#3659),#3657);
#3661=DIRECTION('',(0.E0,0.E0,1.E0));
#3662=VECTOR('',#3661,2.22E1);
#3663=CARTESIAN_POINT('',(4.2E1,5.E0,0.E0));
#3664=LINE('2274',#3663,#3662);
#3665=CURVE_STYLE('',#20,POSITIVE_LENGTH_MEASURE(2.E-2),#5);
#3666=PRESENTATION_STYLE_ASSIGNMENT((#3665));
#3667=STYLED_ITEM('',(#3666),#3664);
#3668=DIRECTION('',(0.E0,0.E0,-1.E0));
#3669=VECTOR('',#3668,2.22E1);
#3670=CARTESIAN_POINT('',(3.7E1,0.E0,2.22E1));
#3671=LINE('2639',#3670,#3669);
#3672=CURVE_STYLE('',#20,POSITIVE_LENGTH_MEASURE(2.E-2),#5);
#3673=PRESENTATION_STYLE_ASSIGNMENT((#3672));
#3674=STYLED_ITEM('',(#3673),#3671);
#3675=CARTESIAN_POINT('',(1.526516850249E1,9.999999999994E-1,
-1.421085471520E-14));
#3676=DIRECTION('',(0.E0,0.E0,-1.E0));
#3677=DIRECTION('',(-1.E0,0.E0,0.E0));
#3678=AXIS2_PLACEMENT_3D('',#3675,#3676,#3677);
#3680=CURVE_STYLE('',#20,POSITIVE_LENGTH_MEASURE(2.E-2),#5);
#3681=PRESENTATION_STYLE_ASSIGNMENT((#3680));
#3682=STYLED_ITEM('',(#3681),#3679);
#3683=CARTESIAN_POINT('',(1.526516850249E1,9.999999999994E-1,
-1.421085471520E-14));
#3684=DIRECTION('',(0.E0,0.E0,-1.E0));
#3685=DIRECTION('',(0.E0,-1.E0,0.E0));
#3686=AXIS2_PLACEMENT_3D('',#3683,#3684,#3685);
#3688=CURVE_STYLE('',#20,POSITIVE_LENGTH_MEASURE(2.E-2),#5);
#3689=PRESENTATION_STYLE_ASSIGNMENT((#3688));
#3690=STYLED_ITEM('',(#3689),#3687);
#3691=DIRECTION('',(-1.E0,0.E0,0.E0));
#3692=VECTOR('',#3691,2.173483149751E1);
#3693=CARTESIAN_POINT('',(3.7E1,0.E0,0.E0));
#3694=LINE('2650',#3693,#3692);
#3695=CURVE_STYLE('',#20,POSITIVE_LENGTH_MEASURE(2.E-2),#5);
#3696=PRESENTATION_STYLE_ASSIGNMENT((#3695));
#3697=STYLED_ITEM('',(#3696),#3694);
#3698=CARTESIAN_POINT('',(3.7E1,5.E0,0.E0));
#3699=DIRECTION('',(0.E0,0.E0,-1.E0));
#3700=DIRECTION('',(1.E0,-1.421085471520E-14,0.E0));
#3701=AXIS2_PLACEMENT_3D('',#3698,#3699,#3700);
#3703=CURVE_STYLE('',#20,POSITIVE_LENGTH_MEASURE(2.E-2),#5);
#3704=PRESENTATION_STYLE_ASSIGNMENT((#3703));
#3705=STYLED_ITEM('',(#3704),#3702);
#3706=DIRECTION('',(0.E0,-1.E0,0.E0));
#3707=VECTOR('',#3706,1.956535424776E0);
#3708=CARTESIAN_POINT('',(4.2E1,6.956535424776E0,0.E0));
#3709=LINE('2130',#3708,#3707);
#3710=CURVE_STYLE('',#20,POSITIVE_LENGTH_MEASURE(2.E-2),#5);
#3711=PRESENTATION_STYLE_ASSIGNMENT((#3710));
#3712=STYLED_ITEM('',(#3711),#3709);
#3713=CARTESIAN_POINT('',(4.705000000318E1,1.756596519116E1,0.E0));
#3714=DIRECTION('',(0.E0,0.E0,1.E0));
#3715=DIRECTION('',(-8.233944502251E-1,-5.674694523396E-1,0.E0));
#3716=AXIS2_PLACEMENT_3D('',#3713,#3714,#3715);
#3718=CURVE_STYLE('',#20,POSITIVE_LENGTH_MEASURE(2.E-2),#5);
#3719=PRESENTATION_STYLE_ASSIGNMENT((#3718));
#3720=STYLED_ITEM('',(#3719),#3717);
#3721=CARTESIAN_POINT('',(2.535000000318E1,1.756596519116E1,0.E0));
#3722=DIRECTION('',(0.E0,0.E0,1.E0));
#3723=DIRECTION('',(-6.245804808466E-1,-7.809604490276E-1,0.E0));
#3724=AXIS2_PLACEMENT_3D('',#3721,#3722,#3723);
#3726=CURVE_STYLE('',#20,POSITIVE_LENGTH_MEASURE(2.E-2),#5);
#3727=PRESENTATION_STYLE_ASSIGNMENT((#3726));
#3728=STYLED_ITEM('',(#3727),#3725);
#3729=CARTESIAN_POINT('',(2.064333416932E1,5.860604520541E0,
-1.421085471520E-14));
#3730=DIRECTION('',(0.E0,0.E0,-1.E0));
#3731=DIRECTION('',(-9.992552140935E-1,3.858778442665E-2,0.E0));
#3732=AXIS2_PLACEMENT_3D('',#3729,#3730,#3731);
#3734=CURVE_STYLE('',#20,POSITIVE_LENGTH_MEASURE(2.E-2),#5);
#3735=PRESENTATION_STYLE_ASSIGNMENT((#3734));
#3736=STYLED_ITEM('',(#3735),#3733);
#3737=CARTESIAN_POINT('',(1.170000000319E1,6.205965191159E0,
-1.421085471520E-14));
#3738=DIRECTION('',(0.E0,0.E0,1.E0));
#3739=DIRECTION('',(8.074167528363E-1,-5.899815143200E-1,0.E0));
#3740=AXIS2_PLACEMENT_3D('',#3737,#3738,#3739);
#3742=CURVE_STYLE('',#20,POSITIVE_LENGTH_MEASURE(2.E-2),#5);
#3743=PRESENTATION_STYLE_ASSIGNMENT((#3742));
#3744=STYLED_ITEM('',(#3743),#3741);
#3745=DIRECTION('',(5.899815143200E-1,8.074167528363E-1,0.E0));
#3746=VECTOR('',#3745,2.1E0);
#3747=CARTESIAN_POINT('',(1.445775174965E1,1.589981514319E0,
-2.368475785867E-14));
#3748=LINE('2210',#3747,#3746);
#3749=CURVE_STYLE('',#20,POSITIVE_LENGTH_MEASURE(2.E-2),#5);
#3750=PRESENTATION_STYLE_ASSIGNMENT((#3749));
#3751=STYLED_ITEM('',(#3750),#3748);
#3752=CARTESIAN_POINT('',(2.135000000318E1,1.907982593621E0,0.E0));
#3753=DIRECTION('',(0.E0,0.E0,1.E0));
#3754=DIRECTION('',(0.E0,1.E0,0.E0));
#3755=AXIS2_PLACEMENT_3D('',#3752,#3753,#3754);
#3757=CURVE_STYLE('',#20,POSITIVE_LENGTH_MEASURE(2.E-2),#5);
#3758=PRESENTATION_STYLE_ASSIGNMENT((#3757));
#3759=STYLED_ITEM('',(#3758),#3756);
#3760=CARTESIAN_POINT('',(2.935000000318E1,1.907982593621E0,0.E0));
#3761=DIRECTION('',(0.E0,0.E0,1.E0));
#3762=DIRECTION('',(1.E0,0.E0,0.E0));
#3763=AXIS2_PLACEMENT_3D('',#3760,#3761,#3762);
#3765=CURVE_STYLE('',#20,POSITIVE_LENGTH_MEASURE(2.E-2),#5);
#3766=PRESENTATION_STYLE_ASSIGNMENT((#3765));
#3767=STYLED_ITEM('',(#3766),#3764);
#3768=CARTESIAN_POINT('',(2.935000000318E1,1.907982593621E0,0.E0));
#3769=DIRECTION('',(0.E0,0.E0,1.E0));
#3770=DIRECTION('',(0.E0,-1.E0,0.E0));
#3771=AXIS2_PLACEMENT_3D('',#3768,#3769,#3770);
#3773=CURVE_STYLE('',#20,POSITIVE_LENGTH_MEASURE(2.E-2),#5);
#3774=PRESENTATION_STYLE_ASSIGNMENT((#3773));
#3775=STYLED_ITEM('',(#3774),#3772);
#3776=CARTESIAN_POINT('',(2.135000000318E1,1.907982593621E0,0.E0));
#3777=DIRECTION('',(0.E0,0.E0,1.E0));
#3778=DIRECTION('',(-1.E0,0.E0,0.E0));
#3779=AXIS2_PLACEMENT_3D('',#3776,#3777,#3778);
#3781=CURVE_STYLE('',#20,POSITIVE_LENGTH_MEASURE(2.E-2),#5);
#3782=PRESENTATION_STYLE_ASSIGNMENT((#3781));
#3783=STYLED_ITEM('',(#3782),#3780);
#3784=CARTESIAN_POINT('',(3.700000000319E1,4.999999997016E0,0.E0));
#3785=DIRECTION('',(0.E0,0.E0,1.E0));
#3786=DIRECTION('',(-1.E0,0.E0,0.E0));
#3787=AXIS2_PLACEMENT_3D('',#3784,#3785,#3786);
#3789=CURVE_STYLE('',#20,POSITIVE_LENGTH_MEASURE(2.E-2),#5);
#3790=PRESENTATION_STYLE_ASSIGNMENT((#3789));
#3791=STYLED_ITEM('',(#3790),#3788);
#3792=CARTESIAN_POINT('',(3.700000000319E1,4.999999997016E0,0.E0));
#3793=DIRECTION('',(0.E0,0.E0,1.E0));
#3794=DIRECTION('',(1.E0,0.E0,0.E0));
#3795=AXIS2_PLACEMENT_3D('',#3792,#3793,#3794);
#3797=CURVE_STYLE('',#20,POSITIVE_LENGTH_MEASURE(2.E-2),#5);
#3798=PRESENTATION_STYLE_ASSIGNMENT((#3797));
#3799=STYLED_ITEM('',(#3798),#3796);
#3800=DIRECTION('',(0.E0,0.E0,1.E0));
#3801=VECTOR('',#3800,2.02E1);
#3802=CARTESIAN_POINT('',(1.426516850249E1,9.999999999994E-1,0.E0));
#3803=LINE('2305',#3802,#3801);
#3804=CURVE_STYLE('',#20,POSITIVE_LENGTH_MEASURE(2.E-2),#5);
#3805=PRESENTATION_STYLE_ASSIGNMENT((#3804));
#3806=STYLED_ITEM('',(#3805),#3803);
#3807=DIRECTION('',(0.E0,0.E0,-1.E0));
#3808=VECTOR('',#3807,2.02E1);
#3809=CARTESIAN_POINT('',(1.445775174965E1,1.589981514319E0,2.02E1));
#3810=LINE('2491',#3809,#3808);
#3811=CURVE_STYLE('',#20,POSITIVE_LENGTH_MEASURE(2.E-2),#5);
#3812=PRESENTATION_STYLE_ASSIGNMENT((#3811));
#3813=STYLED_ITEM('',(#3812),#3810);
#3814=DIRECTION('',(0.E0,0.E0,1.E0));
#3815=VECTOR('',#3814,2.02E1);
#3816=CARTESIAN_POINT('',(1.526516850249E1,0.E0,0.E0));
#3817=LINE('2275',#3816,#3815);
#3818=CURVE_STYLE('',#20,POSITIVE_LENGTH_MEASURE(2.E-2),#5);
#3819=PRESENTATION_STYLE_ASSIGNMENT((#3818));
#3820=STYLED_ITEM('',(#3819),#3817);
#3821=DIRECTION('',(0.E0,0.E0,1.E0));
#3822=VECTOR('',#3821,2.02E1);
#3823=CARTESIAN_POINT('',(1.569671292973E1,3.285556695275E0,
-2.368475785867E-14));
#3824=LINE('2524',#3823,#3822);
#3825=CURVE_STYLE('',#20,POSITIVE_LENGTH_MEASURE(2.E-2),#5);
#3826=PRESENTATION_STYLE_ASSIGNMENT((#3825));
#3827=STYLED_ITEM('',(#3826),#3824);
#3828=DIRECTION('',(0.E0,0.E0,-1.E0));
#3829=VECTOR('',#3828,1.4E0);
#3830=CARTESIAN_POINT('',(1.676201838910E1,6.827759013971E0,1.4E0));
#3831=LINE('2584',#3830,#3829);
#3832=CURVE_STYLE('',#20,POSITIVE_LENGTH_MEASURE(2.E-2),#5);
#3833=PRESENTATION_STYLE_ASSIGNMENT((#3832));
#3834=STYLED_ITEM('',(#3833),#3831);
#3835=DIRECTION('',(0.E0,0.E0,1.E0));
#3836=VECTOR('',#3835,2.02E1);
#3837=CARTESIAN_POINT('',(1.664631331295E1,6.014955658247E0,0.E0));
#3838=LINE('2649',#3837,#3836);
#3839=CURVE_STYLE('',#20,POSITIVE_LENGTH_MEASURE(2.E-2),#5);
#3840=PRESENTATION_STYLE_ASSIGNMENT((#3839));
#3841=STYLED_ITEM('',(#3840),#3838);
#3842=CARTESIAN_POINT('',(3.742027650336E1,1.098030460797E1,1.4E0));
#3843=CARTESIAN_POINT('',(3.741029460241E1,1.096200966200E1,1.245280535208E0));
#3844=CARTESIAN_POINT('',(3.739359401496E1,1.093159271263E1,9.352737608978E-1));
#3845=CARTESIAN_POINT('',(3.737844815981E1,1.090420449104E1,4.680141174519E-1));
#3846=CARTESIAN_POINT('',(3.737511521304E1,1.089819912617E1,1.561299893718E-1));
#3847=CARTESIAN_POINT('',(3.737511521304E1,1.089819912617E1,0.E0));
#3849=CURVE_STYLE('',#20,POSITIVE_LENGTH_MEASURE(2.E-2),#5);
#3850=PRESENTATION_STYLE_ASSIGNMENT((#3849));
#3851=STYLED_ITEM('',(#3850),#3848);
#3852=CARTESIAN_POINT('',(2.135000000318E1,1.907982593621E0,4.E-1));
#3853=DIRECTION('',(0.E0,0.E0,1.E0));
#3854=DIRECTION('',(0.E0,1.E0,0.E0));
#3855=AXIS2_PLACEMENT_3D('',#3852,#3853,#3854);
#3857=CURVE_STYLE('',#20,POSITIVE_LENGTH_MEASURE(2.E-2),#5);
#3858=PRESENTATION_STYLE_ASSIGNMENT((#3857));
#3859=STYLED_ITEM('',(#3858),#3856);
#3860=DIRECTION('',(1.256073966947E-14,-7.071067811865E-1,7.071067811865E-1));
#3861=VECTOR('',#3860,5.656854249492E-1);
#3862=CARTESIAN_POINT('',(2.135000000318E1,3.157982593621E0,0.E0));
#3863=LINE('2392',#3862,#3861);
#3864=CURVE_STYLE('',#20,POSITIVE_LENGTH_MEASURE(2.E-2),#5);
#3865=PRESENTATION_STYLE_ASSIGNMENT((#3864));
#3866=STYLED_ITEM('',(#3865),#3863);
#3867=DIRECTION('',(0.E0,0.E0,1.E0));
#3868=VECTOR('',#3867,2.6E0);
#3869=CARTESIAN_POINT('',(2.135000000318E1,2.757982593621E0,4.E-1));
#3870=LINE('2217',#3869,#3868);
#3871=CURVE_STYLE('',#20,POSITIVE_LENGTH_MEASURE(2.E-2),#5);
#3872=PRESENTATION_STYLE_ASSIGNMENT((#3871));
#3873=STYLED_ITEM('',(#3872),#3870);
#3874=CARTESIAN_POINT('',(2.935000000318E1,1.907982593621E0,3.E0));
#3875=DIRECTION('',(0.E0,0.E0,-1.E0));
#3876=DIRECTION('',(0.E0,1.E0,0.E0));
#3877=AXIS2_PLACEMENT_3D('',#3874,#3875,#3876);
#3879=CURVE_STYLE('',#20,POSITIVE_LENGTH_MEASURE(2.E-2),#5);
#3880=PRESENTATION_STYLE_ASSIGNMENT((#3879));
#3881=STYLED_ITEM('',(#3880),#3878);
#3882=CARTESIAN_POINT('',(2.135000000318E1,1.907982593621E0,3.E0));
#3883=DIRECTION('',(0.E0,0.E0,-1.E0));
#3884=DIRECTION('',(-1.E0,0.E0,0.E0));
#3885=AXIS2_PLACEMENT_3D('',#3882,#3883,#3884);
#3887=CURVE_STYLE('',#20,POSITIVE_LENGTH_MEASURE(2.E-2),#5);
#3888=PRESENTATION_STYLE_ASSIGNMENT((#3887));
#3889=STYLED_ITEM('',(#3888),#3886);
#3890=CARTESIAN_POINT('',(2.135000000318E1,1.907982593621E0,3.E0));
#3891=DIRECTION('',(0.E0,0.E0,-1.E0));
#3892=DIRECTION('',(0.E0,-1.E0,0.E0));
#3893=AXIS2_PLACEMENT_3D('',#3890,#3891,#3892);
#3895=CURVE_STYLE('',#20,POSITIVE_LENGTH_MEASURE(2.E-2),#5);
#3896=PRESENTATION_STYLE_ASSIGNMENT((#3895));
#3897=STYLED_ITEM('',(#3896),#3894);
#3898=CARTESIAN_POINT('',(2.935000000318E1,1.907982593621E0,3.E0));
#3899=DIRECTION('',(0.E0,0.E0,-1.E0));
#3900=DIRECTION('',(1.E0,0.E0,0.E0));
#3901=AXIS2_PLACEMENT_3D('',#3898,#3899,#3900);
#3903=CURVE_STYLE('',#20,POSITIVE_LENGTH_MEASURE(2.E-2),#5);
#3904=PRESENTATION_STYLE_ASSIGNMENT((#3903));
#3905=STYLED_ITEM('',(#3904),#3902);
#3906=DIRECTION('',(0.E0,0.E0,-1.E0));
#3907=VECTOR('',#3906,2.6E0);
#3908=CARTESIAN_POINT('',(2.935000000318E1,2.757982593621E0,3.E0));
#3909=LINE('2545',#3908,#3907);
#3910=CURVE_STYLE('',#20,POSITIVE_LENGTH_MEASURE(2.E-2),#5);
#3911=PRESENTATION_STYLE_ASSIGNMENT((#3910));
#3912=STYLED_ITEM('',(#3911),#3909);
#3913=DIRECTION('',(0.E0,0.E0,1.E0));
#3914=VECTOR('',#3913,2.6E0);
#3915=CARTESIAN_POINT('',(2.935000000318E1,1.057982593621E0,4.E-1));
#3916=LINE('2495',#3915,#3914);
#3917=CURVE_STYLE('',#20,POSITIVE_LENGTH_MEASURE(2.E-2),#5);
#3918=PRESENTATION_STYLE_ASSIGNMENT((#3917));
#3919=STYLED_ITEM('',(#3918),#3916);
#3920=DIRECTION('',(-1.E0,0.E0,0.E0));
#3921=VECTOR('',#3920,8.E0);
#3922=CARTESIAN_POINT('',(2.935000000318E1,2.757982593621E0,3.E0));
#3923=LINE('2631',#3922,#3921);
#3924=CURVE_STYLE('',#20,POSITIVE_LENGTH_MEASURE(2.E-2),#5);
#3925=PRESENTATION_STYLE_ASSIGNMENT((#3924));
#3926=STYLED_ITEM('',(#3925),#3923);
#3927=DIRECTION('',(-1.E0,0.E0,0.E0));
#3928=VECTOR('',#3927,8.E0);
#3929=CARTESIAN_POINT('',(2.935000000318E1,2.757982593621E0,4.E-1));
#3930=LINE('2337',#3929,#3928);
#3931=CURVE_STYLE('',#20,POSITIVE_LENGTH_MEASURE(2.E-2),#5);
#3932=PRESENTATION_STYLE_ASSIGNMENT((#3931));
#3933=STYLED_ITEM('',(#3932),#3930);
#3934=DIRECTION('',(1.E0,0.E0,0.E0));
#3935=VECTOR('',#3934,8.E0);
#3936=CARTESIAN_POINT('',(2.135000000318E1,3.157982593621E0,0.E0));
#3937=LINE('2158',#3936,#3935);
#3938=CURVE_STYLE('',#20,POSITIVE_LENGTH_MEASURE(2.E-2),#5);
#3939=PRESENTATION_STYLE_ASSIGNMENT((#3938));
#3940=STYLED_ITEM('',(#3939),#3937);
#3941=DIRECTION('',(0.E0,7.071067811865E-1,-7.071067811865E-1));
#3942=VECTOR('',#3941,5.656854249492E-1);
#3943=CARTESIAN_POINT('',(2.935000000318E1,2.757982593621E0,4.E-1));
#3944=LINE('2308',#3943,#3942);
#3945=CURVE_STYLE('',#20,POSITIVE_LENGTH_MEASURE(2.E-2),#5);
#3946=PRESENTATION_STYLE_ASSIGNMENT((#3945));
#3947=STYLED_ITEM('',(#3946),#3944);
#3948=CARTESIAN_POINT('',(2.935000000318E1,1.907982593621E0,4.E-1));
#3949=DIRECTION('',(0.E0,0.E0,1.E0));
#3950=DIRECTION('',(1.E0,0.E0,0.E0));
#3951=AXIS2_PLACEMENT_3D('',#3948,#3949,#3950);
#3953=CURVE_STYLE('',#20,POSITIVE_LENGTH_MEASURE(2.E-2),#5);
#3954=PRESENTATION_STYLE_ASSIGNMENT((#3953));
#3955=STYLED_ITEM('',(#3954),#3952);
#3956=CARTESIAN_POINT('',(2.935000000318E1,1.907982593621E0,4.E-1));
#3957=DIRECTION('',(0.E0,0.E0,1.E0));
#3958=DIRECTION('',(0.E0,-1.E0,0.E0));
#3959=AXIS2_PLACEMENT_3D('',#3956,#3957,#3958);
#3961=CURVE_STYLE('',#20,POSITIVE_LENGTH_MEASURE(2.E-2),#5);
#3962=PRESENTATION_STYLE_ASSIGNMENT((#3961));
#3963=STYLED_ITEM('',(#3962),#3960);
#3964=DIRECTION('',(0.E0,7.071067811865E-1,7.071067811865E-1));
#3965=VECTOR('',#3964,5.656854249492E-1);
#3966=CARTESIAN_POINT('',(2.935000000318E1,6.579825936213E-1,0.E0));
#3967=LINE('2268',#3966,#3965);
#3968=CURVE_STYLE('',#20,POSITIVE_LENGTH_MEASURE(2.E-2),#5);
#3969=PRESENTATION_STYLE_ASSIGNMENT((#3968));
#3970=STYLED_ITEM('',(#3969),#3967);
#3971=DIRECTION('',(1.E0,0.E0,0.E0));
#3972=VECTOR('',#3971,8.E0);
#3973=CARTESIAN_POINT('',(2.135000000318E1,1.057982593621E0,4.E-1));
#3974=LINE('2292',#3973,#3972);
#3975=CURVE_STYLE('',#20,POSITIVE_LENGTH_MEASURE(2.E-2),#5);
#3976=PRESENTATION_STYLE_ASSIGNMENT((#3975));
#3977=STYLED_ITEM('',(#3976),#3974);
#3978=DIRECTION('',(-1.E0,0.E0,0.E0));
#3979=VECTOR('',#3978,8.E0);
#3980=CARTESIAN_POINT('',(2.935000000318E1,6.579825936213E-1,0.E0));
#3981=LINE('2294',#3980,#3979);
#3982=CURVE_STYLE('',#20,POSITIVE_LENGTH_MEASURE(2.E-2),#5);
#3983=PRESENTATION_STYLE_ASSIGNMENT((#3982));
#3984=STYLED_ITEM('',(#3983),#3981);
#3985=DIRECTION('',(1.E0,0.E0,0.E0));
#3986=VECTOR('',#3985,8.E0);
#3987=CARTESIAN_POINT('',(2.135000000318E1,1.057982593621E0,3.E0));
#3988=LINE('2349',#3987,#3986);
#3989=CURVE_STYLE('',#20,POSITIVE_LENGTH_MEASURE(2.E-2),#5);
#3990=PRESENTATION_STYLE_ASSIGNMENT((#3989));
#3991=STYLED_ITEM('',(#3990),#3988);
#3992=DIRECTION('',(0.E0,0.E0,1.E0));
#3993=VECTOR('',#3992,2.6E0);
#3994=CARTESIAN_POINT('',(2.050000000318E1,1.907982593621E0,4.E-1));
#3995=LINE('2402',#3994,#3993);
#3996=CURVE_STYLE('',#20,POSITIVE_LENGTH_MEASURE(2.E-2),#5);
#3997=PRESENTATION_STYLE_ASSIGNMENT((#3996));
#3998=STYLED_ITEM('',(#3997),#3995);
#3999=DIRECTION('',(0.E0,0.E0,-1.E0));
#4000=VECTOR('',#3999,2.6E0);
#4001=CARTESIAN_POINT('',(2.135000000318E1,1.057982593621E0,3.E0));
#4002=LINE('2195',#4001,#4000);
#4003=CURVE_STYLE('',#20,POSITIVE_LENGTH_MEASURE(2.E-2),#5);
#4004=PRESENTATION_STYLE_ASSIGNMENT((#4003));
#4005=STYLED_ITEM('',(#4004),#4002);
#4006=DIRECTION('',(7.071067811865E-1,0.E0,7.071067811866E-1));
#4007=VECTOR('',#4006,5.656854249492E-1);
#4008=CARTESIAN_POINT('',(2.010000000318E1,1.907982593621E0,0.E0));
#4009=LINE('2184',#4008,#4007);
#4010=CURVE_STYLE('',#20,POSITIVE_LENGTH_MEASURE(2.E-2),#5);
#4011=PRESENTATION_STYLE_ASSIGNMENT((#4010));
#4012=STYLED_ITEM('',(#4011),#4009);
#4013=DIRECTION('',(0.E0,-7.071067811865E-1,-7.071067811865E-1));
#4014=VECTOR('',#4013,5.656854249492E-1);
#4015=CARTESIAN_POINT('',(2.135000000318E1,1.057982593621E0,4.E-1));
#4016=LINE('2166',#4015,#4014);
#4017=CURVE_STYLE('',#20,POSITIVE_LENGTH_MEASURE(2.E-2),#5);
#4018=PRESENTATION_STYLE_ASSIGNMENT((#4017));
#4019=STYLED_ITEM('',(#4018),#4016);
#4020=CARTESIAN_POINT('',(2.135000000318E1,1.907982593621E0,4.E-1));
#4021=DIRECTION('',(0.E0,0.E0,1.E0));
#4022=DIRECTION('',(-1.E0,0.E0,0.E0));
#4023=AXIS2_PLACEMENT_3D('',#4020,#4021,#4022);
#4025=CURVE_STYLE('',#20,POSITIVE_LENGTH_MEASURE(2.E-2),#5);
#4026=PRESENTATION_STYLE_ASSIGNMENT((#4025));
#4027=STYLED_ITEM('',(#4026),#4024);
#4028=CARTESIAN_POINT('',(3.700000000319E1,4.999999997016E0,5.E-1));
#4029=DIRECTION('',(0.E0,0.E0,1.E0));
#4030=DIRECTION('',(-1.E0,0.E0,0.E0));
#4031=AXIS2_PLACEMENT_3D('',#4028,#4029,#4030);
#4033=CURVE_STYLE('',#20,POSITIVE_LENGTH_MEASURE(2.E-2),#5);
#4034=PRESENTATION_STYLE_ASSIGNMENT((#4033));
#4035=STYLED_ITEM('',(#4034),#4032);
#4036=DIRECTION('',(7.071067811866E-1,0.E0,7.071067811865E-1));
#4037=VECTOR('',#4036,7.071067811866E-1);
#4038=CARTESIAN_POINT('',(3.480000000319E1,4.999999997016E0,0.E0));
#4039=LINE('2139',#4038,#4037);
#4040=CURVE_STYLE('',#20,POSITIVE_LENGTH_MEASURE(2.E-2),#5);
#4041=PRESENTATION_STYLE_ASSIGNMENT((#4040));
#4042=STYLED_ITEM('',(#4041),#4039);
#4043=DIRECTION('',(0.E0,0.E0,1.E0));
#4044=VECTOR('',#4043,2.19E1);
#4045=CARTESIAN_POINT('',(3.530000000319E1,4.999999997016E0,5.E-1));
#4046=LINE('2436',#4045,#4044);
#4047=CURVE_STYLE('',#20,POSITIVE_LENGTH_MEASURE(2.E-2),#5);
#4048=PRESENTATION_STYLE_ASSIGNMENT((#4047));
#4049=STYLED_ITEM('',(#4048),#4046);
#4050=CARTESIAN_POINT('',(3.900000000319E1,4.999999997016E0,2.24E1));
#4051=DIRECTION('',(0.E0,-1.E0,0.E0));
#4052=DIRECTION('',(0.E0,0.E0,1.E0));
#4053=AXIS2_PLACEMENT_3D('',#4050,#4051,#4052);
#4055=CURVE_STYLE('',#20,POSITIVE_LENGTH_MEASURE(2.E-2),#5);
#4056=PRESENTATION_STYLE_ASSIGNMENT((#4055));
#4057=STYLED_ITEM('',(#4056),#4054);
#4058=CARTESIAN_POINT('',(3.700000000319E1,4.999999997016E0,2.24E1));
#4059=DIRECTION('',(0.E0,0.E0,-1.E0));
#4060=DIRECTION('',(1.E0,0.E0,0.E0));
#4061=AXIS2_PLACEMENT_3D('',#4058,#4059,#4060);
#4063=CURVE_STYLE('',#20,POSITIVE_LENGTH_MEASURE(2.E-2),#5);
#4064=PRESENTATION_STYLE_ASSIGNMENT((#4063));
#4065=STYLED_ITEM('',(#4064),#4062);
#4066=CARTESIAN_POINT('',(3.700000000319E1,4.999999997016E0,2.24E1));
#4067=DIRECTION('',(0.E0,0.E0,-1.E0));
#4068=DIRECTION('',(-1.E0,0.E0,0.E0));
#4069=AXIS2_PLACEMENT_3D('',#4066,#4067,#4068);
#4071=CURVE_STYLE('',#20,POSITIVE_LENGTH_MEASURE(2.E-2),#5);
#4072=PRESENTATION_STYLE_ASSIGNMENT((#4071));
#4073=STYLED_ITEM('',(#4072),#4070);
#4074=CARTESIAN_POINT('',(3.500000000319E1,4.999999997016E0,2.24E1));
#4075=DIRECTION('',(0.E0,1.E0,0.E0));
#4076=DIRECTION('',(0.E0,0.E0,1.E0));
#4077=AXIS2_PLACEMENT_3D('',#4074,#4075,#4076);
#4079=CURVE_STYLE('',#20,POSITIVE_LENGTH_MEASURE(2.E-2),#5);
#4080=PRESENTATION_STYLE_ASSIGNMENT((#4079));
#4081=STYLED_ITEM('',(#4080),#4078);
#4082=DIRECTION('',(0.E0,0.E0,1.E0));
#4083=VECTOR('',#4082,2.19E1);
#4084=CARTESIAN_POINT('',(3.870000000319E1,4.999999997016E0,5.E-1));
#4085=LINE('2327',#4084,#4083);
#4086=CURVE_STYLE('',#20,POSITIVE_LENGTH_MEASURE(2.E-2),#5);
#4087=PRESENTATION_STYLE_ASSIGNMENT((#4086));
#4088=STYLED_ITEM('',(#4087),#4085);
#4089=DIRECTION('',(-7.071067811865E-1,0.E0,7.071067811866E-1));
#4090=VECTOR('',#4089,7.071067811865E-1);
#4091=CARTESIAN_POINT('',(3.920000000319E1,4.999999997016E0,0.E0));
#4092=LINE('2131',#4091,#4090);
#4093=CURVE_STYLE('',#20,POSITIVE_LENGTH_MEASURE(2.E-2),#5);
#4094=PRESENTATION_STYLE_ASSIGNMENT((#4093));
#4095=STYLED_ITEM('',(#4094),#4092);
#4096=CARTESIAN_POINT('',(3.700000000319E1,4.999999997016E0,5.E-1));
#4097=DIRECTION('',(0.E0,0.E0,1.E0));
#4098=DIRECTION('',(1.E0,0.E0,0.E0));
#4099=AXIS2_PLACEMENT_3D('',#4096,#4097,#4098);
#4101=CURVE_STYLE('',#20,POSITIVE_LENGTH_MEASURE(2.E-2),#5);
#4102=PRESENTATION_STYLE_ASSIGNMENT((#4101));
#4103=STYLED_ITEM('',(#4102),#4100);
#4104=CARTESIAN_POINT('',(3.7E1,5.E-1,2.22E1));
#4105=DIRECTION('',(1.E0,0.E0,0.E0));
#4106=DIRECTION('',(0.E0,0.E0,1.E0));
#4107=AXIS2_PLACEMENT_3D('',#4104,#4105,#4106);
#4109=CURVE_STYLE('',#20,POSITIVE_LENGTH_MEASURE(2.E-2),#5);
#4110=PRESENTATION_STYLE_ASSIGNMENT((#4109));
#4111=STYLED_ITEM('',(#4110),#4108);
#4112=CARTESIAN_POINT('',(4.15E1,5.E0,2.22E1));
#4113=DIRECTION('',(0.E0,-1.E0,0.E0));
#4114=DIRECTION('',(1.E0,0.E0,0.E0));
#4115=AXIS2_PLACEMENT_3D('',#4112,#4113,#4114);
#4117=CURVE_STYLE('',#20,POSITIVE_LENGTH_MEASURE(2.E-2),#5);
#4118=PRESENTATION_STYLE_ASSIGNMENT((#4117));
#4119=STYLED_ITEM('',(#4118),#4116);
#4120=CARTESIAN_POINT('',(3.7E1,5.E0,2.22E1));
#4121=DIRECTION('',(0.E0,0.E0,1.E0));
#4122=DIRECTION('',(0.E0,-1.E0,0.E0));
#4123=AXIS2_PLACEMENT_3D('',#4120,#4121,#4122);
#4125=CURVE_STYLE('',#20,POSITIVE_LENGTH_MEASURE(2.E-2),#5);
#4126=PRESENTATION_STYLE_ASSIGNMENT((#4125));
#4127=STYLED_ITEM('',(#4126),#4124);
#4128=DIRECTION('',(0.E0,1.E0,0.E0));
#4129=VECTOR('',#4128,4.5E1);
#4130=CARTESIAN_POINT('',(4.2E1,5.E0,2.22E1));
#4131=LINE('2135',#4130,#4129);
#4132=CURVE_STYLE('',#20,POSITIVE_LENGTH_MEASURE(2.E-2),#5);
#4133=PRESENTATION_STYLE_ASSIGNMENT((#4132));
#4134=STYLED_ITEM('',(#4133),#4131);
#4135=DIRECTION('',(0.E0,-1.E0,0.E0));
#4136=VECTOR('',#4135,4.5E1);
#4137=CARTESIAN_POINT('',(4.15E1,5.E1,2.27E1));
#4138=LINE('2296',#4137,#4136);
#4139=CURVE_STYLE('',#20,POSITIVE_LENGTH_MEASURE(2.E-2),#5);
#4140=PRESENTATION_STYLE_ASSIGNMENT((#4139));
#4141=STYLED_ITEM('',(#4140),#4138);
#4142=CARTESIAN_POINT('',(3.7E1,5.45E1,2.22E1));
#4143=DIRECTION('',(1.E0,0.E0,0.E0));
#4144=DIRECTION('',(0.E0,1.E0,0.E0));
#4145=AXIS2_PLACEMENT_3D('',#4142,#4143,#4144);
#4147=CURVE_STYLE('',#20,POSITIVE_LENGTH_MEASURE(2.E-2),#5);
#4148=PRESENTATION_STYLE_ASSIGNMENT((#4147));
#4149=STYLED_ITEM('',(#4148),#4146);
#4150=CARTESIAN_POINT('',(3.7E1,5.E1,2.22E1));
#4151=DIRECTION('',(0.E0,0.E0,1.E0));
#4152=DIRECTION('',(1.E0,0.E0,0.E0));
#4153=AXIS2_PLACEMENT_3D('',#4150,#4151,#4152);
#4155=CURVE_STYLE('',#20,POSITIVE_LENGTH_MEASURE(2.E-2),#5);
#4156=PRESENTATION_STYLE_ASSIGNMENT((#4155));
#4157=STYLED_ITEM('',(#4156),#4154);
#4158=CARTESIAN_POINT('',(4.15E1,5.E1,2.22E1));
#4159=DIRECTION('',(0.E0,1.E0,0.E0));
#4160=DIRECTION('',(0.E0,0.E0,1.E0));
#4161=AXIS2_PLACEMENT_3D('',#4158,#4159,#4160);
#4163=CURVE_STYLE('',#20,POSITIVE_LENGTH_MEASURE(2.E-2),#5);
#4164=PRESENTATION_STYLE_ASSIGNMENT((#4163));
#4165=STYLED_ITEM('',(#4164),#4162);
#4166=DIRECTION('',(0.E0,0.E0,1.E0));
#4167=VECTOR('',#4166,2.E0);
#4168=CARTESIAN_POINT('',(5.E0,0.E0,2.02E1));
#4169=LINE('2425',#4168,#4167);
#4170=CURVE_STYLE('',#20,POSITIVE_LENGTH_MEASURE(2.E-2),#5);
#4171=PRESENTATION_STYLE_ASSIGNMENT((#4170));
#4172=STYLED_ITEM('',(#4171),#4169);
#4173=DIRECTION('',(0.E0,0.E0,-1.E0));
#4174=VECTOR('',#4173,2.E0);
#4175=CARTESIAN_POINT('',(0.E0,5.E0,2.22E1));
#4176=LINE('2559',#4175,#4174);
#4177=CURVE_STYLE('',#20,POSITIVE_LENGTH_MEASURE(2.E-2),#5);
#4178=PRESENTATION_STYLE_ASSIGNMENT((#4177));
#4179=STYLED_ITEM('',(#4178),#4176);
#4180=DIRECTION('',(0.E0,0.E0,-1.E0));
#4181=VECTOR('',#4180,2.02E1);
#4182=CARTESIAN_POINT('',(0.E0,4.659529143810E1,2.02E1));
#4183=LINE('2201',#4182,#4181);
#4184=CURVE_STYLE('',#20,POSITIVE_LENGTH_MEASURE(2.E-2),#5);
#4185=PRESENTATION_STYLE_ASSIGNMENT((#4184));
#4186=STYLED_ITEM('',(#4185),#4183);
#4187=DIRECTION('',(0.E0,0.E0,1.E0));
#4188=VECTOR('',#4187,1.988312831243E1);
#4189=CARTESIAN_POINT('',(5.175840664318E0,4.774658410419E1,3.168716875721E-1));
#4190=LINE('2429',#4189,#4188);
#4191=CURVE_STYLE('',#20,POSITIVE_LENGTH_MEASURE(2.E-2),#5);
#4192=PRESENTATION_STYLE_ASSIGNMENT((#4191));
#4193=STYLED_ITEM('',(#4192),#4190);
#4194=DIRECTION('',(7.071067811865E-1,0.E0,7.071067811866E-1));
#4195=VECTOR('',#4194,5.656854249492E-1);
#4196=CARTESIAN_POINT('',(3.399999999998E0,4.95E1,0.E0));
#4197=LINE('2265',#4196,#4195);
#4198=CURVE_STYLE('',#20,POSITIVE_LENGTH_MEASURE(2.E-2),#5);
#4199=PRESENTATION_STYLE_ASSIGNMENT((#4198));
#4200=STYLED_ITEM('',(#4199),#4197);
#4201=CARTESIAN_POINT('',(5.175840664318E0,4.774658410419E1,3.168716875721E-1));
#4202=CARTESIAN_POINT('',(5.106525971409E0,4.773569788937E1,2.935659800582E-1));
#4203=CARTESIAN_POINT('',(4.966080882747E0,4.771328478987E1,2.387635906482E-1));
#4204=CARTESIAN_POINT('',(4.749905058400E0,4.767764594773E1,1.324652786228E-1));
#4205=CARTESIAN_POINT('',(4.601665584587E0,4.765240252609E1,4.648175536800E-2));
#4206=CARTESIAN_POINT('',(4.526336833252E0,4.763936031491E1,0.E0));
#4208=CURVE_STYLE('',#20,POSITIVE_LENGTH_MEASURE(2.E-2),#5);
#4209=PRESENTATION_STYLE_ASSIGNMENT((#4208));
#4210=STYLED_ITEM('',(#4209),#4207);
#4211=CARTESIAN_POINT('',(5.061249539896E0,4.785759382801E1,4.E-1));
#4212=CARTESIAN_POINT('',(5.074025004224E0,4.784521764466E1,3.913403064248E-1));
#4213=CARTESIAN_POINT('',(5.099537556732E0,4.782050245470E1,3.736087315829E-1));
#4214=CARTESIAN_POINT('',(5.137740176366E0,4.778349380960E1,3.458888745693E-1));
#4215=CARTESIAN_POINT('',(5.163145309615E0,4.775888268164E1,3.266574126595E-1));
#4216=CARTESIAN_POINT('',(5.175840664318E0,4.774658410419E1,3.168716875721E-1));
#4218=CURVE_STYLE('',#20,POSITIVE_LENGTH_MEASURE(2.E-2),#5);
#4219=PRESENTATION_STYLE_ASSIGNMENT((#4218));
#4220=STYLED_ITEM('',(#4219),#4217);
#4221=CARTESIAN_POINT('',(5.499999999998E0,4.95E1,4.E-1));
#4222=DIRECTION('',(0.E0,0.E0,1.E0));
#4223=DIRECTION('',(-1.E0,0.E0,0.E0));
#4224=AXIS2_PLACEMENT_3D('',#4221,#4222,#4223);
#4226=CURVE_STYLE('',#20,POSITIVE_LENGTH_MEASURE(2.E-2),#5);
#4227=PRESENTATION_STYLE_ASSIGNMENT((#4226));
#4228=STYLED_ITEM('',(#4227),#4225);
#4229=DIRECTION('',(0.E0,0.E0,1.E0));
#4230=VECTOR('',#4229,2.22E1);
#4231=CARTESIAN_POINT('',(0.E0,5.E1,0.E0));
#4232=LINE('2603',#4231,#4230);
#4233=CURVE_STYLE('',#20,POSITIVE_LENGTH_MEASURE(2.E-2),#5);
#4234=PRESENTATION_STYLE_ASSIGNMENT((#4233));
#4235=STYLED_ITEM('',(#4234),#4232);
#4236=DIRECTION('',(0.E0,0.E0,-1.E0));
#4237=VECTOR('',#4236,2.22E1);
#4238=CARTESIAN_POINT('',(5.E0,5.5E1,2.22E1));
#4239=LINE('2477',#4238,#4237);
#4240=CURVE_STYLE('',#20,POSITIVE_LENGTH_MEASURE(2.E-2),#5);
#4241=PRESENTATION_STYLE_ASSIGNMENT((#4240));
#4242=STYLED_ITEM('',(#4241),#4239);
#4243=CARTESIAN_POINT('',(3.65E1,4.95E1,2.22E1));
#4244=DIRECTION('',(0.E0,0.E0,-1.E0));
#4245=DIRECTION('',(-1.E0,0.E0,0.E0));
#4246=AXIS2_PLACEMENT_3D('',#4243,#4244,#4245);
#4248=CURVE_STYLE('',#20,POSITIVE_LENGTH_MEASURE(2.E-2),#5);
#4249=PRESENTATION_STYLE_ASSIGNMENT((#4248));
#4250=STYLED_ITEM('',(#4249),#4247);
#4251=CARTESIAN_POINT('',(3.43E1,4.95E1,2.22E1));
#4252=DIRECTION('',(0.E0,1.E0,0.E0));
#4253=DIRECTION('',(0.E0,0.E0,1.E0));
#4254=AXIS2_PLACEMENT_3D('',#4251,#4252,#4253);
#4256=CURVE_STYLE('',#20,POSITIVE_LENGTH_MEASURE(2.E-2),#5);
#4257=PRESENTATION_STYLE_ASSIGNMENT((#4256));
#4258=STYLED_ITEM('',(#4257),#4255);
#4259=DIRECTION('',(0.E0,0.E0,1.E0));
#4260=VECTOR('',#4259,2.17E1);
#4261=CARTESIAN_POINT('',(3.82E1,4.95E1,5.E-1));
#4262=LINE('2251',#4261,#4260);
#4263=CURVE_STYLE('',#20,POSITIVE_LENGTH_MEASURE(2.E-2),#5);
#4264=PRESENTATION_STYLE_ASSIGNMENT((#4263));
#4265=STYLED_ITEM('',(#4264),#4262);
#4266=DIRECTION('',(0.E0,0.E0,1.E0));
#4267=VECTOR('',#4266,2.17E1);
#4268=CARTESIAN_POINT('',(3.48E1,4.95E1,5.E-1));
#4269=LINE('2165',#4268,#4267);
#4270=CURVE_STYLE('',#20,POSITIVE_LENGTH_MEASURE(2.E-2),#5);
#4271=PRESENTATION_STYLE_ASSIGNMENT((#4270));
#4272=STYLED_ITEM('',(#4271),#4269);
#4273=CARTESIAN_POINT('',(3.87E1,4.95E1,2.22E1));
#4274=DIRECTION('',(0.E0,-1.E0,0.E0));
#4275=DIRECTION('',(0.E0,0.E0,1.E0));
#4276=AXIS2_PLACEMENT_3D('',#4273,#4274,#4275);
#4278=CURVE_STYLE('',#20,POSITIVE_LENGTH_MEASURE(2.E-2),#5);
#4279=PRESENTATION_STYLE_ASSIGNMENT((#4278));
#4280=STYLED_ITEM('',(#4279),#4277);
#4281=CARTESIAN_POINT('',(3.65E1,4.95E1,2.22E1));
#4282=DIRECTION('',(0.E0,0.E0,-1.E0));
#4283=DIRECTION('',(1.E0,0.E0,0.E0));
#4284=AXIS2_PLACEMENT_3D('',#4281,#4282,#4283);
#4286=CURVE_STYLE('',#20,POSITIVE_LENGTH_MEASURE(2.E-2),#5);
#4287=PRESENTATION_STYLE_ASSIGNMENT((#4286));
#4288=STYLED_ITEM('',(#4287),#4285);
#4289=CARTESIAN_POINT('',(3.65E1,4.95E1,5.E-1));
#4290=DIRECTION('',(0.E0,0.E0,1.E0));
#4291=DIRECTION('',(-1.E0,0.E0,0.E0));
#4292=AXIS2_PLACEMENT_3D('',#4289,#4290,#4291);
#4294=CURVE_STYLE('',#20,POSITIVE_LENGTH_MEASURE(2.E-2),#5);
#4295=PRESENTATION_STYLE_ASSIGNMENT((#4294));
#4296=STYLED_ITEM('',(#4295),#4293);
#4297=DIRECTION('',(7.071067811865E-1,0.E0,7.071067811865E-1));
#4298=VECTOR('',#4297,7.071067811866E-1);
#4299=CARTESIAN_POINT('',(3.43E1,4.95E1,0.E0));
#4300=LINE('2397',#4299,#4298);
#4301=CURVE_STYLE('',#20,POSITIVE_LENGTH_MEASURE(2.E-2),#5);
#4302=PRESENTATION_STYLE_ASSIGNMENT((#4301));
#4303=STYLED_ITEM('',(#4302),#4300);
#4304=DIRECTION('',(-7.071067811865E-1,0.E0,7.071067811865E-1));
#4305=VECTOR('',#4304,7.071067811866E-1);
#4306=CARTESIAN_POINT('',(3.87E1,4.95E1,0.E0));
#4307=LINE('2324',#4306,#4305);
#4308=CURVE_STYLE('',#20,POSITIVE_LENGTH_MEASURE(2.E-2),#5);
#4309=PRESENTATION_STYLE_ASSIGNMENT((#4308));
#4310=STYLED_ITEM('',(#4309),#4307);
#4311=CARTESIAN_POINT('',(3.65E1,4.95E1,5.E-1));
#4312=DIRECTION('',(0.E0,0.E0,1.E0));
#4313=DIRECTION('',(1.E0,0.E0,0.E0));
#4314=AXIS2_PLACEMENT_3D('',#4311,#4312,#4313);
#4316=CURVE_STYLE('',#20,POSITIVE_LENGTH_MEASURE(2.E-2),#5);
#4317=PRESENTATION_STYLE_ASSIGNMENT((#4316));
#4318=STYLED_ITEM('',(#4317),#4315);
#4319=DIRECTION('',(8.290375725550E-1,-1.845779389230E-9,5.591929034707E-1));
#4320=VECTOR('',#4319,1.430633316775E0);
#4321=CARTESIAN_POINT('',(1.420000000044E1,6.205965188425E0,2.189999999815E1));
#4322=LINE('2972',#4321,#4320);
#4323=CURVE_STYLE('',#20,POSITIVE_LENGTH_MEASURE(2.E-2),#5);
#4324=PRESENTATION_STYLE_ASSIGNMENT((#4323));
#4325=STYLED_ITEM('',(#4324),#4322);
#4326=CARTESIAN_POINT('',(1.170000000319E1,6.205965191159E0,2.19E1));
#4327=DIRECTION('',(0.E0,0.E0,1.E0));
#4328=DIRECTION('',(1.E0,0.E0,0.E0));
#4329=AXIS2_PLACEMENT_3D('',#4326,#4327,#4328);
#4331=CURVE_STYLE('',#20,POSITIVE_LENGTH_MEASURE(2.E-2),#5);
#4332=PRESENTATION_STYLE_ASSIGNMENT((#4331));
#4333=STYLED_ITEM('',(#4332),#4330);
#4334=DIRECTION('',(1.616964341964E-9,1.608165106105E-9,-1.E0));
#4335=VECTOR('',#4334,1.699999998146E0);
#4336=CARTESIAN_POINT('',(1.420000000044E1,6.205965188425E0,2.189999999815E1));
#4337=LINE('2970',#4336,#4335);
#4338=CURVE_STYLE('',#20,POSITIVE_LENGTH_MEASURE(2.E-2),#5);
#4339=PRESENTATION_STYLE_ASSIGNMENT((#4338));
#4340=STYLED_ITEM('',(#4339),#4337);
#4341=DIRECTION('',(1.616963297049E-9,1.608165106105E-9,1.E0));
#4342=VECTOR('',#4341,1.699999998146E0);
#4343=CARTESIAN_POINT('',(9.200000003187E0,6.205965191159E0,2.02E1));
#4344=LINE('2969',#4343,#4342);
#4345=CURVE_STYLE('',#20,POSITIVE_LENGTH_MEASURE(2.E-2),#5);
#4346=PRESENTATION_STYLE_ASSIGNMENT((#4345));
#4347=STYLED_ITEM('',(#4346),#4344);
#4348=CARTESIAN_POINT('',(1.170000000319E1,6.205965191159E0,2.19E1));
#4349=DIRECTION('',(0.E0,0.E0,1.E0));
#4350=DIRECTION('',(-1.E0,0.E0,0.E0));
#4351=AXIS2_PLACEMENT_3D('',#4348,#4349,#4350);
#4353=CURVE_STYLE('',#20,POSITIVE_LENGTH_MEASURE(2.E-2),#5);
#4354=PRESENTATION_STYLE_ASSIGNMENT((#4353));
#4355=STYLED_ITEM('',(#4354),#4352);
#4356=DIRECTION('',(-8.290375725550E-1,1.845779389230E-9,5.591929034707E-1));
#4357=VECTOR('',#4356,1.430633316775E0);
#4358=CARTESIAN_POINT('',(9.200000005936E0,6.205965193893E0,2.189999999815E1));
#4359=LINE('2971',#4358,#4357);
#4360=CURVE_STYLE('',#20,POSITIVE_LENGTH_MEASURE(2.E-2),#5);
#4361=PRESENTATION_STYLE_ASSIGNMENT((#4360));
#4362=STYLED_ITEM('',(#4361),#4359);
#4363=CARTESIAN_POINT('',(2.535000000318E1,1.756596519116E1,1.98E1));
#4364=DIRECTION('',(0.E0,0.E0,-1.E0));
#4365=DIRECTION('',(-1.E0,0.E0,0.E0));
#4366=AXIS2_PLACEMENT_3D('',#4363,#4364,#4365);
#4368=CURVE_STYLE('',#20,POSITIVE_LENGTH_MEASURE(2.E-2),#5);
#4369=PRESENTATION_STYLE_ASSIGNMENT((#4368));
#4370=STYLED_ITEM('',(#4369),#4367);
#4371=DIRECTION('',(0.E0,0.E0,1.E0));
#4372=VECTOR('',#4371,1.6E0);
#4373=CARTESIAN_POINT('',(2.940000000318E1,1.756596519116E1,1.82E1));
#4374=LINE('3024',#4373,#4372);
#4375=CURVE_STYLE('',#20,POSITIVE_LENGTH_MEASURE(2.E-2),#5);
#4376=PRESENTATION_STYLE_ASSIGNMENT((#4375));
#4377=STYLED_ITEM('',(#4376),#4374);
#4378=DIRECTION('',(-7.071067811865E-1,0.E0,7.071067811866E-1));
#4379=VECTOR('',#4378,4.242640687119E-1);
#4380=CARTESIAN_POINT('',(2.970000000318E1,1.756596519116E1,1.79E1));
#4381=LINE('2536',#4380,#4379);
#4382=CURVE_STYLE('',#20,POSITIVE_LENGTH_MEASURE(2.E-2),#5);
#4383=PRESENTATION_STYLE_ASSIGNMENT((#4382));
#4384=STYLED_ITEM('',(#4383),#4381);
#4385=CARTESIAN_POINT('',(2.535000000318E1,1.756596519116E1,1.82E1));
#4386=DIRECTION('',(0.E0,0.E0,1.E0));
#4387=DIRECTION('',(1.E0,0.E0,0.E0));
#4388=AXIS2_PLACEMENT_3D('',#4385,#4386,#4387);
#4390=CURVE_STYLE('',#20,POSITIVE_LENGTH_MEASURE(2.E-2),#5);
#4391=PRESENTATION_STYLE_ASSIGNMENT((#4390));
#4392=STYLED_ITEM('',(#4391),#4389);
#4393=DIRECTION('',(0.E0,0.E0,1.E0));
#4394=VECTOR('',#4393,5.E0);
#4395=CARTESIAN_POINT('',(2.100000000318E1,2.799999999701E1,6.5E0));
#4396=LINE('2592',#4395,#4394);
#4397=CURVE_STYLE('',#20,POSITIVE_LENGTH_MEASURE(2.E-2),#5);
#4398=PRESENTATION_STYLE_ASSIGNMENT((#4397));
#4399=STYLED_ITEM('',(#4398),#4396);
#4400=DIRECTION('',(0.E0,0.E0,-1.E0));
#4401=VECTOR('',#4400,5.E0);
#4402=CARTESIAN_POINT('',(2.547213595818E1,2.999999999701E1,1.15E1));
#4403=LINE('2487',#4402,#4401);
#4404=CURVE_STYLE('',#20,POSITIVE_LENGTH_MEASURE(2.E-2),#5);
#4405=PRESENTATION_STYLE_ASSIGNMENT((#4404));
#4406=STYLED_ITEM('',(#4405),#4403);
#4407=DIRECTION('',(1.E0,0.E0,0.E0));
#4408=VECTOR('',#4407,4.649999996815E0);
#4409=CARTESIAN_POINT('',(2.100000000318E1,2.799999999701E1,6.5E0));
#4410=LINE('2514',#4409,#4408);
#4411=CURVE_STYLE('',#20,POSITIVE_LENGTH_MEASURE(2.E-2),#5);
#4412=PRESENTATION_STYLE_ASSIGNMENT((#4411));
#4413=STYLED_ITEM('',(#4412),#4410);
#4414=DIRECTION('',(-1.E0,0.E0,0.E0));
#4415=VECTOR('',#4414,7.176052608941E0);
#4416=CARTESIAN_POINT('',(2.565E1,2.799999999701E1,1.4E0));
#4417=LINE('2369',#4416,#4415);
#4418=CURVE_STYLE('',#20,POSITIVE_LENGTH_MEASURE(2.E-2),#5);
#4419=PRESENTATION_STYLE_ASSIGNMENT((#4418));
#4420=STYLED_ITEM('',(#4419),#4417);
#4421=DIRECTION('',(0.E0,-1.E0,0.E0));
#4422=VECTOR('',#4421,2.E0);
#4423=CARTESIAN_POINT('',(2.565E1,2.999999999701E1,6.5E0));
#4424=LINE('2513',#4423,#4422);
#4425=CURVE_STYLE('',#20,POSITIVE_LENGTH_MEASURE(2.E-2),#5);
#4426=PRESENTATION_STYLE_ASSIGNMENT((#4425));
#4427=STYLED_ITEM('',(#4426),#4424);
#4428=CARTESIAN_POINT('',(2.100000000318E1,3.399999999701E1,6.5E0));
#4429=DIRECTION('',(0.E0,0.E0,1.E0));
#4430=DIRECTION('',(0.E0,-1.E0,0.E0));
#4431=AXIS2_PLACEMENT_3D('',#4428,#4429,#4430);
#4433=CURVE_STYLE('',#20,POSITIVE_LENGTH_MEASURE(2.E-2),#5);
#4434=PRESENTATION_STYLE_ASSIGNMENT((#4433));
#4435=STYLED_ITEM('',(#4434),#4432);
#4436=DIRECTION('',(-1.E0,0.E0,0.E0));
#4437=VECTOR('',#4436,1.778640418159E-1);
#4438=CARTESIAN_POINT('',(2.565E1,2.999999999701E1,6.5E0));
#4439=LINE('2227',#4438,#4437);
#4440=CURVE_STYLE('',#20,POSITIVE_LENGTH_MEASURE(2.E-2),#5);
#4441=PRESENTATION_STYLE_ASSIGNMENT((#4440));
#4442=STYLED_ITEM('',(#4441),#4439);
#4443=DIRECTION('',(0.E0,0.E0,-1.E0));
#4444=VECTOR('',#4443,8.7E0);
#4445=CARTESIAN_POINT('',(1.742066115996E1,2.906895122828E1,2.02E1));
#4446=LINE('2350',#4445,#4444);
#4447=CURVE_STYLE('',#20,POSITIVE_LENGTH_MEASURE(2.E-2),#5);
#4448=PRESENTATION_STYLE_ASSIGNMENT((#4447));
#4449=STYLED_ITEM('',(#4448),#4446);
#4450=DIRECTION('',(0.E0,0.E0,1.E0));
#4451=VECTOR('',#4450,1.88E1);
#4452=CARTESIAN_POINT('',(1.914865618171E1,2.577684044965E1,1.4E0));
#4453=LINE('2358',#4452,#4451);
#4454=CURVE_STYLE('',#20,POSITIVE_LENGTH_MEASURE(2.E-2),#5);
#4455=PRESENTATION_STYLE_ASSIGNMENT((#4454));
#4456=STYLED_ITEM('',(#4455),#4453);
#4457=DIRECTION('',(0.E0,0.E0,-1.E0));
#4458=VECTOR('',#4457,1.01E1);
#4459=CARTESIAN_POINT('',(1.847394739106E1,2.799999999701E1,1.15E1));
#4460=LINE('2447',#4459,#4458);
#4461=CURVE_STYLE('',#20,POSITIVE_LENGTH_MEASURE(2.E-2),#5);
#4462=PRESENTATION_STYLE_ASSIGNMENT((#4461));
#4463=STYLED_ITEM('',(#4462),#4460);
#4464=DIRECTION('',(0.E0,0.E0,-1.E0));
#4465=VECTOR('',#4464,8.7E0);
#4466=CARTESIAN_POINT('',(1.250000000318E1,3.466941457098E1,2.02E1));
#4467=LINE('2132',#4466,#4465);
#4468=CURVE_STYLE('',#20,POSITIVE_LENGTH_MEASURE(2.E-2),#5);
#4469=PRESENTATION_STYLE_ASSIGNMENT((#4468));
#4470=STYLED_ITEM('',(#4469),#4467);
#4471=DIRECTION('',(0.E0,0.E0,1.E0));
#4472=VECTOR('',#4471,8.7E0);
#4473=CARTESIAN_POINT('',(1.431439477602E1,3.121269825342E1,1.15E1));
#4474=LINE('2147',#4473,#4472);
#4475=CURVE_STYLE('',#20,POSITIVE_LENGTH_MEASURE(2.E-2),#5);
#4476=PRESENTATION_STYLE_ASSIGNMENT((#4475));
#4477=STYLED_ITEM('',(#4476),#4474);
#4478=CARTESIAN_POINT('',(2.603137085700E1,3.399999999701E1,1.23E1));
#4479=DIRECTION('',(0.E0,-1.E0,0.E0));
#4480=DIRECTION('',(-7.071067811865E-1,0.E0,-7.071067811865E-1));
#4481=AXIS2_PLACEMENT_3D('',#4478,#4479,#4480);
#4483=CURVE_STYLE('',#20,POSITIVE_LENGTH_MEASURE(2.E-2),#5);
#4484=PRESENTATION_STYLE_ASSIGNMENT((#4483));
#4485=STYLED_ITEM('',(#4484),#4482);
#4486=CARTESIAN_POINT('',(2.100000000318E1,3.399999999701E1,1.173431457505E1));
#4487=DIRECTION('',(0.E0,0.E0,1.E0));
#4488=DIRECTION('',(-1.E0,0.E0,0.E0));
#4489=AXIS2_PLACEMENT_3D('',#4486,#4487,#4488);
#4491=CURVE_STYLE('',#20,POSITIVE_LENGTH_MEASURE(2.E-2),#5);
#4492=PRESENTATION_STYLE_ASSIGNMENT((#4491));
#4493=STYLED_ITEM('',(#4492),#4490);
#4494=CARTESIAN_POINT('',(1.596862914937E1,3.399999999701E1,1.23E1));
#4495=DIRECTION('',(0.E0,1.E0,0.E0));
#4496=DIRECTION('',(7.071067811865E-1,0.E0,-7.071067811865E-1));
#4497=AXIS2_PLACEMENT_3D('',#4494,#4495,#4496);
#4499=CURVE_STYLE('',#20,POSITIVE_LENGTH_MEASURE(2.E-2),#5);
#4500=PRESENTATION_STYLE_ASSIGNMENT((#4499));
#4501=STYLED_ITEM('',(#4500),#4498);
#4502=CARTESIAN_POINT('',(2.100000000318E1,3.399999999701E1,1.173431457505E1));
#4503=DIRECTION('',(0.E0,0.E0,1.E0));
#4504=DIRECTION('',(1.E0,0.E0,0.E0));
#4505=AXIS2_PLACEMENT_3D('',#4502,#4503,#4504);
#4507=CURVE_STYLE('',#20,POSITIVE_LENGTH_MEASURE(2.E-2),#5);
#4508=PRESENTATION_STYLE_ASSIGNMENT((#4507));
#4509=STYLED_ITEM('',(#4508),#4506);
#4510=DIRECTION('',(-7.071067811866E-1,0.E0,7.071067811865E-1));
#4511=VECTOR('',#4510,1.317157287525E0);
#4512=CARTESIAN_POINT('',(2.546568543205E1,3.399999999701E1,1.173431457505E1));
#4513=LINE('2223',#4512,#4511);
#4514=CURVE_STYLE('',#20,POSITIVE_LENGTH_MEASURE(2.E-2),#5);
#4515=PRESENTATION_STYLE_ASSIGNMENT((#4514));
#4516=STYLED_ITEM('',(#4515),#4513);
#4517=DIRECTION('',(7.071067811866E-1,0.E0,7.071067811865E-1));
#4518=VECTOR('',#4517,1.317157287525E0);
#4519=CARTESIAN_POINT('',(1.653431457432E1,3.399999999701E1,1.173431457505E1));
#4520=LINE('2099',#4519,#4518);
#4521=CURVE_STYLE('',#20,POSITIVE_LENGTH_MEASURE(2.E-2),#5);
#4522=PRESENTATION_STYLE_ASSIGNMENT((#4521));
#4523=STYLED_ITEM('',(#4522),#4520);
#4524=CARTESIAN_POINT('',(1.803137084917E1,3.399999999701E1,1.21E1));
#4525=DIRECTION('',(0.E0,1.E0,0.E0));
#4526=DIRECTION('',(-7.071067811865E-1,0.E0,7.071067811865E-1));
#4527=AXIS2_PLACEMENT_3D('',#4524,#4525,#4526);
#4529=CURVE_STYLE('',#20,POSITIVE_LENGTH_MEASURE(2.E-2),#5);
#4530=PRESENTATION_STYLE_ASSIGNMENT((#4529));
#4531=STYLED_ITEM('',(#4530),#4528);
#4532=CARTESIAN_POINT('',(2.100000000318E1,3.399999999701E1,1.266568542495E1));
#4533=DIRECTION('',(0.E0,0.E0,-1.E0));
#4534=DIRECTION('',(1.E0,0.E0,0.E0));
#4535=AXIS2_PLACEMENT_3D('',#4532,#4533,#4534);
#4537=CURVE_STYLE('',#20,POSITIVE_LENGTH_MEASURE(2.E-2),#5);
#4538=PRESENTATION_STYLE_ASSIGNMENT((#4537));
#4539=STYLED_ITEM('',(#4538),#4536);
#4540=CARTESIAN_POINT('',(2.100000000318E1,3.399999999701E1,1.29E1));
#4541=DIRECTION('',(0.E0,0.E0,-1.E0));
#4542=DIRECTION('',(-1.E0,0.E0,0.E0));
#4543=AXIS2_PLACEMENT_3D('',#4540,#4541,#4542);
#4545=CURVE_STYLE('',#20,POSITIVE_LENGTH_MEASURE(2.E-2),#5);
#4546=PRESENTATION_STYLE_ASSIGNMENT((#4545));
#4547=STYLED_ITEM('',(#4546),#4544);
#4548=CARTESIAN_POINT('',(2.100000000318E1,3.399999999701E1,1.29E1));
#4549=DIRECTION('',(0.E0,0.E0,-1.E0));
#4550=DIRECTION('',(1.E0,0.E0,0.E0));
#4551=AXIS2_PLACEMENT_3D('',#4548,#4549,#4550);
#4553=CURVE_STYLE('',#20,POSITIVE_LENGTH_MEASURE(2.E-2),#5);
#4554=PRESENTATION_STYLE_ASSIGNMENT((#4553));
#4555=STYLED_ITEM('',(#4554),#4552);
#4556=CARTESIAN_POINT('',(2.396862915720E1,3.399999999701E1,1.21E1));
#4557=DIRECTION('',(0.E0,-1.E0,0.E0));
#4558=DIRECTION('',(7.071067811865E-1,0.E0,7.071067811865E-1));
#4559=AXIS2_PLACEMENT_3D('',#4556,#4557,#4558);
#4561=CURVE_STYLE('',#20,POSITIVE_LENGTH_MEASURE(2.E-2),#5);
#4562=PRESENTATION_STYLE_ASSIGNMENT((#4561));
#4563=STYLED_ITEM('',(#4562),#4560);
#4564=CARTESIAN_POINT('',(2.100000000318E1,3.399999999701E1,1.266568542495E1));
#4565=DIRECTION('',(0.E0,0.E0,-1.E0));
#4566=DIRECTION('',(-1.E0,0.E0,0.E0));
#4567=AXIS2_PLACEMENT_3D('',#4564,#4565,#4566);
#4569=CURVE_STYLE('',#20,POSITIVE_LENGTH_MEASURE(2.E-2),#5);
#4570=PRESENTATION_STYLE_ASSIGNMENT((#4569));
#4571=STYLED_ITEM('',(#4570),#4568);
#4572=CARTESIAN_POINT('',(1.300000000318E1,4.063235300454E1,1.585E1));
#4573=DIRECTION('',(1.E0,0.E0,0.E0));
#4574=DIRECTION('',(0.E0,1.E0,0.E0));
#4575=AXIS2_PLACEMENT_3D('',#4572,#4573,#4574);
#4577=CURVE_STYLE('',#20,POSITIVE_LENGTH_MEASURE(2.E-2),#5);
#4578=PRESENTATION_STYLE_ASSIGNMENT((#4577));
#4579=STYLED_ITEM('',(#4578),#4576);
#4580=CARTESIAN_POINT('',(1.300000000318E1,4.348235300555E1,1.585E1));
#4581=DIRECTION('',(0.E0,0.E0,1.E0));
#4582=DIRECTION('',(-1.E0,0.E0,0.E0));
#4583=AXIS2_PLACEMENT_3D('',#4580,#4581,#4582);
#4585=CURVE_STYLE('',#20,POSITIVE_LENGTH_MEASURE(2.E-2),#5);
#4586=PRESENTATION_STYLE_ASSIGNMENT((#4585));
#4587=STYLED_ITEM('',(#4586),#4584);
#4588=DIRECTION('',(1.E0,0.E0,0.E0));
#4589=VECTOR('',#4588,5.5E0);
#4590=CARTESIAN_POINT('',(1.300000000318E1,4.298235300555E1,1.585E1));
#4591=LINE('2480',#4590,#4589);
#4592=CURVE_STYLE('',#20,POSITIVE_LENGTH_MEASURE(2.E-2),#5);
#4593=PRESENTATION_STYLE_ASSIGNMENT((#4592));
#4594=STYLED_ITEM('',(#4593),#4591);
#4595=DIRECTION('',(1.E0,0.E0,0.E0));
#4596=VECTOR('',#4595,5.5E0);
#4597=CARTESIAN_POINT('',(1.300000000318E1,3.828235300353E1,1.585E1));
#4598=LINE('2231',#4597,#4596);
#4599=CURVE_STYLE('',#20,POSITIVE_LENGTH_MEASURE(2.E-2),#5);
#4600=PRESENTATION_STYLE_ASSIGNMENT((#4599));
#4601=STYLED_ITEM('',(#4600),#4598);
#4602=CARTESIAN_POINT('',(1.850000000318E1,4.063235300454E1,1.585E1));
#4603=DIRECTION('',(-1.E0,0.E0,0.E0));
#4604=DIRECTION('',(0.E0,-1.E0,0.E0));
#4605=AXIS2_PLACEMENT_3D('',#4602,#4603,#4604);
#4607=CURVE_STYLE('',#20,POSITIVE_LENGTH_MEASURE(2.E-2),#5);
#4608=PRESENTATION_STYLE_ASSIGNMENT((#4607));
#4609=STYLED_ITEM('',(#4608),#4606);
#4610=CARTESIAN_POINT('',(1.850000000318E1,4.063235300454E1,1.585E1));
#4611=DIRECTION('',(-1.E0,0.E0,0.E0));
#4612=DIRECTION('',(0.E0,1.E0,0.E0));
#4613=AXIS2_PLACEMENT_3D('',#4610,#4611,#4612);
#4615=CURVE_STYLE('',#20,POSITIVE_LENGTH_MEASURE(2.E-2),#5);
#4616=PRESENTATION_STYLE_ASSIGNMENT((#4615));
#4617=STYLED_ITEM('',(#4616),#4614);
#4618=CARTESIAN_POINT('',(1.300000000318E1,3.778235300353E1,1.585E1));
#4619=DIRECTION('',(0.E0,0.E0,-1.E0));
#4620=DIRECTION('',(-1.E0,0.E0,0.E0));
#4621=AXIS2_PLACEMENT_3D('',#4618,#4619,#4620);
#4623=CURVE_STYLE('',#20,POSITIVE_LENGTH_MEASURE(2.E-2),#5);
#4624=PRESENTATION_STYLE_ASSIGNMENT((#4623));
#4625=STYLED_ITEM('',(#4624),#4622);
#4626=CARTESIAN_POINT('',(1.300000000318E1,4.063235300454E1,1.585E1));
#4627=DIRECTION('',(1.E0,0.E0,0.E0));
#4628=DIRECTION('',(0.E0,-1.E0,0.E0));
#4629=AXIS2_PLACEMENT_3D('',#4626,#4627,#4628);
#4631=CURVE_STYLE('',#20,POSITIVE_LENGTH_MEASURE(2.E-2),#5);
#4632=PRESENTATION_STYLE_ASSIGNMENT((#4631));
#4633=STYLED_ITEM('',(#4632),#4630);
#4634=CARTESIAN_POINT('',(1.6E1,5.E1,4.E-1));
#4635=DIRECTION('',(0.E0,0.E0,1.E0));
#4636=DIRECTION('',(0.E0,1.E0,0.E0));
#4637=AXIS2_PLACEMENT_3D('',#4634,#4635,#4636);
#4639=CURVE_STYLE('',#20,POSITIVE_LENGTH_MEASURE(2.E-2),#5);
#4640=PRESENTATION_STYLE_ASSIGNMENT((#4639));
#4641=STYLED_ITEM('',(#4640),#4638);
#4642=DIRECTION('',(0.E0,-7.071067811865E-1,7.071067811866E-1));
#4643=VECTOR('',#4642,5.656854249492E-1);
#4644=CARTESIAN_POINT('',(1.6E1,5.15E1,0.E0));
#4645=LINE('2163',#4644,#4643);
#4646=CURVE_STYLE('',#20,POSITIVE_LENGTH_MEASURE(2.E-2),#5);
#4647=PRESENTATION_STYLE_ASSIGNMENT((#4646));
#4648=STYLED_ITEM('',(#4647),#4645);
#4649=DIRECTION('',(0.E0,0.E0,1.E0));
#4650=VECTOR('',#4649,2.6E0);
#4651=CARTESIAN_POINT('',(1.6E1,5.11E1,4.E-1));
#4652=LINE('2455',#4651,#4650);
#4653=CURVE_STYLE('',#20,POSITIVE_LENGTH_MEASURE(2.E-2),#5);
#4654=PRESENTATION_STYLE_ASSIGNMENT((#4653));
#4655=STYLED_ITEM('',(#4654),#4652);
#4656=CARTESIAN_POINT('',(2.6E1,5.E1,3.E0));
#4657=DIRECTION('',(0.E0,0.E0,-1.E0));
#4658=DIRECTION('',(-4.844609562001E-14,1.E0,0.E0));
#4659=AXIS2_PLACEMENT_3D('',#4656,#4657,#4658);
#4661=CURVE_STYLE('',#20,POSITIVE_LENGTH_MEASURE(2.E-2),#5);
#4662=PRESENTATION_STYLE_ASSIGNMENT((#4661));
#4663=STYLED_ITEM('',(#4662),#4660);
#4664=CARTESIAN_POINT('',(1.6E1,5.E1,3.E0));
#4665=DIRECTION('',(0.E0,0.E0,-1.E0));
#4666=DIRECTION('',(-1.E0,0.E0,0.E0));
#4667=AXIS2_PLACEMENT_3D('',#4664,#4665,#4666);
#4669=CURVE_STYLE('',#20,POSITIVE_LENGTH_MEASURE(2.E-2),#5);
#4670=PRESENTATION_STYLE_ASSIGNMENT((#4669));
#4671=STYLED_ITEM('',(#4670),#4668);
#4672=CARTESIAN_POINT('',(1.6E1,5.E1,3.E0));
#4673=DIRECTION('',(0.E0,0.E0,-1.E0));
#4674=DIRECTION('',(0.E0,-1.E0,0.E0));
#4675=AXIS2_PLACEMENT_3D('',#4672,#4673,#4674);
#4677=CURVE_STYLE('',#20,POSITIVE_LENGTH_MEASURE(2.E-2),#5);
#4678=PRESENTATION_STYLE_ASSIGNMENT((#4677));
#4679=STYLED_ITEM('',(#4678),#4676);
#4680=CARTESIAN_POINT('',(2.6E1,5.E1,3.E0));
#4681=DIRECTION('',(0.E0,0.E0,-1.E0));
#4682=DIRECTION('',(1.E0,0.E0,0.E0));
#4683=AXIS2_PLACEMENT_3D('',#4680,#4681,#4682);
#4685=CURVE_STYLE('',#20,POSITIVE_LENGTH_MEASURE(2.E-2),#5);
#4686=PRESENTATION_STYLE_ASSIGNMENT((#4685));
#4687=STYLED_ITEM('',(#4686),#4684);
#4688=DIRECTION('',(0.E0,0.E0,-1.E0));
#4689=VECTOR('',#4688,2.6E0);
#4690=CARTESIAN_POINT('',(2.6E1,5.11E1,3.E0));
#4691=LINE('2110',#4690,#4689);
#4692=CURVE_STYLE('',#20,POSITIVE_LENGTH_MEASURE(2.E-2),#5);
#4693=PRESENTATION_STYLE_ASSIGNMENT((#4692));
#4694=STYLED_ITEM('',(#4693),#4691);
#4695=DIRECTION('',(0.E0,0.E0,1.E0));
#4696=VECTOR('',#4695,2.6E0);
#4697=CARTESIAN_POINT('',(2.6E1,4.89E1,4.E-1));
#4698=LINE('2211',#4697,#4696);
#4699=CURVE_STYLE('',#20,POSITIVE_LENGTH_MEASURE(2.E-2),#5);
#4700=PRESENTATION_STYLE_ASSIGNMENT((#4699));
#4701=STYLED_ITEM('',(#4700),#4698);
#4702=DIRECTION('',(-1.E0,0.E0,0.E0));
#4703=VECTOR('',#4702,1.E1);
#4704=CARTESIAN_POINT('',(2.6E1,5.11E1,3.E0));
#4705=LINE('2141',#4704,#4703);
#4706=CURVE_STYLE('',#20,POSITIVE_LENGTH_MEASURE(2.E-2),#5);
#4707=PRESENTATION_STYLE_ASSIGNMENT((#4706));
#4708=STYLED_ITEM('',(#4707),#4705);
#4709=DIRECTION('',(-1.E0,0.E0,0.E0));
#4710=VECTOR('',#4709,1.E1);
#4711=CARTESIAN_POINT('',(2.6E1,5.11E1,4.E-1));
#4712=LINE('2551',#4711,#4710);
#4713=CURVE_STYLE('',#20,POSITIVE_LENGTH_MEASURE(2.E-2),#5);
#4714=PRESENTATION_STYLE_ASSIGNMENT((#4713));
#4715=STYLED_ITEM('',(#4714),#4712);
#4716=DIRECTION('',(1.E0,0.E0,0.E0));
#4717=VECTOR('',#4716,1.E1);
#4718=CARTESIAN_POINT('',(1.6E1,5.15E1,0.E0));
#4719=LINE('2176',#4718,#4717);
#4720=CURVE_STYLE('',#20,POSITIVE_LENGTH_MEASURE(2.E-2),#5);
#4721=PRESENTATION_STYLE_ASSIGNMENT((#4720));
#4722=STYLED_ITEM('',(#4721),#4719);
#4723=DIRECTION('',(-3.768221900841E-14,7.071067811865E-1,-7.071067811866E-1));
#4724=VECTOR('',#4723,5.656854249492E-1);
#4725=CARTESIAN_POINT('',(2.6E1,5.11E1,4.E-1));
#4726=LINE('2527',#4725,#4724);
#4727=CURVE_STYLE('',#20,POSITIVE_LENGTH_MEASURE(2.E-2),#5);
#4728=PRESENTATION_STYLE_ASSIGNMENT((#4727));
#4729=STYLED_ITEM('',(#4728),#4726);
#4730=CARTESIAN_POINT('',(2.6E1,5.E1,4.E-1));
#4731=DIRECTION('',(0.E0,0.E0,1.E0));
#4732=DIRECTION('',(1.E0,0.E0,0.E0));
#4733=AXIS2_PLACEMENT_3D('',#4730,#4731,#4732);
#4735=CURVE_STYLE('',#20,POSITIVE_LENGTH_MEASURE(2.E-2),#5);
#4736=PRESENTATION_STYLE_ASSIGNMENT((#4735));
#4737=STYLED_ITEM('',(#4736),#4734);
#4738=CARTESIAN_POINT('',(2.6E1,5.E1,4.E-1));
#4739=DIRECTION('',(0.E0,0.E0,1.E0));
#4740=DIRECTION('',(0.E0,-1.E0,0.E0));
#4741=AXIS2_PLACEMENT_3D('',#4738,#4739,#4740);
#4743=CURVE_STYLE('',#20,POSITIVE_LENGTH_MEASURE(2.E-2),#5);
#4744=PRESENTATION_STYLE_ASSIGNMENT((#4743));
#4745=STYLED_ITEM('',(#4744),#4742);
#4746=DIRECTION('',(0.E0,7.071067811866E-1,7.071067811865E-1));
#4747=VECTOR('',#4746,5.656854249492E-1);
#4748=CARTESIAN_POINT('',(2.6E1,4.85E1,0.E0));
#4749=LINE('2498',#4748,#4747);
#4750=CURVE_STYLE('',#20,POSITIVE_LENGTH_MEASURE(2.E-2),#5);
#4751=PRESENTATION_STYLE_ASSIGNMENT((#4750));
#4752=STYLED_ITEM('',(#4751),#4749);
#4753=DIRECTION('',(1.E0,0.E0,0.E0));
#4754=VECTOR('',#4753,1.E1);
#4755=CARTESIAN_POINT('',(1.6E1,4.89E1,4.E-1));
#4756=LINE('2332',#4755,#4754);
#4757=CURVE_STYLE('',#20,POSITIVE_LENGTH_MEASURE(2.E-2),#5);
#4758=PRESENTATION_STYLE_ASSIGNMENT((#4757));
#4759=STYLED_ITEM('',(#4758),#4756);
#4760=DIRECTION('',(-1.E0,0.E0,0.E0));
#4761=VECTOR('',#4760,1.E1);
#4762=CARTESIAN_POINT('',(2.6E1,4.85E1,0.E0));
#4763=LINE('2095',#4762,#4761);
#4764=CURVE_STYLE('',#20,POSITIVE_LENGTH_MEASURE(2.E-2),#5);
#4765=PRESENTATION_STYLE_ASSIGNMENT((#4764));
#4766=STYLED_ITEM('',(#4765),#4763);
#4767=DIRECTION('',(1.E0,0.E0,0.E0));
#4768=VECTOR('',#4767,1.E1);
#4769=CARTESIAN_POINT('',(1.6E1,4.89E1,3.E0));
#4770=LINE('2234',#4769,#4768);
#4771=CURVE_STYLE('',#20,POSITIVE_LENGTH_MEASURE(2.E-2),#5);
#4772=PRESENTATION_STYLE_ASSIGNMENT((#4771));
#4773=STYLED_ITEM('',(#4772),#4770);
#4774=DIRECTION('',(0.E0,0.E0,1.E0));
#4775=VECTOR('',#4774,2.6E0);
#4776=CARTESIAN_POINT('',(1.49E1,5.E1,4.E-1));
#4777=LINE('2582',#4776,#4775);
#4778=CURVE_STYLE('',#20,POSITIVE_LENGTH_MEASURE(2.E-2),#5);
#4779=PRESENTATION_STYLE_ASSIGNMENT((#4778));
#4780=STYLED_ITEM('',(#4779),#4777);
#4781=DIRECTION('',(0.E0,0.E0,-1.E0));
#4782=VECTOR('',#4781,2.6E0);
#4783=CARTESIAN_POINT('',(1.6E1,4.89E1,3.E0));
#4784=LINE('2187',#4783,#4782);
#4785=CURVE_STYLE('',#20,POSITIVE_LENGTH_MEASURE(2.E-2),#5);
#4786=PRESENTATION_STYLE_ASSIGNMENT((#4785));
#4787=STYLED_ITEM('',(#4786),#4784);
#4788=DIRECTION('',(7.071067811865E-1,0.E0,7.071067811865E-1));
#4789=VECTOR('',#4788,5.656854249492E-1);
#4790=CARTESIAN_POINT('',(1.45E1,5.E1,0.E0));
#4791=LINE('2072',#4790,#4789);
#4792=CURVE_STYLE('',#20,POSITIVE_LENGTH_MEASURE(2.E-2),#5);
#4793=PRESENTATION_STYLE_ASSIGNMENT((#4792));
#4794=STYLED_ITEM('',(#4793),#4791);
#4795=DIRECTION('',(0.E0,-7.071067811866E-1,-7.071067811865E-1));
#4796=VECTOR('',#4795,5.656854249492E-1);
#4797=CARTESIAN_POINT('',(1.6E1,4.89E1,4.E-1));
#4798=LINE('2387',#4797,#4796);
#4799=CURVE_STYLE('',#20,POSITIVE_LENGTH_MEASURE(2.E-2),#5);
#4800=PRESENTATION_STYLE_ASSIGNMENT((#4799));
#4801=STYLED_ITEM('',(#4800),#4798);
#4802=CARTESIAN_POINT('',(1.6E1,5.E1,4.E-1));
#4803=DIRECTION('',(0.E0,0.E0,1.E0));
#4804=DIRECTION('',(-1.E0,0.E0,0.E0));
#4805=AXIS2_PLACEMENT_3D('',#4802,#4803,#4804);
#4807=CURVE_STYLE('',#20,POSITIVE_LENGTH_MEASURE(2.E-2),#5);
#4808=PRESENTATION_STYLE_ASSIGNMENT((#4807));
#4809=STYLED_ITEM('',(#4808),#4806);
#4810=DIRECTION('',(0.E0,1.E0,0.E0));
#4811=VECTOR('',#4810,2.1E0);
#4812=CARTESIAN_POINT('',(2.1E1,4.E-1,1.78E1));
#4813=LINE('2438',#4812,#4811);
#4814=CURVE_STYLE('',#20,POSITIVE_LENGTH_MEASURE(2.E-2),#5);
#4815=PRESENTATION_STYLE_ASSIGNMENT((#4814));
#4816=STYLED_ITEM('',(#4815),#4813);
#4817=CARTESIAN_POINT('',(4.2E1,5.E0,2.22E1));
#4818=CARTESIAN_POINT('',(4.15E1,5.E0,2.27E1));
#4819=VERTEX_POINT('',#4817);
#4820=VERTEX_POINT('',#4818);
#4821=CARTESIAN_POINT('',(3.500000000319E1,4.999999997016E0,2.27E1));
#4822=CARTESIAN_POINT('',(3.900000000319E1,4.999999997016E0,2.27E1));
#4823=VERTEX_POINT('',#4821);
#4824=VERTEX_POINT('',#4822);
#4825=CARTESIAN_POINT('',(3.1E1,3.E-1,1.54E1));
#4826=CARTESIAN_POINT('',(3.1E1,4.E0,1.54E1));
#4827=VERTEX_POINT('',#4825);
#4828=VERTEX_POINT('',#4826);
#4829=CARTESIAN_POINT('',(1.914865618171E1,1.108503526276E1,1.4E0));
#4830=CARTESIAN_POINT('',(1.914865618171E1,1.174083558246E1,1.4E0));
#4831=VERTEX_POINT('',#4829);
#4832=VERTEX_POINT('',#4830);
#4833=CARTESIAN_POINT('',(2.565E1,2.952748213110E1,1.185754054900E1));
#4834=CARTESIAN_POINT('',(2.565E1,2.876596519116E1,1.095E1));
#4835=VERTEX_POINT('',#4833);
#4836=VERTEX_POINT('',#4834);
#4837=CARTESIAN_POINT('',(2.134800000025E1,1.983400310454E1,1.564843197440E1));
#4838=CARTESIAN_POINT('',(2.134800000025E1,1.983400310454E1,1.79E1));
#4839=VERTEX_POINT('',#4837);
#4840=VERTEX_POINT('',#4838);
#4841=CARTESIAN_POINT('',(2.1E1,0.E0,1.08E1));
#4842=CARTESIAN_POINT('',(2.1E1,0.E0,1.82E1));
#4843=VERTEX_POINT('',#4841);
#4844=VERTEX_POINT('',#4842);
#4845=CARTESIAN_POINT('',(2.535E1,2.800444825122E1,1.185754054900E1));
#4846=CARTESIAN_POINT('',(2.364997936286E1,2.800339810962E1,1.185879056383E1));
#4847=VERTEX_POINT('',#4845);
#4848=VERTEX_POINT('',#4846);
#4849=CARTESIAN_POINT('',(7.599999999998E0,4.95E1,0.E0));
#4850=CARTESIAN_POINT('',(3.399999999998E0,4.95E1,0.E0));
#4851=VERTEX_POINT('',#4849);
#4852=VERTEX_POINT('',#4850);
#4853=CARTESIAN_POINT('',(1.914865618171E1,1.311596519116E1,8.5E0));
#4854=CARTESIAN_POINT('',(1.914865618171E1,1.311596519116E1,1.79E1));
#4855=VERTEX_POINT('',#4853);
#4856=VERTEX_POINT('',#4854);
#4857=CARTESIAN_POINT('',(3.530000000319E1,4.999999997016E0,2.24E1));
#4858=VERTEX_POINT('',#4857);
#4859=CARTESIAN_POINT('',(1.45E1,5.E1,0.E0));
#4860=CARTESIAN_POINT('',(1.49E1,5.E1,4.E-1));
#4861=VERTEX_POINT('',#4859);
#4862=VERTEX_POINT('',#4860);
#4863=CARTESIAN_POINT('',(4.2E1,2.817539495754E1,0.E0));
#4864=CARTESIAN_POINT('',(3.737511521304E1,2.423373125615E1,0.E0));
#4865=VERTEX_POINT('',#4863);
#4866=VERTEX_POINT('',#4864);
#4867=CARTESIAN_POINT('',(2.607543101936E1,3.719999999701E1,1.15E1));
#4868=CARTESIAN_POINT('',(2.665E1,3.719999999701E1,1.15E1));
#4869=VERTEX_POINT('',#4867);
#4870=VERTEX_POINT('',#4868);
#4871=CARTESIAN_POINT('',(2.565E1,3.001596519116E1,1.75E1));
#4872=CARTESIAN_POINT('',(2.565E1,3.001596519116E1,1.728208554865E1));
#4873=VERTEX_POINT('',#4871);
#4874=VERTEX_POINT('',#4872);
#4875=CARTESIAN_POINT('',(2.393340751854E1,2.876596519116E1,1.095E1));
#4876=VERTEX_POINT('',#4875);
#4877=VERTEX_POINT('',#1620);
#4878=VERTEX_POINT('',#1625);
#4879=CARTESIAN_POINT('',(1.420000000319E1,6.205965191159E0,2.02E1));
#4880=CARTESIAN_POINT('',(9.200000003187E0,6.205965191159E0,2.02E1));
#4881=VERTEX_POINT('',#4879);
#4882=VERTEX_POINT('',#4880);
#4883=CARTESIAN_POINT('',(1.746568542422E1,3.399999999701E1,1.266568542495E1));
#4884=CARTESIAN_POINT('',(2.453431458215E1,3.399999999701E1,1.266568542495E1));
#4885=VERTEX_POINT('',#4883);
#4886=VERTEX_POINT('',#4884);
#4887=CARTESIAN_POINT('',(0.E0,4.659529143810E1,2.02E1));
#4888=CARTESIAN_POINT('',(5.175840664318E0,4.774658410419E1,2.02E1));
#4889=VERTEX_POINT('',#4887);
#4890=VERTEX_POINT('',#4888);
#4891=CARTESIAN_POINT('',(3.300000000087E1,2.781596519116E1,1.75E1));
#4892=CARTESIAN_POINT('',(3.260000000087E1,2.781596519116E1,1.79E1));
#4893=VERTEX_POINT('',#4891);
#4894=VERTEX_POINT('',#4892);
#4895=CARTESIAN_POINT('',(3.1E1,0.E0,1.57E1));
#4896=CARTESIAN_POINT('',(3.1E1,0.E0,1.13E1));
#4897=VERTEX_POINT('',#4895);
#4898=VERTEX_POINT('',#4896);
#4899=CARTESIAN_POINT('',(2.671644302003E1,4.941349929488E1,1.45E1));
#4900=CARTESIAN_POINT('',(2.600933623885E1,4.870639251369E1,1.45E1));
#4901=VERTEX_POINT('',#4899);
#4902=VERTEX_POINT('',#4900);
#4903=CARTESIAN_POINT('',(5.E-1,5.E0,2.27E1));
#4904=CARTESIAN_POINT('',(5.E0,5.E-1,2.27E1));
#4905=VERTEX_POINT('',#4903);
#4906=VERTEX_POINT('',#4904);
#4907=VERTEX_POINT('',#274);
#4908=VERTEX_POINT('',#282);
#4909=CARTESIAN_POINT('',(1.6E1,4.85E1,0.E0));
#4910=VERTEX_POINT('',#4909);
#4911=CARTESIAN_POINT('',(5.061007240344E0,4.785765857478E1,2.02E1));
#4912=CARTESIAN_POINT('',(6.382070273E0,4.804674433306E1,2.02E1));
#4913=VERTEX_POINT('',#4911);
#4914=VERTEX_POINT('',#4912);
#4915=CARTESIAN_POINT('',(3.87E1,4.95E1,2.27E1));
#4916=CARTESIAN_POINT('',(3.43E1,4.95E1,2.27E1));
#4917=VERTEX_POINT('',#4915);
#4918=VERTEX_POINT('',#4916);
#4919=CARTESIAN_POINT('',(2.284792086775E1,1.370596519116E1,8.5E0));
#4920=CARTESIAN_POINT('',(2.608687493397E1,1.161138844757E1,8.5E0));
#4921=VERTEX_POINT('',#4919);
#4922=VERTEX_POINT('',#4920);
#4923=CARTESIAN_POINT('',(1.98E1,3.371572875254E1,1.45E1));
#4924=VERTEX_POINT('',#4923);
#4925=CARTESIAN_POINT('',(3.089999999913E1,3.431596519116E1,1.79E1));
#4926=CARTESIAN_POINT('',(3.089999999913E1,3.431596519116E1,2.15E1));
#4927=VERTEX_POINT('',#4925);
#4928=VERTEX_POINT('',#4926);
#4929=CARTESIAN_POINT('',(2.6E1,4.85E1,0.E0));
#4930=VERTEX_POINT('',#4929);
#4931=CARTESIAN_POINT('',(2.134800000025E1,1.529792727778E1,8.5E0));
#4932=VERTEX_POINT('',#4931);
#4933=CARTESIAN_POINT('',(3.020000000318E1,1.907982593621E0,4.E-1));
#4934=CARTESIAN_POINT('',(2.935000000318E1,2.757982593621E0,4.E-1));
#4935=VERTEX_POINT('',#4933);
#4936=VERTEX_POINT('',#4934);
#4937=CARTESIAN_POINT('',(2.935000000318E1,1.057982593621E0,4.E-1));
#4938=VERTEX_POINT('',#4937);
#4939=CARTESIAN_POINT('',(1.653431457432E1,3.399999999701E1,1.173431457505E1));
#4940=VERTEX_POINT('',#4939);
#4941=CARTESIAN_POINT('',(3.737511521304E1,1.089819912617E1,0.E0));
#4942=CARTESIAN_POINT('',(4.2E1,6.956535424776E0,0.E0));
#4943=VERTEX_POINT('',#4941);
#4944=VERTEX_POINT('',#4942);
#4945=CARTESIAN_POINT('',(3.065730655171E1,1.108602552577E1,1.35E1));
#4946=CARTESIAN_POINT('',(3.410714294837E1,9.492718011103E0,1.35E1));
#4947=VERTEX_POINT('',#4945);
#4948=VERTEX_POINT('',#4946);
#4949=VERTEX_POINT('',#1685);
#4950=VERTEX_POINT('',#1690);
#4951=CARTESIAN_POINT('',(0.E0,5.E1,2.22E1));
#4952=CARTESIAN_POINT('',(5.E-1,5.E1,2.27E1));
#4953=VERTEX_POINT('',#4951);
#4954=VERTEX_POINT('',#4952);
#4955=CARTESIAN_POINT('',(3.870000000319E1,4.999999997016E0,2.24E1));
#4956=VERTEX_POINT('',#4955);
#4957=VERTEX_POINT('',#3394);
#4958=VERTEX_POINT('',#3407);
#4959=CARTESIAN_POINT('',(1.250000000318E1,3.778235300353E1,1.585E1));
#4960=CARTESIAN_POINT('',(1.300000000318E1,3.828235300353E1,1.585E1));
#4961=VERTEX_POINT('',#4959);
#4962=VERTEX_POINT('',#4960);
#4963=VERTEX_POINT('',#2005);
#4964=VERTEX_POINT('',#1874);
#4965=CARTESIAN_POINT('',(2.6E1,5.11E1,3.E0));
#4966=CARTESIAN_POINT('',(2.6E1,5.11E1,4.E-1));
#4967=VERTEX_POINT('',#4965);
#4968=VERTEX_POINT('',#4966);
#4969=CARTESIAN_POINT('',(3.515E1,2.496596519116E1,1.13E1));
#4970=CARTESIAN_POINT('',(3.715E1,2.496596519116E1,1.258348486101E1));
#4971=VERTEX_POINT('',#4969);
#4972=VERTEX_POINT('',#4970);
#4973=CARTESIAN_POINT('',(2.900000000710E1,1.756596519116E1,2.22E1));
#4974=CARTESIAN_POINT('',(2.169999999927E1,1.756596519116E1,2.22E1));
#4975=VERTEX_POINT('',#4973);
#4976=VERTEX_POINT('',#4974);
#4977=CARTESIAN_POINT('',(3.715E1,2.496596519116E1,1.75E1));
#4978=CARTESIAN_POINT('',(3.355E1,2.496596519116E1,1.75E1));
#4979=VERTEX_POINT('',#4977);
#4980=VERTEX_POINT('',#4978);
#4981=VERTEX_POINT('',#596);
#4982=VERTEX_POINT('',#601);
#4983=CARTESIAN_POINT('',(3.204285705163E1,1.408602552577E1,1.35E1));
#4984=VERTEX_POINT('',#4983);
#4985=CARTESIAN_POINT('',(2.396862915720E1,3.399999999701E1,1.29E1));
#4986=CARTESIAN_POINT('',(1.803137084917E1,3.399999999701E1,1.29E1));
#4987=VERTEX_POINT('',#4985);
#4988=VERTEX_POINT('',#4986);
#4989=CARTESIAN_POINT('',(2.130000000318E1,1.756596519116E1,1.82E1));
#4990=CARTESIAN_POINT('',(2.940000000318E1,1.756596519116E1,1.82E1));
#4991=VERTEX_POINT('',#4989);
#4992=VERTEX_POINT('',#4990);
#4993=CARTESIAN_POINT('',(3.7E1,5.E-1,2.27E1));
#4994=VERTEX_POINT('',#4993);
#4995=CARTESIAN_POINT('',(2.770639251369E1,4.700933623885E1,1.45E1));
#4996=VERTEX_POINT('',#4995);
#4997=CARTESIAN_POINT('',(3.315E1,3.756596519116E1,1.75E1));
#4998=CARTESIAN_POINT('',(3.315E1,3.756596519116E1,0.E0));
#4999=VERTEX_POINT('',#4997);
#5000=VERTEX_POINT('',#4998);
#5001=CARTESIAN_POINT('',(2.1E1,7.4E0,1.665E1));
#5002=CARTESIAN_POINT('',(2.1E1,7.4E0,1.235E1));
#5003=VERTEX_POINT('',#5001);
#5004=VERTEX_POINT('',#5002);
#5005=CARTESIAN_POINT('',(1.250000000318E1,4.348235300555E1,1.585E1));
#5006=CARTESIAN_POINT('',(1.300000000318E1,4.298235300555E1,1.585E1));
#5007=VERTEX_POINT('',#5005);
#5008=VERTEX_POINT('',#5006);
#5009=CARTESIAN_POINT('',(1.526516850249E1,0.E0,-1.421085471520E-14));
#5010=CARTESIAN_POINT('',(1.426516850249E1,9.999999999994E-1,
-1.421085471520E-14));
#5011=VERTEX_POINT('',#5009);
#5012=VERTEX_POINT('',#5010);
#5013=CARTESIAN_POINT('',(0.E0,5.E0,2.22E1));
#5014=VERTEX_POINT('',#5013);
#5015=CARTESIAN_POINT('',(2.284792086775E1,2.142596519116E1,8.5E0));
#5016=CARTESIAN_POINT('',(2.134800000025E1,1.983400310454E1,8.5E0));
#5017=VERTEX_POINT('',#5015);
#5018=VERTEX_POINT('',#5016);
#5019=CARTESIAN_POINT('',(2.665E1,3.001596519116E1,1.728208554865E1));
#5020=CARTESIAN_POINT('',(2.665E1,3.181596519116E1,1.45E1));
#5021=VERTEX_POINT('',#5019);
#5022=VERTEX_POINT('',#5020);
#5023=CARTESIAN_POINT('',(2.665E1,3.001596519116E1,1.171791445135E1));
#5024=VERTEX_POINT('',#5023);
#5025=CARTESIAN_POINT('',(2.665E1,3.756596519116E1,1.75E1));
#5026=CARTESIAN_POINT('',(2.665E1,3.756596519116E1,0.E0));
#5027=VERTEX_POINT('',#5025);
#5028=VERTEX_POINT('',#5026);
#5029=CARTESIAN_POINT('',(4.2E1,5.E0,0.E0));
#5030=VERTEX_POINT('',#5029);
#5031=CARTESIAN_POINT('',(3.920000000319E1,4.999999997016E0,0.E0));
#5032=CARTESIAN_POINT('',(3.870000000319E1,4.999999997016E0,5.E-1));
#5033=VERTEX_POINT('',#5031);
#5034=VERTEX_POINT('',#5032);
#5035=CARTESIAN_POINT('',(1.250000000318E1,3.466941457098E1,2.02E1));
#5036=CARTESIAN_POINT('',(1.250000000318E1,3.466941457098E1,1.15E1));
#5037=VERTEX_POINT('',#5035);
#5038=VERTEX_POINT('',#5036);
#5039=CARTESIAN_POINT('',(5.E0,5.45E1,2.27E1));
#5040=VERTEX_POINT('',#5039);
#5041=CARTESIAN_POINT('',(1.914865618171E1,2.339109479986E1,1.4E0));
#5042=VERTEX_POINT('',#5041);
#5043=CARTESIAN_POINT('',(4.2E1,5.E1,2.22E1));
#5044=VERTEX_POINT('',#5043);
#5045=CARTESIAN_POINT('',(2.565E1,2.831875483219E1,1.148296455194E1));
#5046=VERTEX_POINT('',#5045);
#5047=CARTESIAN_POINT('',(3.1E1,4.E0,1.16E1));
#5048=CARTESIAN_POINT('',(3.29E1,4.E0,1.35E1));
#5049=VERTEX_POINT('',#5047);
#5050=VERTEX_POINT('',#5048);
#5051=CARTESIAN_POINT('',(3.480000000319E1,4.999999997016E0,0.E0));
#5052=CARTESIAN_POINT('',(3.530000000319E1,4.999999997016E0,5.E-1));
#5053=VERTEX_POINT('',#5051);
#5054=VERTEX_POINT('',#5052);
#5055=VERTEX_POINT('',#327);
#5056=VERTEX_POINT('',#335);
#5057=CARTESIAN_POINT('',(1.6E1,5.11E1,3.E0));
#5058=VERTEX_POINT('',#5057);
#5059=CARTESIAN_POINT('',(2.365006604739E1,3.151414881041E1,1.45E1));
#5060=CARTESIAN_POINT('',(2.22E1,3.103752852948E1,1.45E1));
#5061=VERTEX_POINT('',#5059);
#5062=VERTEX_POINT('',#5060);
#5063=CARTESIAN_POINT('',(2.064591033879E1,1.528677246999E1,1.79E1));
#5064=CARTESIAN_POINT('',(1.951030315550E1,1.388570892379E1,1.79E1));
#5065=VERTEX_POINT('',#5063);
#5066=VERTEX_POINT('',#5064);
#5067=CARTESIAN_POINT('',(2.535E1,2.702590053659E1,1.237052236502E1));
#5068=VERTEX_POINT('',#5067);
#5069=CARTESIAN_POINT('',(1.431439477602E1,3.121269825342E1,1.15E1));
#5070=VERTEX_POINT('',#5069);
#5071=CARTESIAN_POINT('',(1.431439477602E1,3.121269825342E1,2.02E1));
#5072=VERTEX_POINT('',#5071);
#5073=CARTESIAN_POINT('',(1.250000000318E1,3.999999999701E1,1.15E1));
#5074=CARTESIAN_POINT('',(2.100000000318E1,3.999999999701E1,1.15E1));
#5075=VERTEX_POINT('',#5073);
#5076=VERTEX_POINT('',#5074);
#5077=CARTESIAN_POINT('',(2.565E1,3.050602984573E1,1.237052236502E1));
#5078=VERTEX_POINT('',#5077);
#5079=CARTESIAN_POINT('',(5.E0,0.E0,2.02E1));
#5080=CARTESIAN_POINT('',(0.E0,5.E0,2.02E1));
#5081=VERTEX_POINT('',#5079);
#5082=VERTEX_POINT('',#5080);
#5083=CARTESIAN_POINT('',(2.1E1,7.E0,1.195E1));
#5084=CARTESIAN_POINT('',(2.1E1,7.E0,1.705E1));
#5085=VERTEX_POINT('',#5083);
#5086=VERTEX_POINT('',#5084);
#5087=CARTESIAN_POINT('',(2.565E1,2.751596519116E1,1.75E1));
#5088=CARTESIAN_POINT('',(2.565E1,2.751596519116E1,1.728208554865E1));
#5089=VERTEX_POINT('',#5087);
#5090=VERTEX_POINT('',#5088);
#5091=CARTESIAN_POINT('',(4.15E1,5.E1,2.27E1));
#5092=VERTEX_POINT('',#5091);
#5093=CARTESIAN_POINT('',(1.250000000318E1,4.824817820090E1,
-1.421085471520E-14));
#5094=CARTESIAN_POINT('',(6.956732651316E0,4.798740951259E1,
-1.421085471520E-14));
#5095=VERTEX_POINT('',#5093);
#5096=VERTEX_POINT('',#5094);
#5097=CARTESIAN_POINT('',(2.841349929488E1,4.771644302003E1,1.45E1));
#5098=VERTEX_POINT('',#5097);
#5099=CARTESIAN_POINT('',(2.135000000318E1,3.157982593621E0,0.E0));
#5100=CARTESIAN_POINT('',(2.935000000318E1,3.157982593621E0,0.E0));
#5101=VERTEX_POINT('',#5099);
#5102=VERTEX_POINT('',#5100);
#5103=CARTESIAN_POINT('',(2.565E1,2.821596519116E1,1.75E1));
#5104=VERTEX_POINT('',#5103);
#5105=VERTEX_POINT('',#3100);
#5106=CARTESIAN_POINT('',(2.1E1,6.6E0,1.85E1));
#5107=CARTESIAN_POINT('',(2.1E1,6.6E0,1.05E1));
#5108=VERTEX_POINT('',#5106);
#5109=VERTEX_POINT('',#5107);
#5110=CARTESIAN_POINT('',(1.6E1,5.15E1,0.E0));
#5111=CARTESIAN_POINT('',(1.6E1,5.11E1,4.E-1));
#5112=VERTEX_POINT('',#5110);
#5113=VERTEX_POINT('',#5111);
#5114=CARTESIAN_POINT('',(7.199999999998E0,4.95E1,2.22E1));
#5115=CARTESIAN_POINT('',(3.799999999998E0,4.95E1,2.22E1));
#5116=VERTEX_POINT('',#5114);
#5117=VERTEX_POINT('',#5115);
#5118=CARTESIAN_POINT('',(3.48E1,4.95E1,5.E-1));
#5119=CARTESIAN_POINT('',(3.48E1,4.95E1,2.22E1));
#5120=VERTEX_POINT('',#5118);
#5121=VERTEX_POINT('',#5119);
#5122=CARTESIAN_POINT('',(2.135000000318E1,1.057982593621E0,4.E-1));
#5123=CARTESIAN_POINT('',(2.135000000318E1,6.579825936213E-1,0.E0));
#5124=VERTEX_POINT('',#5122);
#5125=VERTEX_POINT('',#5123);
#5126=CARTESIAN_POINT('',(2.134800000025E1,1.529792727778E1,1.79E1));
#5127=VERTEX_POINT('',#5126);
#5128=CARTESIAN_POINT('',(1.445775174965E1,1.589981514319E0,
-1.421085471520E-14));
#5129=VERTEX_POINT('',#5128);
#5130=VERTEX_POINT('',#1567);
#5131=CARTESIAN_POINT('',(2.22E1,3.371572875254E1,1.45E1));
#5132=VERTEX_POINT('',#5131);
#5133=CARTESIAN_POINT('',(3.87E1,4.95E1,0.E0));
#5134=CARTESIAN_POINT('',(3.43E1,4.95E1,0.E0));
#5135=VERTEX_POINT('',#5133);
#5136=VERTEX_POINT('',#5134);
#5137=CARTESIAN_POINT('',(1.914865618171E1,1.206668024145E1,1.7E0));
#5138=CARTESIAN_POINT('',(2.068621639248E1,1.303836953424E1,1.7E0));
#5139=VERTEX_POINT('',#5137);
#5140=VERTEX_POINT('',#5138);
#5141=CARTESIAN_POINT('',(1.847394739106E1,2.799999999701E1,1.15E1));
#5142=CARTESIAN_POINT('',(1.742066115996E1,2.906895122828E1,1.15E1));
#5143=VERTEX_POINT('',#5141);
#5144=VERTEX_POINT('',#5142);
#5145=CARTESIAN_POINT('',(3.260000000087E1,3.431596519116E1,1.79E1));
#5146=VERTEX_POINT('',#5145);
#5147=CARTESIAN_POINT('',(2.6E1,5.15E1,0.E0));
#5148=VERTEX_POINT('',#5147);
#5149=CARTESIAN_POINT('',(3.049999999913E1,3.431596519116E1,1.75E1));
#5150=VERTEX_POINT('',#5149);
#5151=CARTESIAN_POINT('',(2.1E1,9.5E0,1.665E1));
#5152=CARTESIAN_POINT('',(2.1E1,9.5E0,1.235E1));
#5153=VERTEX_POINT('',#5151);
#5154=VERTEX_POINT('',#5152);
#5155=CARTESIAN_POINT('',(1.951030315550E1,2.124622145853E1,1.79E1));
#5156=CARTESIAN_POINT('',(2.064591033879E1,1.984515791233E1,1.79E1));
#5157=VERTEX_POINT('',#5155);
#5158=VERTEX_POINT('',#5156);
#5159=CARTESIAN_POINT('',(2.068621639248E1,1.303836953424E1,8.5E0));
#5160=CARTESIAN_POINT('',(1.914865618171E1,1.206668024145E1,8.5E0));
#5161=VERTEX_POINT('',#5159);
#5162=VERTEX_POINT('',#5160);
#5163=CARTESIAN_POINT('',(2.010000000318E1,1.907982593621E0,0.E0));
#5164=CARTESIAN_POINT('',(2.050000000318E1,1.907982593621E0,4.E-1));
#5165=VERTEX_POINT('',#5163);
#5166=VERTEX_POINT('',#5164);
#5167=CARTESIAN_POINT('',(2.1E1,2.5E0,1.12E1));
#5168=CARTESIAN_POINT('',(2.1E1,2.5E0,1.78E1));
#5169=VERTEX_POINT('',#5167);
#5170=VERTEX_POINT('',#5168);
#5171=CARTESIAN_POINT('',(2.607543101936E1,3.719999999701E1,
-1.421085471520E-14));
#5172=CARTESIAN_POINT('',(2.100000000318E1,3.999999999701E1,
-1.421085471520E-14));
#5173=VERTEX_POINT('',#5171);
#5174=VERTEX_POINT('',#5172);
#5175=CARTESIAN_POINT('',(1.6E1,4.89E1,3.E0));
#5176=CARTESIAN_POINT('',(1.6E1,4.89E1,4.E-1));
#5177=VERTEX_POINT('',#5175);
#5178=VERTEX_POINT('',#5176);
#5179=CARTESIAN_POINT('',(2.665E1,2.751596519116E1,1.75E1));
#5180=VERTEX_POINT('',#5179);
#5181=CARTESIAN_POINT('',(2.284792086775E1,2.142596519116E1,1.79E1));
#5182=VERTEX_POINT('',#5181);
#5183=VERTEX_POINT('',#2531);
#5184=VERTEX_POINT('',#2550);
#5185=CARTESIAN_POINT('',(3.515E1,2.466596519116E1,1.16E1));
#5186=VERTEX_POINT('',#5185);
#5187=CARTESIAN_POINT('',(3.515E1,1.957874353688E1,1.16E1));
#5188=VERTEX_POINT('',#5187);
#5189=CARTESIAN_POINT('',(2.565E1,3.001596519116E1,1.183792648886E1));
#5190=VERTEX_POINT('',#5189);
#5191=CARTESIAN_POINT('',(2.135000000318E1,1.057982593621E0,3.E0));
#5192=VERTEX_POINT('',#5191);
#5193=CARTESIAN_POINT('',(1.664631331295E1,6.014955658247E0,2.02E1));
#5194=CARTESIAN_POINT('',(1.569671292973E1,3.285556695275E0,2.02E1));
#5195=VERTEX_POINT('',#5193);
#5196=VERTEX_POINT('',#5194);
#5197=CARTESIAN_POINT('',(3.549269344829E1,1.249271801110E1,1.35E1));
#5198=VERTEX_POINT('',#5197);
#5199=CARTESIAN_POINT('',(3.089999999913E1,2.781596519116E1,1.79E1));
#5200=VERTEX_POINT('',#5199);
#5201=CARTESIAN_POINT('',(7.699999999998E0,4.95E1,2.27E1));
#5202=CARTESIAN_POINT('',(3.299999999998E0,4.95E1,2.27E1));
#5203=VERTEX_POINT('',#5201);
#5204=VERTEX_POINT('',#5202);
#5205=CARTESIAN_POINT('',(0.E0,4.659529143810E1,0.E0));
#5206=VERTEX_POINT('',#5205);
#5207=CARTESIAN_POINT('',(1.914865618171E1,2.306525014087E1,1.7E0));
#5208=VERTEX_POINT('',#5207);
#5209=CARTESIAN_POINT('',(3.7E1,0.E0,0.E0));
#5210=VERTEX_POINT('',#5209);
#5211=CARTESIAN_POINT('',(1.664631331295E1,6.014955658247E0,
-1.421085471520E-14));
#5212=CARTESIAN_POINT('',(1.676201838910E1,6.827759013971E0,
-1.421085471520E-14));
#5213=VERTEX_POINT('',#5211);
#5214=VERTEX_POINT('',#5212);
#5215=CARTESIAN_POINT('',(2.975700217913E1,4.771644302003E1,1.45E1));
#5216=CARTESIAN_POINT('',(3.339860210224E1,5.135804294314E1,1.45E1));
#5217=VERTEX_POINT('',#5215);
#5218=VERTEX_POINT('',#5216);
#5219=VERTEX_POINT('',#4211);
#5220=VERTEX_POINT('',#4216);
#5221=CARTESIAN_POINT('',(2.535E1,2.876596519116E1,1.725E1));
#5222=CARTESIAN_POINT('',(2.535E1,3.050602984573E1,1.662947763498E1));
#5223=VERTEX_POINT('',#5221);
#5224=VERTEX_POINT('',#5222);
#5225=CARTESIAN_POINT('',(3.82E1,4.95E1,2.22E1));
#5226=VERTEX_POINT('',#5225);
#5227=CARTESIAN_POINT('',(3.315E1,2.456596519116E1,1.75E1));
#5228=CARTESIAN_POINT('',(2.665E1,2.456596519116E1,1.75E1));
#5229=VERTEX_POINT('',#5227);
#5230=VERTEX_POINT('',#5228);
#5231=CARTESIAN_POINT('',(1.569671292973E1,3.285556695275E0,
-2.368475785867E-14));
#5232=VERTEX_POINT('',#5231);
#5233=CARTESIAN_POINT('',(2.6E1,4.89E1,4.E-1));
#5234=CARTESIAN_POINT('',(2.6E1,4.89E1,3.E0));
#5235=VERTEX_POINT('',#5233);
#5236=VERTEX_POINT('',#5234);
#5237=CARTESIAN_POINT('',(2.665E1,3.001596519116E1,1.75E1));
#5238=VERTEX_POINT('',#5237);
#5239=CARTESIAN_POINT('',(2.100000000318E1,1.756596519116E1,1.79E1));
#5240=CARTESIAN_POINT('',(2.970000000318E1,1.756596519116E1,1.79E1));
#5241=VERTEX_POINT('',#5239);
#5242=VERTEX_POINT('',#5240);
#5243=CARTESIAN_POINT('',(5.E0,0.E0,2.22E1));
#5244=VERTEX_POINT('',#5243);
#5245=CARTESIAN_POINT('',(2.135000000318E1,2.757982593621E0,4.E-1));
#5246=CARTESIAN_POINT('',(2.135000000318E1,2.757982593621E0,3.E0));
#5247=VERTEX_POINT('',#5245);
#5248=VERTEX_POINT('',#5246);
#5249=CARTESIAN_POINT('',(3.715E1,2.496596519116E1,1.441651513899E1));
#5250=VERTEX_POINT('',#5249);
#5251=CARTESIAN_POINT('',(2.1E1,3.2E0,1.85E1));
#5252=VERTEX_POINT('',#5251);
#5253=CARTESIAN_POINT('',(2.066877635510E1,1.263381098061E1,1.4E0));
#5254=VERTEX_POINT('',#5253);
#5255=CARTESIAN_POINT('',(2.546568543205E1,3.399999999701E1,1.173431457505E1));
#5256=VERTEX_POINT('',#5255);
#5257=CARTESIAN_POINT('',(3.049999999913E1,2.781596519116E1,1.75E1));
#5258=VERTEX_POINT('',#5257);
#5259=CARTESIAN_POINT('',(2.565E1,2.999999999701E1,6.5E0));
#5260=CARTESIAN_POINT('',(2.547213595818E1,2.999999999701E1,6.5E0));
#5261=VERTEX_POINT('',#5259);
#5262=VERTEX_POINT('',#5260);
#5263=CARTESIAN_POINT('',(3.325E1,1.957874353688E1,1.35E1));
#5264=VERTEX_POINT('',#5263);
#5265=CARTESIAN_POINT('',(2.91E1,4.E0,1.35E1));
#5266=VERTEX_POINT('',#5265);
#5267=CARTESIAN_POINT('',(1.850000000318E1,3.828235300353E1,1.585E1));
#5268=VERTEX_POINT('',#5267);
#5269=VERTEX_POINT('',#1610);
#5270=VERTEX_POINT('',#1615);
#5271=CARTESIAN_POINT('',(1.914865618171E1,1.108503526276E1,2.02E1));
#5272=VERTEX_POINT('',#5271);
#5273=CARTESIAN_POINT('',(2.671644302003E1,5.075700217913E1,1.45E1));
#5274=VERTEX_POINT('',#5273);
#5275=CARTESIAN_POINT('',(2.365E1,2.922746998831E1,1.15E1));
#5276=CARTESIAN_POINT('',(2.364997949813E1,2.952852933810E1,1.185878920990E1));
#5277=VERTEX_POINT('',#5275);
#5278=VERTEX_POINT('',#5276);
#5279=CARTESIAN_POINT('',(3.355E1,2.496596519116E1,1.4E0));
#5280=CARTESIAN_POINT('',(3.693889555486E1,2.496596519116E1,1.4E0));
#5281=VERTEX_POINT('',#5279);
#5282=VERTEX_POINT('',#5280);
#5283=CARTESIAN_POINT('',(1.813904880358E1,8.979667650222E0,1.4E0));
#5284=VERTEX_POINT('',#5283);
#5285=CARTESIAN_POINT('',(3.035804294314E1,5.439860210224E1,1.45E1));
#5286=VERTEX_POINT('',#5285);
#5287=CARTESIAN_POINT('',(2.665E1,2.751596519116E1,1.728208554865E1));
#5288=VERTEX_POINT('',#5287);
#5289=CARTESIAN_POINT('',(3.705E1,1.957874353688E1,1.35E1));
#5290=VERTEX_POINT('',#5289);
#5291=CARTESIAN_POINT('',(2.565E1,2.999999999701E1,1.15E1));
#5292=CARTESIAN_POINT('',(2.547213595818E1,2.999999999701E1,1.15E1));
#5293=VERTEX_POINT('',#5291);
#5294=VERTEX_POINT('',#5292);
#5295=VERTEX_POINT('',#2555);
#5296=VERTEX_POINT('',#2560);
#5297=CARTESIAN_POINT('',(2.603137085700E1,3.399999999701E1,1.15E1));
#5298=CARTESIAN_POINT('',(1.596862914937E1,3.399999999701E1,1.15E1));
#5299=VERTEX_POINT('',#5297);
#5300=VERTEX_POINT('',#5298);
#5301=CARTESIAN_POINT('',(2.113977092679E1,2.876596519116E1,1.198977092679E1));
#5302=CARTESIAN_POINT('',(2.184959729317E1,2.960829239578E1,1.269959721842E1));
#5303=VERTEX_POINT('',#5301);
#5304=VERTEX_POINT('',#5302);
#5305=CARTESIAN_POINT('',(2.22E1,2.649440185284E1,1.45E1));
#5306=VERTEX_POINT('',#5305);
#5307=CARTESIAN_POINT('',(1.914865618171E1,2.201596519116E1,1.79E1));
#5308=VERTEX_POINT('',#5307);
#5309=CARTESIAN_POINT('',(3.389357684908E1,5.135804294314E1,1.45E1));
#5310=VERTEX_POINT('',#5309);
#5311=CARTESIAN_POINT('',(3.82E1,4.95E1,5.E-1));
#5312=VERTEX_POINT('',#5311);
#5313=CARTESIAN_POINT('',(3.185000000318E1,1.756596519116E1,1.7E0));
#5314=VERTEX_POINT('',#5313);
#5315=CARTESIAN_POINT('',(3.035804294314E1,5.489357684908E1,1.45E1));
#5316=VERTEX_POINT('',#5315);
#5317=CARTESIAN_POINT('',(1.445775174965E1,1.589981514319E0,2.02E1));
#5318=VERTEX_POINT('',#5317);
#5319=CARTESIAN_POINT('',(2.463633845223E1,2.922746998831E1,1.15E1));
#5320=VERTEX_POINT('',#5319);
#5321=CARTESIAN_POINT('',(2.1E1,3.2E0,1.05E1));
#5322=VERTEX_POINT('',#5321);
#5323=VERTEX_POINT('',#1630);
#5324=CARTESIAN_POINT('',(2.565E1,2.799999999701E1,1.4E0));
#5325=CARTESIAN_POINT('',(2.565E1,2.799999999701E1,6.5E0));
#5326=VERTEX_POINT('',#5324);
#5327=VERTEX_POINT('',#5325);
#5328=CARTESIAN_POINT('',(3.799999999998E0,4.95E1,4.E-1));
#5329=VERTEX_POINT('',#5328);
#5330=VERTEX_POINT('',#2815);
#5331=CARTESIAN_POINT('',(2.935000000318E1,6.579825936213E-1,0.E0));
#5332=VERTEX_POINT('',#5331);
#5333=CARTESIAN_POINT('',(3.715E1,3.716596519116E1,1.75E1));
#5334=VERTEX_POINT('',#5333);
#5335=CARTESIAN_POINT('',(3.260000000087E1,3.431596519116E1,2.15E1));
#5336=VERTEX_POINT('',#5335);
#5337=CARTESIAN_POINT('',(2.950000000710E1,1.756596519116E1,2.27E1));
#5338=VERTEX_POINT('',#5337);
#5339=CARTESIAN_POINT('',(1.526516850249E1,0.E0,2.02E1));
#5340=VERTEX_POINT('',#5339);
#5341=CARTESIAN_POINT('',(3.7E1,5.5E1,0.E0));
#5342=CARTESIAN_POINT('',(4.2E1,5.E1,0.E0));
#5343=VERTEX_POINT('',#5341);
#5344=VERTEX_POINT('',#5342);
#5345=CARTESIAN_POINT('',(2.71E1,5.E1,3.E0));
#5346=VERTEX_POINT('',#5345);
#5347=CARTESIAN_POINT('',(2.100000000318E1,2.799999999701E1,1.15E1));
#5348=VERTEX_POINT('',#5347);
#5349=CARTESIAN_POINT('',(1.914865618171E1,2.577684044965E1,1.4E0));
#5350=CARTESIAN_POINT('',(1.847394739106E1,2.799999999701E1,1.4E0));
#5351=VERTEX_POINT('',#5349);
#5352=VERTEX_POINT('',#5350);
#5353=VERTEX_POINT('',#1786);
#5354=CARTESIAN_POINT('',(2.565E1,3.001596519116E1,1.15E1));
#5355=VERTEX_POINT('',#5354);
#5356=CARTESIAN_POINT('',(2.1E1,4.E-1,1.12E1));
#5357=CARTESIAN_POINT('',(2.1E1,4.E-1,1.78E1));
#5358=VERTEX_POINT('',#5356);
#5359=VERTEX_POINT('',#5357);
#5360=CARTESIAN_POINT('',(3.693889555486E1,2.496596519116E1,0.E0));
#5361=VERTEX_POINT('',#5360);
#5362=CARTESIAN_POINT('',(2.565E1,2.751596519116E1,1.4E0));
#5363=CARTESIAN_POINT('',(2.665E1,2.751596519116E1,1.4E0));
#5364=VERTEX_POINT('',#5362);
#5365=VERTEX_POINT('',#5363);
#5366=CARTESIAN_POINT('',(2.068621639248E1,2.209356084808E1,8.5E0));
#5367=CARTESIAN_POINT('',(3.185000000318E1,1.756596519116E1,8.5E0));
#5368=VERTEX_POINT('',#5366);
#5369=VERTEX_POINT('',#5367);
#5370=CARTESIAN_POINT('',(3.355E1,3.716596519116E1,1.75E1));
#5371=VERTEX_POINT('',#5370);
#5372=CARTESIAN_POINT('',(1.49E1,5.E1,3.E0));
#5373=VERTEX_POINT('',#5372);
#5374=CARTESIAN_POINT('',(1.813904880358E1,8.979667650223E0,2.02E1));
#5375=VERTEX_POINT('',#5374);
#5376=VERTEX_POINT('',#1992);
#5377=CARTESIAN_POINT('',(3.1E1,3.E-1,1.16E1));
#5378=VERTEX_POINT('',#5377);
#5379=CARTESIAN_POINT('',(1.426516850249E1,9.999999999994E-1,2.02E1));
#5380=VERTEX_POINT('',#5379);
#5381=CARTESIAN_POINT('',(3.300000000087E1,3.431596519116E1,1.75E1));
#5382=VERTEX_POINT('',#5381);
#5383=CARTESIAN_POINT('',(6.303240553012E0,4.790803542986E1,2.02E1));
#5384=VERTEX_POINT('',#5383);
#5385=CARTESIAN_POINT('',(2.665E1,2.456596519116E1,1.4E0));
#5386=CARTESIAN_POINT('',(3.315E1,2.456596519116E1,1.4E0));
#5387=VERTEX_POINT('',#5385);
#5388=VERTEX_POINT('',#5386);
#5389=CARTESIAN_POINT('',(2.303720915734E1,2.835643916521E1,1.15E1));
#5390=VERTEX_POINT('',#5389);
#5391=CARTESIAN_POINT('',(2.119999999927E1,1.756596519116E1,2.27E1));
#5392=VERTEX_POINT('',#5391);
#5393=CARTESIAN_POINT('',(6.382070273E0,4.804674433306E1,4.E-1));
#5394=CARTESIAN_POINT('',(7.199999999998E0,4.95E1,4.E-1));
#5395=VERTEX_POINT('',#5393);
#5396=VERTEX_POINT('',#5394);
#5397=VERTEX_POINT('',#287);
#5398=CARTESIAN_POINT('',(1.742066115996E1,2.906895122828E1,2.02E1));
#5399=CARTESIAN_POINT('',(1.914865618171E1,2.577684044965E1,2.02E1));
#5400=VERTEX_POINT('',#5398);
#5401=VERTEX_POINT('',#5399);
#5402=CARTESIAN_POINT('',(0.E0,5.E1,0.E0));
#5403=VERTEX_POINT('',#5402);
#5404=CARTESIAN_POINT('',(2.284792086775E1,1.370596519116E1,1.79E1));
#5405=VERTEX_POINT('',#5404);
#5406=CARTESIAN_POINT('',(5.E0,5.5E1,2.22E1));
#5407=VERTEX_POINT('',#5406);
#5408=CARTESIAN_POINT('',(2.064591033879E1,1.528677246999E1,8.5E0));
#5409=VERTEX_POINT('',#5408);
#5410=VERTEX_POINT('',#1476);
#5411=CARTESIAN_POINT('',(2.635E1,2.702590053659E1,1.237052236502E1));
#5412=VERTEX_POINT('',#5411);
#5413=CARTESIAN_POINT('',(2.22E1,9.5E0,1.45E1));
#5414=VERTEX_POINT('',#5413);
#5415=CARTESIAN_POINT('',(3.715E1,2.496596519116E1,0.E0));
#5416=CARTESIAN_POINT('',(3.715E1,3.716596519116E1,0.E0));
#5417=VERTEX_POINT('',#5415);
#5418=VERTEX_POINT('',#5416);
#5419=CARTESIAN_POINT('',(1.98E1,9.5E0,1.45E1));
#5420=VERTEX_POINT('',#5419);
#5421=CARTESIAN_POINT('',(2.635E1,3.050602984573E1,1.237052236502E1));
#5422=VERTEX_POINT('',#5421);
#5423=CARTESIAN_POINT('',(2.665E1,3.719999999701E1,0.E0));
#5424=VERTEX_POINT('',#5423);
#5425=CARTESIAN_POINT('',(2.935000000318E1,1.057982593621E0,3.E0));
#5426=VERTEX_POINT('',#5425);
#5427=VERTEX_POINT('',#3095);
#5428=VERTEX_POINT('',#1910);
#5429=CARTESIAN_POINT('',(4.526336833252E0,4.763936031491E1,
-1.421085471520E-14));
#5430=VERTEX_POINT('',#5429);
#5431=VERTEX_POINT('',#3135);
#5432=CARTESIAN_POINT('',(3.7E1,0.E0,2.22E1));
#5433=VERTEX_POINT('',#5432);
#5434=CARTESIAN_POINT('',(3.355E1,3.716596519116E1,0.E0));
#5435=VERTEX_POINT('',#5434);
#5436=CARTESIAN_POINT('',(1.951030315550E1,2.124622145853E1,8.5E0));
#5437=CARTESIAN_POINT('',(1.914865618171E1,2.201596519116E1,8.5E0));
#5438=VERTEX_POINT('',#5436);
#5439=VERTEX_POINT('',#5437);
#5440=CARTESIAN_POINT('',(3.742027650336E1,1.098030460797E1,1.4E0));
#5441=VERTEX_POINT('',#5440);
#5442=CARTESIAN_POINT('',(2.635E1,2.702590053659E1,1.662947763498E1));
#5443=VERTEX_POINT('',#5442);
#5444=CARTESIAN_POINT('',(2.134800000025E1,1.529792727778E1,1.335156802560E1));
#5445=VERTEX_POINT('',#5444);
#5446=CARTESIAN_POINT('',(3.215000000318E1,1.756596519116E1,1.4E0));
#5447=VERTEX_POINT('',#5446);
#5448=CARTESIAN_POINT('',(1.250000000318E1,3.999999999701E1,0.E0));
#5449=VERTEX_POINT('',#5448);
#5450=CARTESIAN_POINT('',(3.355E1,2.496596519116E1,1.199003311295E1));
#5451=VERTEX_POINT('',#5450);
#5452=CARTESIAN_POINT('',(1.98E1,2.098444661459E1,1.45E1));
#5453=VERTEX_POINT('',#5452);
#5454=VERTEX_POINT('',#1072);
#5455=CARTESIAN_POINT('',(3.515E1,2.496596519116E1,1.57E1));
#5456=VERTEX_POINT('',#5455);
#5457=CARTESIAN_POINT('',(3.515E1,1.957874353688E1,1.54E1));
#5458=VERTEX_POINT('',#5457);
#5459=CARTESIAN_POINT('',(2.050000000318E1,1.907982593621E0,3.E0));
#5460=VERTEX_POINT('',#5459);
#5461=CARTESIAN_POINT('',(2.75E1,5.E1,0.E0));
#5462=VERTEX_POINT('',#5461);
#5463=CARTESIAN_POINT('',(2.608687493397E1,2.352054193475E1,8.5E0));
#5464=VERTEX_POINT('',#5463);
#5465=CARTESIAN_POINT('',(3.089999999913E1,2.781596519116E1,2.15E1));
#5466=VERTEX_POINT('',#5465);
#5467=CARTESIAN_POINT('',(2.565E1,2.931596519116E1,1.75E1));
#5468=VERTEX_POINT('',#5467);
#5469=CARTESIAN_POINT('',(1.914865618171E1,2.306525014087E1,8.5E0));
#5470=VERTEX_POINT('',#5469);
#5471=CARTESIAN_POINT('',(1.850000000318E1,4.298235300555E1,1.585E1));
#5472=VERTEX_POINT('',#5471);
#5473=VERTEX_POINT('',#2085);
#5474=CARTESIAN_POINT('',(1.250000000318E1,4.824817820090E1,2.02E1));
#5475=VERTEX_POINT('',#5474);
#5476=CARTESIAN_POINT('',(2.365006604739E1,2.601778157191E1,1.45E1));
#5477=VERTEX_POINT('',#5476);
#5478=CARTESIAN_POINT('',(2.1E1,7.E0,1.09E1));
#5479=VERTEX_POINT('',#5478);
#5480=CARTESIAN_POINT('',(1.951030315550E1,1.388570892379E1,8.5E0));
#5481=VERTEX_POINT('',#5480);
#5482=CARTESIAN_POINT('',(3.7E1,5.45E1,2.27E1));
#5483=VERTEX_POINT('',#5482);
#5484=CARTESIAN_POINT('',(2.365002201674E1,2.876596519116E1,1.724939453978E1));
#5485=VERTEX_POINT('',#5484);
#5486=CARTESIAN_POINT('',(2.1E1,7.E0,1.81E1));
#5487=VERTEX_POINT('',#5486);
#5488=CARTESIAN_POINT('',(3.7E1,5.5E1,2.22E1));
#5489=VERTEX_POINT('',#5488);
#5490=CARTESIAN_POINT('',(5.E0,5.5E1,0.E0));
#5491=VERTEX_POINT('',#5490);
#5492=CARTESIAN_POINT('',(3.515E1,2.466596519116E1,1.54E1));
#5493=VERTEX_POINT('',#5492);
#5494=CARTESIAN_POINT('',(2.608687493397E1,2.352054193475E1,1.79E1));
#5495=VERTEX_POINT('',#5494);
#5496=CARTESIAN_POINT('',(3.060000000318E1,1.907982593621E0,0.E0));
#5497=VERTEX_POINT('',#5496);
#5498=CARTESIAN_POINT('',(2.064591033879E1,1.984515791233E1,1.564656901747E1));
#5499=VERTEX_POINT('',#5498);
#5500=CARTESIAN_POINT('',(1.676201838910E1,6.827759013971E0,1.4E0));
#5501=VERTEX_POINT('',#5500);
#5502=CARTESIAN_POINT('',(2.100000000318E1,2.799999999701E1,6.5E0));
#5503=VERTEX_POINT('',#5502);
#5504=CARTESIAN_POINT('',(2.71E1,5.E1,4.E-1));
#5505=VERTEX_POINT('',#5504);
#5506=CARTESIAN_POINT('',(2.935000000318E1,2.757982593621E0,3.E0));
#5507=VERTEX_POINT('',#5506);
#5508=CARTESIAN_POINT('',(3.260000000087E1,2.781596519116E1,2.15E1));
#5509=VERTEX_POINT('',#5508);
#5510=CARTESIAN_POINT('',(2.665E1,3.001596519116E1,1.15E1));
#5511=VERTEX_POINT('',#5510);
#5512=VERTEX_POINT('',#1547);
#5513=CARTESIAN_POINT('',(3.134999740810E1,1.756596519116E1,8.5E0));
#5514=VERTEX_POINT('',#5513);
#5515=CARTESIAN_POINT('',(2.608687493397E1,1.161138844757E1,1.79E1));
#5516=VERTEX_POINT('',#5515);
#5517=CARTESIAN_POINT('',(3.020000000318E1,1.907982593621E0,3.E0));
#5518=VERTEX_POINT('',#5517);
#5519=CARTESIAN_POINT('',(2.064591033879E1,1.984515791233E1,8.5E0));
#5520=VERTEX_POINT('',#5519);
#5521=CARTESIAN_POINT('',(3.134999740810E1,1.756596519116E1,1.79E1));
#5522=VERTEX_POINT('',#5521);
#5523=CARTESIAN_POINT('',(2.1E1,9.5E0,1.33E1));
#5524=VERTEX_POINT('',#5523);
#5525=VERTEX_POINT('',#1954);
#5526=CARTESIAN_POINT('',(1.420000000319E1,6.205965191159E0,2.19E1));
#5527=CARTESIAN_POINT('',(9.200000003187E0,6.205965191159E0,2.19E1));
#5528=VERTEX_POINT('',#5526);
#5529=VERTEX_POINT('',#5527);
#5530=CARTESIAN_POINT('',(1.538604877800E1,6.205965191159E0,2.27E1));
#5531=CARTESIAN_POINT('',(8.013951228377E0,6.205965191159E0,2.27E1));
#5532=VERTEX_POINT('',#5530);
#5533=VERTEX_POINT('',#5531);
#5534=CARTESIAN_POINT('',(2.169999999927E1,1.756596519116E1,1.98E1));
#5535=CARTESIAN_POINT('',(2.900000000710E1,1.756596519116E1,1.98E1));
#5536=VERTEX_POINT('',#5534);
#5537=VERTEX_POINT('',#5535);
#5538=CARTESIAN_POINT('',(2.940000000318E1,1.756596519116E1,1.98E1));
#5539=CARTESIAN_POINT('',(2.130000000318E1,1.756596519116E1,1.98E1));
#5540=VERTEX_POINT('',#5538);
#5541=VERTEX_POINT('',#5539);
#5542=CARTESIAN_POINT('',(2.1E1,2.E-1,1.45E1));
#5543=DIRECTION('',(0.E0,-1.E0,0.E0));
#5544=DIRECTION('',(0.E0,0.E0,-1.E0));
#5545=AXIS2_PLACEMENT_3D('',#5542,#5543,#5544);
#5546=CONICAL_SURFACE('2668',#5545,3.5E0,4.5E1);
#5548=ORIENTED_EDGE('2431',*,*,#5547,.F.);
#5550=ORIENTED_EDGE('2080',*,*,#5549,.T.);
#5552=ORIENTED_EDGE('2503',*,*,#5551,.T.);
#5554=ORIENTED_EDGE('2500',*,*,#5553,.F.);
#5555=EDGE_LOOP('2668',(#5548,#5550,#5552,#5554));
#5556=FACE_OUTER_BOUND('2668',#5555,.F.);
#5558=CARTESIAN_POINT('',(2.1E1,2.E-1,1.45E1));
#5559=DIRECTION('',(0.E0,-1.E0,0.E0));
#5560=DIRECTION('',(0.E0,0.E0,-1.E0));
#5561=AXIS2_PLACEMENT_3D('',#5558,#5559,#5560);
#5562=CONICAL_SURFACE('2695',#5561,3.5E0,4.5E1);
#5564=ORIENTED_EDGE('2284',*,*,#5563,.F.);
#5565=ORIENTED_EDGE('2503',*,*,#5551,.F.);
#5567=ORIENTED_EDGE('2067',*,*,#5566,.T.);
#5568=ORIENTED_EDGE('2431',*,*,#5547,.T.);
#5569=EDGE_LOOP('2695',(#5564,#5565,#5567,#5568));
#5570=FACE_OUTER_BOUND('2695',#5569,.F.);
#5572=CARTESIAN_POINT('',(2.1E1,0.E0,1.45E1));
#5573=DIRECTION('',(0.E0,-1.E0,0.E0));
#5574=DIRECTION('',(0.E0,0.E0,-1.E0));
#5575=AXIS2_PLACEMENT_3D('',#5572,#5573,#5574);
#5576=CYLINDRICAL_SURFACE('2719',#5575,3.3E0);
#5578=ORIENTED_EDGE('2505',*,*,#5577,.T.);
#5580=ORIENTED_EDGE('2636',*,*,#5579,.F.);
#5581=ORIENTED_EDGE('2284',*,*,#5563,.T.);
#5583=ORIENTED_EDGE('2438',*,*,#5582,.T.);
#5584=EDGE_LOOP('2719',(#5578,#5580,#5581,#5583));
#5585=FACE_OUTER_BOUND('2719',#5584,.F.);
#5587=CARTESIAN_POINT('',(2.1E1,2.85E0,1.45E1));
#5588=DIRECTION('',(0.E0,1.E0,0.E0));
#5589=DIRECTION('',(0.E0,0.E0,1.E0));
#5590=AXIS2_PLACEMENT_3D('',#5587,#5588,#5589);
#5591=CONICAL_SURFACE('2739',#5590,3.65E0,4.5E1);
#5592=ORIENTED_EDGE('2505',*,*,#5577,.F.);
#5594=ORIENTED_EDGE('2280',*,*,#5593,.F.);
#5596=ORIENTED_EDGE('2348',*,*,#5595,.F.);
#5598=ORIENTED_EDGE('2539',*,*,#5597,.T.);
#5599=EDGE_LOOP('2739',(#5592,#5594,#5596,#5598));
#5600=FACE_OUTER_BOUND('2739',#5599,.F.);
#5602=CARTESIAN_POINT('',(2.1E1,2.85E0,1.45E1));
#5603=DIRECTION('',(0.E0,1.E0,0.E0));
#5604=DIRECTION('',(0.E0,0.E0,1.E0));
#5605=AXIS2_PLACEMENT_3D('',#5602,#5603,#5604);
#5606=CONICAL_SURFACE('2882',#5605,3.65E0,4.5E1);
#5607=ORIENTED_EDGE('2539',*,*,#5597,.F.);
#5609=ORIENTED_EDGE('2615',*,*,#5608,.F.);
#5610=ORIENTED_EDGE('2280',*,*,#5593,.T.);
#5612=ORIENTED_EDGE('2185',*,*,#5611,.F.);
#5613=EDGE_LOOP('2882',(#5607,#5609,#5610,#5612));
#5614=FACE_OUTER_BOUND('2882',#5613,.F.);
#5616=CARTESIAN_POINT('',(2.1E1,0.E0,1.45E1));
#5617=DIRECTION('',(0.E0,-1.E0,0.E0));
#5618=DIRECTION('',(0.E0,0.E0,-1.E0));
#5619=AXIS2_PLACEMENT_3D('',#5616,#5617,#5618);
#5620=CYLINDRICAL_SURFACE('2838',#5619,4.E0);
#5622=ORIENTED_EDGE('2219',*,*,#5621,.F.);
#5623=ORIENTED_EDGE('2615',*,*,#5608,.T.);
#5625=ORIENTED_EDGE('2258',*,*,#5624,.T.);
#5627=ORIENTED_EDGE('2264',*,*,#5626,.T.);
#5628=EDGE_LOOP('2838',(#5622,#5623,#5625,#5627));
#5629=FACE_OUTER_BOUND('2838',#5628,.F.);
#5631=CARTESIAN_POINT('',(2.1E1,0.E0,1.45E1));
#5632=DIRECTION('',(0.E0,-1.E0,0.E0));
#5633=DIRECTION('',(0.E0,0.E0,-1.E0));
#5634=AXIS2_PLACEMENT_3D('',#5631,#5632,#5633);
#5635=CYLINDRICAL_SURFACE('2791',#5634,4.E0);
#5637=ORIENTED_EDGE('2161',*,*,#5636,.T.);
#5638=ORIENTED_EDGE('2258',*,*,#5624,.F.);
#5639=ORIENTED_EDGE('2348',*,*,#5595,.T.);
#5640=ORIENTED_EDGE('2219',*,*,#5621,.T.);
#5641=EDGE_LOOP('2791',(#5637,#5638,#5639,#5640));
#5642=FACE_OUTER_BOUND('2791',#5641,.F.);
#5644=CARTESIAN_POINT('',(2.1E1,6.8E0,1.45E1));
#5645=DIRECTION('',(0.E0,-1.E0,0.E0));
#5646=DIRECTION('',(0.E0,0.E0,-1.E0));
#5647=AXIS2_PLACEMENT_3D('',#5644,#5645,#5646);
#5648=CONICAL_SURFACE('2818',#5647,3.8E0,4.5E1);
#5650=ORIENTED_EDGE('2510',*,*,#5649,.T.);
#5652=ORIENTED_EDGE('2458',*,*,#5651,.F.);
#5653=ORIENTED_EDGE('2161',*,*,#5636,.F.);
#5655=ORIENTED_EDGE('2526',*,*,#5654,.T.);
#5656=EDGE_LOOP('2818',(#5650,#5652,#5653,#5655));
#5657=FACE_OUTER_BOUND('2818',#5656,.F.);
#5659=CARTESIAN_POINT('',(2.355E1,7.E0,1.45E1));
#5660=DIRECTION('',(0.E0,1.E0,0.E0));
#5661=DIRECTION('',(0.E0,0.E0,1.E0));
#5662=AXIS2_PLACEMENT_3D('',#5659,#5660,#5661);
#5663=PLANE('2871',#5662);
#5665=ORIENTED_EDGE('2465',*,*,#5664,.F.);
#5666=ORIENTED_EDGE('2510',*,*,#5649,.F.);
#5667=EDGE_LOOP('2871',(#5665,#5666));
#5668=FACE_OUTER_BOUND('2871',#5667,.F.);
#5670=ORIENTED_EDGE('2328',*,*,#5669,.F.);
#5672=ORIENTED_EDGE('2151',*,*,#5671,.F.);
#5673=EDGE_LOOP('2871',(#5670,#5672));
#5674=FACE_BOUND('2871',#5673,.F.);
#5676=CARTESIAN_POINT('',(2.1E1,6.8E0,1.45E1));
#5677=DIRECTION('',(0.E0,-1.E0,0.E0));
#5678=DIRECTION('',(0.E0,0.E0,-1.E0));
#5679=AXIS2_PLACEMENT_3D('',#5676,#5677,#5678);
#5680=CONICAL_SURFACE('2711',#5679,3.8E0,4.5E1);
#5681=ORIENTED_EDGE('2526',*,*,#5654,.F.);
#5682=ORIENTED_EDGE('2264',*,*,#5626,.F.);
#5683=ORIENTED_EDGE('2458',*,*,#5651,.T.);
#5684=ORIENTED_EDGE('2465',*,*,#5664,.T.);
#5685=EDGE_LOOP('2711',(#5681,#5682,#5683,#5684));
#5686=FACE_OUTER_BOUND('2711',#5685,.F.);
#5688=CARTESIAN_POINT('',(2.1E1,7.2E0,1.45E1));
#5689=DIRECTION('',(0.E0,-1.E0,0.E0));
#5690=DIRECTION('',(0.E0,0.E0,-1.E0));
#5691=AXIS2_PLACEMENT_3D('',#5688,#5689,#5690);
#5692=CONICAL_SURFACE('2859',#5691,2.35E0,4.5E1);
#5694=ORIENTED_EDGE('2558',*,*,#5693,.F.);
#5695=ORIENTED_EDGE('2328',*,*,#5669,.T.);
#5697=ORIENTED_EDGE('2656',*,*,#5696,.T.);
#5699=ORIENTED_EDGE('2122',*,*,#5698,.F.);
#5700=EDGE_LOOP('2859',(#5694,#5695,#5697,#5699));
#5701=FACE_OUTER_BOUND('2859',#5700,.F.);
#5703=CARTESIAN_POINT('',(2.1E1,7.2E0,1.45E1));
#5704=DIRECTION('',(0.E0,-1.E0,0.E0));
#5705=DIRECTION('',(0.E0,0.E0,-1.E0));
#5706=AXIS2_PLACEMENT_3D('',#5703,#5704,#5705);
#5707=CONICAL_SURFACE('2875',#5706,2.35E0,4.5E1);
#5709=ORIENTED_EDGE('2220',*,*,#5708,.F.);
#5710=ORIENTED_EDGE('2656',*,*,#5696,.F.);
#5711=ORIENTED_EDGE('2151',*,*,#5671,.T.);
#5712=ORIENTED_EDGE('2558',*,*,#5693,.T.);
#5713=EDGE_LOOP('2875',(#5709,#5710,#5711,#5712));
#5714=FACE_OUTER_BOUND('2875',#5713,.F.);
#5716=CARTESIAN_POINT('',(2.1E1,0.E0,1.45E1));
#5717=DIRECTION('',(0.E0,-1.E0,0.E0));
#5718=DIRECTION('',(0.E0,0.E0,-1.E0));
#5719=AXIS2_PLACEMENT_3D('',#5716,#5717,#5718);
#5720=CYLINDRICAL_SURFACE('2701',#5719,2.15E0);
#5722=ORIENTED_EDGE('2178',*,*,#5721,.T.);
#5724=ORIENTED_EDGE('2312',*,*,#5723,.F.);
#5725=ORIENTED_EDGE('2220',*,*,#5708,.T.);
#5727=ORIENTED_EDGE('2517',*,*,#5726,.T.);
#5728=EDGE_LOOP('2701',(#5722,#5724,#5725,#5727));
#5729=FACE_OUTER_BOUND('2701',#5728,.F.);
#5731=CARTESIAN_POINT('',(2.1E1,9.5E0,1.45E1));
#5732=DIRECTION('',(0.E0,1.E0,0.E0));
#5733=DIRECTION('',(0.E0,0.E0,1.E0));
#5734=AXIS2_PLACEMENT_3D('',#5731,#5732,#5733);
#5735=PLANE('2840',#5734);
#5737=ORIENTED_EDGE('2608',*,*,#5736,.F.);
#5738=ORIENTED_EDGE('2178',*,*,#5721,.F.);
#5739=EDGE_LOOP('2840',(#5737,#5738));
#5740=FACE_OUTER_BOUND('2840',#5739,.F.);
#5742=ORIENTED_EDGE('2343',*,*,#5741,.F.);
#5744=ORIENTED_EDGE('2653',*,*,#5743,.F.);
#5746=ORIENTED_EDGE('2652',*,*,#5745,.F.);
#5747=EDGE_LOOP('2840',(#5742,#5744,#5746));
#5748=FACE_BOUND('2840',#5747,.F.);
#5750=CARTESIAN_POINT('',(2.1E1,0.E0,1.45E1));
#5751=DIRECTION('',(0.E0,-1.E0,0.E0));
#5752=DIRECTION('',(0.E0,0.E0,-1.E0));
#5753=AXIS2_PLACEMENT_3D('',#5750,#5751,#5752);
#5754=CYLINDRICAL_SURFACE('2879',#5753,2.15E0);
#5755=ORIENTED_EDGE('2517',*,*,#5726,.F.);
#5756=ORIENTED_EDGE('2122',*,*,#5698,.T.);
#5757=ORIENTED_EDGE('2312',*,*,#5723,.T.);
#5758=ORIENTED_EDGE('2608',*,*,#5736,.T.);
#5759=EDGE_LOOP('2879',(#5755,#5756,#5757,#5758));
#5760=FACE_OUTER_BOUND('2879',#5759,.F.);
#5762=CARTESIAN_POINT('',(2.1E1,-4.E0,1.45E1));
#5763=DIRECTION('',(0.E0,1.E0,0.E0));
#5764=DIRECTION('',(-1.E0,0.E0,0.E0));
#5765=AXIS2_PLACEMENT_3D('',#5762,#5763,#5764);
#5766=CYLINDRICAL_SURFACE('2829',#5765,1.2E0);
#5768=ORIENTED_EDGE('2340',*,*,#5767,.F.);
#5770=ORIENTED_EDGE('2140',*,*,#5769,.T.);
#5772=ORIENTED_EDGE('2512',*,*,#5771,.T.);
#5774=ORIENTED_EDGE('2322',*,*,#5773,.T.);
#5776=ORIENTED_EDGE('2443',*,*,#5775,.T.);
#5777=ORIENTED_EDGE('2343',*,*,#5741,.T.);
#5778=EDGE_LOOP('2829',(#5768,#5770,#5772,#5774,#5776,#5777));
#5779=FACE_OUTER_BOUND('2829',#5778,.F.);
#5781=CARTESIAN_POINT('',(2.1E1,-4.E0,1.45E1));
#5782=DIRECTION('',(0.E0,1.E0,0.E0));
#5783=DIRECTION('',(-1.E0,0.E0,0.E0));
#5784=AXIS2_PLACEMENT_3D('',#5781,#5782,#5783);
#5785=CYLINDRICAL_SURFACE('2832',#5784,1.2E0);
#5786=ORIENTED_EDGE('2653',*,*,#5743,.T.);
#5787=ORIENTED_EDGE('2443',*,*,#5775,.F.);
#5789=ORIENTED_EDGE('2088',*,*,#5788,.T.);
#5791=ORIENTED_EDGE('2612',*,*,#5790,.T.);
#5793=ORIENTED_EDGE('2409',*,*,#5792,.T.);
#5794=ORIENTED_EDGE('2340',*,*,#5767,.T.);
#5795=ORIENTED_EDGE('2652',*,*,#5745,.T.);
#5796=EDGE_LOOP('2832',(#5786,#5787,#5789,#5791,#5793,#5794,#5795));
#5797=FACE_OUTER_BOUND('2832',#5796,.F.);
#5799=CARTESIAN_POINT('',(1.657387923491E1,1.742653009389E1,1.79E1));
#5800=DIRECTION('',(0.E0,0.E0,-1.E0));
#5801=DIRECTION('',(-1.E0,0.E0,0.E0));
#5802=AXIS2_PLACEMENT_3D('',#5799,#5800,#5801);
#5803=CYLINDRICAL_SURFACE('2743',#5802,4.6E0);
#5804=ORIENTED_EDGE('2088',*,*,#5788,.F.);
#5805=ORIENTED_EDGE('2322',*,*,#5773,.F.);
#5807=ORIENTED_EDGE('2486',*,*,#5806,.T.);
#5809=ORIENTED_EDGE('2143',*,*,#5808,.T.);
#5811=ORIENTED_EDGE('2496',*,*,#5810,.F.);
#5813=ORIENTED_EDGE('2657',*,*,#5812,.T.);
#5815=ORIENTED_EDGE('2336',*,*,#5814,.T.);
#5816=EDGE_LOOP('2743',(#5804,#5805,#5807,#5809,#5811,#5813,#5815));
#5817=FACE_OUTER_BOUND('2743',#5816,.F.);
#5819=CARTESIAN_POINT('',(2.1E1,1.510070658966E1,1.79E1));
#5820=DIRECTION('',(0.E0,0.E0,-1.E0));
#5821=DIRECTION('',(-1.E0,0.E0,0.E0));
#5822=AXIS2_PLACEMENT_3D('',#5819,#5820,#5821);
#5823=CYLINDRICAL_SURFACE('2736',#5822,3.999999999998E-1);
#5824=ORIENTED_EDGE('2512',*,*,#5771,.F.);
#5826=ORIENTED_EDGE('2167',*,*,#5825,.T.);
#5828=ORIENTED_EDGE('2497',*,*,#5827,.T.);
#5829=ORIENTED_EDGE('2486',*,*,#5806,.F.);
#5830=EDGE_LOOP('2736',(#5824,#5826,#5828,#5829));
#5831=FACE_OUTER_BOUND('2736',#5830,.F.);
#5833=CARTESIAN_POINT('',(2.535000000318E1,1.756596519116E1,1.79E1));
#5834=DIRECTION('',(0.E0,0.E0,-1.E0));
#5835=DIRECTION('',(-1.E0,0.E0,0.E0));
#5836=AXIS2_PLACEMENT_3D('',#5833,#5834,#5835);
#5837=CYLINDRICAL_SURFACE('2747',#5836,4.6E0);
#5838=ORIENTED_EDGE('2140',*,*,#5769,.F.);
#5839=ORIENTED_EDGE('2409',*,*,#5792,.F.);
#5841=ORIENTED_EDGE('2379',*,*,#5840,.F.);
#5843=ORIENTED_EDGE('2096',*,*,#5842,.T.);
#5845=ORIENTED_EDGE('2331',*,*,#5844,.T.);
#5847=ORIENTED_EDGE('2451',*,*,#5846,.T.);
#5848=ORIENTED_EDGE('2167',*,*,#5825,.F.);
#5849=EDGE_LOOP('2747',(#5838,#5839,#5841,#5843,#5845,#5847,#5848));
#5850=FACE_OUTER_BOUND('2747',#5849,.F.);
#5852=CARTESIAN_POINT('',(2.1E1,1.510070658966E1,1.79E1));
#5853=DIRECTION('',(0.E0,0.E0,-1.E0));
#5854=DIRECTION('',(-1.E0,0.E0,0.E0));
#5855=AXIS2_PLACEMENT_3D('',#5852,#5853,#5854);
#5856=CYLINDRICAL_SURFACE('2856',#5855,3.999999999998E-1);
#5857=ORIENTED_EDGE('2612',*,*,#5790,.F.);
#5858=ORIENTED_EDGE('2336',*,*,#5814,.F.);
#5860=ORIENTED_EDGE('2547',*,*,#5859,.T.);
#5861=ORIENTED_EDGE('2379',*,*,#5840,.T.);
#5862=EDGE_LOOP('2856',(#5857,#5858,#5860,#5861));
#5863=FACE_OUTER_BOUND('2856',#5862,.F.);
#5865=CARTESIAN_POINT('',(1.674910100587E1,1.756596519116E1,8.5E0));
#5866=DIRECTION('',(0.E0,0.E0,-1.E0));
#5867=DIRECTION('',(-1.E0,0.E0,0.E0));
#5868=AXIS2_PLACEMENT_3D('',#5865,#5866,#5867);
#5869=PLANE('2860',#5868);
#5871=ORIENTED_EDGE('2370',*,*,#5870,.F.);
#5873=ORIENTED_EDGE('2598',*,*,#5872,.F.);
#5875=ORIENTED_EDGE('2597',*,*,#5874,.F.);
#5877=ORIENTED_EDGE('2126',*,*,#5876,.F.);
#5879=ORIENTED_EDGE('2413',*,*,#5878,.F.);
#5881=ORIENTED_EDGE('2564',*,*,#5880,.F.);
#5883=ORIENTED_EDGE('2565',*,*,#5882,.F.);
#5885=ORIENTED_EDGE('2092',*,*,#5884,.F.);
#5886=ORIENTED_EDGE('2096',*,*,#5842,.F.);
#5887=ORIENTED_EDGE('2547',*,*,#5859,.F.);
#5888=ORIENTED_EDGE('2657',*,*,#5812,.F.);
#5890=ORIENTED_EDGE('2459',*,*,#5889,.F.);
#5892=ORIENTED_EDGE('2364',*,*,#5891,.T.);
#5894=ORIENTED_EDGE('2183',*,*,#5893,.F.);
#5896=ORIENTED_EDGE('2290',*,*,#5895,.F.);
#5898=ORIENTED_EDGE('2289',*,*,#5897,.F.);
#5900=ORIENTED_EDGE('2643',*,*,#5899,.F.);
#5902=ORIENTED_EDGE('2426',*,*,#5901,.T.);
#5903=EDGE_LOOP('2860',(#5871,#5873,#5875,#5877,#5879,#5881,#5883,#5885,#5886,
#5887,#5888,#5890,#5892,#5894,#5896,#5898,#5900,#5902));
#5904=FACE_OUTER_BOUND('2860',#5903,.F.);
#5906=CARTESIAN_POINT('',(2.014865618171E1,2.201596519116E1,1.79E1));
#5907=DIRECTION('',(0.E0,0.E0,-1.E0));
#5908=DIRECTION('',(-1.E0,0.E0,0.E0));
#5909=AXIS2_PLACEMENT_3D('',#5906,#5907,#5908);
#5910=CYLINDRICAL_SURFACE('2759',#5909,9.999999999998E-1);
#5911=ORIENTED_EDGE('2370',*,*,#5870,.T.);
#5913=ORIENTED_EDGE('2456',*,*,#5912,.F.);
#5915=ORIENTED_EDGE('2466',*,*,#5914,.T.);
#5917=ORIENTED_EDGE('2450',*,*,#5916,.F.);
#5918=EDGE_LOOP('2759',(#5911,#5913,#5915,#5917));
#5919=FACE_OUTER_BOUND('2759',#5918,.F.);
#5921=CARTESIAN_POINT('',(1.914865618171E1,1.108503526276E1,7.461620360599E1));
#5922=DIRECTION('',(1.E0,0.E0,0.E0));
#5923=DIRECTION('',(0.E0,0.E0,-1.E0));
#5924=AXIS2_PLACEMENT_3D('',#5921,#5922,#5923);
#5925=PLANE('2888',#5924);
#5927=ORIENTED_EDGE('2523',*,*,#5926,.T.);
#5928=ORIENTED_EDGE('2364',*,*,#5891,.F.);
#5930=ORIENTED_EDGE('2070',*,*,#5929,.T.);
#5932=ORIENTED_EDGE('2247',*,*,#5931,.F.);
#5933=ORIENTED_EDGE('2456',*,*,#5912,.T.);
#5934=ORIENTED_EDGE('2426',*,*,#5901,.F.);
#5936=ORIENTED_EDGE('2647',*,*,#5935,.T.);
#5938=ORIENTED_EDGE('2270',*,*,#5937,.T.);
#5940=ORIENTED_EDGE('2482',*,*,#5939,.T.);
#5942=ORIENTED_EDGE('2358',*,*,#5941,.T.);
#5944=ORIENTED_EDGE('2427',*,*,#5943,.T.);
#5946=ORIENTED_EDGE('2233',*,*,#5945,.T.);
#5948=ORIENTED_EDGE('2064',*,*,#5947,.T.);
#5950=ORIENTED_EDGE('2550',*,*,#5949,.T.);
#5951=EDGE_LOOP('2888',(#5927,#5928,#5930,#5932,#5933,#5934,#5936,#5938,#5940,
#5942,#5944,#5946,#5948,#5950));
#5952=FACE_OUTER_BOUND('2888',#5951,.F.);
#5954=CARTESIAN_POINT('',(1.674910100587E1,1.756596519116E1,8.5E0));
#5955=DIRECTION('',(0.E0,0.E0,-1.E0));
#5956=DIRECTION('',(-1.E0,0.E0,0.E0));
#5957=AXIS2_PLACEMENT_3D('',#5954,#5955,#5956);
#5958=CYLINDRICAL_SURFACE('2745',#5957,6.E0);
#5960=ORIENTED_EDGE('2542',*,*,#5959,.T.);
#5961=ORIENTED_EDGE('2183',*,*,#5893,.T.);
#5962=ORIENTED_EDGE('2523',*,*,#5926,.F.);
#5964=ORIENTED_EDGE('2172',*,*,#5963,.T.);
#5965=EDGE_LOOP('2745',(#5960,#5961,#5962,#5964));
#5966=FACE_OUTER_BOUND('2745',#5965,.F.);
#5968=CARTESIAN_POINT('',(2.535000000318E1,1.756596519116E1,8.5E0));
#5969=DIRECTION('',(0.E0,0.E0,-1.E0));
#5970=DIRECTION('',(-1.E0,0.E0,0.E0));
#5971=AXIS2_PLACEMENT_3D('',#5968,#5969,#5970);
#5972=CYLINDRICAL_SURFACE('2815',#5971,6.5E0);
#5974=ORIENTED_EDGE('2395',*,*,#5973,.T.);
#5975=ORIENTED_EDGE('2289',*,*,#5897,.T.);
#5976=ORIENTED_EDGE('2290',*,*,#5895,.T.);
#5977=ORIENTED_EDGE('2542',*,*,#5959,.F.);
#5979=ORIENTED_EDGE('2253',*,*,#5978,.T.);
#5981=ORIENTED_EDGE('2252',*,*,#5980,.T.);
#5982=EDGE_LOOP('2815',(#5974,#5975,#5976,#5977,#5979,#5981));
#5983=FACE_OUTER_BOUND('2815',#5982,.F.);
#5985=CARTESIAN_POINT('',(1.674910100587E1,1.756596519116E1,8.5E0));
#5986=DIRECTION('',(0.E0,0.E0,-1.E0));
#5987=DIRECTION('',(-1.E0,0.E0,0.E0));
#5988=AXIS2_PLACEMENT_3D('',#5985,#5986,#5987);
#5989=CYLINDRICAL_SURFACE('2802',#5988,6.E0);
#5990=ORIENTED_EDGE('2647',*,*,#5935,.F.);
#5991=ORIENTED_EDGE('2643',*,*,#5899,.T.);
#5992=ORIENTED_EDGE('2395',*,*,#5973,.F.);
#5994=ORIENTED_EDGE('2202',*,*,#5993,.T.);
#5995=EDGE_LOOP('2802',(#5990,#5991,#5992,#5994));
#5996=FACE_OUTER_BOUND('2802',#5995,.F.);
#5998=CARTESIAN_POINT('',(1.674910100587E1,1.756596519116E1,1.55E0));
#5999=DIRECTION('',(0.E0,0.E0,-1.E0));
#6000=DIRECTION('',(-1.E0,0.E0,0.E0));
#6001=AXIS2_PLACEMENT_3D('',#5998,#5999,#6000);
#6002=CONICAL_SURFACE('2751',#6001,6.15E0,4.5E1);
#6003=ORIENTED_EDGE('2270',*,*,#5937,.F.);
#6004=ORIENTED_EDGE('2202',*,*,#5993,.F.);
#6006=ORIENTED_EDGE('2114',*,*,#6005,.F.);
#6008=ORIENTED_EDGE('2134',*,*,#6007,.T.);
#6009=EDGE_LOOP('2751',(#6003,#6004,#6006,#6008));
#6010=FACE_OUTER_BOUND('2751',#6009,.F.);
#6012=CARTESIAN_POINT('',(2.535000000318E1,1.756596519116E1,1.55E0));
#6013=DIRECTION('',(0.E0,0.E0,-1.E0));
#6014=DIRECTION('',(-1.E0,0.E0,0.E0));
#6015=AXIS2_PLACEMENT_3D('',#6012,#6013,#6014);
#6016=CONICAL_SURFACE('2696',#6015,6.65E0,4.5E1);
#6017=ORIENTED_EDGE('2114',*,*,#6005,.T.);
#6018=ORIENTED_EDGE('2252',*,*,#5980,.F.);
#6019=ORIENTED_EDGE('2253',*,*,#5978,.F.);
#6021=ORIENTED_EDGE('2316',*,*,#6020,.F.);
#6023=ORIENTED_EDGE('2382',*,*,#6022,.T.);
#6025=ORIENTED_EDGE('2383',*,*,#6024,.T.);
#6026=EDGE_LOOP('2696',(#6017,#6018,#6019,#6021,#6023,#6025));
#6027=FACE_OUTER_BOUND('2696',#6026,.F.);
#6029=CARTESIAN_POINT('',(1.674910100587E1,1.756596519116E1,1.55E0));
#6030=DIRECTION('',(0.E0,0.E0,-1.E0));
#6031=DIRECTION('',(-1.E0,0.E0,0.E0));
#6032=AXIS2_PLACEMENT_3D('',#6029,#6030,#6031);
#6033=CONICAL_SURFACE('2813',#6032,6.15E0,4.5E1);
#6034=ORIENTED_EDGE('2316',*,*,#6020,.T.);
#6035=ORIENTED_EDGE('2172',*,*,#5963,.F.);
#6036=ORIENTED_EDGE('2550',*,*,#5949,.F.);
#6038=ORIENTED_EDGE('2222',*,*,#6037,.T.);
#6039=EDGE_LOOP('2813',(#6034,#6035,#6036,#6038));
#6040=FACE_OUTER_BOUND('2813',#6039,.F.);
#6042=CARTESIAN_POINT('',(2.535000000318E1,1.756596519116E1,1.4E0));
#6043=DIRECTION('',(0.E0,0.E0,-1.E0));
#6044=DIRECTION('',(-1.E0,0.E0,0.E0));
#6045=AXIS2_PLACEMENT_3D('',#6042,#6043,#6044);
#6046=PLANE('2804',#6045);
#6047=ORIENTED_EDGE('2064',*,*,#5947,.F.);
#6049=ORIENTED_EDGE('2238',*,*,#6048,.F.);
#6051=ORIENTED_EDGE('2511',*,*,#6050,.F.);
#6053=ORIENTED_EDGE('2600',*,*,#6052,.F.);
#6055=ORIENTED_EDGE('2372',*,*,#6054,.F.);
#6057=ORIENTED_EDGE('2394',*,*,#6056,.F.);
#6059=ORIENTED_EDGE('2237',*,*,#6058,.F.);
#6061=ORIENTED_EDGE('2391',*,*,#6060,.F.);
#6063=ORIENTED_EDGE('2311',*,*,#6062,.F.);
#6065=ORIENTED_EDGE('2424',*,*,#6064,.F.);
#6067=ORIENTED_EDGE('2288',*,*,#6066,.F.);
#6069=ORIENTED_EDGE('2620',*,*,#6068,.F.);
#6071=ORIENTED_EDGE('2369',*,*,#6070,.T.);
#6073=ORIENTED_EDGE('2281',*,*,#6072,.F.);
#6074=ORIENTED_EDGE('2482',*,*,#5939,.F.);
#6075=ORIENTED_EDGE('2134',*,*,#6007,.F.);
#6076=ORIENTED_EDGE('2383',*,*,#6024,.F.);
#6077=ORIENTED_EDGE('2382',*,*,#6022,.F.);
#6078=ORIENTED_EDGE('2222',*,*,#6037,.F.);
#6079=EDGE_LOOP('2804',(#6047,#6049,#6051,#6053,#6055,#6057,#6059,#6061,#6063,
#6065,#6067,#6069,#6071,#6073,#6074,#6075,#6076,#6077,#6078));
#6080=FACE_OUTER_BOUND('2804',#6079,.F.);
#6082=CARTESIAN_POINT('',(1.644865618171E1,1.108503526276E1,7.461620360599E1));
#6083=DIRECTION('',(0.E0,0.E0,-1.E0));
#6084=DIRECTION('',(-1.E0,0.E0,0.E0));
#6085=AXIS2_PLACEMENT_3D('',#6082,#6083,#6084);
#6086=CYLINDRICAL_SURFACE('2766',#6085,2.7E0);
#6087=ORIENTED_EDGE('2238',*,*,#6048,.T.);
#6088=ORIENTED_EDGE('2233',*,*,#5945,.F.);
#6090=ORIENTED_EDGE('2295',*,*,#6089,.T.);
#6092=ORIENTED_EDGE('2662',*,*,#6091,.F.);
#6093=EDGE_LOOP('2766',(#6087,#6088,#6090,#6092));
#6094=FACE_OUTER_BOUND('2766',#6093,.F.);
#6096=CARTESIAN_POINT('',(0.E0,0.E0,2.02E1));
#6097=DIRECTION('',(0.E0,0.E0,-1.E0));
#6098=DIRECTION('',(-1.E0,0.E0,0.E0));
#6099=AXIS2_PLACEMENT_3D('',#6096,#6097,#6098);
#6100=PLANE('2706',#6099);
#6102=ORIENTED_EDGE('2453',*,*,#6101,.F.);
#6104=ORIENTED_EDGE('2310',*,*,#6103,.F.);
#6106=ORIENTED_EDGE('2090',*,*,#6105,.F.);
#6108=ORIENTED_EDGE('2435',*,*,#6107,.F.);
#6110=ORIENTED_EDGE('2081',*,*,#6109,.F.);
#6112=ORIENTED_EDGE('2446',*,*,#6111,.F.);
#6114=ORIENTED_EDGE('2150',*,*,#6113,.F.);
#6116=ORIENTED_EDGE('2430',*,*,#6115,.F.);
#6118=ORIENTED_EDGE('2306',*,*,#6117,.F.);
#6120=ORIENTED_EDGE('2658',*,*,#6119,.F.);
#6122=ORIENTED_EDGE('2256',*,*,#6121,.F.);
#6124=ORIENTED_EDGE('2196',*,*,#6123,.F.);
#6126=ORIENTED_EDGE('2606',*,*,#6125,.F.);
#6127=ORIENTED_EDGE('2295',*,*,#6089,.F.);
#6128=ORIENTED_EDGE('2427',*,*,#5943,.F.);
#6130=ORIENTED_EDGE('2323',*,*,#6129,.F.);
#6132=ORIENTED_EDGE('2432',*,*,#6131,.F.);
#6134=ORIENTED_EDGE('2189',*,*,#6133,.F.);
#6136=ORIENTED_EDGE('2533',*,*,#6135,.F.);
#6137=EDGE_LOOP('2706',(#6102,#6104,#6106,#6108,#6110,#6112,#6114,#6116,#6118,
#6120,#6122,#6124,#6126,#6127,#6128,#6130,#6132,#6134,#6136));
#6138=FACE_OUTER_BOUND('2706',#6137,.F.);
#6140=ORIENTED_EDGE('2285',*,*,#6139,.F.);
#6142=ORIENTED_EDGE('2078',*,*,#6141,.F.);
#6143=EDGE_LOOP('2706',(#6140,#6142));
#6144=FACE_BOUND('2706',#6143,.F.);
#6146=CARTESIAN_POINT('',(1.170000000319E1,6.205965191159E0,7.461620360599E1));
#6147=DIRECTION('',(0.E0,0.E0,-1.E0));
#6148=DIRECTION('',(-1.E0,0.E0,0.E0));
#6149=AXIS2_PLACEMENT_3D('',#6146,#6147,#6148);
#6150=CYLINDRICAL_SURFACE('2758',#6149,4.204982371849E1);
#6152=ORIENTED_EDGE('2624',*,*,#6151,.F.);
#6153=ORIENTED_EDGE('2453',*,*,#6101,.T.);
#6155=ORIENTED_EDGE('2563',*,*,#6154,.F.);
#6157=ORIENTED_EDGE('2156',*,*,#6156,.T.);
#6159=ORIENTED_EDGE('2390',*,*,#6158,.T.);
#6160=EDGE_LOOP('2758',(#6152,#6153,#6155,#6157,#6159));
#6161=FACE_OUTER_BOUND('2758',#6160,.F.);
#6163=CARTESIAN_POINT('',(6.303240553012E0,4.790803542986E1,2.27E1));
#6164=DIRECTION('',(8.694085164164E-1,-4.940939501578E-1,0.E0));
#6165=DIRECTION('',(0.E0,0.E0,-1.E0));
#6166=AXIS2_PLACEMENT_3D('',#6163,#6164,#6165);
#6167=PLANE('2863',#6166);
#6169=ORIENTED_EDGE('2529',*,*,#6168,.T.);
#6170=ORIENTED_EDGE('2310',*,*,#6103,.T.);
#6171=ORIENTED_EDGE('2624',*,*,#6151,.T.);
#6173=ORIENTED_EDGE('2410',*,*,#6172,.T.);
#6174=EDGE_LOOP('2863',(#6169,#6170,#6171,#6173));
#6175=FACE_OUTER_BOUND('2863',#6174,.F.);
#6177=CARTESIAN_POINT('',(5.499999999998E0,4.95E1,2.27E1));
#6178=DIRECTION('',(0.E0,0.E0,-1.E0));
#6179=DIRECTION('',(-1.E0,0.E0,0.E0));
#6180=AXIS2_PLACEMENT_3D('',#6177,#6178,#6179);
#6181=CYLINDRICAL_SURFACE('2795',#6180,1.7E0);
#6183=ORIENTED_EDGE('2164',*,*,#6182,.T.);
#6185=ORIENTED_EDGE('2471',*,*,#6184,.F.);
#6187=ORIENTED_EDGE('2365',*,*,#6186,.T.);
#6189=ORIENTED_EDGE('2595',*,*,#6188,.F.);
#6190=ORIENTED_EDGE('2090',*,*,#6105,.T.);
#6191=ORIENTED_EDGE('2529',*,*,#6168,.F.);
#6193=ORIENTED_EDGE('2320',*,*,#6192,.T.);
#6195=ORIENTED_EDGE('2518',*,*,#6194,.T.);
#6196=EDGE_LOOP('2795',(#6183,#6185,#6187,#6189,#6190,#6191,#6193,#6195));
#6197=FACE_OUTER_BOUND('2795',#6196,.F.);
#6199=CARTESIAN_POINT('',(5.499999999998E0,4.95E1,2.22E1));
#6200=DIRECTION('',(0.E0,0.E0,-1.E0));
#6201=DIRECTION('',(-1.E0,0.E0,0.E0));
#6202=AXIS2_PLACEMENT_3D('',#6199,#6200,#6201);
#6203=TOROIDAL_SURFACE('2805',#6202,2.2E0,5.E-1);
#6205=ORIENTED_EDGE('2530',*,*,#6204,.F.);
#6207=ORIENTED_EDGE('2200',*,*,#6206,.T.);
#6209=ORIENTED_EDGE('2494',*,*,#6208,.T.);
#6210=ORIENTED_EDGE('2164',*,*,#6182,.F.);
#6211=EDGE_LOOP('2805',(#6205,#6207,#6209,#6210));
#6212=FACE_OUTER_BOUND('2805',#6211,.F.);
#6214=CARTESIAN_POINT('',(5.499999999998E0,4.95E1,2.22E1));
#6215=DIRECTION('',(0.E0,0.E0,-1.E0));
#6216=DIRECTION('',(-1.E0,0.E0,0.E0));
#6217=AXIS2_PLACEMENT_3D('',#6214,#6215,#6216);
#6218=TOROIDAL_SURFACE('2890',#6217,2.2E0,5.E-1);
#6220=ORIENTED_EDGE('2212',*,*,#6219,.F.);
#6221=ORIENTED_EDGE('2494',*,*,#6208,.F.);
#6223=ORIENTED_EDGE('2648',*,*,#6222,.T.);
#6224=ORIENTED_EDGE('2530',*,*,#6204,.T.);
#6225=EDGE_LOOP('2890',(#6220,#6221,#6223,#6224));
#6226=FACE_OUTER_BOUND('2890',#6225,.F.);
#6228=CARTESIAN_POINT('',(5.499999999998E0,4.95E1,2.27E1));
#6229=DIRECTION('',(0.E0,0.E0,-1.E0));
#6230=DIRECTION('',(-1.E0,0.E0,0.E0));
#6231=AXIS2_PLACEMENT_3D('',#6228,#6229,#6230);
#6232=CYLINDRICAL_SURFACE('2700',#6231,1.7E0);
#6233=ORIENTED_EDGE('2518',*,*,#6194,.F.);
#6235=ORIENTED_EDGE('2326',*,*,#6234,.T.);
#6236=ORIENTED_EDGE('2471',*,*,#6184,.T.);
#6237=ORIENTED_EDGE('2212',*,*,#6219,.T.);
#6238=EDGE_LOOP('2700',(#6233,#6235,#6236,#6237));
#6239=FACE_OUTER_BOUND('2700',#6238,.F.);
#6241=CARTESIAN_POINT('',(5.499999999998E0,4.95E1,2.E-1));
#6242=DIRECTION('',(0.E0,0.E0,-1.E0));
#6243=DIRECTION('',(-1.E0,0.E0,0.E0));
#6244=AXIS2_PLACEMENT_3D('',#6241,#6242,#6243);
#6245=CONICAL_SURFACE('2763',#6244,1.9E0,4.5E1);
#6247=ORIENTED_EDGE('2586',*,*,#6246,.F.);
#6249=ORIENTED_EDGE('2069',*,*,#6248,.T.);
#6251=ORIENTED_EDGE('2265',*,*,#6250,.T.);
#6252=ORIENTED_EDGE('2326',*,*,#6234,.F.);
#6253=EDGE_LOOP('2763',(#6247,#6249,#6251,#6252));
#6254=FACE_OUTER_BOUND('2763',#6253,.F.);
#6256=CARTESIAN_POINT('',(5.499999999998E0,4.95E1,2.E-1));
#6257=DIRECTION('',(0.E0,0.E0,-1.E0));
#6258=DIRECTION('',(-1.E0,0.E0,0.E0));
#6259=AXIS2_PLACEMENT_3D('',#6256,#6257,#6258);
#6260=CONICAL_SURFACE('2720',#6259,1.9E0,4.5E1);
#6261=ORIENTED_EDGE('2320',*,*,#6192,.F.);
#6262=ORIENTED_EDGE('2410',*,*,#6172,.F.);
#6263=ORIENTED_EDGE('2390',*,*,#6158,.F.);
#6265=ORIENTED_EDGE('2437',*,*,#6264,.T.);
#6266=ORIENTED_EDGE('2586',*,*,#6246,.T.);
#6267=EDGE_LOOP('2720',(#6261,#6262,#6263,#6265,#6266));
#6268=FACE_OUTER_BOUND('2720',#6267,.F.);
#6270=CARTESIAN_POINT('',(0.E0,0.E0,0.E0));
#6271=DIRECTION('',(0.E0,0.E0,-1.E0));
#6272=DIRECTION('',(-1.E0,0.E0,0.E0));
#6273=AXIS2_PLACEMENT_3D('',#6270,#6271,#6272);
#6274=PLANE('2862',#6273);
#6275=ORIENTED_EDGE('2156',*,*,#6156,.F.);
#6277=ORIENTED_EDGE('2385',*,*,#6276,.F.);
#6279=ORIENTED_EDGE('2504',*,*,#6278,.F.);
#6281=ORIENTED_EDGE('2186',*,*,#6280,.F.);
#6283=ORIENTED_EDGE('2633',*,*,#6282,.F.);
#6285=ORIENTED_EDGE('2347',*,*,#6284,.F.);
#6287=ORIENTED_EDGE('2515',*,*,#6286,.F.);
#6289=ORIENTED_EDGE('2408',*,*,#6288,.F.);
#6291=ORIENTED_EDGE('2452',*,*,#6290,.F.);
#6293=ORIENTED_EDGE('2342',*,*,#6292,.F.);
#6295=ORIENTED_EDGE('2416',*,*,#6294,.F.);
#6297=ORIENTED_EDGE('2286',*,*,#6296,.F.);
#6299=ORIENTED_EDGE('2073',*,*,#6298,.F.);
#6301=ORIENTED_EDGE('2464',*,*,#6300,.F.);
#6303=ORIENTED_EDGE('2276',*,*,#6302,.F.);
#6305=ORIENTED_EDGE('2469',*,*,#6304,.F.);
#6307=ORIENTED_EDGE('2478',*,*,#6306,.F.);
#6309=ORIENTED_EDGE('2329',*,*,#6308,.F.);
#6311=ORIENTED_EDGE('2362',*,*,#6310,.F.);
#6313=ORIENTED_EDGE('2532',*,*,#6312,.F.);
#6314=ORIENTED_EDGE('2069',*,*,#6248,.F.);
#6315=ORIENTED_EDGE('2437',*,*,#6264,.F.);
#6316=EDGE_LOOP('2862',(#6275,#6277,#6279,#6281,#6283,#6285,#6287,#6289,#6291,
#6293,#6295,#6297,#6299,#6301,#6303,#6305,#6307,#6309,#6311,#6313,#6314,#6315));
#6317=FACE_OUTER_BOUND('2862',#6316,.F.);
#6319=ORIENTED_EDGE('2531',*,*,#6318,.F.);
#6321=ORIENTED_EDGE('2176',*,*,#6320,.T.);
#6323=ORIENTED_EDGE('2405',*,*,#6322,.F.);
#6325=ORIENTED_EDGE('2404',*,*,#6324,.F.);
#6327=ORIENTED_EDGE('2095',*,*,#6326,.T.);
#6329=ORIENTED_EDGE('2089',*,*,#6328,.F.);
#6330=EDGE_LOOP('2862',(#6319,#6321,#6323,#6325,#6327,#6329));
#6331=FACE_BOUND('2862',#6330,.F.);
#6333=ORIENTED_EDGE('2403',*,*,#6332,.F.);
#6335=ORIENTED_EDGE('2171',*,*,#6334,.F.);
#6336=EDGE_LOOP('2862',(#6333,#6335));
#6337=FACE_BOUND('2862',#6336,.F.);
#6339=CARTESIAN_POINT('',(1.250000000318E1,3.466941457098E1,7.461620360599E1));
#6340=DIRECTION('',(1.E0,0.E0,0.E0));
#6341=DIRECTION('',(0.E0,1.E0,0.E0));
#6342=AXIS2_PLACEMENT_3D('',#6339,#6340,#6341);
#6343=PLANE('2849',#6342);
#6345=ORIENTED_EDGE('2544',*,*,#6344,.T.);
#6347=ORIENTED_EDGE('2439',*,*,#6346,.F.);
#6348=ORIENTED_EDGE('2385',*,*,#6276,.T.);
#6349=ORIENTED_EDGE('2563',*,*,#6154,.T.);
#6350=ORIENTED_EDGE('2533',*,*,#6135,.T.);
#6352=ORIENTED_EDGE('2132',*,*,#6351,.T.);
#6353=EDGE_LOOP('2849',(#6345,#6347,#6348,#6349,#6350,#6352));
#6354=FACE_OUTER_BOUND('2849',#6353,.F.);
#6356=ORIENTED_EDGE('2313',*,*,#6355,.F.);
#6358=ORIENTED_EDGE('2137',*,*,#6357,.F.);
#6359=EDGE_LOOP('2849',(#6356,#6358));
#6360=FACE_BOUND('2849',#6359,.F.);
#6362=CARTESIAN_POINT('',(0.E0,0.E0,1.15E1));
#6363=DIRECTION('',(0.E0,0.E0,-1.E0));
#6364=DIRECTION('',(-1.E0,0.E0,0.E0));
#6365=AXIS2_PLACEMENT_3D('',#6362,#6363,#6364);
#6366=PLANE('2761',#6365);
#6368=ORIENTED_EDGE('2485',*,*,#6367,.F.);
#6370=ORIENTED_EDGE('2282',*,*,#6369,.T.);
#6372=ORIENTED_EDGE('2257',*,*,#6371,.F.);
#6374=ORIENTED_EDGE('2463',*,*,#6373,.F.);
#6376=ORIENTED_EDGE('2242',*,*,#6375,.F.);
#6378=ORIENTED_EDGE('2283',*,*,#6377,.F.);
#6380=ORIENTED_EDGE('2555',*,*,#6379,.F.);
#6382=ORIENTED_EDGE('2601',*,*,#6381,.F.);
#6384=ORIENTED_EDGE('2074',*,*,#6383,.F.);
#6386=ORIENTED_EDGE('2596',*,*,#6385,.F.);
#6388=ORIENTED_EDGE('2148',*,*,#6387,.F.);
#6389=ORIENTED_EDGE('2544',*,*,#6344,.F.);
#6391=ORIENTED_EDGE('2145',*,*,#6390,.F.);
#6393=ORIENTED_EDGE('2359',*,*,#6392,.F.);
#6395=ORIENTED_EDGE('2173',*,*,#6394,.F.);
#6397=ORIENTED_EDGE('2279',*,*,#6396,.F.);
#6399=ORIENTED_EDGE('2315',*,*,#6398,.F.);
#6400=EDGE_LOOP('2761',(#6368,#6370,#6372,#6374,#6376,#6378,#6380,#6382,#6384,
#6386,#6388,#6389,#6391,#6393,#6395,#6397,#6399));
#6401=FACE_OUTER_BOUND('2761',#6400,.F.);
#6403=ORIENTED_EDGE('2423',*,*,#6402,.F.);
#6405=ORIENTED_EDGE('2244',*,*,#6404,.F.);
#6406=EDGE_LOOP('2761',(#6403,#6405));
#6407=FACE_BOUND('2761',#6406,.F.);
#6409=CARTESIAN_POINT('',(2.365E1,2.834479433907E1,1.45E1));
#6410=DIRECTION('',(0.E0,1.E0,0.E0));
#6411=DIRECTION('',(0.E0,0.E0,1.E0));
#6412=AXIS2_PLACEMENT_3D('',#6409,#6410,#6411);
#6413=CONICAL_SURFACE('2858',#6412,3.048068123931E0,5.E1);
#6415=ORIENTED_EDGE('2646',*,*,#6414,.F.);
#6417=ORIENTED_EDGE('2109',*,*,#6416,.T.);
#6419=ORIENTED_EDGE('2479',*,*,#6418,.T.);
#6421=ORIENTED_EDGE('2593',*,*,#6420,.F.);
#6422=ORIENTED_EDGE('2485',*,*,#6367,.T.);
#6424=ORIENTED_EDGE('2548',*,*,#6423,.F.);
#6425=EDGE_LOOP('2858',(#6415,#6417,#6419,#6421,#6422,#6424));
#6426=FACE_OUTER_BOUND('2858',#6425,.F.);
#6428=CARTESIAN_POINT('',(2.365E1,2.876596519116E1,1.095E1));
#6429=DIRECTION('',(0.E0,-7.660444431190E-1,-6.427876096865E-1));
#6430=DIRECTION('',(0.E0,6.427876096865E-1,-7.660444431190E-1));
#6431=AXIS2_PLACEMENT_3D('',#6428,#6429,#6430);
#6432=PLANE('2742',#6431);
#6434=ORIENTED_EDGE('2068',*,*,#6433,.T.);
#6435=ORIENTED_EDGE('2646',*,*,#6414,.T.);
#6437=ORIENTED_EDGE('2338',*,*,#6436,.F.);
#6439=ORIENTED_EDGE('2076',*,*,#6438,.F.);
#6441=ORIENTED_EDGE('2154',*,*,#6440,.T.);
#6443=ORIENTED_EDGE('2644',*,*,#6442,.T.);
#6444=EDGE_LOOP('2742',(#6434,#6435,#6437,#6439,#6441,#6443));
#6445=FACE_OUTER_BOUND('2742',#6444,.F.);
#6447=CARTESIAN_POINT('',(2.715E1,2.876596519116E1,1.45E1));
#6448=DIRECTION('',(-1.E0,0.E0,0.E0));
#6449=DIRECTION('',(0.E0,0.E0,1.E0));
#6450=AXIS2_PLACEMENT_3D('',#6447,#6448,#6449);
#6451=CYLINDRICAL_SURFACE('2767',#6450,2.75E0);
#6453=ORIENTED_EDGE('2461',*,*,#6452,.F.);
#6455=ORIENTED_EDGE('2897',*,*,#6454,.T.);
#6457=ORIENTED_EDGE('2898',*,*,#6456,.T.);
#6458=ORIENTED_EDGE('2068',*,*,#6433,.F.);
#6460=ORIENTED_EDGE('2144',*,*,#6459,.T.);
#6462=ORIENTED_EDGE('2339',*,*,#6461,.F.);
#6464=ORIENTED_EDGE('2417',*,*,#6463,.T.);
#6466=ORIENTED_EDGE('2374',*,*,#6465,.F.);
#6468=ORIENTED_EDGE('2412',*,*,#6467,.T.);
#6469=EDGE_LOOP('2767',(#6453,#6455,#6457,#6458,#6460,#6462,#6464,#6466,#6468));
#6470=FACE_OUTER_BOUND('2767',#6469,.F.);
#6472=CARTESIAN_POINT('',(2.715E1,2.876596519116E1,1.45E1));
#6473=DIRECTION('',(-1.E0,0.E0,0.E0));
#6474=DIRECTION('',(0.E0,0.E0,1.E0));
#6475=AXIS2_PLACEMENT_3D('',#6472,#6473,#6474);
#6476=CYLINDRICAL_SURFACE('2854',#6475,2.75E0);
#6478=ORIENTED_EDGE('2207',*,*,#6477,.T.);
#6480=ORIENTED_EDGE('2623',*,*,#6479,.F.);
#6482=ORIENTED_EDGE('2516',*,*,#6481,.T.);
#6484=ORIENTED_EDGE('2345',*,*,#6483,.F.);
#6486=ORIENTED_EDGE('2149',*,*,#6485,.T.);
#6488=ORIENTED_EDGE('2307',*,*,#6487,.F.);
#6490=ORIENTED_EDGE('2895',*,*,#6489,.T.);
#6492=ORIENTED_EDGE('2896',*,*,#6491,.T.);
#6493=ORIENTED_EDGE('2461',*,*,#6452,.T.);
#6494=EDGE_LOOP('2854',(#6478,#6480,#6482,#6484,#6486,#6488,#6490,#6492,#6493));
#6495=FACE_OUTER_BOUND('2854',#6494,.F.);
#6497=CARTESIAN_POINT('',(2.55E1,2.876596519116E1,1.45E1));
#6498=DIRECTION('',(1.E0,0.E0,0.E0));
#6499=DIRECTION('',(0.E0,0.E0,-1.E0));
#6500=AXIS2_PLACEMENT_3D('',#6497,#6498,#6499);
#6501=CONICAL_SURFACE('2765',#6500,2.9E0,4.5E1);
#6503=ORIENTED_EDGE('2232',*,*,#6502,.T.);
#6505=ORIENTED_EDGE('2299',*,*,#6504,.F.);
#6507=ORIENTED_EDGE('2159',*,*,#6506,.T.);
#6509=ORIENTED_EDGE('2556',*,*,#6508,.F.);
#6511=ORIENTED_EDGE('2557',*,*,#6510,.F.);
#6513=ORIENTED_EDGE('2629',*,*,#6512,.T.);
#6515=ORIENTED_EDGE('2169',*,*,#6514,.F.);
#6517=ORIENTED_EDGE('2225',*,*,#6516,.F.);
#6518=ORIENTED_EDGE('2207',*,*,#6477,.F.);
#6519=ORIENTED_EDGE('2412',*,*,#6467,.F.);
#6520=EDGE_LOOP('2765',(#6503,#6505,#6507,#6509,#6511,#6513,#6515,#6517,#6518,
#6519));
#6521=FACE_OUTER_BOUND('2765',#6520,.F.);
#6523=CARTESIAN_POINT('',(2.715E1,2.702590053659E1,1.662947763498E1));
#6524=DIRECTION('',(0.E0,7.358783788174E-1,-6.771137360806E-1));
#6525=DIRECTION('',(-1.E0,0.E0,0.E0));
#6526=AXIS2_PLACEMENT_3D('',#6523,#6524,#6525);
#6527=PLANE('2697',#6526);
#6529=ORIENTED_EDGE('2626',*,*,#6528,.T.);
#6531=ORIENTED_EDGE('2473',*,*,#6530,.F.);
#6532=ORIENTED_EDGE('2232',*,*,#6502,.F.);
#6533=ORIENTED_EDGE('2374',*,*,#6465,.T.);
#6534=EDGE_LOOP('2697',(#6529,#6531,#6532,#6533));
#6535=FACE_OUTER_BOUND('2697',#6534,.F.);
#6537=CARTESIAN_POINT('',(2.65E1,2.876596519116E1,1.45E1));
#6538=DIRECTION('',(1.E0,0.E0,0.E0));
#6539=DIRECTION('',(0.E0,0.E0,-1.E0));
#6540=AXIS2_PLACEMENT_3D('',#6537,#6538,#6539);
#6541=CONICAL_SURFACE('2861',#6540,2.9E0,4.5E1);
#6543=ORIENTED_EDGE('2571',*,*,#6542,.T.);
#6545=ORIENTED_EDGE('2077',*,*,#6544,.F.);
#6547=ORIENTED_EDGE('2569',*,*,#6546,.T.);
#6549=ORIENTED_EDGE('2259',*,*,#6548,.F.);
#6550=ORIENTED_EDGE('2626',*,*,#6528,.F.);
#6551=ORIENTED_EDGE('2417',*,*,#6463,.F.);
#6552=EDGE_LOOP('2861',(#6543,#6545,#6547,#6549,#6550,#6551));
#6553=FACE_OUTER_BOUND('2861',#6552,.F.);
#6555=CARTESIAN_POINT('',(2.715E1,2.702590053659E1,1.237052236502E1));
#6556=DIRECTION('',(0.E0,-7.358783788174E-1,-6.771137360806E-1));
#6557=DIRECTION('',(-1.E0,0.E0,0.E0));
#6558=AXIS2_PLACEMENT_3D('',#6555,#6556,#6557);
#6559=PLANE('2709',#6558);
#6561=ORIENTED_EDGE('2152',*,*,#6560,.T.);
#6563=ORIENTED_EDGE('2393',*,*,#6562,.F.);
#6564=ORIENTED_EDGE('2571',*,*,#6542,.F.);
#6565=ORIENTED_EDGE('2339',*,*,#6461,.T.);
#6566=EDGE_LOOP('2709',(#6561,#6563,#6564,#6565));
#6567=FACE_OUTER_BOUND('2709',#6566,.F.);
#6569=CARTESIAN_POINT('',(2.55E1,2.876596519116E1,1.45E1));
#6570=DIRECTION('',(1.E0,0.E0,0.E0));
#6571=DIRECTION('',(0.E0,0.E0,-1.E0));
#6572=AXIS2_PLACEMENT_3D('',#6569,#6570,#6571);
#6573=CONICAL_SURFACE('2889',#6572,2.9E0,4.5E1);
#6574=ORIENTED_EDGE('2644',*,*,#6442,.F.);
#6576=ORIENTED_EDGE('2136',*,*,#6575,.T.);
#6578=ORIENTED_EDGE('2103',*,*,#6577,.F.);
#6579=ORIENTED_EDGE('2152',*,*,#6560,.F.);
#6580=ORIENTED_EDGE('2144',*,*,#6459,.F.);
#6581=EDGE_LOOP('2889',(#6574,#6576,#6578,#6579,#6580));
#6582=FACE_OUTER_BOUND('2889',#6581,.F.);
#6584=CARTESIAN_POINT('',(2.565E1,2.751596519116E1,-2.5E0));
#6585=DIRECTION('',(-1.E0,0.E0,0.E0));
#6586=DIRECTION('',(0.E0,0.E0,1.E0));
#6587=AXIS2_PLACEMENT_3D('',#6584,#6585,#6586);
#6588=PLANE('2768',#6587);
#6589=ORIENTED_EDGE('2154',*,*,#6440,.F.);
#6591=ORIENTED_EDGE('2065',*,*,#6590,.F.);
#6592=ORIENTED_EDGE('2149',*,*,#6485,.F.);
#6594=ORIENTED_EDGE('2194',*,*,#6593,.F.);
#6596=ORIENTED_EDGE('2298',*,*,#6595,.T.);
#6597=ORIENTED_EDGE('2283',*,*,#6377,.T.);
#6599=ORIENTED_EDGE('2525',*,*,#6598,.F.);
#6601=ORIENTED_EDGE('2513',*,*,#6600,.T.);
#6603=ORIENTED_EDGE('2262',*,*,#6602,.F.);
#6604=ORIENTED_EDGE('2620',*,*,#6068,.T.);
#6606=ORIENTED_EDGE('2419',*,*,#6605,.F.);
#6607=ORIENTED_EDGE('2136',*,*,#6575,.F.);
#6608=EDGE_LOOP('2768',(#6589,#6591,#6592,#6594,#6596,#6597,#6599,#6601,#6603,
#6604,#6606,#6607));
#6609=FACE_OUTER_BOUND('2768',#6608,.F.);
#6611=CARTESIAN_POINT('',(2.365E1,2.976596519116E1,1.214175359259E1));
#6612=DIRECTION('',(0.E0,7.660444431190E-1,-6.427876096865E-1));
#6613=DIRECTION('',(0.E0,6.427876096865E-1,7.660444431190E-1));
#6614=AXIS2_PLACEMENT_3D('',#6611,#6612,#6613);
#6615=PLANE('2733',#6614);
#6616=ORIENTED_EDGE('2257',*,*,#6371,.T.);
#6618=ORIENTED_EDGE('2236',*,*,#6617,.T.);
#6619=ORIENTED_EDGE('2307',*,*,#6487,.T.);
#6620=ORIENTED_EDGE('2065',*,*,#6590,.T.);
#6621=ORIENTED_EDGE('2076',*,*,#6438,.T.);
#6623=ORIENTED_EDGE('2493',*,*,#6622,.F.);
#6624=EDGE_LOOP('2733',(#6616,#6618,#6619,#6620,#6621,#6623));
#6625=FACE_OUTER_BOUND('2733',#6624,.F.);
#6627=CARTESIAN_POINT('',(2.365E1,2.918712947005E1,1.45E1));
#6628=DIRECTION('',(0.E0,-1.E0,0.E0));
#6629=DIRECTION('',(0.E0,0.E0,-1.E0));
#6630=AXIS2_PLACEMENT_3D('',#6627,#6628,#6629);
#6631=CONICAL_SURFACE('2786',#6630,3.048075957555E0,5.E1);
#6633=ORIENTED_EDGE('2245',*,*,#6632,.T.);
#6635=ORIENTED_EDGE('2605',*,*,#6634,.T.);
#6636=ORIENTED_EDGE('2236',*,*,#6617,.F.);
#6637=ORIENTED_EDGE('2282',*,*,#6369,.F.);
#6638=ORIENTED_EDGE('2593',*,*,#6420,.T.);
#6639=EDGE_LOOP('2786',(#6633,#6635,#6636,#6637,#6638));
#6640=FACE_OUTER_BOUND('2786',#6639,.F.);
#6642=CARTESIAN_POINT('',(1.339695167280E1,0.E0,4.246951672795E0));
#6643=DIRECTION('',(7.071067811866E-1,0.E0,-7.071067811865E-1));
#6644=DIRECTION('',(-7.071067811865E-1,0.E0,-7.071067811866E-1));
#6645=AXIS2_PLACEMENT_3D('',#6642,#6643,#6644);
#6646=PLANE('2810',#6645);
#6648=ORIENTED_EDGE('2411',*,*,#6647,.F.);
#6649=ORIENTED_EDGE('2245',*,*,#6632,.F.);
#6650=ORIENTED_EDGE('2479',*,*,#6418,.F.);
#6651=EDGE_LOOP('2810',(#6648,#6649,#6650));
#6652=FACE_OUTER_BOUND('2810',#6651,.F.);
#6654=CARTESIAN_POINT('',(2.375E1,2.876596519116E1,1.45E1));
#6655=DIRECTION('',(0.E0,0.E0,-1.E0));
#6656=DIRECTION('',(1.E0,0.E0,0.E0));
#6657=AXIS2_PLACEMENT_3D('',#6654,#6655,#6656);
#6658=SPHERICAL_SURFACE('2674',#6657,2.75E0);
#6660=ORIENTED_EDGE('2457',*,*,#6659,.F.);
#6662=ORIENTED_EDGE('2660',*,*,#6661,.T.);
#6664=ORIENTED_EDGE('2659',*,*,#6663,.T.);
#6666=ORIENTED_EDGE('2142',*,*,#6665,.F.);
#6667=ORIENTED_EDGE('2895',*,*,#6489,.F.);
#6668=ORIENTED_EDGE('2605',*,*,#6634,.F.);
#6669=ORIENTED_EDGE('2411',*,*,#6647,.T.);
#6670=ORIENTED_EDGE('2109',*,*,#6416,.F.);
#6671=ORIENTED_EDGE('2898',*,*,#6456,.F.);
#6672=EDGE_LOOP('2674',(#6660,#6662,#6664,#6666,#6667,#6668,#6669,#6670,#6671));
#6673=FACE_OUTER_BOUND('2674',#6672,.F.);
#6675=CARTESIAN_POINT('',(2.375E1,2.876596519116E1,1.45E1));
#6676=DIRECTION('',(0.E0,0.E0,-1.E0));
#6677=DIRECTION('',(1.E0,0.E0,0.E0));
#6678=AXIS2_PLACEMENT_3D('',#6675,#6676,#6677);
#6679=SPHERICAL_SURFACE('2878',#6678,2.75E0);
#6680=ORIENTED_EDGE('2896',*,*,#6491,.F.);
#6681=ORIENTED_EDGE('2142',*,*,#6665,.T.);
#6683=ORIENTED_EDGE('2357',*,*,#6682,.T.);
#6685=ORIENTED_EDGE('2356',*,*,#6684,.T.);
#6686=ORIENTED_EDGE('2457',*,*,#6659,.T.);
#6687=ORIENTED_EDGE('2897',*,*,#6454,.F.);
#6688=EDGE_LOOP('2878',(#6680,#6681,#6683,#6685,#6686,#6687));
#6689=FACE_OUTER_BOUND('2878',#6688,.F.);
#6691=CARTESIAN_POINT('',(2.1E1,-4.E0,1.45E1));
#6692=DIRECTION('',(0.E0,1.E0,0.E0));
#6693=DIRECTION('',(-1.E0,0.E0,0.E0));
#6694=AXIS2_PLACEMENT_3D('',#6691,#6692,#6693);
#6695=CYLINDRICAL_SURFACE('2789',#6694,1.2E0);
#6697=ORIENTED_EDGE('2246',*,*,#6696,.F.);
#6698=ORIENTED_EDGE('2356',*,*,#6684,.F.);
#6699=ORIENTED_EDGE('2357',*,*,#6682,.F.);
#6701=ORIENTED_EDGE('2661',*,*,#6700,.F.);
#6703=ORIENTED_EDGE('2638',*,*,#6702,.T.);
#6705=ORIENTED_EDGE('2388',*,*,#6704,.T.);
#6707=ORIENTED_EDGE('2573',*,*,#6706,.T.);
#6709=ORIENTED_EDGE('2502',*,*,#6708,.T.);
#6711=ORIENTED_EDGE('2108',*,*,#6710,.T.);
#6712=EDGE_LOOP('2789',(#6697,#6698,#6699,#6701,#6703,#6705,#6707,#6709,#6711));
#6713=FACE_OUTER_BOUND('2789',#6712,.F.);
#6715=CARTESIAN_POINT('',(2.1E1,-4.E0,1.45E1));
#6716=DIRECTION('',(0.E0,1.E0,0.E0));
#6717=DIRECTION('',(-1.E0,0.E0,0.E0));
#6718=AXIS2_PLACEMENT_3D('',#6715,#6716,#6717);
#6719=CYLINDRICAL_SURFACE('2841',#6718,1.2E0);
#6721=ORIENTED_EDGE('2297',*,*,#6720,.T.);
#6723=ORIENTED_EDGE('2441',*,*,#6722,.T.);
#6725=ORIENTED_EDGE('2654',*,*,#6724,.T.);
#6726=ORIENTED_EDGE('2388',*,*,#6704,.F.);
#6728=ORIENTED_EDGE('2250',*,*,#6727,.T.);
#6729=ORIENTED_EDGE('2661',*,*,#6700,.T.);
#6730=ORIENTED_EDGE('2659',*,*,#6663,.F.);
#6731=ORIENTED_EDGE('2660',*,*,#6661,.F.);
#6732=ORIENTED_EDGE('2246',*,*,#6696,.T.);
#6733=EDGE_LOOP('2841',(#6721,#6723,#6725,#6726,#6728,#6729,#6730,#6731,#6732));
#6734=FACE_OUTER_BOUND('2841',#6733,.F.);
#6736=CARTESIAN_POINT('',(2.535000000318E1,1.756596519116E1,1.79E1));
#6737=DIRECTION('',(0.E0,0.E0,-1.E0));
#6738=DIRECTION('',(-1.E0,0.E0,0.E0));
#6739=AXIS2_PLACEMENT_3D('',#6736,#6737,#6738);
#6740=CYLINDRICAL_SURFACE('2825',#6739,4.6E0);
#6741=ORIENTED_EDGE('2297',*,*,#6720,.F.);
#6742=ORIENTED_EDGE('2108',*,*,#6710,.F.);
#6744=ORIENTED_EDGE('2066',*,*,#6743,.T.);
#6746=ORIENTED_EDGE('2190',*,*,#6745,.T.);
#6748=ORIENTED_EDGE('2330',*,*,#6747,.F.);
#6749=ORIENTED_EDGE('2126',*,*,#5876,.T.);
#6751=ORIENTED_EDGE('2628',*,*,#6750,.T.);
#6752=EDGE_LOOP('2825',(#6741,#6742,#6744,#6746,#6748,#6749,#6751));
#6753=FACE_OUTER_BOUND('2825',#6752,.F.);
#6755=CARTESIAN_POINT('',(2.1E1,2.003122379266E1,1.79E1));
#6756=DIRECTION('',(0.E0,0.E0,-1.E0));
#6757=DIRECTION('',(-1.E0,0.E0,0.E0));
#6758=AXIS2_PLACEMENT_3D('',#6755,#6756,#6757);
#6759=CYLINDRICAL_SURFACE('2872',#6758,3.999999999998E-1);
#6760=ORIENTED_EDGE('2502',*,*,#6708,.F.);
#6762=ORIENTED_EDGE('2501',*,*,#6761,.T.);
#6764=ORIENTED_EDGE('2180',*,*,#6763,.T.);
#6765=ORIENTED_EDGE('2066',*,*,#6743,.F.);
#6766=EDGE_LOOP('2872',(#6760,#6762,#6764,#6765));
#6767=FACE_OUTER_BOUND('2872',#6766,.F.);
#6769=CARTESIAN_POINT('',(1.657387923491E1,1.770540028843E1,1.79E1));
#6770=DIRECTION('',(0.E0,0.E0,-1.E0));
#6771=DIRECTION('',(-1.E0,0.E0,0.E0));
#6772=AXIS2_PLACEMENT_3D('',#6769,#6770,#6771);
#6773=CYLINDRICAL_SURFACE('2821',#6772,4.6E0);
#6774=ORIENTED_EDGE('2573',*,*,#6706,.F.);
#6775=ORIENTED_EDGE('2654',*,*,#6724,.F.);
#6777=ORIENTED_EDGE('2627',*,*,#6776,.F.);
#6778=ORIENTED_EDGE('2598',*,*,#5872,.T.);
#6779=ORIENTED_EDGE('2450',*,*,#5916,.T.);
#6781=ORIENTED_EDGE('2179',*,*,#6780,.T.);
#6782=ORIENTED_EDGE('2501',*,*,#6761,.F.);
#6783=EDGE_LOOP('2821',(#6774,#6775,#6777,#6778,#6779,#6781,#6782));
#6784=FACE_OUTER_BOUND('2821',#6783,.F.);
#6786=CARTESIAN_POINT('',(2.1E1,2.003122379266E1,1.79E1));
#6787=DIRECTION('',(0.E0,0.E0,-1.E0));
#6788=DIRECTION('',(-1.E0,0.E0,0.E0));
#6789=AXIS2_PLACEMENT_3D('',#6786,#6787,#6788);
#6790=CYLINDRICAL_SURFACE('2722',#6789,3.999999999998E-1);
#6791=ORIENTED_EDGE('2441',*,*,#6722,.F.);
#6792=ORIENTED_EDGE('2628',*,*,#6750,.F.);
#6793=ORIENTED_EDGE('2597',*,*,#5874,.T.);
#6794=ORIENTED_EDGE('2627',*,*,#6776,.T.);
#6795=EDGE_LOOP('2722',(#6791,#6792,#6793,#6794));
#6796=FACE_OUTER_BOUND('2722',#6795,.F.);
#6798=CARTESIAN_POINT('',(1.657387923491E1,1.742653009389E1,1.79E1));
#6799=DIRECTION('',(0.E0,0.E0,-1.E0));
#6800=DIRECTION('',(-1.E0,0.E0,0.E0));
#6801=AXIS2_PLACEMENT_3D('',#6798,#6799,#6800);
#6802=PLANE('2877',#6801);
#6803=ORIENTED_EDGE('2143',*,*,#5808,.F.);
#6804=ORIENTED_EDGE('2497',*,*,#5827,.F.);
#6805=ORIENTED_EDGE('2451',*,*,#5846,.F.);
#6807=ORIENTED_EDGE('2580',*,*,#6806,.F.);
#6809=ORIENTED_EDGE('2622',*,*,#6808,.F.);
#6811=ORIENTED_EDGE('2621',*,*,#6810,.F.);
#6813=ORIENTED_EDGE('2483',*,*,#6812,.F.);
#6814=ORIENTED_EDGE('2190',*,*,#6745,.F.);
#6815=ORIENTED_EDGE('2180',*,*,#6763,.F.);
#6816=ORIENTED_EDGE('2179',*,*,#6780,.F.);
#6817=ORIENTED_EDGE('2466',*,*,#5914,.F.);
#6818=ORIENTED_EDGE('2247',*,*,#5931,.T.);
#6820=ORIENTED_EDGE('2445',*,*,#6819,.F.);
#6821=EDGE_LOOP('2877',(#6803,#6804,#6805,#6807,#6809,#6811,#6813,#6814,#6815,
#6816,#6817,#6818,#6820));
#6822=FACE_OUTER_BOUND('2877',#6821,.F.);
#6824=ORIENTED_EDGE('2215',*,*,#6823,.F.);
#6826=ORIENTED_EDGE('2371',*,*,#6825,.F.);
#6827=EDGE_LOOP('2877',(#6824,#6826));
#6828=FACE_BOUND('2877',#6827,.F.);
#6830=CARTESIAN_POINT('',(2.571524005687E1,1.458828070597E1,1.79E1));
#6831=DIRECTION('',(0.E0,0.E0,-1.E0));
#6832=DIRECTION('',(-1.E0,0.E0,0.E0));
#6833=AXIS2_PLACEMENT_3D('',#6830,#6831,#6832);
#6834=CYLINDRICAL_SURFACE('2762',#6833,3.E0);
#6835=ORIENTED_EDGE('2092',*,*,#5884,.T.);
#6837=ORIENTED_EDGE('2583',*,*,#6836,.T.);
#6838=ORIENTED_EDGE('2580',*,*,#6806,.T.);
#6839=ORIENTED_EDGE('2331',*,*,#5844,.F.);
#6840=EDGE_LOOP('2762',(#6835,#6837,#6838,#6839));
#6841=FACE_OUTER_BOUND('2762',#6840,.F.);
#6843=CARTESIAN_POINT('',(2.535000000318E1,1.756596519116E1,1.79E1));
#6844=DIRECTION('',(0.E0,0.E0,-1.E0));
#6845=DIRECTION('',(-1.E0,0.E0,0.E0));
#6846=AXIS2_PLACEMENT_3D('',#6843,#6844,#6845);
#6847=CYLINDRICAL_SURFACE('2702',#6846,5.999997404913E0);
#6848=ORIENTED_EDGE('2564',*,*,#5880,.T.);
#6850=ORIENTED_EDGE('2572',*,*,#6849,.T.);
#6851=ORIENTED_EDGE('2621',*,*,#6810,.T.);
#6852=ORIENTED_EDGE('2622',*,*,#6808,.T.);
#6853=ORIENTED_EDGE('2583',*,*,#6836,.F.);
#6854=ORIENTED_EDGE('2565',*,*,#5882,.T.);
#6855=EDGE_LOOP('2702',(#6848,#6850,#6851,#6852,#6853,#6854));
#6856=FACE_OUTER_BOUND('2702',#6855,.F.);
#6858=CARTESIAN_POINT('',(2.571524005687E1,2.054364967635E1,1.79E1));
#6859=DIRECTION('',(0.E0,0.E0,-1.E0));
#6860=DIRECTION('',(-1.E0,0.E0,0.E0));
#6861=AXIS2_PLACEMENT_3D('',#6858,#6859,#6860);
#6862=CYLINDRICAL_SURFACE('2880',#6861,3.E0);
#6863=ORIENTED_EDGE('2413',*,*,#5878,.T.);
#6864=ORIENTED_EDGE('2330',*,*,#6747,.T.);
#6865=ORIENTED_EDGE('2483',*,*,#6812,.T.);
#6866=ORIENTED_EDGE('2572',*,*,#6849,.F.);
#6867=EDGE_LOOP('2880',(#6863,#6864,#6865,#6866));
#6868=FACE_OUTER_BOUND('2880',#6867,.F.);
#6870=CARTESIAN_POINT('',(2.014865618171E1,1.311596519116E1,1.79E1));
#6871=DIRECTION('',(0.E0,0.E0,-1.E0));
#6872=DIRECTION('',(-1.E0,0.E0,0.E0));
#6873=AXIS2_PLACEMENT_3D('',#6870,#6871,#6872);
#6874=CYLINDRICAL_SURFACE('2714',#6873,9.999999999998E-1);
#6875=ORIENTED_EDGE('2459',*,*,#5889,.T.);
#6876=ORIENTED_EDGE('2496',*,*,#5810,.T.);
#6877=ORIENTED_EDGE('2445',*,*,#6819,.T.);
#6878=ORIENTED_EDGE('2070',*,*,#5929,.F.);
#6879=EDGE_LOOP('2714',(#6875,#6876,#6877,#6878));
#6880=FACE_OUTER_BOUND('2714',#6879,.F.);
#6882=CARTESIAN_POINT('',(2.535000000318E1,1.756596519116E1,1.805E1));
#6883=DIRECTION('',(0.E0,0.E0,-1.E0));
#6884=DIRECTION('',(-1.E0,0.E0,0.E0));
#6885=AXIS2_PLACEMENT_3D('',#6882,#6883,#6884);
#6886=CONICAL_SURFACE('2793',#6885,4.2E0,4.5E1);
#6888=ORIENTED_EDGE('2117',*,*,#6887,.F.);
#6890=ORIENTED_EDGE('2375',*,*,#6889,.F.);
#6891=ORIENTED_EDGE('2215',*,*,#6823,.T.);
#6893=ORIENTED_EDGE('2536',*,*,#6892,.T.);
#6894=EDGE_LOOP('2793',(#6888,#6890,#6891,#6893));
#6895=FACE_OUTER_BOUND('2793',#6894,.F.);
#6897=CARTESIAN_POINT('',(2.535000000318E1,1.756596519116E1,2.09E1));
#6898=DIRECTION('',(0.E0,0.E0,-1.E0));
#6899=DIRECTION('',(-1.E0,0.E0,0.E0));
#6900=AXIS2_PLACEMENT_3D('',#6897,#6898,#6899);
#6901=CYLINDRICAL_SURFACE('2771',#6900,4.05E0);
#6903=ORIENTED_EDGE('3021',*,*,#6902,.T.);
#6905=ORIENTED_EDGE('3023',*,*,#6904,.F.);
#6906=ORIENTED_EDGE('2117',*,*,#6887,.T.);
#6908=ORIENTED_EDGE('3024',*,*,#6907,.T.);
#6909=EDGE_LOOP('2771',(#6903,#6905,#6906,#6908));
#6910=FACE_OUTER_BOUND('2771',#6909,.F.);
#6912=CARTESIAN_POINT('',(0.E0,0.E0,1.98E1));
#6913=DIRECTION('',(0.E0,0.E0,-1.E0));
#6914=DIRECTION('',(-1.E0,0.E0,0.E0));
#6915=AXIS2_PLACEMENT_3D('',#6912,#6913,#6914);
#6916=PLANE('3002',#6915);
#6917=ORIENTED_EDGE('3021',*,*,#6902,.F.);
#6919=ORIENTED_EDGE('3022',*,*,#6918,.F.);
#6920=EDGE_LOOP('3002',(#6917,#6919));
#6921=FACE_OUTER_BOUND('3002',#6920,.F.);
#6923=ORIENTED_EDGE('3003',*,*,#6922,.F.);
#6925=ORIENTED_EDGE('3004',*,*,#6924,.F.);
#6926=EDGE_LOOP('3002',(#6923,#6925));
#6927=FACE_BOUND('3002',#6926,.F.);
#6929=CARTESIAN_POINT('',(2.535000000318E1,1.756596519116E1,2.89E1));
#6930=DIRECTION('',(0.E0,0.E0,-1.E0));
#6931=DIRECTION('',(-1.E0,0.E0,0.E0));
#6932=AXIS2_PLACEMENT_3D('',#6929,#6930,#6931);
#6933=CYLINDRICAL_SURFACE('2730',#6932,3.650000003917E0);
#6935=ORIENTED_EDGE('3030',*,*,#6934,.F.);
#6936=ORIENTED_EDGE('3003',*,*,#6922,.T.);
#6938=ORIENTED_EDGE('3029',*,*,#6937,.F.);
#6940=ORIENTED_EDGE('2112',*,*,#6939,.T.);
#6941=EDGE_LOOP('2730',(#6935,#6936,#6938,#6940));
#6942=FACE_OUTER_BOUND('2730',#6941,.F.);
#6944=CARTESIAN_POINT('',(2.535000000318E1,1.756596519116E1,2.89E1));
#6945=DIRECTION('',(0.E0,0.E0,-1.E0));
#6946=DIRECTION('',(-1.E0,0.E0,0.E0));
#6947=AXIS2_PLACEMENT_3D('',#6944,#6945,#6946);
#6948=CYLINDRICAL_SURFACE('2691',#6947,3.650000003917E0);
#6949=ORIENTED_EDGE('3029',*,*,#6937,.T.);
#6950=ORIENTED_EDGE('3004',*,*,#6924,.T.);
#6951=ORIENTED_EDGE('3030',*,*,#6934,.T.);
#6953=ORIENTED_EDGE('2287',*,*,#6952,.T.);
#6954=EDGE_LOOP('2691',(#6949,#6950,#6951,#6953));
#6955=FACE_OUTER_BOUND('2691',#6954,.F.);
#6957=CARTESIAN_POINT('',(2.535000000318E1,1.756596519116E1,2.22E1));
#6958=DIRECTION('',(0.E0,0.E0,-1.E0));
#6959=DIRECTION('',(-1.E0,0.E0,0.E0));
#6960=AXIS2_PLACEMENT_3D('',#6957,#6958,#6959);
#6961=TOROIDAL_SURFACE('2693',#6960,4.150000003917E0,5.E-1);
#6962=ORIENTED_EDGE('2287',*,*,#6952,.F.);
#6964=ORIENTED_EDGE('2552',*,*,#6963,.F.);
#6966=ORIENTED_EDGE('2406',*,*,#6965,.T.);
#6968=ORIENTED_EDGE('2273',*,*,#6967,.T.);
#6969=EDGE_LOOP('2693',(#6962,#6964,#6966,#6968));
#6970=FACE_OUTER_BOUND('2693',#6969,.F.);
#6972=CARTESIAN_POINT('',(2.535000000318E1,1.756596519116E1,2.22E1));
#6973=DIRECTION('',(0.E0,0.E0,-1.E0));
#6974=DIRECTION('',(-1.E0,0.E0,0.E0));
#6975=AXIS2_PLACEMENT_3D('',#6972,#6973,#6974);
#6976=TOROIDAL_SURFACE('2705',#6975,4.150000003917E0,5.E-1);
#6977=ORIENTED_EDGE('2273',*,*,#6967,.F.);
#6979=ORIENTED_EDGE('2318',*,*,#6978,.T.);
#6980=ORIENTED_EDGE('2552',*,*,#6963,.T.);
#6981=ORIENTED_EDGE('2112',*,*,#6939,.F.);
#6982=EDGE_LOOP('2705',(#6977,#6979,#6980,#6981));
#6983=FACE_OUTER_BOUND('2705',#6982,.F.);
#6985=CARTESIAN_POINT('',(0.E0,0.E0,2.27E1));
#6986=DIRECTION('',(0.E0,0.E0,-1.E0));
#6987=DIRECTION('',(-1.E0,0.E0,0.E0));
#6988=AXIS2_PLACEMENT_3D('',#6985,#6986,#6987);
#6989=PLANE('2772',#6988);
#6991=ORIENTED_EDGE('2609',*,*,#6990,.T.);
#6993=ORIENTED_EDGE('2087',*,*,#6992,.F.);
#6995=ORIENTED_EDGE('2354',*,*,#6994,.T.);
#6997=ORIENTED_EDGE('2133',*,*,#6996,.F.);
#6999=ORIENTED_EDGE('2645',*,*,#6998,.T.);
#7001=ORIENTED_EDGE('2460',*,*,#7000,.F.);
#7003=ORIENTED_EDGE('2296',*,*,#7002,.T.);
#7005=ORIENTED_EDGE('2118',*,*,#7004,.F.);
#7006=EDGE_LOOP('2772',(#6991,#6993,#6995,#6997,#6999,#7001,#7003,#7005));
#7007=FACE_OUTER_BOUND('2772',#7006,.F.);
#7009=ORIENTED_EDGE('2062',*,*,#7008,.F.);
#7011=ORIENTED_EDGE('2546',*,*,#7010,.F.);
#7012=EDGE_LOOP('2772',(#7009,#7011));
#7013=FACE_BOUND('2772',#7012,.F.);
#7014=ORIENTED_EDGE('2648',*,*,#6222,.F.);
#7015=ORIENTED_EDGE('2200',*,*,#6206,.F.);
#7016=EDGE_LOOP('2772',(#7014,#7015));
#7017=FACE_BOUND('2772',#7016,.F.);
#7019=ORIENTED_EDGE('2407',*,*,#7018,.F.);
#7021=ORIENTED_EDGE('2091',*,*,#7020,.F.);
#7022=EDGE_LOOP('2772',(#7019,#7021));
#7023=FACE_BOUND('2772',#7022,.F.);
#7024=ORIENTED_EDGE('2406',*,*,#6965,.F.);
#7025=ORIENTED_EDGE('2318',*,*,#6978,.F.);
#7026=EDGE_LOOP('2772',(#7024,#7025));
#7027=FACE_BOUND('2772',#7026,.F.);
#7029=ORIENTED_EDGE('2966',*,*,#7028,.T.);
#7031=ORIENTED_EDGE('2968',*,*,#7030,.T.);
#7032=EDGE_LOOP('2772',(#7029,#7031));
#7033=FACE_BOUND('2772',#7032,.F.);
#7035=CARTESIAN_POINT('',(0.E0,5.E-1,2.22E1));
#7036=DIRECTION('',(1.E0,0.E0,0.E0));
#7037=DIRECTION('',(0.E0,0.E0,-1.E0));
#7038=AXIS2_PLACEMENT_3D('',#7035,#7036,#7037);
#7039=CYLINDRICAL_SURFACE('2712',#7038,5.E-1);
#7041=ORIENTED_EDGE('2216',*,*,#7040,.T.);
#7042=ORIENTED_EDGE('2609',*,*,#6990,.F.);
#7044=ORIENTED_EDGE('2604',*,*,#7043,.T.);
#7046=ORIENTED_EDGE('2521',*,*,#7045,.F.);
#7047=EDGE_LOOP('2712',(#7041,#7042,#7044,#7046));
#7048=FACE_OUTER_BOUND('2712',#7047,.F.);
#7050=CARTESIAN_POINT('',(5.E0,5.E0,2.22E1));
#7051=DIRECTION('',(0.E0,0.E0,-1.E0));
#7052=DIRECTION('',(-1.E0,0.E0,0.E0));
#7053=AXIS2_PLACEMENT_3D('',#7050,#7051,#7052);
#7054=TOROIDAL_SURFACE('2776',#7053,4.5E0,5.E-1);
#7056=ORIENTED_EDGE('2125',*,*,#7055,.F.);
#7057=ORIENTED_EDGE('2087',*,*,#6992,.T.);
#7058=ORIENTED_EDGE('2216',*,*,#7040,.F.);
#7060=ORIENTED_EDGE('2506',*,*,#7059,.F.);
#7061=EDGE_LOOP('2776',(#7056,#7057,#7058,#7060));
#7062=FACE_OUTER_BOUND('2776',#7061,.F.);
#7064=CARTESIAN_POINT('',(5.E-1,0.E0,2.22E1));
#7065=DIRECTION('',(0.E0,-1.E0,0.E0));
#7066=DIRECTION('',(0.E0,0.E0,-1.E0));
#7067=AXIS2_PLACEMENT_3D('',#7064,#7065,#7066);
#7068=CYLINDRICAL_SURFACE('2806',#7067,5.E-1);
#7070=ORIENTED_EDGE('2104',*,*,#7069,.T.);
#7071=ORIENTED_EDGE('2354',*,*,#6994,.F.);
#7072=ORIENTED_EDGE('2125',*,*,#7055,.T.);
#7074=ORIENTED_EDGE('2182',*,*,#7073,.F.);
#7075=EDGE_LOOP('2806',(#7070,#7071,#7072,#7074));
#7076=FACE_OUTER_BOUND('2806',#7075,.F.);
#7078=CARTESIAN_POINT('',(5.E0,5.E1,2.22E1));
#7079=DIRECTION('',(0.E0,0.E0,-1.E0));
#7080=DIRECTION('',(-1.E0,0.E0,0.E0));
#7081=AXIS2_PLACEMENT_3D('',#7078,#7079,#7080);
#7082=TOROIDAL_SURFACE('2781',#7081,4.5E0,5.E-1);
#7084=ORIENTED_EDGE('2334',*,*,#7083,.F.);
#7085=ORIENTED_EDGE('2133',*,*,#6996,.T.);
#7086=ORIENTED_EDGE('2104',*,*,#7069,.F.);
#7088=ORIENTED_EDGE('2640',*,*,#7087,.F.);
#7089=EDGE_LOOP('2781',(#7084,#7085,#7086,#7088));
#7090=FACE_OUTER_BOUND('2781',#7089,.F.);
#7092=CARTESIAN_POINT('',(0.E0,5.45E1,2.22E1));
#7093=DIRECTION('',(-1.E0,0.E0,0.E0));
#7094=DIRECTION('',(0.E0,0.E0,1.E0));
#7095=AXIS2_PLACEMENT_3D('',#7092,#7093,#7094);
#7096=CYLINDRICAL_SURFACE('2752',#7095,5.E-1);
#7097=ORIENTED_EDGE('2334',*,*,#7083,.T.);
#7099=ORIENTED_EDGE('2468',*,*,#7098,.F.);
#7101=ORIENTED_EDGE('2543',*,*,#7100,.T.);
#7102=ORIENTED_EDGE('2645',*,*,#6998,.F.);
#7103=EDGE_LOOP('2752',(#7097,#7099,#7101,#7102));
#7104=FACE_OUTER_BOUND('2752',#7103,.F.);
#7106=CARTESIAN_POINT('',(0.E0,5.5E1,2.27E1));
#7107=DIRECTION('',(0.E0,-1.E0,0.E0));
#7108=DIRECTION('',(0.E0,0.E0,-1.E0));
#7109=AXIS2_PLACEMENT_3D('',#7106,#7107,#7108);
#7110=PLANE('2757',#7109);
#7112=ORIENTED_EDGE('2632',*,*,#7111,.T.);
#7113=ORIENTED_EDGE('2468',*,*,#7098,.T.);
#7115=ORIENTED_EDGE('2477',*,*,#7114,.T.);
#7116=ORIENTED_EDGE('2469',*,*,#6304,.T.);
#7118=ORIENTED_EDGE('2602',*,*,#7117,.T.);
#7120=ORIENTED_EDGE('2191',*,*,#7119,.F.);
#7122=ORIENTED_EDGE('2321',*,*,#7121,.T.);
#7123=EDGE_LOOP('2757',(#7112,#7113,#7115,#7116,#7118,#7120,#7122));
#7124=FACE_OUTER_BOUND('2757',#7123,.F.);
#7126=CARTESIAN_POINT('',(3.7E1,5.E1,2.27E1));
#7127=DIRECTION('',(0.E0,0.E0,-1.E0));
#7128=DIRECTION('',(-1.E0,0.E0,0.E0));
#7129=AXIS2_PLACEMENT_3D('',#7126,#7127,#7128);
#7130=CYLINDRICAL_SURFACE('2721',#7129,5.E0);
#7132=ORIENTED_EDGE('2243',*,*,#7131,.F.);
#7134=ORIENTED_EDGE('2266',*,*,#7133,.F.);
#7135=ORIENTED_EDGE('2602',*,*,#7117,.F.);
#7136=ORIENTED_EDGE('2276',*,*,#6302,.T.);
#7138=ORIENTED_EDGE('2617',*,*,#7137,.F.);
#7140=ORIENTED_EDGE('2588',*,*,#7139,.T.);
#7141=ORIENTED_EDGE('2632',*,*,#7111,.F.);
#7142=EDGE_LOOP('2721',(#7132,#7134,#7135,#7136,#7138,#7140,#7141));
#7143=FACE_OUTER_BOUND('2721',#7142,.F.);
#7145=CARTESIAN_POINT('',(4.135355339059E1,6.235355339059E1,1.45E1));
#7146=DIRECTION('',(-7.071067811865E-1,-7.071067811866E-1,0.E0));
#7147=DIRECTION('',(7.071067811866E-1,-7.071067811865E-1,0.E0));
#7148=AXIS2_PLACEMENT_3D('',#7145,#7146,#7147);
#7149=CYLINDRICAL_SURFACE('2707',#7148,2.5E0);
#7151=ORIENTED_EDGE('2415',*,*,#7150,.F.);
#7153=ORIENTED_EDGE('2488',*,*,#7152,.T.);
#7155=ORIENTED_EDGE('2454',*,*,#7154,.T.);
#7156=ORIENTED_EDGE('2243',*,*,#7131,.T.);
#7157=ORIENTED_EDGE('2321',*,*,#7121,.F.);
#7158=EDGE_LOOP('2707',(#7151,#7153,#7155,#7156,#7157));
#7159=FACE_OUTER_BOUND('2707',#7158,.F.);
#7161=CARTESIAN_POINT('',(4.135355339059E1,6.235355339059E1,1.45E1));
#7162=DIRECTION('',(-7.071067811865E-1,-7.071067811866E-1,0.E0));
#7163=DIRECTION('',(7.071067811866E-1,-7.071067811865E-1,0.E0));
#7164=AXIS2_PLACEMENT_3D('',#7161,#7162,#7163);
#7165=CYLINDRICAL_SURFACE('2748',#7164,2.5E0);
#7166=ORIENTED_EDGE('2191',*,*,#7119,.T.);
#7167=ORIENTED_EDGE('2266',*,*,#7133,.T.);
#7168=ORIENTED_EDGE('2454',*,*,#7154,.F.);
#7170=ORIENTED_EDGE('2255',*,*,#7169,.T.);
#7171=ORIENTED_EDGE('2415',*,*,#7150,.T.);
#7172=EDGE_LOOP('2748',(#7166,#7167,#7168,#7170,#7171));
#7173=FACE_OUTER_BOUND('2748',#7172,.F.);
#7175=CARTESIAN_POINT('',(3.200206620940E1,5.300206620940E1,1.45E1));
#7176=DIRECTION('',(7.071067811865E-1,7.071067811865E-1,0.E0));
#7177=DIRECTION('',(-7.071067811865E-1,7.071067811865E-1,0.E0));
#7178=AXIS2_PLACEMENT_3D('',#7175,#7176,#7177);
#7179=CONICAL_SURFACE('2746',#7178,2.325E0,4.5E1);
#7181=ORIENTED_EDGE('2239',*,*,#7180,.F.);
#7183=ORIENTED_EDGE('2467',*,*,#7182,.F.);
#7184=ORIENTED_EDGE('2255',*,*,#7169,.F.);
#7186=ORIENTED_EDGE('2249',*,*,#7185,.T.);
#7187=EDGE_LOOP('2746',(#7181,#7183,#7184,#7186));
#7188=FACE_OUTER_BOUND('2746',#7187,.F.);
#7190=CARTESIAN_POINT('',(3.887867965644E1,5.987867965644E1,1.45E1));
#7191=DIRECTION('',(-7.071067811865E-1,-7.071067811866E-1,0.E0));
#7192=DIRECTION('',(7.071067811866E-1,-7.071067811865E-1,0.E0));
#7193=AXIS2_PLACEMENT_3D('',#7190,#7191,#7192);
#7194=CYLINDRICAL_SURFACE('2846',#7193,2.15E0);
#7195=ORIENTED_EDGE('2239',*,*,#7180,.T.);
#7197=ORIENTED_EDGE('2205',*,*,#7196,.F.);
#7199=ORIENTED_EDGE('2235',*,*,#7198,.T.);
#7201=ORIENTED_EDGE('2400',*,*,#7200,.T.);
#7202=EDGE_LOOP('2846',(#7195,#7197,#7199,#7201));
#7203=FACE_OUTER_BOUND('2846',#7202,.F.);
#7205=CARTESIAN_POINT('',(3.887867965644E1,5.987867965644E1,1.45E1));
#7206=DIRECTION('',(-7.071067811865E-1,-7.071067811866E-1,0.E0));
#7207=DIRECTION('',(7.071067811866E-1,-7.071067811865E-1,0.E0));
#7208=AXIS2_PLACEMENT_3D('',#7205,#7206,#7207);
#7209=CYLINDRICAL_SURFACE('2788',#7208,2.15E0);
#7210=ORIENTED_EDGE('2400',*,*,#7200,.F.);
#7212=ORIENTED_EDGE('2302',*,*,#7211,.T.);
#7213=ORIENTED_EDGE('2205',*,*,#7196,.T.);
#7215=ORIENTED_EDGE('2381',*,*,#7214,.T.);
#7216=EDGE_LOOP('2788',(#7210,#7212,#7213,#7215));
#7217=FACE_OUTER_BOUND('2788',#7216,.F.);
#7219=CARTESIAN_POINT('',(2.790084687852E1,4.890084687852E1,1.45E1));
#7220=DIRECTION('',(7.071067811865E-1,7.071067811866E-1,0.E0));
#7221=DIRECTION('',(-7.071067811866E-1,7.071067811865E-1,0.E0));
#7222=AXIS2_PLACEMENT_3D('',#7219,#7220,#7221);
#7223=CONICAL_SURFACE('2725',#7222,1.675E0,4.5E1);
#7225=ORIENTED_EDGE('2300',*,*,#7224,.F.);
#7226=ORIENTED_EDGE('2302',*,*,#7211,.F.);
#7228=ORIENTED_EDGE('2508',*,*,#7227,.T.);
#7230=ORIENTED_EDGE('2376',*,*,#7229,.F.);
#7231=EDGE_LOOP('2725',(#7225,#7226,#7228,#7230));
#7232=FACE_OUTER_BOUND('2725',#7231,.F.);
#7234=CARTESIAN_POINT('',(2.790084687852E1,4.890084687852E1,1.45E1));
#7235=DIRECTION('',(7.071067811865E-1,7.071067811866E-1,0.E0));
#7236=DIRECTION('',(-7.071067811866E-1,7.071067811865E-1,0.E0));
#7237=AXIS2_PLACEMENT_3D('',#7234,#7235,#7236);
#7238=CONICAL_SURFACE('2833',#7237,1.675E0,4.5E1);
#7240=ORIENTED_EDGE('2157',*,*,#7239,.F.);
#7241=ORIENTED_EDGE('2508',*,*,#7227,.F.);
#7242=ORIENTED_EDGE('2235',*,*,#7198,.F.);
#7243=ORIENTED_EDGE('2300',*,*,#7224,.T.);
#7244=EDGE_LOOP('2833',(#7240,#7241,#7242,#7243));
#7245=FACE_OUTER_BOUND('2833',#7244,.F.);
#7247=CARTESIAN_POINT('',(2.685786437627E1,4.785786437627E1,1.45E1));
#7248=DIRECTION('',(7.071067811865E-1,7.071067811866E-1,0.E0));
#7249=DIRECTION('',(-7.071067811866E-1,7.071067811865E-1,0.E0));
#7250=AXIS2_PLACEMENT_3D('',#7247,#7248,#7249);
#7251=CYLINDRICAL_SURFACE('2708',#7250,1.2E0);
#7253=ORIENTED_EDGE('2119',*,*,#7252,.T.);
#7255=ORIENTED_EDGE('2085',*,*,#7254,.F.);
#7256=ORIENTED_EDGE('2157',*,*,#7239,.T.);
#7258=ORIENTED_EDGE('2641',*,*,#7257,.T.);
#7259=EDGE_LOOP('2708',(#7253,#7255,#7256,#7258));
#7260=FACE_OUTER_BOUND('2708',#7259,.F.);
#7262=CARTESIAN_POINT('',(4.1E1,3.371572875254E1,1.45E1));
#7263=DIRECTION('',(0.E0,0.E0,-1.E0));
#7264=DIRECTION('',(-1.E0,0.E0,0.E0));
#7265=AXIS2_PLACEMENT_3D('',#7262,#7263,#7264);
#7266=TOROIDAL_SURFACE('2797',#7265,2.E1,1.2E0);
#7268=ORIENTED_EDGE('2093',*,*,#7267,.F.);
#7269=ORIENTED_EDGE('2119',*,*,#7252,.F.);
#7271=ORIENTED_EDGE('2170',*,*,#7270,.T.);
#7272=ORIENTED_EDGE('2250',*,*,#6727,.F.);
#7273=EDGE_LOOP('2797',(#7268,#7269,#7271,#7272));
#7274=FACE_OUTER_BOUND('2797',#7273,.F.);
#7276=CARTESIAN_POINT('',(4.1E1,3.371572875254E1,1.45E1));
#7277=DIRECTION('',(0.E0,0.E0,-1.E0));
#7278=DIRECTION('',(-1.E0,0.E0,0.E0));
#7279=AXIS2_PLACEMENT_3D('',#7276,#7277,#7278);
#7280=TOROIDAL_SURFACE('2684',#7279,2.E1,1.2E0);
#7281=ORIENTED_EDGE('2638',*,*,#6702,.F.);
#7282=ORIENTED_EDGE('2170',*,*,#7270,.F.);
#7284=ORIENTED_EDGE('2444',*,*,#7283,.F.);
#7285=ORIENTED_EDGE('2093',*,*,#7267,.T.);
#7286=EDGE_LOOP('2684',(#7281,#7282,#7284,#7285));
#7287=FACE_OUTER_BOUND('2684',#7286,.F.);
#7289=CARTESIAN_POINT('',(2.685786437627E1,4.785786437627E1,1.45E1));
#7290=DIRECTION('',(7.071067811865E-1,7.071067811866E-1,0.E0));
#7291=DIRECTION('',(-7.071067811866E-1,7.071067811865E-1,0.E0));
#7292=AXIS2_PLACEMENT_3D('',#7289,#7290,#7291);
#7293=CYLINDRICAL_SURFACE('2824',#7292,1.2E0);
#7294=ORIENTED_EDGE('2641',*,*,#7257,.F.);
#7295=ORIENTED_EDGE('2376',*,*,#7229,.T.);
#7296=ORIENTED_EDGE('2085',*,*,#7254,.T.);
#7297=ORIENTED_EDGE('2444',*,*,#7283,.T.);
#7298=EDGE_LOOP('2824',(#7294,#7295,#7296,#7297));
#7299=FACE_OUTER_BOUND('2824',#7298,.F.);
#7301=CARTESIAN_POINT('',(3.200206620940E1,5.300206620940E1,1.45E1));
#7302=DIRECTION('',(7.071067811865E-1,7.071067811865E-1,0.E0));
#7303=DIRECTION('',(-7.071067811865E-1,7.071067811865E-1,0.E0));
#7304=AXIS2_PLACEMENT_3D('',#7301,#7302,#7303);
#7305=CONICAL_SURFACE('2857',#7304,2.325E0,4.5E1);
#7306=ORIENTED_EDGE('2249',*,*,#7185,.F.);
#7307=ORIENTED_EDGE('2488',*,*,#7152,.F.);
#7308=ORIENTED_EDGE('2467',*,*,#7182,.T.);
#7309=ORIENTED_EDGE('2381',*,*,#7214,.F.);
#7310=EDGE_LOOP('2857',(#7306,#7307,#7308,#7309));
#7311=FACE_OUTER_BOUND('2857',#7310,.F.);
#7313=CARTESIAN_POINT('',(4.2E1,0.E0,2.27E1));
#7314=DIRECTION('',(-1.E0,0.E0,0.E0));
#7315=DIRECTION('',(0.E0,0.E0,1.E0));
#7316=AXIS2_PLACEMENT_3D('',#7313,#7314,#7315);
#7317=PLANE('2769',#7316);
#7318=ORIENTED_EDGE('2617',*,*,#7137,.T.);
#7319=ORIENTED_EDGE('2464',*,*,#6300,.T.);
#7321=ORIENTED_EDGE('2380',*,*,#7320,.F.);
#7323=ORIENTED_EDGE('2130',*,*,#7322,.T.);
#7325=ORIENTED_EDGE('2274',*,*,#7324,.T.);
#7327=ORIENTED_EDGE('2135',*,*,#7326,.T.);
#7328=EDGE_LOOP('2769',(#7318,#7319,#7321,#7323,#7325,#7327));
#7329=FACE_OUTER_BOUND('2769',#7328,.F.);
#7331=CARTESIAN_POINT('',(4.705000000318E1,1.756596519116E1,0.E0));
#7332=DIRECTION('',(0.E0,0.E0,1.E0));
#7333=DIRECTION('',(-1.E0,0.E0,0.E0));
#7334=AXIS2_PLACEMENT_3D('',#7331,#7332,#7333);
#7335=SPHERICAL_SURFACE('2823',#7334,1.175E1);
#7336=ORIENTED_EDGE('2380',*,*,#7320,.T.);
#7337=ORIENTED_EDGE('2073',*,*,#6298,.T.);
#7339=ORIENTED_EDGE('2267',*,*,#7338,.T.);
#7340=ORIENTED_EDGE('2372',*,*,#6054,.T.);
#7342=ORIENTED_EDGE('2570',*,*,#7341,.T.);
#7344=ORIENTED_EDGE('2100',*,*,#7343,.T.);
#7345=EDGE_LOOP('2823',(#7336,#7337,#7339,#7340,#7342,#7344));
#7346=FACE_OUTER_BOUND('2823',#7345,.F.);
#7348=CARTESIAN_POINT('',(2.535000000318E1,1.756596519116E1,1.4E0));
#7349=DIRECTION('',(0.E0,0.E0,-1.E0));
#7350=DIRECTION('',(-1.E0,0.E0,0.E0));
#7351=AXIS2_PLACEMENT_3D('',#7348,#7349,#7350);
#7352=CYLINDRICAL_SURFACE('2749',#7351,1.375000000392E1);
#7353=ORIENTED_EDGE('2394',*,*,#6056,.T.);
#7354=ORIENTED_EDGE('2267',*,*,#7338,.F.);
#7355=ORIENTED_EDGE('2286',*,*,#6296,.T.);
#7357=ORIENTED_EDGE('2352',*,*,#7356,.F.);
#7358=EDGE_LOOP('2749',(#7353,#7354,#7355,#7357));
#7359=FACE_OUTER_BOUND('2749',#7358,.F.);
#7361=CARTESIAN_POINT('',(3.715E1,2.496596519116E1,-2.5E0));
#7362=DIRECTION('',(0.E0,-1.E0,0.E0));
#7363=DIRECTION('',(0.E0,0.E0,-1.E0));
#7364=AXIS2_PLACEMENT_3D('',#7361,#7362,#7363);
#7365=PLANE('2843',#7364);
#7367=ORIENTED_EDGE('2386',*,*,#7366,.T.);
#7368=ORIENTED_EDGE('2237',*,*,#6058,.T.);
#7369=ORIENTED_EDGE('2352',*,*,#7356,.T.);
#7370=ORIENTED_EDGE('2416',*,*,#6294,.T.);
#7372=ORIENTED_EDGE('2581',*,*,#7371,.F.);
#7374=ORIENTED_EDGE('2111',*,*,#7373,.F.);
#7376=ORIENTED_EDGE('2566',*,*,#7375,.F.);
#7377=EDGE_LOOP('2843',(#7367,#7368,#7369,#7370,#7372,#7374,#7376));
#7378=FACE_OUTER_BOUND('2843',#7377,.F.);
#7380=CARTESIAN_POINT('',(3.355E1,2.496596519116E1,-2.5E0));
#7381=DIRECTION('',(7.071067811865E-1,-7.071067811865E-1,0.E0));
#7382=DIRECTION('',(0.E0,0.E0,1.E0));
#7383=AXIS2_PLACEMENT_3D('',#7380,#7381,#7382);
#7384=PLANE('2847',#7383);
#7386=ORIENTED_EDGE('2355',*,*,#7385,.F.);
#7388=ORIENTED_EDGE('2568',*,*,#7387,.T.);
#7390=ORIENTED_EDGE('2448',*,*,#7389,.T.);
#7391=ORIENTED_EDGE('2391',*,*,#6060,.T.);
#7392=ORIENTED_EDGE('2386',*,*,#7366,.F.);
#7394=ORIENTED_EDGE('2667',*,*,#7393,.T.);
#7396=ORIENTED_EDGE('2106',*,*,#7395,.T.);
#7397=EDGE_LOOP('2847',(#7386,#7388,#7390,#7391,#7392,#7394,#7396));
#7398=FACE_OUTER_BOUND('2847',#7397,.F.);
#7400=CARTESIAN_POINT('',(3.715E1,2.496596519116E1,-2.5E0));
#7401=DIRECTION('',(0.E0,-1.E0,0.E0));
#7402=DIRECTION('',(0.E0,0.E0,-1.E0));
#7403=AXIS2_PLACEMENT_3D('',#7400,#7401,#7402);
#7404=PLANE('2713',#7403);
#7406=ORIENTED_EDGE('2218',*,*,#7405,.F.);
#7408=ORIENTED_EDGE('2113',*,*,#7407,.T.);
#7409=ORIENTED_EDGE('2355',*,*,#7385,.T.);
#7411=ORIENTED_EDGE('2396',*,*,#7410,.F.);
#7413=ORIENTED_EDGE('2614',*,*,#7412,.F.);
#7414=EDGE_LOOP('2713',(#7406,#7408,#7409,#7411,#7413));
#7415=FACE_OUTER_BOUND('2713',#7414,.F.);
#7417=CARTESIAN_POINT('',(3.715E1,3.716596519116E1,-2.5E0));
#7418=DIRECTION('',(1.E0,0.E0,0.E0));
#7419=DIRECTION('',(0.E0,0.E0,-1.E0));
#7420=AXIS2_PLACEMENT_3D('',#7417,#7418,#7419);
#7421=PLANE('2737',#7420);
#7422=ORIENTED_EDGE('2342',*,*,#6292,.T.);
#7424=ORIENTED_EDGE('2519',*,*,#7423,.F.);
#7426=ORIENTED_EDGE('2271',*,*,#7425,.T.);
#7427=ORIENTED_EDGE('2218',*,*,#7405,.T.);
#7429=ORIENTED_EDGE('2574',*,*,#7428,.T.);
#7430=ORIENTED_EDGE('2581',*,*,#7371,.T.);
#7431=EDGE_LOOP('2737',(#7422,#7424,#7426,#7427,#7429,#7430));
#7432=FACE_OUTER_BOUND('2737',#7431,.F.);
#7434=CARTESIAN_POINT('',(3.315E1,3.716596519116E1,-2.5E0));
#7435=DIRECTION('',(0.E0,1.E0,0.E0));
#7436=DIRECTION('',(-1.E0,0.E0,0.E0));
#7437=AXIS2_PLACEMENT_3D('',#7434,#7435,#7436);
#7438=PLANE('2704',#7437);
#7440=ORIENTED_EDGE('2642',*,*,#7439,.T.);
#7441=ORIENTED_EDGE('2519',*,*,#7423,.T.);
#7442=ORIENTED_EDGE('2452',*,*,#6290,.T.);
#7444=ORIENTED_EDGE('2368',*,*,#7443,.T.);
#7445=EDGE_LOOP('2704',(#7440,#7441,#7442,#7444));
#7446=FACE_OUTER_BOUND('2704',#7445,.F.);
#7448=CARTESIAN_POINT('',(0.E0,0.E0,1.75E1));
#7449=DIRECTION('',(0.E0,0.E0,-1.E0));
#7450=DIRECTION('',(-1.E0,0.E0,0.E0));
#7451=AXIS2_PLACEMENT_3D('',#7448,#7449,#7450);
#7452=PLANE('2727',#7451);
#7453=ORIENTED_EDGE('2113',*,*,#7407,.F.);
#7454=ORIENTED_EDGE('2271',*,*,#7425,.F.);
#7455=ORIENTED_EDGE('2642',*,*,#7439,.F.);
#7457=ORIENTED_EDGE('2291',*,*,#7456,.F.);
#7459=ORIENTED_EDGE('2434',*,*,#7458,.F.);
#7461=ORIENTED_EDGE('2344',*,*,#7460,.F.);
#7463=ORIENTED_EDGE('2481',*,*,#7462,.F.);
#7465=ORIENTED_EDGE('2422',*,*,#7464,.F.);
#7466=ORIENTED_EDGE('2557',*,*,#6510,.T.);
#7467=ORIENTED_EDGE('2556',*,*,#6508,.T.);
#7469=ORIENTED_EDGE('2325',*,*,#7468,.F.);
#7471=ORIENTED_EDGE('2188',*,*,#7470,.F.);
#7473=ORIENTED_EDGE('2378',*,*,#7472,.F.);
#7475=ORIENTED_EDGE('2209',*,*,#7474,.F.);
#7476=ORIENTED_EDGE('2568',*,*,#7387,.F.);
#7477=EDGE_LOOP('2727',(#7453,#7454,#7455,#7457,#7459,#7461,#7463,#7465,#7466,
#7467,#7469,#7471,#7473,#7475,#7476));
#7478=FACE_OUTER_BOUND('2727',#7477,.F.);
#7480=ORIENTED_EDGE('2585',*,*,#7479,.F.);
#7482=ORIENTED_EDGE('2226',*,*,#7481,.F.);
#7483=EDGE_LOOP('2727',(#7480,#7482));
#7484=FACE_BOUND('2727',#7483,.F.);
#7486=ORIENTED_EDGE('2309',*,*,#7485,.F.);
#7488=ORIENTED_EDGE('2635',*,*,#7487,.F.);
#7489=EDGE_LOOP('2727',(#7486,#7488));
#7490=FACE_BOUND('2727',#7489,.F.);
#7492=CARTESIAN_POINT('',(3.315E1,3.756596519116E1,-2.5E0));
#7493=DIRECTION('',(7.071067811865E-1,7.071067811865E-1,0.E0));
#7494=DIRECTION('',(0.E0,0.E0,1.E0));
#7495=AXIS2_PLACEMENT_3D('',#7492,#7493,#7494);
#7496=PLANE('2694',#7495);
#7497=ORIENTED_EDGE('2408',*,*,#6288,.T.);
#7499=ORIENTED_EDGE('2120',*,*,#7498,.F.);
#7500=ORIENTED_EDGE('2291',*,*,#7456,.T.);
#7501=ORIENTED_EDGE('2368',*,*,#7443,.F.);
#7502=EDGE_LOOP('2694',(#7497,#7499,#7500,#7501));
#7503=FACE_OUTER_BOUND('2694',#7502,.F.);
#7505=CARTESIAN_POINT('',(2.665E1,3.756596519116E1,-2.5E0));
#7506=DIRECTION('',(0.E0,1.E0,0.E0));
#7507=DIRECTION('',(0.E0,0.E0,1.E0));
#7508=AXIS2_PLACEMENT_3D('',#7505,#7506,#7507);
#7509=PLANE('2728',#7508);
#7510=ORIENTED_EDGE('2515',*,*,#6286,.T.);
#7512=ORIENTED_EDGE('2129',*,*,#7511,.F.);
#7513=ORIENTED_EDGE('2434',*,*,#7458,.T.);
#7514=ORIENTED_EDGE('2120',*,*,#7498,.T.);
#7515=EDGE_LOOP('2728',(#7510,#7512,#7513,#7514));
#7516=FACE_OUTER_BOUND('2728',#7515,.F.);
#7518=CARTESIAN_POINT('',(2.665E1,3.001596519116E1,-2.5E0));
#7519=DIRECTION('',(-1.E0,0.E0,0.E0));
#7520=DIRECTION('',(0.E0,-1.E0,0.E0));
#7521=AXIS2_PLACEMENT_3D('',#7518,#7519,#7520);
#7522=PLANE('2831',#7521);
#7524=ORIENTED_EDGE('2214',*,*,#7523,.F.);
#7525=ORIENTED_EDGE('2344',*,*,#7460,.T.);
#7526=ORIENTED_EDGE('2129',*,*,#7511,.T.);
#7527=ORIENTED_EDGE('2347',*,*,#6284,.T.);
#7529=ORIENTED_EDGE('2534',*,*,#7528,.F.);
#7530=ORIENTED_EDGE('2601',*,*,#6381,.T.);
#7532=ORIENTED_EDGE('2666',*,*,#7531,.F.);
#7534=ORIENTED_EDGE('2128',*,*,#7533,.F.);
#7536=ORIENTED_EDGE('2127',*,*,#7535,.F.);
#7537=EDGE_LOOP('2831',(#7524,#7525,#7526,#7527,#7529,#7530,#7532,#7534,#7536));
#7538=FACE_OUTER_BOUND('2831',#7537,.F.);
#7540=CARTESIAN_POINT('',(2.565E1,3.001596519116E1,-2.5E0));
#7541=DIRECTION('',(0.E0,1.E0,0.E0));
#7542=DIRECTION('',(0.E0,0.E0,1.E0));
#7543=AXIS2_PLACEMENT_3D('',#7540,#7541,#7542);
#7544=PLANE('2891',#7543);
#7546=ORIENTED_EDGE('2075',*,*,#7545,.F.);
#7547=ORIENTED_EDGE('2481',*,*,#7462,.T.);
#7548=ORIENTED_EDGE('2214',*,*,#7523,.T.);
#7550=ORIENTED_EDGE('2351',*,*,#7549,.T.);
#7552=ORIENTED_EDGE('2377',*,*,#7551,.T.);
#7553=ORIENTED_EDGE('2169',*,*,#6514,.T.);
#7554=EDGE_LOOP('2891',(#7546,#7547,#7548,#7550,#7552,#7553));
#7555=FACE_OUTER_BOUND('2891',#7554,.F.);
#7557=CARTESIAN_POINT('',(2.565E1,2.751596519116E1,-2.5E0));
#7558=DIRECTION('',(-1.E0,0.E0,0.E0));
#7559=DIRECTION('',(0.E0,0.E0,1.E0));
#7560=AXIS2_PLACEMENT_3D('',#7557,#7558,#7559);
#7561=PLANE('2886',#7560);
#7562=ORIENTED_EDGE('2422',*,*,#7464,.T.);
#7563=ORIENTED_EDGE('2075',*,*,#7545,.T.);
#7564=ORIENTED_EDGE('2629',*,*,#6512,.F.);
#7565=EDGE_LOOP('2886',(#7562,#7563,#7564));
#7566=FACE_OUTER_BOUND('2886',#7565,.F.);
#7568=CARTESIAN_POINT('',(2.65E1,2.876596519116E1,1.45E1));
#7569=DIRECTION('',(1.E0,0.E0,0.E0));
#7570=DIRECTION('',(0.E0,0.E0,-1.E0));
#7571=AXIS2_PLACEMENT_3D('',#7568,#7569,#7570);
#7572=CONICAL_SURFACE('2798',#7571,2.9E0,4.5E1);
#7574=ORIENTED_EDGE('2363',*,*,#7573,.T.);
#7575=ORIENTED_EDGE('2351',*,*,#7549,.F.);
#7576=ORIENTED_EDGE('2127',*,*,#7535,.T.);
#7577=ORIENTED_EDGE('2128',*,*,#7533,.T.);
#7579=ORIENTED_EDGE('2160',*,*,#7578,.F.);
#7581=ORIENTED_EDGE('2599',*,*,#7580,.F.);
#7582=ORIENTED_EDGE('2516',*,*,#6481,.F.);
#7583=EDGE_LOOP('2798',(#7574,#7575,#7576,#7577,#7579,#7581,#7582));
#7584=FACE_OUTER_BOUND('2798',#7583,.F.);
#7586=CARTESIAN_POINT('',(2.715E1,3.050602984573E1,1.662947763498E1));
#7587=DIRECTION('',(0.E0,7.358783788174E-1,6.771137360806E-1));
#7588=DIRECTION('',(-1.E0,0.E0,0.E0));
#7589=AXIS2_PLACEMENT_3D('',#7586,#7587,#7588);
#7590=PLANE('2893',#7589);
#7591=ORIENTED_EDGE('2225',*,*,#6516,.T.);
#7592=ORIENTED_EDGE('2377',*,*,#7551,.F.);
#7593=ORIENTED_EDGE('2363',*,*,#7573,.F.);
#7594=ORIENTED_EDGE('2623',*,*,#6479,.T.);
#7595=EDGE_LOOP('2893',(#7591,#7592,#7593,#7594));
#7596=FACE_OUTER_BOUND('2893',#7595,.F.);
#7598=CARTESIAN_POINT('',(2.565E1,3.001596519116E1,-2.5E0));
#7599=DIRECTION('',(0.E0,1.E0,0.E0));
#7600=DIRECTION('',(0.E0,0.E0,1.E0));
#7601=AXIS2_PLACEMENT_3D('',#7598,#7599,#7600);
#7602=PLANE('2876',#7601);
#7603=ORIENTED_EDGE('2160',*,*,#7578,.T.);
#7604=ORIENTED_EDGE('2666',*,*,#7531,.T.);
#7605=ORIENTED_EDGE('2555',*,*,#6379,.T.);
#7606=ORIENTED_EDGE('2298',*,*,#6595,.F.);
#7608=ORIENTED_EDGE('2221',*,*,#7607,.T.);
#7609=EDGE_LOOP('2876',(#7603,#7604,#7605,#7606,#7608));
#7610=FACE_OUTER_BOUND('2876',#7609,.F.);
#7612=CARTESIAN_POINT('',(2.715E1,3.050602984573E1,1.237052236502E1));
#7613=DIRECTION('',(0.E0,-7.358783788174E-1,6.771137360806E-1));
#7614=DIRECTION('',(-1.E0,0.E0,0.E0));
#7615=AXIS2_PLACEMENT_3D('',#7612,#7613,#7614);
#7616=PLANE('2869',#7615);
#7617=ORIENTED_EDGE('2194',*,*,#6593,.T.);
#7618=ORIENTED_EDGE('2345',*,*,#6483,.T.);
#7619=ORIENTED_EDGE('2599',*,*,#7580,.T.);
#7620=ORIENTED_EDGE('2221',*,*,#7607,.F.);
#7621=EDGE_LOOP('2869',(#7617,#7618,#7619,#7620));
#7622=FACE_OUTER_BOUND('2869',#7621,.F.);
#7624=CARTESIAN_POINT('',(2.607543101936E1,3.719999999701E1,4.516769176455E1));
#7625=DIRECTION('',(0.E0,1.E0,0.E0));
#7626=DIRECTION('',(0.E0,0.E0,1.E0));
#7627=AXIS2_PLACEMENT_3D('',#7624,#7625,#7626);
#7628=PLANE('2853',#7627);
#7629=ORIENTED_EDGE('2633',*,*,#6282,.T.);
#7631=ORIENTED_EDGE('2578',*,*,#7630,.T.);
#7632=ORIENTED_EDGE('2074',*,*,#6383,.T.);
#7633=ORIENTED_EDGE('2534',*,*,#7528,.T.);
#7634=EDGE_LOOP('2853',(#7629,#7631,#7632,#7633));
#7635=FACE_OUTER_BOUND('2853',#7634,.F.);
#7637=CARTESIAN_POINT('',(2.100000000318E1,3.399999999701E1,4.516769176455E1));
#7638=DIRECTION('',(0.E0,0.E0,-1.E0));
#7639=DIRECTION('',(-1.E0,0.E0,0.E0));
#7640=AXIS2_PLACEMENT_3D('',#7637,#7638,#7639);
#7641=CYLINDRICAL_SURFACE('2672',#7640,6.E0);
#7642=ORIENTED_EDGE('2596',*,*,#6385,.T.);
#7643=ORIENTED_EDGE('2578',*,*,#7630,.F.);
#7644=ORIENTED_EDGE('2186',*,*,#6280,.T.);
#7646=ORIENTED_EDGE('2664',*,*,#7645,.F.);
#7647=EDGE_LOOP('2672',(#7642,#7643,#7644,#7646));
#7648=FACE_OUTER_BOUND('2672',#7647,.F.);
#7650=CARTESIAN_POINT('',(2.100000000318E1,3.999999999701E1,4.516769176455E1));
#7651=DIRECTION('',(0.E0,1.E0,0.E0));
#7652=DIRECTION('',(0.E0,0.E0,1.E0));
#7653=AXIS2_PLACEMENT_3D('',#7650,#7651,#7652);
#7654=PLANE('2692',#7653);
#7655=ORIENTED_EDGE('2148',*,*,#6387,.T.);
#7656=ORIENTED_EDGE('2664',*,*,#7645,.T.);
#7657=ORIENTED_EDGE('2504',*,*,#6278,.T.);
#7658=ORIENTED_EDGE('2439',*,*,#6346,.T.);
#7659=EDGE_LOOP('2692',(#7655,#7656,#7657,#7658));
#7660=FACE_OUTER_BOUND('2692',#7659,.F.);
#7662=CARTESIAN_POINT('',(2.565E1,2.751596519116E1,-2.5E0));
#7663=DIRECTION('',(-1.E0,0.E0,0.E0));
#7664=DIRECTION('',(0.E0,0.E0,1.E0));
#7665=AXIS2_PLACEMENT_3D('',#7662,#7663,#7664);
#7666=PLANE('2800',#7665);
#7668=ORIENTED_EDGE('2153',*,*,#7667,.F.);
#7669=ORIENTED_EDGE('2325',*,*,#7468,.T.);
#7670=ORIENTED_EDGE('2159',*,*,#6506,.F.);
#7671=EDGE_LOOP('2800',(#7668,#7669,#7670));
#7672=FACE_OUTER_BOUND('2800',#7671,.F.);
#7674=CARTESIAN_POINT('',(2.665E1,2.751596519116E1,-2.5E0));
#7675=DIRECTION('',(0.E0,-1.E0,0.E0));
#7676=DIRECTION('',(0.E0,0.E0,-1.E0));
#7677=AXIS2_PLACEMENT_3D('',#7674,#7675,#7676);
#7678=PLANE('2830',#7677);
#7679=ORIENTED_EDGE('2259',*,*,#6548,.T.);
#7681=ORIENTED_EDGE('2240',*,*,#7680,.F.);
#7682=ORIENTED_EDGE('2188',*,*,#7470,.T.);
#7683=ORIENTED_EDGE('2153',*,*,#7667,.T.);
#7684=ORIENTED_EDGE('2299',*,*,#6504,.T.);
#7685=ORIENTED_EDGE('2473',*,*,#6530,.T.);
#7686=EDGE_LOOP('2830',(#7679,#7681,#7682,#7683,#7684,#7685));
#7687=FACE_OUTER_BOUND('2830',#7686,.F.);
#7689=CARTESIAN_POINT('',(2.665E1,2.456596519116E1,-2.5E0));
#7690=DIRECTION('',(-1.E0,0.E0,0.E0));
#7691=DIRECTION('',(0.E0,0.E0,1.E0));
#7692=AXIS2_PLACEMENT_3D('',#7689,#7690,#7691);
#7693=PLANE('2673',#7692);
#7695=ORIENTED_EDGE('2303',*,*,#7694,.T.);
#7696=ORIENTED_EDGE('2424',*,*,#6064,.T.);
#7698=ORIENTED_EDGE('2341',*,*,#7697,.F.);
#7699=ORIENTED_EDGE('2378',*,*,#7472,.T.);
#7700=ORIENTED_EDGE('2240',*,*,#7680,.T.);
#7701=ORIENTED_EDGE('2569',*,*,#6546,.F.);
#7702=EDGE_LOOP('2673',(#7695,#7696,#7698,#7699,#7700,#7701));
#7703=FACE_OUTER_BOUND('2673',#7702,.F.);
#7705=CARTESIAN_POINT('',(2.665E1,2.751596519116E1,-2.5E0));
#7706=DIRECTION('',(0.E0,-1.E0,0.E0));
#7707=DIRECTION('',(0.E0,0.E0,-1.E0));
#7708=AXIS2_PLACEMENT_3D('',#7705,#7706,#7707);
#7709=PLANE('2852',#7708);
#7710=ORIENTED_EDGE('2103',*,*,#6577,.T.);
#7711=ORIENTED_EDGE('2419',*,*,#6605,.T.);
#7712=ORIENTED_EDGE('2288',*,*,#6066,.T.);
#7713=ORIENTED_EDGE('2303',*,*,#7694,.F.);
#7714=ORIENTED_EDGE('2077',*,*,#6544,.T.);
#7715=ORIENTED_EDGE('2393',*,*,#6562,.T.);
#7716=EDGE_LOOP('2852',(#7710,#7711,#7712,#7713,#7714,#7715));
#7717=FACE_OUTER_BOUND('2852',#7716,.F.);
#7719=CARTESIAN_POINT('',(3.315E1,2.456596519116E1,-2.5E0));
#7720=DIRECTION('',(0.E0,-1.E0,0.E0));
#7721=DIRECTION('',(1.E0,0.E0,0.E0));
#7722=AXIS2_PLACEMENT_3D('',#7719,#7720,#7721);
#7723=PLANE('2675',#7722);
#7724=ORIENTED_EDGE('2311',*,*,#6062,.T.);
#7725=ORIENTED_EDGE('2448',*,*,#7389,.F.);
#7726=ORIENTED_EDGE('2209',*,*,#7474,.T.);
#7727=ORIENTED_EDGE('2341',*,*,#7697,.T.);
#7728=EDGE_LOOP('2675',(#7724,#7725,#7726,#7727));
#7729=FACE_OUTER_BOUND('2675',#7728,.F.);
#7731=CARTESIAN_POINT('',(3.175E1,2.781596519116E1,1.77E1));
#7732=DIRECTION('',(0.E0,0.E0,-1.E0));
#7733=DIRECTION('',(-1.E0,0.E0,0.E0));
#7734=AXIS2_PLACEMENT_3D('',#7731,#7732,#7733);
#7735=CONICAL_SURFACE('2688',#7734,1.050000000873E0,4.5E1);
#7737=ORIENTED_EDGE('2199',*,*,#7736,.F.);
#7739=ORIENTED_EDGE('2540',*,*,#7738,.F.);
#7740=ORIENTED_EDGE('2585',*,*,#7479,.T.);
#7742=ORIENTED_EDGE('2083',*,*,#7741,.T.);
#7743=EDGE_LOOP('2688',(#7737,#7739,#7740,#7742));
#7744=FACE_OUTER_BOUND('2688',#7743,.F.);
#7746=CARTESIAN_POINT('',(3.175E1,2.781596519116E1,2.15E1));
#7747=DIRECTION('',(0.E0,0.E0,-1.E0));
#7748=DIRECTION('',(-1.E0,0.E0,0.E0));
#7749=AXIS2_PLACEMENT_3D('',#7746,#7747,#7748);
#7750=CYLINDRICAL_SURFACE('2801',#7749,8.500000008727E-1);
#7752=ORIENTED_EDGE('2579',*,*,#7751,.T.);
#7754=ORIENTED_EDGE('2420',*,*,#7753,.F.);
#7755=ORIENTED_EDGE('2199',*,*,#7736,.T.);
#7757=ORIENTED_EDGE('2553',*,*,#7756,.T.);
#7758=EDGE_LOOP('2801',(#7752,#7754,#7755,#7757));
#7759=FACE_OUTER_BOUND('2801',#7758,.F.);
#7761=CARTESIAN_POINT('',(3.175E1,2.781596519116E1,2.15E1));
#7762=DIRECTION('',(0.E0,0.E0,-1.E0));
#7763=DIRECTION('',(-1.E0,0.E0,0.E0));
#7764=AXIS2_PLACEMENT_3D('',#7761,#7762,#7763);
#7765=PLANE('2717',#7764);
#7767=ORIENTED_EDGE('2587',*,*,#7766,.F.);
#7768=ORIENTED_EDGE('2579',*,*,#7751,.F.);
#7769=EDGE_LOOP('2717',(#7767,#7768));
#7770=FACE_OUTER_BOUND('2717',#7769,.F.);
#7772=CARTESIAN_POINT('',(3.175E1,2.781596519116E1,2.15E1));
#7773=DIRECTION('',(0.E0,0.E0,-1.E0));
#7774=DIRECTION('',(-1.E0,0.E0,0.E0));
#7775=AXIS2_PLACEMENT_3D('',#7772,#7773,#7774);
#7776=CYLINDRICAL_SURFACE('2816',#7775,8.500000008727E-1);
#7777=ORIENTED_EDGE('2553',*,*,#7756,.F.);
#7779=ORIENTED_EDGE('2261',*,*,#7778,.T.);
#7780=ORIENTED_EDGE('2420',*,*,#7753,.T.);
#7781=ORIENTED_EDGE('2587',*,*,#7766,.T.);
#7782=EDGE_LOOP('2816',(#7777,#7779,#7780,#7781));
#7783=FACE_OUTER_BOUND('2816',#7782,.F.);
#7785=CARTESIAN_POINT('',(3.175E1,2.781596519116E1,1.77E1));
#7786=DIRECTION('',(0.E0,0.E0,-1.E0));
#7787=DIRECTION('',(-1.E0,0.E0,0.E0));
#7788=AXIS2_PLACEMENT_3D('',#7785,#7786,#7787);
#7789=CONICAL_SURFACE('2809',#7788,1.050000000873E0,4.5E1);
#7790=ORIENTED_EDGE('2083',*,*,#7741,.F.);
#7791=ORIENTED_EDGE('2226',*,*,#7481,.T.);
#7792=ORIENTED_EDGE('2540',*,*,#7738,.T.);
#7793=ORIENTED_EDGE('2261',*,*,#7778,.F.);
#7794=EDGE_LOOP('2809',(#7790,#7791,#7792,#7793));
#7795=FACE_OUTER_BOUND('2809',#7794,.F.);
#7797=CARTESIAN_POINT('',(3.175E1,3.431596519116E1,1.77E1));
#7798=DIRECTION('',(0.E0,0.E0,-1.E0));
#7799=DIRECTION('',(-1.E0,0.E0,0.E0));
#7800=AXIS2_PLACEMENT_3D('',#7797,#7798,#7799);
#7801=CONICAL_SURFACE('2724',#7800,1.050000000873E0,4.5E1);
#7803=ORIENTED_EDGE('2317',*,*,#7802,.F.);
#7805=ORIENTED_EDGE('2177',*,*,#7804,.F.);
#7806=ORIENTED_EDGE('2309',*,*,#7485,.T.);
#7808=ORIENTED_EDGE('2507',*,*,#7807,.T.);
#7809=EDGE_LOOP('2724',(#7803,#7805,#7806,#7808));
#7810=FACE_OUTER_BOUND('2724',#7809,.F.);
#7812=CARTESIAN_POINT('',(3.175E1,3.431596519116E1,2.15E1));
#7813=DIRECTION('',(0.E0,0.E0,-1.E0));
#7814=DIRECTION('',(-1.E0,0.E0,0.E0));
#7815=AXIS2_PLACEMENT_3D('',#7812,#7813,#7814);
#7816=CYLINDRICAL_SURFACE('2817',#7815,8.500000008727E-1);
#7818=ORIENTED_EDGE('2562',*,*,#7817,.T.);
#7820=ORIENTED_EDGE('2094',*,*,#7819,.F.);
#7821=ORIENTED_EDGE('2317',*,*,#7802,.T.);
#7823=ORIENTED_EDGE('2576',*,*,#7822,.T.);
#7824=EDGE_LOOP('2817',(#7818,#7820,#7821,#7823));
#7825=FACE_OUTER_BOUND('2817',#7824,.F.);
#7827=CARTESIAN_POINT('',(3.175E1,3.431596519116E1,2.15E1));
#7828=DIRECTION('',(0.E0,0.E0,-1.E0));
#7829=DIRECTION('',(-1.E0,0.E0,0.E0));
#7830=AXIS2_PLACEMENT_3D('',#7827,#7828,#7829);
#7831=PLANE('2690',#7830);
#7833=ORIENTED_EDGE('2272',*,*,#7832,.F.);
#7834=ORIENTED_EDGE('2562',*,*,#7817,.F.);
#7835=EDGE_LOOP('2690',(#7833,#7834));
#7836=FACE_OUTER_BOUND('2690',#7835,.F.);
#7838=CARTESIAN_POINT('',(3.175E1,3.431596519116E1,2.15E1));
#7839=DIRECTION('',(0.E0,0.E0,-1.E0));
#7840=DIRECTION('',(-1.E0,0.E0,0.E0));
#7841=AXIS2_PLACEMENT_3D('',#7838,#7839,#7840);
#7842=CYLINDRICAL_SURFACE('2686',#7841,8.500000008727E-1);
#7843=ORIENTED_EDGE('2576',*,*,#7822,.F.);
#7845=ORIENTED_EDGE('2174',*,*,#7844,.T.);
#7846=ORIENTED_EDGE('2094',*,*,#7819,.T.);
#7847=ORIENTED_EDGE('2272',*,*,#7832,.T.);
#7848=EDGE_LOOP('2686',(#7843,#7845,#7846,#7847));
#7849=FACE_OUTER_BOUND('2686',#7848,.F.);
#7851=CARTESIAN_POINT('',(3.175E1,3.431596519116E1,1.77E1));
#7852=DIRECTION('',(0.E0,0.E0,-1.E0));
#7853=DIRECTION('',(-1.E0,0.E0,0.E0));
#7854=AXIS2_PLACEMENT_3D('',#7851,#7852,#7853);
#7855=CONICAL_SURFACE('2681',#7854,1.050000000873E0,4.5E1);
#7856=ORIENTED_EDGE('2507',*,*,#7807,.F.);
#7857=ORIENTED_EDGE('2635',*,*,#7487,.T.);
#7858=ORIENTED_EDGE('2177',*,*,#7804,.T.);
#7859=ORIENTED_EDGE('2174',*,*,#7844,.F.);
#7860=EDGE_LOOP('2681',(#7856,#7857,#7858,#7859));
#7861=FACE_OUTER_BOUND('2681',#7860,.F.);
#7863=CARTESIAN_POINT('',(3.515E1,2.466596519116E1,1.35E1));
#7864=DIRECTION('',(0.E0,-1.E0,0.E0));
#7865=DIRECTION('',(0.E0,0.E0,-1.E0));
#7866=AXIS2_PLACEMENT_3D('',#7863,#7864,#7865);
#7867=TOROIDAL_SURFACE('2787',#7866,2.2E0,3.E-1);
#7869=ORIENTED_EDGE('2470',*,*,#7868,.F.);
#7871=ORIENTED_EDGE('2346',*,*,#7870,.F.);
#7872=ORIENTED_EDGE('2111',*,*,#7373,.T.);
#7873=ORIENTED_EDGE('2574',*,*,#7428,.F.);
#7874=ORIENTED_EDGE('2614',*,*,#7412,.T.);
#7876=ORIENTED_EDGE('2613',*,*,#7875,.T.);
#7877=EDGE_LOOP('2787',(#7869,#7871,#7872,#7873,#7874,#7876));
#7878=FACE_OUTER_BOUND('2787',#7877,.F.);
#7880=CARTESIAN_POINT('',(3.515E1,2.996596519116E1,1.35E1));
#7881=DIRECTION('',(0.E0,-1.E0,0.E0));
#7882=DIRECTION('',(0.E0,0.E0,-1.E0));
#7883=AXIS2_PLACEMENT_3D('',#7880,#7881,#7882);
#7884=CYLINDRICAL_SURFACE('2698',#7883,1.9E0);
#7886=ORIENTED_EDGE('2625',*,*,#7885,.F.);
#7888=ORIENTED_EDGE('2398',*,*,#7887,.T.);
#7890=ORIENTED_EDGE('2554',*,*,#7889,.T.);
#7892=ORIENTED_EDGE('2193',*,*,#7891,.T.);
#7893=ORIENTED_EDGE('2470',*,*,#7868,.T.);
#7894=EDGE_LOOP('2698',(#7886,#7888,#7890,#7892,#7893));
#7895=FACE_OUTER_BOUND('2698',#7894,.F.);
#7897=CARTESIAN_POINT('',(3.515E1,2.996596519116E1,1.35E1));
#7898=DIRECTION('',(0.E0,-1.E0,0.E0));
#7899=DIRECTION('',(0.E0,0.E0,-1.E0));
#7900=AXIS2_PLACEMENT_3D('',#7897,#7898,#7899);
#7901=CYLINDRICAL_SURFACE('2855',#7900,1.9E0);
#7903=ORIENTED_EDGE('2611',*,*,#7902,.T.);
#7905=ORIENTED_EDGE('2192',*,*,#7904,.T.);
#7906=ORIENTED_EDGE('2193',*,*,#7891,.F.);
#7908=ORIENTED_EDGE('2549',*,*,#7907,.T.);
#7910=ORIENTED_EDGE('2509',*,*,#7909,.T.);
#7911=ORIENTED_EDGE('2625',*,*,#7885,.T.);
#7912=EDGE_LOOP('2855',(#7903,#7905,#7906,#7908,#7910,#7911));
#7913=FACE_OUTER_BOUND('2855',#7912,.F.);
#7915=CARTESIAN_POINT('',(3.515E1,2.466596519116E1,1.35E1));
#7916=DIRECTION('',(0.E0,-1.E0,0.E0));
#7917=DIRECTION('',(0.E0,0.E0,-1.E0));
#7918=AXIS2_PLACEMENT_3D('',#7915,#7916,#7917);
#7919=TOROIDAL_SURFACE('2822',#7918,2.2E0,3.E-1);
#7920=ORIENTED_EDGE('2613',*,*,#7875,.F.);
#7921=ORIENTED_EDGE('2396',*,*,#7410,.T.);
#7922=ORIENTED_EDGE('2106',*,*,#7395,.F.);
#7923=ORIENTED_EDGE('2611',*,*,#7902,.F.);
#7924=EDGE_LOOP('2822',(#7920,#7921,#7922,#7923));
#7925=FACE_OUTER_BOUND('2822',#7924,.F.);
#7927=CARTESIAN_POINT('',(3.515E1,2.466596519116E1,1.35E1));
#7928=DIRECTION('',(0.E0,-1.E0,0.E0));
#7929=DIRECTION('',(0.E0,0.E0,-1.E0));
#7930=AXIS2_PLACEMENT_3D('',#7927,#7928,#7929);
#7931=TOROIDAL_SURFACE('2807',#7930,2.2E0,3.E-1);
#7932=ORIENTED_EDGE('2192',*,*,#7904,.F.);
#7933=ORIENTED_EDGE('2667',*,*,#7393,.F.);
#7934=ORIENTED_EDGE('2566',*,*,#7375,.T.);
#7935=ORIENTED_EDGE('2346',*,*,#7870,.T.);
#7936=EDGE_LOOP('2807',(#7932,#7933,#7934,#7935));
#7937=FACE_OUTER_BOUND('2807',#7936,.F.);
#7939=CARTESIAN_POINT('',(2.015E1,1.957874353688E1,1.35E1));
#7940=DIRECTION('',(0.E0,0.E0,-1.E0));
#7941=DIRECTION('',(-1.E0,0.E0,0.E0));
#7942=AXIS2_PLACEMENT_3D('',#7939,#7940,#7941);
#7943=TOROIDAL_SURFACE('2881',#7942,1.5E1,1.9E0);
#7945=ORIENTED_EDGE('2241',*,*,#7944,.F.);
#7947=ORIENTED_EDGE('2197',*,*,#7946,.F.);
#7949=ORIENTED_EDGE('2228',*,*,#7948,.T.);
#7950=ORIENTED_EDGE('2549',*,*,#7907,.F.);
#7951=ORIENTED_EDGE('2554',*,*,#7889,.F.);
#7952=EDGE_LOOP('2881',(#7945,#7947,#7949,#7950,#7951));
#7953=FACE_OUTER_BOUND('2881',#7952,.F.);
#7955=CARTESIAN_POINT('',(2.015E1,1.957874353688E1,1.35E1));
#7956=DIRECTION('',(0.E0,0.E0,-1.E0));
#7957=DIRECTION('',(-1.E0,0.E0,0.E0));
#7958=AXIS2_PLACEMENT_3D('',#7955,#7956,#7957);
#7959=TOROIDAL_SURFACE('2740',#7958,1.5E1,1.9E0);
#7960=ORIENTED_EDGE('2398',*,*,#7887,.F.);
#7961=ORIENTED_EDGE('2509',*,*,#7909,.F.);
#7962=ORIENTED_EDGE('2228',*,*,#7948,.F.);
#7964=ORIENTED_EDGE('2421',*,*,#7963,.F.);
#7965=ORIENTED_EDGE('2241',*,*,#7944,.T.);
#7966=EDGE_LOOP('2740',(#7960,#7961,#7962,#7964,#7965));
#7967=FACE_OUTER_BOUND('2740',#7966,.F.);
#7969=CARTESIAN_POINT('',(3.376777524996E1,1.328937176844E1,1.35E1));
#7970=DIRECTION('',(-4.192914512293E-1,-9.078516833305E-1,0.E0));
#7971=DIRECTION('',(9.078516833305E-1,-4.192914512293E-1,0.E0));
#7972=AXIS2_PLACEMENT_3D('',#7969,#7970,#7971);
#7973=CYLINDRICAL_SURFACE('2679',#7972,1.9E0);
#7975=ORIENTED_EDGE('2115',*,*,#7974,.F.);
#7977=ORIENTED_EDGE('2101',*,*,#7976,.T.);
#7979=ORIENTED_EDGE('2610',*,*,#7978,.T.);
#7980=ORIENTED_EDGE('2421',*,*,#7963,.T.);
#7981=EDGE_LOOP('2679',(#7975,#7977,#7979,#7980));
#7982=FACE_OUTER_BOUND('2679',#7981,.F.);
#7984=CARTESIAN_POINT('',(3.376777524996E1,1.328937176844E1,1.35E1));
#7985=DIRECTION('',(-4.192914512293E-1,-9.078516833305E-1,0.E0));
#7986=DIRECTION('',(9.078516833305E-1,-4.192914512293E-1,0.E0));
#7987=AXIS2_PLACEMENT_3D('',#7984,#7985,#7986);
#7988=CYLINDRICAL_SURFACE('2885',#7987,1.9E0);
#7989=ORIENTED_EDGE('2197',*,*,#7946,.T.);
#7990=ORIENTED_EDGE('2610',*,*,#7978,.F.);
#7992=ORIENTED_EDGE('2314',*,*,#7991,.T.);
#7993=ORIENTED_EDGE('2115',*,*,#7974,.T.);
#7994=EDGE_LOOP('2885',(#7989,#7990,#7992,#7993));
#7995=FACE_OUTER_BOUND('2885',#7994,.F.);
#7997=CARTESIAN_POINT('',(4.6E1,4.E0,1.35E1));
#7998=DIRECTION('',(0.E0,0.E0,1.E0));
#7999=DIRECTION('',(1.E0,0.E0,0.E0));
#8000=AXIS2_PLACEMENT_3D('',#7997,#7998,#7999);
#8001=TOROIDAL_SURFACE('2794',#8000,1.5E1,1.9E0);
#8002=ORIENTED_EDGE('2314',*,*,#7991,.F.);
#8004=ORIENTED_EDGE('2181',*,*,#8003,.F.);
#8006=ORIENTED_EDGE('2138',*,*,#8005,.F.);
#8008=ORIENTED_EDGE('2561',*,*,#8007,.F.);
#8010=ORIENTED_EDGE('2333',*,*,#8009,.T.);
#8011=EDGE_LOOP('2794',(#8002,#8004,#8006,#8008,#8010));
#8012=FACE_OUTER_BOUND('2794',#8011,.F.);
#8014=CARTESIAN_POINT('',(4.6E1,4.E0,1.35E1));
#8015=DIRECTION('',(0.E0,0.E0,1.E0));
#8016=DIRECTION('',(1.E0,0.E0,0.E0));
#8017=AXIS2_PLACEMENT_3D('',#8014,#8015,#8016);
#8018=TOROIDAL_SURFACE('2773',#8017,1.5E1,1.9E0);
#8019=ORIENTED_EDGE('2333',*,*,#8009,.F.);
#8021=ORIENTED_EDGE('2230',*,*,#8020,.F.);
#8023=ORIENTED_EDGE('2254',*,*,#8022,.F.);
#8024=ORIENTED_EDGE('2181',*,*,#8003,.T.);
#8025=ORIENTED_EDGE('2101',*,*,#7976,.F.);
#8026=EDGE_LOOP('2773',(#8019,#8021,#8023,#8024,#8025));
#8027=FACE_OUTER_BOUND('2773',#8026,.F.);
#8029=CARTESIAN_POINT('',(3.1E1,4.E0,1.35E1));
#8030=DIRECTION('',(0.E0,-1.E0,0.E0));
#8031=DIRECTION('',(0.E0,0.E0,-1.E0));
#8032=AXIS2_PLACEMENT_3D('',#8029,#8030,#8031);
#8033=CYLINDRICAL_SURFACE('2844',#8032,1.9E0);
#8034=ORIENTED_EDGE('2561',*,*,#8007,.T.);
#8036=ORIENTED_EDGE('2301',*,*,#8035,.F.);
#8038=ORIENTED_EDGE('2665',*,*,#8037,.T.);
#8040=ORIENTED_EDGE('2063',*,*,#8039,.T.);
#8041=ORIENTED_EDGE('2230',*,*,#8020,.T.);
#8042=EDGE_LOOP('2844',(#8034,#8036,#8038,#8040,#8041));
#8043=FACE_OUTER_BOUND('2844',#8042,.F.);
#8045=CARTESIAN_POINT('',(3.1E1,4.E0,1.35E1));
#8046=DIRECTION('',(0.E0,-1.E0,0.E0));
#8047=DIRECTION('',(0.E0,0.E0,-1.E0));
#8048=AXIS2_PLACEMENT_3D('',#8045,#8046,#8047);
#8049=CYLINDRICAL_SURFACE('2851',#8048,1.9E0);
#8050=ORIENTED_EDGE('2063',*,*,#8039,.F.);
#8052=ORIENTED_EDGE('2651',*,*,#8051,.T.);
#8053=ORIENTED_EDGE('2301',*,*,#8035,.T.);
#8054=ORIENTED_EDGE('2138',*,*,#8005,.T.);
#8055=ORIENTED_EDGE('2254',*,*,#8022,.T.);
#8056=EDGE_LOOP('2851',(#8050,#8052,#8053,#8054,#8055));
#8057=FACE_OUTER_BOUND('2851',#8056,.F.);
#8059=CARTESIAN_POINT('',(3.1E1,3.E-1,1.35E1));
#8060=DIRECTION('',(0.E0,1.E0,0.E0));
#8061=DIRECTION('',(0.E0,0.E0,1.E0));
#8062=AXIS2_PLACEMENT_3D('',#8059,#8060,#8061);
#8063=TOROIDAL_SURFACE('2734',#8062,2.2E0,3.E-1);
#8064=ORIENTED_EDGE('2651',*,*,#8051,.F.);
#8066=ORIENTED_EDGE('2304',*,*,#8065,.F.);
#8068=ORIENTED_EDGE('2084',*,*,#8067,.T.);
#8070=ORIENTED_EDGE('2401',*,*,#8069,.T.);
#8071=EDGE_LOOP('2734',(#8064,#8066,#8068,#8070));
#8072=FACE_OUTER_BOUND('2734',#8071,.F.);
#8074=CARTESIAN_POINT('',(3.1E1,3.E-1,1.35E1));
#8075=DIRECTION('',(0.E0,1.E0,0.E0));
#8076=DIRECTION('',(0.E0,0.E0,1.E0));
#8077=AXIS2_PLACEMENT_3D('',#8074,#8075,#8076);
#8078=TOROIDAL_SURFACE('2741',#8077,2.2E0,3.E-1);
#8079=ORIENTED_EDGE('2401',*,*,#8069,.F.);
#8081=ORIENTED_EDGE('2619',*,*,#8080,.T.);
#8082=ORIENTED_EDGE('2304',*,*,#8065,.T.);
#8083=ORIENTED_EDGE('2665',*,*,#8037,.F.);
#8084=EDGE_LOOP('2741',(#8079,#8081,#8082,#8083));
#8085=FACE_OUTER_BOUND('2741',#8084,.F.);
#8087=CARTESIAN_POINT('',(0.E0,0.E0,2.27E1));
#8088=DIRECTION('',(0.E0,1.E0,0.E0));
#8089=DIRECTION('',(0.E0,0.E0,1.E0));
#8090=AXIS2_PLACEMENT_3D('',#8087,#8088,#8089);
#8091=PLANE('2782',#8090);
#8093=ORIENTED_EDGE('2639',*,*,#8092,.T.);
#8095=ORIENTED_EDGE('2650',*,*,#8094,.T.);
#8097=ORIENTED_EDGE('2275',*,*,#8096,.T.);
#8098=ORIENTED_EDGE('2430',*,*,#6115,.T.);
#8100=ORIENTED_EDGE('2425',*,*,#8099,.T.);
#8101=ORIENTED_EDGE('2521',*,*,#7045,.T.);
#8102=EDGE_LOOP('2782',(#8093,#8095,#8097,#8098,#8100,#8101));
#8103=FACE_OUTER_BOUND('2782',#8102,.F.);
#8104=ORIENTED_EDGE('2084',*,*,#8067,.F.);
#8105=ORIENTED_EDGE('2619',*,*,#8080,.F.);
#8106=EDGE_LOOP('2782',(#8104,#8105));
#8107=FACE_BOUND('2782',#8106,.F.);
#8108=ORIENTED_EDGE('2080',*,*,#5549,.F.);
#8109=ORIENTED_EDGE('2067',*,*,#5566,.F.);
#8110=EDGE_LOOP('2782',(#8108,#8109));
#8111=FACE_BOUND('2782',#8110,.F.);
#8113=CARTESIAN_POINT('',(3.7E1,5.E0,2.27E1));
#8114=DIRECTION('',(0.E0,0.E0,-1.E0));
#8115=DIRECTION('',(-1.E0,0.E0,0.E0));
#8116=AXIS2_PLACEMENT_3D('',#8113,#8114,#8115);
#8117=CYLINDRICAL_SURFACE('2716',#8116,5.E0);
#8118=ORIENTED_EDGE('2274',*,*,#7324,.F.);
#8120=ORIENTED_EDGE('2203',*,*,#8119,.T.);
#8121=ORIENTED_EDGE('2639',*,*,#8092,.F.);
#8123=ORIENTED_EDGE('2366',*,*,#8122,.T.);
#8124=EDGE_LOOP('2716',(#8118,#8120,#8121,#8123));
#8125=FACE_OUTER_BOUND('2716',#8124,.F.);
#8127=CARTESIAN_POINT('',(0.E0,0.E0,0.E0));
#8128=DIRECTION('',(0.E0,0.E0,-1.E0));
#8129=DIRECTION('',(-1.E0,0.E0,0.E0));
#8130=AXIS2_PLACEMENT_3D('',#8127,#8128,#8129);
#8131=PLANE('2865',#8130);
#8133=ORIENTED_EDGE('2168',*,*,#8132,.F.);
#8135=ORIENTED_EDGE('2124',*,*,#8134,.F.);
#8136=ORIENTED_EDGE('2650',*,*,#8094,.F.);
#8137=ORIENTED_EDGE('2203',*,*,#8119,.F.);
#8138=ORIENTED_EDGE('2130',*,*,#7322,.F.);
#8139=ORIENTED_EDGE('2100',*,*,#7343,.F.);
#8141=ORIENTED_EDGE('2476',*,*,#8140,.F.);
#8143=ORIENTED_EDGE('2204',*,*,#8142,.F.);
#8145=ORIENTED_EDGE('2475',*,*,#8144,.F.);
#8147=ORIENTED_EDGE('2210',*,*,#8146,.F.);
#8148=EDGE_LOOP('2865',(#8133,#8135,#8136,#8137,#8138,#8139,#8141,#8143,#8145,
#8147));
#8149=FACE_OUTER_BOUND('2865',#8148,.F.);
#8151=ORIENTED_EDGE('2260',*,*,#8150,.F.);
#8153=ORIENTED_EDGE('2158',*,*,#8152,.T.);
#8155=ORIENTED_EDGE('2490',*,*,#8154,.F.);
#8157=ORIENTED_EDGE('2489',*,*,#8156,.F.);
#8159=ORIENTED_EDGE('2294',*,*,#8158,.T.);
#8161=ORIENTED_EDGE('2484',*,*,#8160,.F.);
#8162=EDGE_LOOP('2865',(#8151,#8153,#8155,#8157,#8159,#8161));
#8163=FACE_BOUND('2865',#8162,.F.);
#8165=ORIENTED_EDGE('2449',*,*,#8164,.F.);
#8167=ORIENTED_EDGE('2146',*,*,#8166,.F.);
#8168=EDGE_LOOP('2865',(#8165,#8167));
#8169=FACE_BOUND('2865',#8168,.F.);
#8171=CARTESIAN_POINT('',(1.526516850249E1,9.999999999994E-1,7.461620360599E1));
#8172=DIRECTION('',(0.E0,0.E0,-1.E0));
#8173=DIRECTION('',(-1.E0,0.E0,0.E0));
#8174=AXIS2_PLACEMENT_3D('',#8171,#8172,#8173);
#8175=CYLINDRICAL_SURFACE('2738',#8174,9.999999999994E-1);
#8177=ORIENTED_EDGE('2305',*,*,#8176,.F.);
#8178=ORIENTED_EDGE('2168',*,*,#8132,.T.);
#8180=ORIENTED_EDGE('2491',*,*,#8179,.F.);
#8181=ORIENTED_EDGE('2658',*,*,#6119,.T.);
#8182=EDGE_LOOP('2738',(#8177,#8178,#8180,#8181));
#8183=FACE_OUTER_BOUND('2738',#8182,.F.);
#8185=CARTESIAN_POINT('',(1.526516850249E1,9.999999999994E-1,7.461620360599E1));
#8186=DIRECTION('',(0.E0,0.E0,-1.E0));
#8187=DIRECTION('',(-1.E0,0.E0,0.E0));
#8188=AXIS2_PLACEMENT_3D('',#8185,#8186,#8187);
#8189=CYLINDRICAL_SURFACE('2864',#8188,9.999999999994E-1);
#8190=ORIENTED_EDGE('2306',*,*,#6117,.T.);
#8191=ORIENTED_EDGE('2275',*,*,#8096,.F.);
#8192=ORIENTED_EDGE('2124',*,*,#8134,.T.);
#8193=ORIENTED_EDGE('2305',*,*,#8176,.T.);
#8194=EDGE_LOOP('2864',(#8190,#8191,#8192,#8193));
#8195=FACE_OUTER_BOUND('2864',#8194,.F.);
#8197=CARTESIAN_POINT('',(1.445775174965E1,1.589981514319E0,7.461620360599E1));
#8198=DIRECTION('',(8.074167528363E-1,-5.899815143200E-1,0.E0));
#8199=DIRECTION('',(5.899815143200E-1,8.074167528363E-1,0.E0));
#8200=AXIS2_PLACEMENT_3D('',#8197,#8198,#8199);
#8201=PLANE('2783',#8200);
#8202=ORIENTED_EDGE('2256',*,*,#6121,.T.);
#8203=ORIENTED_EDGE('2491',*,*,#8179,.T.);
#8204=ORIENTED_EDGE('2210',*,*,#8146,.T.);
#8206=ORIENTED_EDGE('2524',*,*,#8205,.T.);
#8207=EDGE_LOOP('2783',(#8202,#8203,#8204,#8206));
#8208=FACE_OUTER_BOUND('2783',#8207,.F.);
#8210=CARTESIAN_POINT('',(1.170000000319E1,6.205965191159E0,7.461620360599E1));
#8211=DIRECTION('',(0.E0,0.E0,-1.E0));
#8212=DIRECTION('',(-1.E0,0.E0,0.E0));
#8213=AXIS2_PLACEMENT_3D('',#8210,#8211,#8212);
#8214=CYLINDRICAL_SURFACE('2699',#8213,4.95E0);
#8215=ORIENTED_EDGE('2196',*,*,#6123,.T.);
#8216=ORIENTED_EDGE('2524',*,*,#8205,.F.);
#8217=ORIENTED_EDGE('2475',*,*,#8144,.T.);
#8219=ORIENTED_EDGE('2649',*,*,#8218,.T.);
#8220=EDGE_LOOP('2699',(#8215,#8216,#8217,#8219));
#8221=FACE_OUTER_BOUND('2699',#8220,.F.);
#8223=CARTESIAN_POINT('',(2.064333416932E1,5.860604520541E0,7.461620360599E1));
#8224=DIRECTION('',(0.E0,0.E0,-1.E0));
#8225=DIRECTION('',(-1.E0,0.E0,0.E0));
#8226=AXIS2_PLACEMENT_3D('',#8223,#8224,#8225);
#8227=CYLINDRICAL_SURFACE('2835',#8226,4.E0);
#8228=ORIENTED_EDGE('2204',*,*,#8142,.T.);
#8230=ORIENTED_EDGE('2584',*,*,#8229,.F.);
#8231=ORIENTED_EDGE('2511',*,*,#6050,.T.);
#8232=ORIENTED_EDGE('2662',*,*,#6091,.T.);
#8233=ORIENTED_EDGE('2606',*,*,#6125,.T.);
#8234=ORIENTED_EDGE('2649',*,*,#8218,.F.);
#8235=EDGE_LOOP('2835',(#8228,#8230,#8231,#8232,#8233,#8234));
#8236=FACE_OUTER_BOUND('2835',#8235,.F.);
#8238=CARTESIAN_POINT('',(2.535000000318E1,1.756596519116E1,1.4E0));
#8239=DIRECTION('',(0.E0,0.E0,-1.E0));
#8240=DIRECTION('',(-1.E0,0.E0,0.E0));
#8241=AXIS2_PLACEMENT_3D('',#8238,#8239,#8240);
#8242=CYLINDRICAL_SURFACE('2883',#8241,1.375000000392E1);
#8243=ORIENTED_EDGE('2476',*,*,#8140,.T.);
#8244=ORIENTED_EDGE('2570',*,*,#7341,.F.);
#8245=ORIENTED_EDGE('2600',*,*,#6052,.T.);
#8246=ORIENTED_EDGE('2584',*,*,#8229,.T.);
#8247=EDGE_LOOP('2883',(#8243,#8244,#8245,#8246));
#8248=FACE_OUTER_BOUND('2883',#8247,.F.);
#8250=CARTESIAN_POINT('',(2.135000000318E1,1.907982593621E0,2.E-1));
#8251=DIRECTION('',(0.E0,0.E0,-1.E0));
#8252=DIRECTION('',(-1.E0,0.E0,0.E0));
#8253=AXIS2_PLACEMENT_3D('',#8250,#8251,#8252);
#8254=CONICAL_SURFACE('2750',#8253,1.05E0,4.5E1);
#8256=ORIENTED_EDGE('2474',*,*,#8255,.F.);
#8258=ORIENTED_EDGE('2392',*,*,#8257,.F.);
#8259=ORIENTED_EDGE('2260',*,*,#8150,.T.);
#8261=ORIENTED_EDGE('2184',*,*,#8260,.T.);
#8262=EDGE_LOOP('2750',(#8256,#8258,#8259,#8261));
#8263=FACE_OUTER_BOUND('2750',#8262,.F.);
#8265=CARTESIAN_POINT('',(2.135000000318E1,1.907982593621E0,3.E0));
#8266=DIRECTION('',(0.E0,0.E0,-1.E0));
#8267=DIRECTION('',(-1.E0,0.E0,0.E0));
#8268=AXIS2_PLACEMENT_3D('',#8265,#8266,#8267);
#8269=CYLINDRICAL_SURFACE('2680',#8268,8.5E-1);
#8271=ORIENTED_EDGE('2575',*,*,#8270,.T.);
#8273=ORIENTED_EDGE('2217',*,*,#8272,.F.);
#8274=ORIENTED_EDGE('2474',*,*,#8255,.T.);
#8276=ORIENTED_EDGE('2402',*,*,#8275,.T.);
#8277=EDGE_LOOP('2680',(#8271,#8273,#8274,#8276));
#8278=FACE_OUTER_BOUND('2680',#8277,.F.);
#8280=CARTESIAN_POINT('',(2.935000000318E1,1.907982593621E0,3.E0));
#8281=DIRECTION('',(0.E0,0.E0,-1.E0));
#8282=DIRECTION('',(-1.E0,0.E0,0.E0));
#8283=AXIS2_PLACEMENT_3D('',#8280,#8281,#8282);
#8284=PLANE('2828',#8283);
#8286=ORIENTED_EDGE('2589',*,*,#8285,.F.);
#8288=ORIENTED_EDGE('2631',*,*,#8287,.T.);
#8289=ORIENTED_EDGE('2575',*,*,#8270,.F.);
#8291=ORIENTED_EDGE('2462',*,*,#8290,.F.);
#8293=ORIENTED_EDGE('2349',*,*,#8292,.T.);
#8295=ORIENTED_EDGE('2590',*,*,#8294,.F.);
#8296=EDGE_LOOP('2828',(#8286,#8288,#8289,#8291,#8293,#8295));
#8297=FACE_OUTER_BOUND('2828',#8296,.F.);
#8299=CARTESIAN_POINT('',(2.935000000318E1,1.907982593621E0,3.E0));
#8300=DIRECTION('',(0.E0,0.E0,-1.E0));
#8301=DIRECTION('',(-1.E0,0.E0,0.E0));
#8302=AXIS2_PLACEMENT_3D('',#8299,#8300,#8301);
#8303=CYLINDRICAL_SURFACE('2850',#8302,8.5E-1);
#8305=ORIENTED_EDGE('2545',*,*,#8304,.F.);
#8306=ORIENTED_EDGE('2589',*,*,#8285,.T.);
#8307=ORIENTED_EDGE('2590',*,*,#8294,.T.);
#8309=ORIENTED_EDGE('2495',*,*,#8308,.F.);
#8311=ORIENTED_EDGE('2098',*,*,#8310,.T.);
#8313=ORIENTED_EDGE('2097',*,*,#8312,.T.);
#8314=EDGE_LOOP('2850',(#8305,#8306,#8307,#8309,#8311,#8313));
#8315=FACE_OUTER_BOUND('2850',#8314,.F.);
#8317=CARTESIAN_POINT('',(2.935000000318E1,2.757982593621E0,3.E0));
#8318=DIRECTION('',(0.E0,1.E0,0.E0));
#8319=DIRECTION('',(-1.E0,0.E0,0.E0));
#8320=AXIS2_PLACEMENT_3D('',#8317,#8318,#8319);
#8321=PLANE('2710',#8320);
#8322=ORIENTED_EDGE('2217',*,*,#8272,.T.);
#8323=ORIENTED_EDGE('2631',*,*,#8287,.F.);
#8324=ORIENTED_EDGE('2545',*,*,#8304,.T.);
#8326=ORIENTED_EDGE('2337',*,*,#8325,.T.);
#8327=EDGE_LOOP('2710',(#8322,#8323,#8324,#8326));
#8328=FACE_OUTER_BOUND('2710',#8327,.F.);
#8330=CARTESIAN_POINT('',(2.935000000318E1,2.757982593621E0,4.E-1));
#8331=DIRECTION('',(0.E0,-7.071067811865E-1,-7.071067811865E-1));
#8332=DIRECTION('',(-1.E0,0.E0,0.E0));
#8333=AXIS2_PLACEMENT_3D('',#8330,#8331,#8332);
#8334=PLANE('2790',#8333);
#8335=ORIENTED_EDGE('2392',*,*,#8257,.T.);
#8336=ORIENTED_EDGE('2337',*,*,#8325,.F.);
#8338=ORIENTED_EDGE('2308',*,*,#8337,.T.);
#8339=ORIENTED_EDGE('2158',*,*,#8152,.F.);
#8340=EDGE_LOOP('2790',(#8335,#8336,#8338,#8339));
#8341=FACE_OUTER_BOUND('2790',#8340,.F.);
#8343=CARTESIAN_POINT('',(2.935000000318E1,1.907982593621E0,2.E-1));
#8344=DIRECTION('',(0.E0,0.E0,-1.E0));
#8345=DIRECTION('',(-1.E0,0.E0,0.E0));
#8346=AXIS2_PLACEMENT_3D('',#8343,#8344,#8345);
#8347=CONICAL_SURFACE('2682',#8346,1.05E0,4.5E1);
#8348=ORIENTED_EDGE('2308',*,*,#8337,.F.);
#8349=ORIENTED_EDGE('2097',*,*,#8312,.F.);
#8350=ORIENTED_EDGE('2098',*,*,#8310,.F.);
#8352=ORIENTED_EDGE('2268',*,*,#8351,.F.);
#8353=ORIENTED_EDGE('2489',*,*,#8156,.T.);
#8354=ORIENTED_EDGE('2490',*,*,#8154,.T.);
#8355=EDGE_LOOP('2682',(#8348,#8349,#8350,#8352,#8353,#8354));
#8356=FACE_OUTER_BOUND('2682',#8355,.F.);
#8358=CARTESIAN_POINT('',(2.935000000318E1,1.057982593621E0,4.E-1));
#8359=DIRECTION('',(0.E0,7.071067811865E-1,-7.071067811865E-1));
#8360=DIRECTION('',(1.E0,0.E0,0.E0));
#8361=AXIS2_PLACEMENT_3D('',#8358,#8359,#8360);
#8362=PLANE('2670',#8361);
#8363=ORIENTED_EDGE('2268',*,*,#8351,.T.);
#8365=ORIENTED_EDGE('2292',*,*,#8364,.F.);
#8367=ORIENTED_EDGE('2166',*,*,#8366,.T.);
#8368=ORIENTED_EDGE('2294',*,*,#8158,.F.);
#8369=EDGE_LOOP('2670',(#8363,#8365,#8367,#8368));
#8370=FACE_OUTER_BOUND('2670',#8369,.F.);
#8372=CARTESIAN_POINT('',(2.935000000318E1,1.057982593621E0,3.E0));
#8373=DIRECTION('',(0.E0,-1.E0,0.E0));
#8374=DIRECTION('',(1.E0,0.E0,0.E0));
#8375=AXIS2_PLACEMENT_3D('',#8372,#8373,#8374);
#8376=PLANE('2735',#8375);
#8377=ORIENTED_EDGE('2495',*,*,#8308,.T.);
#8378=ORIENTED_EDGE('2349',*,*,#8292,.F.);
#8380=ORIENTED_EDGE('2195',*,*,#8379,.T.);
#8381=ORIENTED_EDGE('2292',*,*,#8364,.T.);
#8382=EDGE_LOOP('2735',(#8377,#8378,#8380,#8381));
#8383=FACE_OUTER_BOUND('2735',#8382,.F.);
#8385=CARTESIAN_POINT('',(2.135000000318E1,1.907982593621E0,3.E0));
#8386=DIRECTION('',(0.E0,0.E0,-1.E0));
#8387=DIRECTION('',(-1.E0,0.E0,0.E0));
#8388=AXIS2_PLACEMENT_3D('',#8385,#8386,#8387);
#8389=CYLINDRICAL_SURFACE('2731',#8388,8.5E-1);
#8390=ORIENTED_EDGE('2402',*,*,#8275,.F.);
#8392=ORIENTED_EDGE('2319',*,*,#8391,.T.);
#8393=ORIENTED_EDGE('2195',*,*,#8379,.F.);
#8394=ORIENTED_EDGE('2462',*,*,#8290,.T.);
#8395=EDGE_LOOP('2731',(#8390,#8392,#8393,#8394));
#8396=FACE_OUTER_BOUND('2731',#8395,.F.);
#8398=CARTESIAN_POINT('',(2.135000000318E1,1.907982593621E0,2.E-1));
#8399=DIRECTION('',(0.E0,0.E0,-1.E0));
#8400=DIRECTION('',(-1.E0,0.E0,0.E0));
#8401=AXIS2_PLACEMENT_3D('',#8398,#8399,#8400);
#8402=CONICAL_SURFACE('2867',#8401,1.05E0,4.5E1);
#8403=ORIENTED_EDGE('2184',*,*,#8260,.F.);
#8404=ORIENTED_EDGE('2484',*,*,#8160,.T.);
#8405=ORIENTED_EDGE('2166',*,*,#8366,.F.);
#8406=ORIENTED_EDGE('2319',*,*,#8391,.F.);
#8407=EDGE_LOOP('2867',(#8403,#8404,#8405,#8406));
#8408=FACE_OUTER_BOUND('2867',#8407,.F.);
#8410=CARTESIAN_POINT('',(3.700000000319E1,4.999999997016E0,2.5E-1));
#8411=DIRECTION('',(0.E0,0.E0,-1.E0));
#8412=DIRECTION('',(-1.E0,0.E0,0.E0));
#8413=AXIS2_PLACEMENT_3D('',#8410,#8411,#8412);
#8414=CONICAL_SURFACE('2819',#8413,1.95E0,4.5E1);
#8416=ORIENTED_EDGE('2263',*,*,#8415,.F.);
#8418=ORIENTED_EDGE('2139',*,*,#8417,.F.);
#8419=ORIENTED_EDGE('2449',*,*,#8164,.T.);
#8421=ORIENTED_EDGE('2131',*,*,#8420,.T.);
#8422=EDGE_LOOP('2819',(#8416,#8418,#8419,#8421));
#8423=FACE_OUTER_BOUND('2819',#8422,.F.);
#8425=CARTESIAN_POINT('',(3.700000000319E1,4.999999997016E0,2.701374250947E1));
#8426=DIRECTION('',(0.E0,0.E0,-1.E0));
#8427=DIRECTION('',(-1.E0,0.E0,0.E0));
#8428=AXIS2_PLACEMENT_3D('',#8425,#8426,#8427);
#8429=CYLINDRICAL_SURFACE('2820',#8428,1.7E0);
#8431=ORIENTED_EDGE('2367',*,*,#8430,.T.);
#8433=ORIENTED_EDGE('2436',*,*,#8432,.F.);
#8434=ORIENTED_EDGE('2263',*,*,#8415,.T.);
#8436=ORIENTED_EDGE('2327',*,*,#8435,.T.);
#8437=EDGE_LOOP('2820',(#8431,#8433,#8434,#8436));
#8438=FACE_OUTER_BOUND('2820',#8437,.F.);
#8440=CARTESIAN_POINT('',(3.700000000319E1,4.999999997016E0,2.24E1));
#8441=DIRECTION('',(0.E0,0.E0,-1.E0));
#8442=DIRECTION('',(-1.E0,0.E0,0.E0));
#8443=AXIS2_PLACEMENT_3D('',#8440,#8441,#8442);
#8444=TOROIDAL_SURFACE('2866',#8443,2.E0,3.E-1);
#8446=ORIENTED_EDGE('2105',*,*,#8445,.F.);
#8447=ORIENTED_EDGE('2546',*,*,#7010,.T.);
#8449=ORIENTED_EDGE('2071',*,*,#8448,.T.);
#8450=ORIENTED_EDGE('2367',*,*,#8430,.F.);
#8451=EDGE_LOOP('2866',(#8446,#8447,#8449,#8450));
#8452=FACE_OUTER_BOUND('2866',#8451,.F.);
#8454=CARTESIAN_POINT('',(3.700000000319E1,4.999999997016E0,2.24E1));
#8455=DIRECTION('',(0.E0,0.E0,-1.E0));
#8456=DIRECTION('',(-1.E0,0.E0,0.E0));
#8457=AXIS2_PLACEMENT_3D('',#8454,#8455,#8456);
#8458=TOROIDAL_SURFACE('2775',#8457,2.E0,3.E-1);
#8460=ORIENTED_EDGE('2198',*,*,#8459,.F.);
#8461=ORIENTED_EDGE('2071',*,*,#8448,.F.);
#8462=ORIENTED_EDGE('2062',*,*,#7008,.T.);
#8463=ORIENTED_EDGE('2105',*,*,#8445,.T.);
#8464=EDGE_LOOP('2775',(#8460,#8461,#8462,#8463));
#8465=FACE_OUTER_BOUND('2775',#8464,.F.);
#8467=CARTESIAN_POINT('',(3.700000000319E1,4.999999997016E0,2.701374250947E1));
#8468=DIRECTION('',(0.E0,0.E0,-1.E0));
#8469=DIRECTION('',(-1.E0,0.E0,0.E0));
#8470=AXIS2_PLACEMENT_3D('',#8467,#8468,#8469);
#8471=CYLINDRICAL_SURFACE('2671',#8470,1.7E0);
#8472=ORIENTED_EDGE('2327',*,*,#8435,.F.);
#8474=ORIENTED_EDGE('2522',*,*,#8473,.T.);
#8475=ORIENTED_EDGE('2436',*,*,#8432,.T.);
#8476=ORIENTED_EDGE('2198',*,*,#8459,.T.);
#8477=EDGE_LOOP('2671',(#8472,#8474,#8475,#8476));
#8478=FACE_OUTER_BOUND('2671',#8477,.F.);
#8480=CARTESIAN_POINT('',(3.700000000319E1,4.999999997016E0,2.5E-1));
#8481=DIRECTION('',(0.E0,0.E0,-1.E0));
#8482=DIRECTION('',(-1.E0,0.E0,0.E0));
#8483=AXIS2_PLACEMENT_3D('',#8480,#8481,#8482);
#8484=CONICAL_SURFACE('2754',#8483,1.95E0,4.5E1);
#8485=ORIENTED_EDGE('2131',*,*,#8420,.F.);
#8486=ORIENTED_EDGE('2146',*,*,#8166,.T.);
#8487=ORIENTED_EDGE('2139',*,*,#8417,.T.);
#8488=ORIENTED_EDGE('2522',*,*,#8473,.F.);
#8489=EDGE_LOOP('2754',(#8485,#8486,#8487,#8488));
#8490=FACE_OUTER_BOUND('2754',#8489,.F.);
#8492=CARTESIAN_POINT('',(3.7E1,5.E0,2.22E1));
#8493=DIRECTION('',(0.E0,0.E0,-1.E0));
#8494=DIRECTION('',(-1.E0,0.E0,0.E0));
#8495=AXIS2_PLACEMENT_3D('',#8492,#8493,#8494);
#8496=TOROIDAL_SURFACE('2811',#8495,4.5E0,5.E-1);
#8497=ORIENTED_EDGE('2604',*,*,#7043,.F.);
#8498=ORIENTED_EDGE('2118',*,*,#7004,.T.);
#8500=ORIENTED_EDGE('2061',*,*,#8499,.F.);
#8501=ORIENTED_EDGE('2366',*,*,#8122,.F.);
#8502=EDGE_LOOP('2811',(#8497,#8498,#8500,#8501));
#8503=FACE_OUTER_BOUND('2811',#8502,.F.);
#8505=CARTESIAN_POINT('',(4.15E1,0.E0,2.22E1));
#8506=DIRECTION('',(0.E0,1.E0,0.E0));
#8507=DIRECTION('',(0.E0,0.E0,1.E0));
#8508=AXIS2_PLACEMENT_3D('',#8505,#8506,#8507);
#8509=CYLINDRICAL_SURFACE('2834',#8508,5.E-1);
#8511=ORIENTED_EDGE('2155',*,*,#8510,.T.);
#8512=ORIENTED_EDGE('2135',*,*,#7326,.F.);
#8513=ORIENTED_EDGE('2061',*,*,#8499,.T.);
#8514=ORIENTED_EDGE('2296',*,*,#7002,.F.);
#8515=EDGE_LOOP('2834',(#8511,#8512,#8513,#8514));
#8516=FACE_OUTER_BOUND('2834',#8515,.F.);
#8518=CARTESIAN_POINT('',(3.7E1,5.E1,2.22E1));
#8519=DIRECTION('',(0.E0,0.E0,-1.E0));
#8520=DIRECTION('',(-1.E0,0.E0,0.E0));
#8521=AXIS2_PLACEMENT_3D('',#8518,#8519,#8520);
#8522=TOROIDAL_SURFACE('2785',#8521,4.5E0,5.E-1);
#8523=ORIENTED_EDGE('2543',*,*,#7100,.F.);
#8524=ORIENTED_EDGE('2588',*,*,#7139,.F.);
#8525=ORIENTED_EDGE('2155',*,*,#8510,.F.);
#8526=ORIENTED_EDGE('2460',*,*,#7000,.T.);
#8527=EDGE_LOOP('2785',(#8523,#8524,#8525,#8526));
#8528=FACE_OUTER_BOUND('2785',#8527,.F.);
#8530=CARTESIAN_POINT('',(5.E0,5.E0,2.27E1));
#8531=DIRECTION('',(0.E0,0.E0,-1.E0));
#8532=DIRECTION('',(-1.E0,0.E0,0.E0));
#8533=AXIS2_PLACEMENT_3D('',#8530,#8531,#8532);
#8534=CYLINDRICAL_SURFACE('2755',#8533,5.E0);
#8535=ORIENTED_EDGE('2425',*,*,#8099,.F.);
#8536=ORIENTED_EDGE('2150',*,*,#6113,.T.);
#8538=ORIENTED_EDGE('2559',*,*,#8537,.F.);
#8539=ORIENTED_EDGE('2506',*,*,#7059,.T.);
#8540=EDGE_LOOP('2755',(#8535,#8536,#8538,#8539));
#8541=FACE_OUTER_BOUND('2755',#8540,.F.);
#8543=CARTESIAN_POINT('',(0.E0,0.E0,2.27E1));
#8544=DIRECTION('',(1.E0,0.E0,0.E0));
#8545=DIRECTION('',(0.E0,0.E0,-1.E0));
#8546=AXIS2_PLACEMENT_3D('',#8543,#8544,#8545);
#8547=PLANE('2803',#8546);
#8548=ORIENTED_EDGE('2559',*,*,#8537,.T.);
#8549=ORIENTED_EDGE('2446',*,*,#6111,.T.);
#8551=ORIENTED_EDGE('2201',*,*,#8550,.T.);
#8552=ORIENTED_EDGE('2329',*,*,#6308,.T.);
#8554=ORIENTED_EDGE('2603',*,*,#8553,.T.);
#8555=ORIENTED_EDGE('2182',*,*,#7073,.T.);
#8556=EDGE_LOOP('2803',(#8548,#8549,#8551,#8552,#8554,#8555));
#8557=FACE_OUTER_BOUND('2803',#8556,.F.);
#8559=CARTESIAN_POINT('',(1.170000000319E1,6.205965191159E0,7.461620360599E1));
#8560=DIRECTION('',(0.E0,0.E0,-1.E0));
#8561=DIRECTION('',(-1.E0,0.E0,0.E0));
#8562=AXIS2_PLACEMENT_3D('',#8559,#8560,#8561);
#8563=CYLINDRICAL_SURFACE('2774',#8562,4.204982371849E1);
#8564=ORIENTED_EDGE('2362',*,*,#6310,.T.);
#8565=ORIENTED_EDGE('2201',*,*,#8550,.F.);
#8566=ORIENTED_EDGE('2081',*,*,#6109,.T.);
#8568=ORIENTED_EDGE('2429',*,*,#8567,.F.);
#8570=ORIENTED_EDGE('2373',*,*,#8569,.T.);
#8571=EDGE_LOOP('2774',(#8564,#8565,#8566,#8568,#8570));
#8572=FACE_OUTER_BOUND('2774',#8571,.F.);
#8574=CARTESIAN_POINT('',(5.175840664318E0,4.774658410419E1,2.27E1));
#8575=DIRECTION('',(-6.957938320728E-1,-7.182415632984E-1,0.E0));
#8576=DIRECTION('',(0.E0,0.E0,1.E0));
#8577=AXIS2_PLACEMENT_3D('',#8574,#8575,#8576);
#8578=PLANE('2778',#8577);
#8579=ORIENTED_EDGE('2429',*,*,#8567,.T.);
#8580=ORIENTED_EDGE('2435',*,*,#6107,.T.);
#8581=ORIENTED_EDGE('2595',*,*,#6188,.T.);
#8583=ORIENTED_EDGE('2206',*,*,#8582,.T.);
#8584=EDGE_LOOP('2778',(#8579,#8580,#8581,#8583));
#8585=FACE_OUTER_BOUND('2778',#8584,.F.);
#8587=CARTESIAN_POINT('',(5.499999999998E0,4.95E1,2.E-1));
#8588=DIRECTION('',(0.E0,0.E0,-1.E0));
#8589=DIRECTION('',(-1.E0,0.E0,0.E0));
#8590=AXIS2_PLACEMENT_3D('',#8587,#8588,#8589);
#8591=CONICAL_SURFACE('2780',#8590,1.9E0,4.5E1);
#8592=ORIENTED_EDGE('2265',*,*,#6250,.F.);
#8593=ORIENTED_EDGE('2532',*,*,#6312,.T.);
#8594=ORIENTED_EDGE('2373',*,*,#8569,.F.);
#8595=ORIENTED_EDGE('2206',*,*,#8582,.F.);
#8596=ORIENTED_EDGE('2365',*,*,#6186,.F.);
#8597=EDGE_LOOP('2780',(#8592,#8593,#8594,#8595,#8596));
#8598=FACE_OUTER_BOUND('2780',#8597,.F.);
#8600=CARTESIAN_POINT('',(5.E0,5.E1,2.27E1));
#8601=DIRECTION('',(0.E0,0.E0,-1.E0));
#8602=DIRECTION('',(-1.E0,0.E0,0.E0));
#8603=AXIS2_PLACEMENT_3D('',#8600,#8601,#8602);
#8604=CYLINDRICAL_SURFACE('2873',#8603,5.E0);
#8605=ORIENTED_EDGE('2603',*,*,#8553,.F.);
#8606=ORIENTED_EDGE('2478',*,*,#6306,.T.);
#8607=ORIENTED_EDGE('2477',*,*,#7114,.F.);
#8608=ORIENTED_EDGE('2640',*,*,#7087,.T.);
#8609=EDGE_LOOP('2873',(#8605,#8606,#8607,#8608));
#8610=FACE_OUTER_BOUND('2873',#8609,.F.);
#8612=CARTESIAN_POINT('',(3.65E1,4.95E1,2.22E1));
#8613=DIRECTION('',(0.E0,0.E0,-1.E0));
#8614=DIRECTION('',(-1.E0,0.E0,0.E0));
#8615=AXIS2_PLACEMENT_3D('',#8612,#8613,#8614);
#8616=TOROIDAL_SURFACE('2779',#8615,2.2E0,5.E-1);
#8618=ORIENTED_EDGE('2208',*,*,#8617,.F.);
#8620=ORIENTED_EDGE('2616',*,*,#8619,.F.);
#8621=ORIENTED_EDGE('2407',*,*,#7018,.T.);
#8623=ORIENTED_EDGE('2499',*,*,#8622,.T.);
#8624=EDGE_LOOP('2779',(#8618,#8620,#8621,#8623));
#8625=FACE_OUTER_BOUND('2779',#8624,.F.);
#8627=CARTESIAN_POINT('',(3.65E1,4.95E1,2.27E1));
#8628=DIRECTION('',(0.E0,0.E0,-1.E0));
#8629=DIRECTION('',(-1.E0,0.E0,0.E0));
#8630=AXIS2_PLACEMENT_3D('',#8627,#8628,#8629);
#8631=CYLINDRICAL_SURFACE('2729',#8630,1.7E0);
#8633=ORIENTED_EDGE('2251',*,*,#8632,.F.);
#8635=ORIENTED_EDGE('2637',*,*,#8634,.T.);
#8637=ORIENTED_EDGE('2165',*,*,#8636,.T.);
#8638=ORIENTED_EDGE('2208',*,*,#8617,.T.);
#8639=EDGE_LOOP('2729',(#8633,#8635,#8637,#8638));
#8640=FACE_OUTER_BOUND('2729',#8639,.F.);
#8642=CARTESIAN_POINT('',(3.65E1,4.95E1,2.27E1));
#8643=DIRECTION('',(0.E0,0.E0,-1.E0));
#8644=DIRECTION('',(-1.E0,0.E0,0.E0));
#8645=AXIS2_PLACEMENT_3D('',#8642,#8643,#8644);
#8646=CYLINDRICAL_SURFACE('2839',#8645,1.7E0);
#8648=ORIENTED_EDGE('2520',*,*,#8647,.T.);
#8649=ORIENTED_EDGE('2165',*,*,#8636,.F.);
#8651=ORIENTED_EDGE('2655',*,*,#8650,.T.);
#8652=ORIENTED_EDGE('2251',*,*,#8632,.T.);
#8653=EDGE_LOOP('2839',(#8648,#8649,#8651,#8652));
#8654=FACE_OUTER_BOUND('2839',#8653,.F.);
#8656=CARTESIAN_POINT('',(3.65E1,4.95E1,2.22E1));
#8657=DIRECTION('',(0.E0,0.E0,-1.E0));
#8658=DIRECTION('',(-1.E0,0.E0,0.E0));
#8659=AXIS2_PLACEMENT_3D('',#8656,#8657,#8658);
#8660=TOROIDAL_SURFACE('2756',#8659,2.2E0,5.E-1);
#8661=ORIENTED_EDGE('2499',*,*,#8622,.F.);
#8662=ORIENTED_EDGE('2091',*,*,#7020,.T.);
#8663=ORIENTED_EDGE('2616',*,*,#8619,.T.);
#8664=ORIENTED_EDGE('2520',*,*,#8647,.F.);
#8665=EDGE_LOOP('2756',(#8661,#8662,#8663,#8664));
#8666=FACE_OUTER_BOUND('2756',#8665,.F.);
#8668=CARTESIAN_POINT('',(3.65E1,4.95E1,2.5E-1));
#8669=DIRECTION('',(0.E0,0.E0,-1.E0));
#8670=DIRECTION('',(-1.E0,0.E0,0.E0));
#8671=AXIS2_PLACEMENT_3D('',#8668,#8669,#8670);
#8672=CONICAL_SURFACE('2676',#8671,1.95E0,4.5E1);
#8673=ORIENTED_EDGE('2655',*,*,#8650,.F.);
#8675=ORIENTED_EDGE('2397',*,*,#8674,.F.);
#8676=ORIENTED_EDGE('2403',*,*,#6332,.T.);
#8678=ORIENTED_EDGE('2324',*,*,#8677,.T.);
#8679=EDGE_LOOP('2676',(#8673,#8675,#8676,#8678));
#8680=FACE_OUTER_BOUND('2676',#8679,.F.);
#8682=CARTESIAN_POINT('',(3.65E1,4.95E1,2.5E-1));
#8683=DIRECTION('',(0.E0,0.E0,-1.E0));
#8684=DIRECTION('',(-1.E0,0.E0,0.E0));
#8685=AXIS2_PLACEMENT_3D('',#8682,#8683,#8684);
#8686=CONICAL_SURFACE('2678',#8685,1.95E0,4.5E1);
#8687=ORIENTED_EDGE('2324',*,*,#8677,.F.);
#8688=ORIENTED_EDGE('2171',*,*,#6334,.T.);
#8689=ORIENTED_EDGE('2397',*,*,#8674,.T.);
#8690=ORIENTED_EDGE('2637',*,*,#8634,.F.);
#8691=EDGE_LOOP('2678',(#8687,#8688,#8689,#8690));
#8692=FACE_OUTER_BOUND('2678',#8691,.F.);
#8694=CARTESIAN_POINT('',(1.170000000319E1,6.205965191159E0,2.229999999835E1));
#8695=DIRECTION('',(0.E0,0.E0,1.E0));
#8696=DIRECTION('',(0.E0,-1.E0,0.E0));
#8697=AXIS2_PLACEMENT_3D('',#8694,#8695,#8696);
#8698=CONICAL_SURFACE('2962',#8697,3.093024384960E0,5.6E1);
#8700=ORIENTED_EDGE('2965',*,*,#8699,.T.);
#8702=ORIENTED_EDGE('2971',*,*,#8701,.T.);
#8703=ORIENTED_EDGE('2966',*,*,#7028,.F.);
#8705=ORIENTED_EDGE('2972',*,*,#8704,.F.);
#8706=EDGE_LOOP('2962',(#8700,#8702,#8703,#8705));
#8707=FACE_OUTER_BOUND('2962',#8706,.F.);
#8709=CARTESIAN_POINT('',(1.170000000319E1,6.205965191159E0,2.8E1));
#8710=DIRECTION('',(0.E0,0.E0,-1.E0));
#8711=DIRECTION('',(-1.E0,0.E0,0.E0));
#8712=AXIS2_PLACEMENT_3D('',#8709,#8710,#8711);
#8713=CYLINDRICAL_SURFACE('2837',#8712,2.5E0);
#8714=ORIENTED_EDGE('2965',*,*,#8699,.F.);
#8716=ORIENTED_EDGE('2970',*,*,#8715,.T.);
#8717=ORIENTED_EDGE('2078',*,*,#6141,.T.);
#8719=ORIENTED_EDGE('2969',*,*,#8718,.T.);
#8720=EDGE_LOOP('2837',(#8714,#8716,#8717,#8719));
#8721=FACE_OUTER_BOUND('2837',#8720,.F.);
#8723=CARTESIAN_POINT('',(1.170000000319E1,6.205965191159E0,2.8E1));
#8724=DIRECTION('',(0.E0,0.E0,-1.E0));
#8725=DIRECTION('',(-1.E0,0.E0,0.E0));
#8726=AXIS2_PLACEMENT_3D('',#8723,#8724,#8725);
#8727=CYLINDRICAL_SURFACE('2687',#8726,2.5E0);
#8729=ORIENTED_EDGE('2967',*,*,#8728,.F.);
#8730=ORIENTED_EDGE('2969',*,*,#8718,.F.);
#8731=ORIENTED_EDGE('2285',*,*,#6139,.T.);
#8732=ORIENTED_EDGE('2970',*,*,#8715,.F.);
#8733=EDGE_LOOP('2687',(#8729,#8730,#8731,#8732));
#8734=FACE_OUTER_BOUND('2687',#8733,.F.);
#8736=CARTESIAN_POINT('',(1.170000000319E1,6.205965191159E0,2.229999999835E1));
#8737=DIRECTION('',(0.E0,0.E0,1.E0));
#8738=DIRECTION('',(0.E0,-1.E0,0.E0));
#8739=AXIS2_PLACEMENT_3D('',#8736,#8737,#8738);
#8740=CONICAL_SURFACE('2957',#8739,3.093024384960E0,5.6E1);
#8741=ORIENTED_EDGE('2967',*,*,#8728,.T.);
#8742=ORIENTED_EDGE('2972',*,*,#8704,.T.);
#8743=ORIENTED_EDGE('2968',*,*,#7030,.F.);
#8744=ORIENTED_EDGE('2971',*,*,#8701,.F.);
#8745=EDGE_LOOP('2957',(#8741,#8742,#8743,#8744));
#8746=FACE_OUTER_BOUND('2957',#8745,.F.);
#8748=CARTESIAN_POINT('',(2.535000000318E1,1.756596519116E1,2.09E1));
#8749=DIRECTION('',(0.E0,0.E0,-1.E0));
#8750=DIRECTION('',(-1.E0,0.E0,0.E0));
#8751=AXIS2_PLACEMENT_3D('',#8748,#8749,#8750);
#8752=CYLINDRICAL_SURFACE('2827',#8751,4.05E0);
#8753=ORIENTED_EDGE('3022',*,*,#6918,.T.);
#8754=ORIENTED_EDGE('3024',*,*,#6907,.F.);
#8756=ORIENTED_EDGE('2594',*,*,#8755,.T.);
#8757=ORIENTED_EDGE('3023',*,*,#6904,.T.);
#8758=EDGE_LOOP('2827',(#8753,#8754,#8756,#8757));
#8759=FACE_OUTER_BOUND('2827',#8758,.F.);
#8761=CARTESIAN_POINT('',(2.535000000318E1,1.756596519116E1,1.805E1));
#8762=DIRECTION('',(0.E0,0.E0,-1.E0));
#8763=DIRECTION('',(-1.E0,0.E0,0.E0));
#8764=AXIS2_PLACEMENT_3D('',#8761,#8762,#8763);
#8765=CONICAL_SURFACE('2784',#8764,4.2E0,4.5E1);
#8766=ORIENTED_EDGE('2536',*,*,#6892,.F.);
#8767=ORIENTED_EDGE('2371',*,*,#6825,.T.);
#8768=ORIENTED_EDGE('2375',*,*,#6889,.T.);
#8769=ORIENTED_EDGE('2594',*,*,#8755,.F.);
#8770=EDGE_LOOP('2784',(#8766,#8767,#8768,#8769));
#8771=FACE_OUTER_BOUND('2784',#8770,.F.);
#8773=CARTESIAN_POINT('',(2.100000000318E1,3.399999999701E1,6.5E0));
#8774=DIRECTION('',(0.E0,0.E0,1.E0));
#8775=DIRECTION('',(1.E0,0.E0,0.E0));
#8776=AXIS2_PLACEMENT_3D('',#8773,#8774,#8775);
#8777=CYLINDRICAL_SURFACE('2848',#8776,6.E0);
#8778=ORIENTED_EDGE('2315',*,*,#6398,.T.);
#8780=ORIENTED_EDGE('2592',*,*,#8779,.F.);
#8782=ORIENTED_EDGE('2607',*,*,#8781,.T.);
#8784=ORIENTED_EDGE('2487',*,*,#8783,.F.);
#8785=ORIENTED_EDGE('2463',*,*,#6373,.T.);
#8786=ORIENTED_EDGE('2493',*,*,#6622,.T.);
#8787=ORIENTED_EDGE('2338',*,*,#6436,.T.);
#8788=ORIENTED_EDGE('2548',*,*,#6423,.T.);
#8789=EDGE_LOOP('2848',(#8778,#8780,#8782,#8784,#8785,#8786,#8787,#8788));
#8790=FACE_OUTER_BOUND('2848',#8789,.F.);
#8792=CARTESIAN_POINT('',(9.080769315962E0,2.799999999701E1,4.516769176455E1));
#8793=DIRECTION('',(0.E0,-1.E0,0.E0));
#8794=DIRECTION('',(0.E0,0.E0,-1.E0));
#8795=AXIS2_PLACEMENT_3D('',#8792,#8793,#8794);
#8796=PLANE('2732',#8795);
#8798=ORIENTED_EDGE('2514',*,*,#8797,.F.);
#8799=ORIENTED_EDGE('2592',*,*,#8779,.T.);
#8800=ORIENTED_EDGE('2279',*,*,#6396,.T.);
#8802=ORIENTED_EDGE('2447',*,*,#8801,.T.);
#8803=ORIENTED_EDGE('2369',*,*,#6070,.F.);
#8804=ORIENTED_EDGE('2262',*,*,#6602,.T.);
#8805=EDGE_LOOP('2732',(#8798,#8799,#8800,#8802,#8803,#8804));
#8806=FACE_OUTER_BOUND('2732',#8805,.F.);
#8808=CARTESIAN_POINT('',(2.100000000318E1,3.399999999701E1,6.5E0));
#8809=DIRECTION('',(0.E0,0.E0,-1.E0));
#8810=DIRECTION('',(-1.E0,0.E0,0.E0));
#8811=AXIS2_PLACEMENT_3D('',#8808,#8809,#8810);
#8812=PLANE('2814',#8811);
#8813=ORIENTED_EDGE('2513',*,*,#6600,.F.);
#8815=ORIENTED_EDGE('2227',*,*,#8814,.T.);
#8816=ORIENTED_EDGE('2607',*,*,#8781,.F.);
#8817=ORIENTED_EDGE('2514',*,*,#8797,.T.);
#8818=EDGE_LOOP('2814',(#8813,#8815,#8816,#8817));
#8819=FACE_OUTER_BOUND('2814',#8818,.F.);
#8821=CARTESIAN_POINT('',(2.807543101936E1,2.999999999701E1,6.5E0));
#8822=DIRECTION('',(0.E0,-1.E0,0.E0));
#8823=DIRECTION('',(0.E0,0.E0,-1.E0));
#8824=AXIS2_PLACEMENT_3D('',#8821,#8822,#8823);
#8825=PLANE('2826',#8824);
#8826=ORIENTED_EDGE('2242',*,*,#6375,.T.);
#8827=ORIENTED_EDGE('2487',*,*,#8783,.T.);
#8828=ORIENTED_EDGE('2227',*,*,#8814,.F.);
#8829=ORIENTED_EDGE('2525',*,*,#6598,.T.);
#8830=EDGE_LOOP('2826',(#8826,#8827,#8828,#8829));
#8831=FACE_OUTER_BOUND('2826',#8830,.F.);
#8833=CARTESIAN_POINT('',(1.514865618171E1,2.577684044965E1,7.461620360599E1));
#8834=DIRECTION('',(0.E0,0.E0,-1.E0));
#8835=DIRECTION('',(-1.E0,0.E0,0.E0));
#8836=AXIS2_PLACEMENT_3D('',#8833,#8834,#8835);
#8837=CYLINDRICAL_SURFACE('2887',#8836,4.E0);
#8838=ORIENTED_EDGE('2173',*,*,#6394,.T.);
#8840=ORIENTED_EDGE('2350',*,*,#8839,.F.);
#8841=ORIENTED_EDGE('2323',*,*,#6129,.T.);
#8842=ORIENTED_EDGE('2358',*,*,#5941,.F.);
#8843=ORIENTED_EDGE('2281',*,*,#6072,.T.);
#8844=ORIENTED_EDGE('2447',*,*,#8801,.F.);
#8845=EDGE_LOOP('2887',(#8838,#8840,#8841,#8842,#8843,#8844));
#8846=FACE_OUTER_BOUND('2887',#8845,.F.);
#8848=CARTESIAN_POINT('',(1.431439477602E1,3.121269825342E1,7.461620360599E1));
#8849=DIRECTION('',(5.680012445636E-1,8.230276946581E-1,0.E0));
#8850=DIRECTION('',(-8.230276946581E-1,5.680012445636E-1,0.E0));
#8851=AXIS2_PLACEMENT_3D('',#8848,#8849,#8850);
#8852=PLANE('2842',#8851);
#8853=ORIENTED_EDGE('2359',*,*,#6392,.T.);
#8855=ORIENTED_EDGE('2147',*,*,#8854,.T.);
#8856=ORIENTED_EDGE('2432',*,*,#6131,.T.);
#8857=ORIENTED_EDGE('2350',*,*,#8839,.T.);
#8858=EDGE_LOOP('2842',(#8853,#8855,#8856,#8857));
#8859=FACE_OUTER_BOUND('2842',#8858,.F.);
#8861=CARTESIAN_POINT('',(1.670000000318E1,3.466941457098E1,7.461620360599E1));
#8862=DIRECTION('',(0.E0,0.E0,-1.E0));
#8863=DIRECTION('',(-1.E0,0.E0,0.E0));
#8864=AXIS2_PLACEMENT_3D('',#8861,#8862,#8863);
#8865=CYLINDRICAL_SURFACE('2770',#8864,4.2E0);
#8866=ORIENTED_EDGE('2145',*,*,#6390,.T.);
#8867=ORIENTED_EDGE('2132',*,*,#6351,.F.);
#8868=ORIENTED_EDGE('2189',*,*,#6133,.T.);
#8869=ORIENTED_EDGE('2147',*,*,#8854,.F.);
#8870=EDGE_LOOP('2770',(#8866,#8867,#8868,#8869));
#8871=FACE_OUTER_BOUND('2770',#8870,.F.);
#8873=CARTESIAN_POINT('',(2.100000000318E1,3.399999999701E1,1.23E1));
#8874=DIRECTION('',(0.E0,0.E0,-1.E0));
#8875=DIRECTION('',(-1.E0,0.E0,0.E0));
#8876=AXIS2_PLACEMENT_3D('',#8873,#8874,#8875);
#8877=TOROIDAL_SURFACE('2892',#8876,5.031370853816E0,8.E-1);
#8879=ORIENTED_EDGE('2414',*,*,#8878,.F.);
#8881=ORIENTED_EDGE('2440',*,*,#8880,.F.);
#8883=ORIENTED_EDGE('2428',*,*,#8882,.T.);
#8884=ORIENTED_EDGE('2423',*,*,#6402,.T.);
#8885=EDGE_LOOP('2892',(#8879,#8881,#8883,#8884));
#8886=FACE_OUTER_BOUND('2892',#8885,.F.);
#8888=CARTESIAN_POINT('',(2.100000000318E1,3.399999999701E1,1.23E1));
#8889=DIRECTION('',(0.E0,0.E0,-1.E0));
#8890=DIRECTION('',(-1.E0,0.E0,0.E0));
#8891=AXIS2_PLACEMENT_3D('',#8888,#8889,#8890);
#8892=TOROIDAL_SURFACE('2884',#8891,5.031370853816E0,8.E-1);
#8893=ORIENTED_EDGE('2244',*,*,#6404,.T.);
#8894=ORIENTED_EDGE('2428',*,*,#8882,.F.);
#8896=ORIENTED_EDGE('2663',*,*,#8895,.F.);
#8897=ORIENTED_EDGE('2414',*,*,#8878,.T.);
#8898=EDGE_LOOP('2884',(#8893,#8894,#8896,#8897));
#8899=FACE_OUTER_BOUND('2884',#8898,.F.);
#8901=CARTESIAN_POINT('',(2.100000000318E1,3.399999999701E1,1.22E1));
#8902=DIRECTION('',(0.E0,0.E0,-1.E0));
#8903=DIRECTION('',(-1.E0,0.E0,0.E0));
#8904=AXIS2_PLACEMENT_3D('',#8901,#8902,#8903);
#8905=CONICAL_SURFACE('2870',#8904,4.000000003918E0,4.5E1);
#8907=ORIENTED_EDGE('2223',*,*,#8906,.F.);
#8908=ORIENTED_EDGE('2663',*,*,#8895,.T.);
#8910=ORIENTED_EDGE('2099',*,*,#8909,.T.);
#8912=ORIENTED_EDGE('2079',*,*,#8911,.T.);
#8913=EDGE_LOOP('2870',(#8907,#8908,#8910,#8912));
#8914=FACE_OUTER_BOUND('2870',#8913,.F.);
#8916=CARTESIAN_POINT('',(2.100000000318E1,3.399999999701E1,1.22E1));
#8917=DIRECTION('',(0.E0,0.E0,-1.E0));
#8918=DIRECTION('',(-1.E0,0.E0,0.E0));
#8919=AXIS2_PLACEMENT_3D('',#8916,#8917,#8918);
#8920=CONICAL_SURFACE('2808',#8919,4.000000003918E0,4.5E1);
#8922=ORIENTED_EDGE('2567',*,*,#8921,.T.);
#8923=ORIENTED_EDGE('2099',*,*,#8909,.F.);
#8924=ORIENTED_EDGE('2440',*,*,#8880,.T.);
#8925=ORIENTED_EDGE('2223',*,*,#8906,.T.);
#8926=EDGE_LOOP('2808',(#8922,#8923,#8924,#8925));
#8927=FACE_OUTER_BOUND('2808',#8926,.F.);
#8929=CARTESIAN_POINT('',(2.100000000318E1,3.399999999701E1,1.21E1));
#8930=DIRECTION('',(0.E0,0.E0,-1.E0));
#8931=DIRECTION('',(-1.E0,0.E0,0.E0));
#8932=AXIS2_PLACEMENT_3D('',#8929,#8930,#8931);
#8933=TOROIDAL_SURFACE('2703',#8932,2.968629154019E0,8.E-1);
#8935=ORIENTED_EDGE('2116',*,*,#8934,.T.);
#8937=ORIENTED_EDGE('2591',*,*,#8936,.F.);
#8938=ORIENTED_EDGE('2567',*,*,#8921,.F.);
#8940=ORIENTED_EDGE('2335',*,*,#8939,.T.);
#8941=EDGE_LOOP('2703',(#8935,#8937,#8938,#8940));
#8942=FACE_OUTER_BOUND('2703',#8941,.F.);
#8944=CARTESIAN_POINT('',(0.E0,0.E0,1.29E1));
#8945=DIRECTION('',(0.E0,0.E0,-1.E0));
#8946=DIRECTION('',(-1.E0,0.E0,0.E0));
#8947=AXIS2_PLACEMENT_3D('',#8944,#8945,#8946);
#8948=PLANE('2799',#8947);
#8950=ORIENTED_EDGE('2541',*,*,#8949,.F.);
#8951=ORIENTED_EDGE('2116',*,*,#8934,.F.);
#8952=EDGE_LOOP('2799',(#8950,#8951));
#8953=FACE_OUTER_BOUND('2799',#8952,.F.);
#8955=CARTESIAN_POINT('',(2.100000000318E1,3.399999999701E1,1.21E1));
#8956=DIRECTION('',(0.E0,0.E0,-1.E0));
#8957=DIRECTION('',(-1.E0,0.E0,0.E0));
#8958=AXIS2_PLACEMENT_3D('',#8955,#8956,#8957);
#8959=TOROIDAL_SURFACE('2753',#8958,2.968629154019E0,8.E-1);
#8960=ORIENTED_EDGE('2335',*,*,#8939,.F.);
#8961=ORIENTED_EDGE('2079',*,*,#8911,.F.);
#8962=ORIENTED_EDGE('2591',*,*,#8936,.T.);
#8963=ORIENTED_EDGE('2541',*,*,#8949,.T.);
#8964=EDGE_LOOP('2753',(#8960,#8961,#8962,#8963));
#8965=FACE_OUTER_BOUND('2753',#8964,.F.);
#8967=CARTESIAN_POINT('',(1.300000000318E1,4.063235300454E1,1.585E1));
#8968=DIRECTION('',(1.E0,0.E0,0.E0));
#8969=DIRECTION('',(0.E0,1.E0,0.E0));
#8970=AXIS2_PLACEMENT_3D('',#8967,#8968,#8969);
#8971=TOROIDAL_SURFACE('2796',#8970,2.850000001008E0,5.E-1);
#8973=ORIENTED_EDGE('2229',*,*,#8972,.F.);
#8975=ORIENTED_EDGE('2123',*,*,#8974,.F.);
#8976=ORIENTED_EDGE('2313',*,*,#6355,.T.);
#8978=ORIENTED_EDGE('2107',*,*,#8977,.T.);
#8979=EDGE_LOOP('2796',(#8973,#8975,#8976,#8978));
#8980=FACE_OUTER_BOUND('2796',#8979,.F.);
#8982=CARTESIAN_POINT('',(1.850000000318E1,4.063235300454E1,1.585E1));
#8983=DIRECTION('',(-1.E0,0.E0,0.E0));
#8984=DIRECTION('',(0.E0,-1.E0,0.E0));
#8985=AXIS2_PLACEMENT_3D('',#8982,#8983,#8984);
#8986=CYLINDRICAL_SURFACE('2715',#8985,2.350000001008E0);
#8988=ORIENTED_EDGE('2480',*,*,#8987,.F.);
#8989=ORIENTED_EDGE('2229',*,*,#8972,.T.);
#8991=ORIENTED_EDGE('2231',*,*,#8990,.T.);
#8993=ORIENTED_EDGE('2630',*,*,#8992,.T.);
#8994=EDGE_LOOP('2715',(#8988,#8989,#8991,#8993));
#8995=FACE_OUTER_BOUND('2715',#8994,.F.);
#8997=CARTESIAN_POINT('',(1.850000000318E1,4.063235300454E1,1.585E1));
#8998=DIRECTION('',(-1.E0,0.E0,0.E0));
#8999=DIRECTION('',(0.E0,-1.E0,0.E0));
#9000=AXIS2_PLACEMENT_3D('',#8997,#8998,#8999);
#9001=CYLINDRICAL_SURFACE('2685',#9000,2.350000001008E0);
#9003=ORIENTED_EDGE('2433',*,*,#9002,.T.);
#9004=ORIENTED_EDGE('2231',*,*,#8990,.F.);
#9006=ORIENTED_EDGE('2213',*,*,#9005,.T.);
#9007=ORIENTED_EDGE('2480',*,*,#8987,.T.);
#9008=EDGE_LOOP('2685',(#9003,#9004,#9006,#9007));
#9009=FACE_OUTER_BOUND('2685',#9008,.F.);
#9011=CARTESIAN_POINT('',(1.850000000318E1,4.063235300454E1,1.585E1));
#9012=DIRECTION('',(-1.E0,0.E0,0.E0));
#9013=DIRECTION('',(0.E0,-1.E0,0.E0));
#9014=AXIS2_PLACEMENT_3D('',#9011,#9012,#9013);
#9015=PLANE('2874',#9014);
#9016=ORIENTED_EDGE('2630',*,*,#8992,.F.);
#9017=ORIENTED_EDGE('2433',*,*,#9002,.F.);
#9018=EDGE_LOOP('2874',(#9016,#9017));
#9019=FACE_OUTER_BOUND('2874',#9018,.F.);
#9021=CARTESIAN_POINT('',(1.300000000318E1,4.063235300454E1,1.585E1));
#9022=DIRECTION('',(1.E0,0.E0,0.E0));
#9023=DIRECTION('',(0.E0,1.E0,0.E0));
#9024=AXIS2_PLACEMENT_3D('',#9021,#9022,#9023);
#9025=TOROIDAL_SURFACE('2836',#9024,2.850000001008E0,5.E-1);
#9026=ORIENTED_EDGE('2107',*,*,#8977,.F.);
#9027=ORIENTED_EDGE('2137',*,*,#6357,.T.);
#9028=ORIENTED_EDGE('2123',*,*,#8974,.T.);
#9029=ORIENTED_EDGE('2213',*,*,#9005,.F.);
#9030=EDGE_LOOP('2836',(#9026,#9027,#9028,#9029));
#9031=FACE_OUTER_BOUND('2836',#9030,.F.);
#9033=CARTESIAN_POINT('',(1.6E1,5.E1,2.E-1));
#9034=DIRECTION('',(0.E0,0.E0,-1.E0));
#9035=DIRECTION('',(-1.E0,0.E0,0.E0));
#9036=AXIS2_PLACEMENT_3D('',#9033,#9034,#9035);
#9037=CONICAL_SURFACE('2726',#9036,1.3E0,4.5E1);
#9039=ORIENTED_EDGE('2577',*,*,#9038,.F.);
#9041=ORIENTED_EDGE('2163',*,*,#9040,.F.);
#9042=ORIENTED_EDGE('2531',*,*,#6318,.T.);
#9044=ORIENTED_EDGE('2072',*,*,#9043,.T.);
#9045=EDGE_LOOP('2726',(#9039,#9041,#9042,#9044));
#9046=FACE_OUTER_BOUND('2726',#9045,.F.);
#9048=CARTESIAN_POINT('',(1.6E1,5.E1,3.E0));
#9049=DIRECTION('',(0.E0,0.E0,-1.E0));
#9050=DIRECTION('',(-1.E0,0.E0,0.E0));
#9051=AXIS2_PLACEMENT_3D('',#9048,#9049,#9050);
#9052=CYLINDRICAL_SURFACE('2683',#9051,1.1E0);
#9054=ORIENTED_EDGE('2399',*,*,#9053,.T.);
#9056=ORIENTED_EDGE('2455',*,*,#9055,.F.);
#9057=ORIENTED_EDGE('2577',*,*,#9038,.T.);
#9059=ORIENTED_EDGE('2582',*,*,#9058,.T.);
#9060=EDGE_LOOP('2683',(#9054,#9056,#9057,#9059));
#9061=FACE_OUTER_BOUND('2683',#9060,.F.);
#9063=CARTESIAN_POINT('',(2.6E1,5.E1,3.E0));
#9064=DIRECTION('',(0.E0,0.E0,-1.E0));
#9065=DIRECTION('',(-1.E0,0.E0,0.E0));
#9066=AXIS2_PLACEMENT_3D('',#9063,#9064,#9065);
#9067=PLANE('2812',#9066);
#9069=ORIENTED_EDGE('2277',*,*,#9068,.F.);
#9071=ORIENTED_EDGE('2141',*,*,#9070,.T.);
#9072=ORIENTED_EDGE('2399',*,*,#9053,.F.);
#9074=ORIENTED_EDGE('2293',*,*,#9073,.F.);
#9076=ORIENTED_EDGE('2234',*,*,#9075,.T.);
#9078=ORIENTED_EDGE('2278',*,*,#9077,.F.);
#9079=EDGE_LOOP('2812',(#9069,#9071,#9072,#9074,#9076,#9078));
#9080=FACE_OUTER_BOUND('2812',#9079,.F.);
#9082=CARTESIAN_POINT('',(2.6E1,5.E1,3.E0));
#9083=DIRECTION('',(0.E0,0.E0,-1.E0));
#9084=DIRECTION('',(-1.E0,0.E0,0.E0));
#9085=AXIS2_PLACEMENT_3D('',#9082,#9083,#9084);
#9086=CYLINDRICAL_SURFACE('2777',#9085,1.1E0);
#9088=ORIENTED_EDGE('2110',*,*,#9087,.F.);
#9089=ORIENTED_EDGE('2277',*,*,#9068,.T.);
#9090=ORIENTED_EDGE('2278',*,*,#9077,.T.);
#9092=ORIENTED_EDGE('2211',*,*,#9091,.F.);
#9094=ORIENTED_EDGE('2538',*,*,#9093,.T.);
#9096=ORIENTED_EDGE('2537',*,*,#9095,.T.);
#9097=EDGE_LOOP('2777',(#9088,#9089,#9090,#9092,#9094,#9096));
#9098=FACE_OUTER_BOUND('2777',#9097,.F.);
#9100=CARTESIAN_POINT('',(2.6E1,5.11E1,3.E0));
#9101=DIRECTION('',(0.E0,1.E0,0.E0));
#9102=DIRECTION('',(0.E0,0.E0,1.E0));
#9103=AXIS2_PLACEMENT_3D('',#9100,#9101,#9102);
#9104=PLANE('2792',#9103);
#9105=ORIENTED_EDGE('2455',*,*,#9055,.T.);
#9106=ORIENTED_EDGE('2141',*,*,#9070,.F.);
#9107=ORIENTED_EDGE('2110',*,*,#9087,.T.);
#9109=ORIENTED_EDGE('2551',*,*,#9108,.T.);
#9110=EDGE_LOOP('2792',(#9105,#9106,#9107,#9109));
#9111=FACE_OUTER_BOUND('2792',#9110,.F.);
#9113=CARTESIAN_POINT('',(2.6E1,5.11E1,4.E-1));
#9114=DIRECTION('',(0.E0,-7.071067811865E-1,-7.071067811865E-1));
#9115=DIRECTION('',(-1.E0,0.E0,0.E0));
#9116=AXIS2_PLACEMENT_3D('',#9113,#9114,#9115);
#9117=PLANE('2894',#9116);
#9118=ORIENTED_EDGE('2163',*,*,#9040,.T.);
#9119=ORIENTED_EDGE('2551',*,*,#9108,.F.);
#9121=ORIENTED_EDGE('2527',*,*,#9120,.T.);
#9122=ORIENTED_EDGE('2176',*,*,#6320,.F.);
#9123=EDGE_LOOP('2894',(#9118,#9119,#9121,#9122));
#9124=FACE_OUTER_BOUND('2894',#9123,.F.);
#9126=CARTESIAN_POINT('',(2.6E1,5.E1,2.E-1));
#9127=DIRECTION('',(0.E0,0.E0,-1.E0));
#9128=DIRECTION('',(-1.E0,0.E0,0.E0));
#9129=AXIS2_PLACEMENT_3D('',#9126,#9127,#9128);
#9130=CONICAL_SURFACE('2718',#9129,1.3E0,4.5E1);
#9131=ORIENTED_EDGE('2527',*,*,#9120,.F.);
#9132=ORIENTED_EDGE('2537',*,*,#9095,.F.);
#9133=ORIENTED_EDGE('2538',*,*,#9093,.F.);
#9135=ORIENTED_EDGE('2498',*,*,#9134,.F.);
#9136=ORIENTED_EDGE('2404',*,*,#6324,.T.);
#9137=ORIENTED_EDGE('2405',*,*,#6322,.T.);
#9138=EDGE_LOOP('2718',(#9131,#9132,#9133,#9135,#9136,#9137));
#9139=FACE_OUTER_BOUND('2718',#9138,.F.);
#9141=CARTESIAN_POINT('',(2.6E1,4.89E1,4.E-1));
#9142=DIRECTION('',(0.E0,7.071067811865E-1,-7.071067811865E-1));
#9143=DIRECTION('',(1.E0,0.E0,0.E0));
#9144=AXIS2_PLACEMENT_3D('',#9141,#9142,#9143);
#9145=PLANE('2868',#9144);
#9146=ORIENTED_EDGE('2498',*,*,#9134,.T.);
#9148=ORIENTED_EDGE('2332',*,*,#9147,.F.);
#9150=ORIENTED_EDGE('2387',*,*,#9149,.T.);
#9151=ORIENTED_EDGE('2095',*,*,#6326,.F.);
#9152=EDGE_LOOP('2868',(#9146,#9148,#9150,#9151));
#9153=FACE_OUTER_BOUND('2868',#9152,.F.);
#9155=CARTESIAN_POINT('',(2.6E1,4.89E1,3.E0));
#9156=DIRECTION('',(0.E0,-1.E0,0.E0));
#9157=DIRECTION('',(0.E0,0.E0,-1.E0));
#9158=AXIS2_PLACEMENT_3D('',#9155,#9156,#9157);
#9159=PLANE('2723',#9158);
#9160=ORIENTED_EDGE('2211',*,*,#9091,.T.);
#9161=ORIENTED_EDGE('2234',*,*,#9075,.F.);
#9163=ORIENTED_EDGE('2187',*,*,#9162,.T.);
#9164=ORIENTED_EDGE('2332',*,*,#9147,.T.);
#9165=EDGE_LOOP('2723',(#9160,#9161,#9163,#9164));
#9166=FACE_OUTER_BOUND('2723',#9165,.F.);
#9168=CARTESIAN_POINT('',(1.6E1,5.E1,3.E0));
#9169=DIRECTION('',(0.E0,0.E0,-1.E0));
#9170=DIRECTION('',(-1.E0,0.E0,0.E0));
#9171=AXIS2_PLACEMENT_3D('',#9168,#9169,#9170);
#9172=CYLINDRICAL_SURFACE('2744',#9171,1.1E0);
#9173=ORIENTED_EDGE('2582',*,*,#9058,.F.);
#9175=ORIENTED_EDGE('2389',*,*,#9174,.T.);
#9176=ORIENTED_EDGE('2187',*,*,#9162,.F.);
#9177=ORIENTED_EDGE('2293',*,*,#9073,.T.);
#9178=EDGE_LOOP('2744',(#9173,#9175,#9176,#9177));
#9179=FACE_OUTER_BOUND('2744',#9178,.F.);
#9181=CARTESIAN_POINT('',(1.6E1,5.E1,2.E-1));
#9182=DIRECTION('',(0.E0,0.E0,-1.E0));
#9183=DIRECTION('',(-1.E0,0.E0,0.E0));
#9184=AXIS2_PLACEMENT_3D('',#9181,#9182,#9183);
#9185=CONICAL_SURFACE('2764',#9184,1.3E0,4.5E1);
#9186=ORIENTED_EDGE('2072',*,*,#9043,.F.);
#9187=ORIENTED_EDGE('2089',*,*,#6328,.T.);
#9188=ORIENTED_EDGE('2387',*,*,#9149,.F.);
#9189=ORIENTED_EDGE('2389',*,*,#9174,.F.);
#9190=EDGE_LOOP('2764',(#9186,#9187,#9188,#9189));
#9191=FACE_OUTER_BOUND('2764',#9190,.F.);
#9193=CARTESIAN_POINT('',(2.1E1,0.E0,1.45E1));
#9194=DIRECTION('',(0.E0,-1.E0,0.E0));
#9195=DIRECTION('',(0.E0,0.E0,-1.E0));
#9196=AXIS2_PLACEMENT_3D('',#9193,#9194,#9195);
#9197=CYLINDRICAL_SURFACE('2760',#9196,3.3E0);
#9198=ORIENTED_EDGE('2438',*,*,#5582,.F.);
#9199=ORIENTED_EDGE('2500',*,*,#5553,.T.);
#9200=ORIENTED_EDGE('2636',*,*,#5579,.T.);
#9201=ORIENTED_EDGE('2185',*,*,#5611,.T.);
#9202=EDGE_LOOP('2760',(#9198,#9199,#9200,#9201));
#9203=FACE_OUTER_BOUND('2760',#9202,.F.);
#9207=FILL_AREA_STYLE_COLOUR('',#5);
#9208=FILL_AREA_STYLE('',(#9207));
#9209=SURFACE_STYLE_FILL_AREA(#9208);
#9210=SURFACE_SIDE_STYLE('',(#9209));
#9211=SURFACE_STYLE_USAGE(.BOTH.,#9210);
#9212=PRESENTATION_STYLE_ASSIGNMENT((#9211));
#15=STYLED_ITEM('',(#9212),#9206);
#9213=PRESENTATION_LAYER_ASSIGNMENT('NONE','',(#15));
#9216=PLANE_ANGLE_MEASURE_WITH_UNIT(PLANE_ANGLE_MEASURE(1.745329251994E-2),
#9215);
#9217=(CONVERSION_BASED_UNIT('DEGREE',#9216)NAMED_UNIT(*)PLANE_ANGLE_UNIT());
#9219=UNCERTAINTY_MEASURE_WITH_UNIT(LENGTH_MEASURE(7.715148952616E-3),#9214,
'closure',
'Maximum model space distance between geometric entities at asserted connectivities');
#9222=MECHANICAL_DESIGN_GEOMETRIC_PRESENTATION_REPRESENTATION('',(#23,#31,#39,
#46,#53,#61,#68,#76,#83,#91,#99,#106,#113,#120,#128,#136,#144,#152,#160,#167,
#175,#182,#190,#198,#205,#212,#220,#228,#236,#244,#252,#259,#266,#273,#286,#299,
#306,#319,#326,#339,#352,#359,#366,#379,#386,#394,#402,#410,#418,#426,#434,#442,
#450,#458,#466,#474,#482,#490,#498,#506,#514,#521,#528,#535,#542,#549,#556,#563,
#570,#577,#587,#595,#605,#613,#621,#631,#639,#649,#656,#664,#672,#680,#688,#696,
#703,#710,#717,#724,#731,#738,#746,#753,#761,#769,#777,#785,#792,#799,#807,#814,
#822,#829,#837,#844,#852,#859,#867,#875,#882,#890,#898,#906,#913,#921,#928,#936,
#943,#951,#959,#966,#973,#980,#987,#994,#1002,#1010,#1018,#1026,#1033,#1040,
#1048,#1056,#1066,#1076,#1084,#1091,#1098,#1106,#1113,#1120,#1127,#1134,#1141,
#1148,#1155,#1163,#1171,#1178,#1186,#1193,#1201,#1208,#1216,#1224,#1232,#1240,
#1248,#1256,#1264,#1272,#1280,#1288,#1295,#1303,#1311,#1321,#1328,#1336,#1343,
#1350,#1357,#1364,#1371,#1379,#1386,#1393,#1401,#1408,#1416,#1423,#1431,#1439,
#1447,#1454,#1462,#1472,#1480,#1487,#1494,#1501,#1508,#1515,#1522,#1529,#1536,
#1546,#1556,#1566,#1576,#1586,#1594,#1602,#1609,#1619,#1629,#1639,#1649,#1657,
#1664,#1674,#1684,#1694,#1704,#1712,#1719,#1726,#1734,#1741,#1748,#1755,#1762,
#1770,#1778,#1785,#1796,#1803,#1810,#1818,#1826,#1834,#1852,#1860,#1878,#1886,
#1894,#1902,#1909,#1924,#1939,#1946,#1953,#1968,#1983,#1996,#2009,#2016,#2029,
#2036,#2049,#2062,#2069,#2076,#2089,#2096,#2104,#2112,#2120,#2128,#2136,#2144,
#2152,#2160,#2168,#2176,#2184,#2192,#2200,#2208,#2215,#2222,#2229,#2236,#2244,
#2251,#2259,#2266,#2274,#2282,#2289,#2296,#2304,#2312,#2320,#2328,#2336,#2344,
#2352,#2360,#2368,#2376,#2384,#2392,#2400,#2408,#2416,#2424,#2432,#2440,#2447,
#2454,#2462,#2470,#2478,#2485,#2492,#2500,#2508,#2516,#2523,#2530,#2554,#2564,
#2574,#2581,#2588,#2595,#2602,#2626,#2633,#2641,#2648,#2656,#2663,#2670,#2677,
#2685,#2693,#2701,#2708,#2716,#2723,#2731,#2739,#2747,#2755,#2763,#2771,#2778,
#2785,#2793,#2801,#2809,#2819,#2826,#2833,#2841,#2849,#2856,#2863,#2870,#2878,
#2886,#2893,#2900,#2907,#2914,#2921,#2928,#2935,#2942,#2949,#2956,#2963,#2970,
#2977,#2984,#2992,#3000,#3008,#3016,#3023,#3030,#3037,#3044,#3051,#3058,#3066,
#3074,#3081,#3089,#3099,#3109,#3119,#3127,#3134,#3144,#3151,#3158,#3165,#3172,
#3179,#3187,#3194,#3201,#3209,#3216,#3223,#3231,#3238,#3245,#3253,#3261,#3268,
#3275,#3283,#3291,#3298,#3305,#3313,#3321,#3328,#3335,#3343,#3351,#3359,#3371,
#3378,#3385,#3393,#3411,#3419,#3427,#3440,#3448,#3456,#3464,#3472,#3480,#3488,
#3496,#3504,#3511,#3518,#3526,#3534,#3542,#3550,#3558,#3566,#3574,#3582,#3589,
#3596,#3604,#3612,#3620,#3628,#3636,#3644,#3652,#3660,#3667,#3674,#3682,#3690,
#3697,#3705,#3712,#3720,#3728,#3736,#3744,#3751,#3759,#3767,#3775,#3783,#3791,
#3799,#3806,#3813,#3820,#3827,#3834,#3841,#3851,#3859,#3866,#3873,#3881,#3889,
#3897,#3905,#3912,#3919,#3926,#3933,#3940,#3947,#3955,#3963,#3970,#3977,#3984,
#3991,#3998,#4005,#4012,#4019,#4027,#4035,#4042,#4049,#4057,#4065,#4073,#4081,
#4088,#4095,#4103,#4111,#4119,#4127,#4134,#4141,#4149,#4157,#4165,#4172,#4179,
#4186,#4193,#4200,#4210,#4220,#4228,#4235,#4242,#4250,#4258,#4265,#4272,#4280,
#4288,#4296,#4303,#4310,#4318,#4325,#4333,#4340,#4347,#4355,#4362,#4370,#4377,
#4384,#4392,#4399,#4406,#4413,#4420,#4427,#4435,#4442,#4449,#4456,#4463,#4470,
#4477,#4485,#4493,#4501,#4509,#4516,#4523,#4531,#4539,#4547,#4555,#4563,#4571,
#4579,#4587,#4594,#4601,#4609,#4617,#4625,#4633,#4641,#4648,#4655,#4663,#4671,
#4679,#4687,#4694,#4701,#4708,#4715,#4722,#4729,#4737,#4745,#4752,#4759,#4766,
#4773,#4780,#4787,#4794,#4801,#4809,#4816,#15),#9220);
#9223=APPLICATION_CONTEXT('automotive design');
#9224=APPLICATION_PROTOCOL_DEFINITION('international standard',
'config_control_design',1994,#9223);
#9225=PRODUCT_DEFINITION_CONTEXT('',#9223,'design');
#9226=PRODUCT_CONTEXT('',#9223,'mechanical');
#9227=PRODUCT('_0001','_0001','NOT SPECIFIED',(#9226));
#9228=PRODUCT_DEFINITION_FORMATION_WITH_SPECIFIED_SOURCE('4','LAST_VERSION',
#9227,.MADE.);
#9236=DERIVED_UNIT_ELEMENT(#9235,2.E0);
#9237=AREA_UNIT((#9236));
#9238=MEASURE_REPRESENTATION_ITEM('surface area measure',AREA_MEASURE(
1.182451738356E4),#9237);
#9243=DERIVED_UNIT_ELEMENT(#9242,3.E0);
#9244=VOLUME_UNIT((#9243));
#9245=MEASURE_REPRESENTATION_ITEM('volume measure',VOLUME_MEASURE(
2.705530622719E4),#9244);
#9249=CARTESIAN_POINT('centre point',(2.610097304197E1,3.098510480460E1,
1.300766434284E1));
#9254=DERIVED_UNIT_ELEMENT(#9253,2.E0);
#9255=AREA_UNIT((#9254));
#9256=MEASURE_REPRESENTATION_ITEM('surface area measure',AREA_MEASURE(
1.182451738356E4),#9255);
#9261=DERIVED_UNIT_ELEMENT(#9260,3.E0);
#9262=VOLUME_UNIT((#9261));
#9263=MEASURE_REPRESENTATION_ITEM('volume measure',VOLUME_MEASURE(
2.705530622719E4),#9262);
#9267=CARTESIAN_POINT('centre point',(2.610097304197E1,3.098510480460E1,
1.300766434284E1));
#1=DRAUGHTING_PRE_DEFINED_COLOUR('green');
#2=COLOUR_RGB('',1.1E-2,1.2E-2,1.E0);
#3=COLOUR_RGB('',4.1E-1,2.61589E-1,1.12848E-1);
#4=COLOUR_RGB('',5.04854E-1,1.5455E-2,1.5455E-2);
#5=COLOUR_RGB('',5.210000247462E-1,7.030000333907E-1,8.940000424627E-1);
#6=COLOUR_RGB('',6.35294E-1,6.86275E-1,7.4902E-1);
#7=COLOUR_RGB('',6.40777E-1,6.40777E-1,6.40777E-1);
#8=COLOUR_RGB('',6.69062E-1,6.69903E-1,6.55217E-1);
#9=COLOUR_RGB('',9.21569E-1,7.05882E-1,4.70588E-1);
#10=DRAUGHTING_PRE_DEFINED_COLOUR('red');
#11=DRAUGHTING_PRE_DEFINED_COLOUR('yellow');
#12=COLOUR_RGB('',1.E0,1.E0,5.3E-1);
#13=COLOUR_RGB('',1.E0,1.E0,9.49E-1);
#14=DRAUGHTING_PRE_DEFINED_COLOUR('white');
#28=CIRCLE('2500',#27,3.3E0);
#36=CIRCLE('2284',#35,3.3E0);
#58=CIRCLE('2505',#57,3.3E0);
#73=CIRCLE('2348',#72,4.E0);
#88=CIRCLE('2615',#87,4.E0);
#96=CIRCLE('2185',#95,3.3E0);
#125=CIRCLE('2161',#124,4.E0);
#133=CIRCLE('2465',#132,3.6E0);
#141=CIRCLE('2510',#140,3.6E0);
#149=CIRCLE('2328',#148,2.55E0);
#157=CIRCLE('2151',#156,2.55E0);
#172=CIRCLE('2264',#171,4.E0);
#187=CIRCLE('2122',#186,2.15E0);
#195=CIRCLE('2220',#194,2.15E0);
#217=CIRCLE('2608',#216,2.15E0);
#225=CIRCLE('2178',#224,2.15E0);
#233=CIRCLE('2343',#232,1.2E0);
#241=CIRCLE('2653',#240,1.2E0);
#249=CIRCLE('2652',#248,1.2E0);
#283=B_SPLINE_CURVE_WITH_KNOTS('2088',3,(#274,#275,#276,#277,#278,#279,#280,
#281,#282),.UNSPECIFIED.,.F.,.F.,(4,1,1,1,1,1,4),(0.E0,1.666666666667E-1,
3.333333333333E-1,5.E-1,6.666666666667E-1,8.333333333333E-1,1.E0),
.UNSPECIFIED.);
#296=B_SPLINE_CURVE_WITH_KNOTS('2322',3,(#287,#288,#289,#290,#291,#292,#293,
#294,#295),.UNSPECIFIED.,.F.,.F.,(4,1,1,1,1,1,4),(0.E0,1.666666666667E-1,
3.333333333333E-1,5.E-1,6.666666666667E-1,8.333333333333E-1,1.E0),
.UNSPECIFIED.);
#316=B_SPLINE_CURVE_WITH_KNOTS('2512',3,(#307,#308,#309,#310,#311,#312,#313,
#314,#315),.UNSPECIFIED.,.F.,.F.,(4,1,1,1,1,1,4),(0.E0,1.666666666667E-1,
3.333333333333E-1,5.E-1,6.666666666667E-1,8.333333333333E-1,1.E0),
.UNSPECIFIED.);
#336=B_SPLINE_CURVE_WITH_KNOTS('2140',3,(#327,#328,#329,#330,#331,#332,#333,
#334,#335),.UNSPECIFIED.,.F.,.F.,(4,1,1,1,1,1,4),(0.E0,1.666666666667E-1,
3.333333333333E-1,5.E-1,6.666666666667E-1,8.333333333333E-1,1.E0),
.UNSPECIFIED.);
#349=B_SPLINE_CURVE_WITH_KNOTS('2409',3,(#340,#341,#342,#343,#344,#345,#346,
#347,#348),.UNSPECIFIED.,.F.,.F.,(4,1,1,1,1,1,4),(0.E0,1.666666666667E-1,
3.333333333333E-1,5.E-1,6.666666666667E-1,8.333333333333E-1,1.E0),
.UNSPECIFIED.);
#376=B_SPLINE_CURVE_WITH_KNOTS('2612',3,(#367,#368,#369,#370,#371,#372,#373,
#374,#375),.UNSPECIFIED.,.F.,.F.,(4,1,1,1,1,1,4),(0.E0,1.666666666667E-1,
3.333333333333E-1,5.E-1,6.666666666667E-1,8.333333333333E-1,1.E0),
.UNSPECIFIED.);
#391=CIRCLE('2370',#390,9.999999999998E-1);
#399=CIRCLE('2598',#398,4.6E0);
#407=CIRCLE('2597',#406,3.999999999998E-1);
#415=CIRCLE('2126',#414,4.6E0);
#423=CIRCLE('2413',#422,3.E0);
#431=CIRCLE('2564',#430,5.999997404913E0);
#439=CIRCLE('2565',#438,5.999997404913E0);
#447=CIRCLE('2092',#446,3.E0);
#455=CIRCLE('2096',#454,4.6E0);
#463=CIRCLE('2547',#462,3.999999999998E-1);
#471=CIRCLE('2657',#470,4.6E0);
#479=CIRCLE('2459',#478,9.999999999998E-1);
#487=CIRCLE('2183',#486,6.E0);
#495=CIRCLE('2290',#494,6.5E0);
#503=CIRCLE('2289',#502,6.5E0);
#511=CIRCLE('2643',#510,6.E0);
#584=B_SPLINE_CURVE_WITH_KNOTS('2270',3,(#578,#579,#580,#581,#582,#583),
.UNSPECIFIED.,.F.,.F.,(4,1,1,4),(0.E0,3.333333333333E-1,6.666666666667E-1,1.E0),
.UNSPECIFIED.);
#592=CIRCLE('2202',#591,6.E0);
#602=B_SPLINE_CURVE_WITH_KNOTS('2114',3,(#596,#597,#598,#599,#600,#601),
.UNSPECIFIED.,.F.,.F.,(4,1,1,4),(0.E0,3.333333333333E-1,6.666666666667E-1,1.E0),
.UNSPECIFIED.);
#610=CIRCLE('2252',#609,6.5E0);
#618=CIRCLE('2253',#617,6.5E0);
#628=B_SPLINE_CURVE_WITH_KNOTS('2316',3,(#622,#623,#624,#625,#626,#627),
.UNSPECIFIED.,.F.,.F.,(4,1,1,4),(0.E0,3.333333333333E-1,6.666666666667E-1,1.E0),
.UNSPECIFIED.);
#636=CIRCLE('2172',#635,6.E0);
#646=B_SPLINE_CURVE_WITH_KNOTS('2550',3,(#640,#641,#642,#643,#644,#645),
.UNSPECIFIED.,.F.,.F.,(4,1,1,4),(0.E0,3.333333333333E-1,6.666666666667E-1,1.E0),
.UNSPECIFIED.);
#661=CIRCLE('2238',#660,2.7E0);
#669=CIRCLE('2511',#668,4.E0);
#677=CIRCLE('2600',#676,1.375000000392E1);
#685=CIRCLE('2372',#684,1.166629761321E1);
#693=CIRCLE('2394',#692,1.375000000392E1);
#743=CIRCLE('2281',#742,4.E0);
#758=CIRCLE('2134',#757,6.3E0);
#766=CIRCLE('2383',#765,6.8E0);
#774=CIRCLE('2382',#773,6.8E0);
#782=CIRCLE('2222',#781,6.3E0);
#804=CIRCLE('2453',#803,4.204982371849E1);
#819=CIRCLE('2090',#818,1.7E0);
#834=CIRCLE('2081',#833,4.204982371849E1);
#849=CIRCLE('2150',#848,5.E0);
#864=CIRCLE('2306',#863,9.999999999994E-1);
#872=CIRCLE('2658',#871,9.999999999994E-1);
#887=CIRCLE('2196',#886,4.95E0);
#895=CIRCLE('2606',#894,4.E0);
#903=CIRCLE('2295',#902,2.7E0);
#918=CIRCLE('2323',#917,4.E0);
#933=CIRCLE('2189',#932,4.2E0);
#948=CIRCLE('2285',#947,2.5E0);
#956=CIRCLE('2078',#955,2.5E0);
#999=CIRCLE('2530',#998,5.E-1);
#1007=CIRCLE('2164',#1006,1.7E0);
#1015=CIRCLE('2212',#1014,1.7E0);
#1023=CIRCLE('2494',#1022,5.E-1);
#1045=CIRCLE('2326',#1044,1.7E0);
#1053=CIRCLE('2320',#1052,1.7E0);
#1063=B_SPLINE_CURVE_WITH_KNOTS('2410',3,(#1057,#1058,#1059,#1060,#1061,#1062),
.UNSPECIFIED.,.F.,.F.,(4,1,1,4),(0.E0,3.333333333333E-1,6.666666666667E-1,1.E0),
.UNSPECIFIED.);
#1073=B_SPLINE_CURVE_WITH_KNOTS('2390',3,(#1067,#1068,#1069,#1070,#1071,#1072),
.UNSPECIFIED.,.F.,.F.,(4,1,1,4),(0.E0,3.333333333333E-1,6.666666666667E-1,1.E0),
.UNSPECIFIED.);
#1081=CIRCLE('2156',#1080,4.204982371849E1);
#1103=CIRCLE('2186',#1102,6.E0);
#1160=CIRCLE('2286',#1159,1.375000000392E1);
#1168=CIRCLE('2073',#1167,1.175E1);
#1183=CIRCLE('2276',#1182,5.E0);
#1198=CIRCLE('2478',#1197,5.E0);
#1213=CIRCLE('2362',#1212,4.204982371849E1);
#1221=CIRCLE('2532',#1220,2.1E0);
#1229=CIRCLE('2069',#1228,2.1E0);
#1237=CIRCLE('2437',#1236,2.1E0);
#1245=CIRCLE('2531',#1244,1.5E0);
#1253=CIRCLE('2405',#1252,1.5E0);
#1261=CIRCLE('2404',#1260,1.5E0);
#1269=CIRCLE('2089',#1268,1.5E0);
#1277=CIRCLE('2403',#1276,2.2E0);
#1285=CIRCLE('2171',#1284,2.2E0);
#1300=CIRCLE('2313',#1299,2.850000001008E0);
#1308=CIRCLE('2137',#1307,2.850000001008E0);
#1318=B_SPLINE_CURVE_WITH_KNOTS('2485',3,(#1312,#1313,#1314,#1315,#1316,#1317),
.UNSPECIFIED.,.F.,.F.,(4,1,1,4),(0.E0,3.333333333333E-1,6.666666666667E-1,1.E0),
.UNSPECIFIED.);
#1333=CIRCLE('2463',#1332,6.E0);
#1376=CIRCLE('2596',#1375,6.E0);
#1398=CIRCLE('2145',#1397,4.2E0);
#1413=CIRCLE('2173',#1412,4.E0);
#1428=CIRCLE('2315',#1427,6.E0);
#1436=CIRCLE('2423',#1435,5.031370853816E0);
#1444=CIRCLE('2244',#1443,5.031370853816E0);
#1459=CIRCLE('2593',#1458,3.55E0);
#1469=B_SPLINE_CURVE_WITH_KNOTS('2548',3,(#1463,#1464,#1465,#1466,#1467,#1468),
.UNSPECIFIED.,.F.,.F.,(4,1,1,4),(0.E0,3.333333333333E-1,6.666666666667E-1,1.E0),
.UNSPECIFIED.);
#1477=B_SPLINE_CURVE_WITH_KNOTS('2338',3,(#1473,#1474,#1475,#1476),
.UNSPECIFIED.,.F.,.F.,(4,4),(0.E0,1.E0),.UNSPECIFIED.);
#1543=B_SPLINE_CURVE_WITH_KNOTS('2299',3,(#1537,#1538,#1539,#1540,#1541,#1542),
.UNSPECIFIED.,.F.,.F.,(4,1,1,4),(0.E0,3.333333333333E-1,6.666666666667E-1,1.E0),
.UNSPECIFIED.);
#1553=B_SPLINE_CURVE_WITH_KNOTS('2556',3,(#1547,#1548,#1549,#1550,#1551,#1552),
.UNSPECIFIED.,.F.,.F.,(4,1,1,4),(0.E0,3.333333333333E-1,6.666666666667E-1,1.E0),
.UNSPECIFIED.);
#1563=B_SPLINE_CURVE_WITH_KNOTS('2557',3,(#1557,#1558,#1559,#1560,#1561,#1562),
.UNSPECIFIED.,.F.,.F.,(4,1,1,4),(0.E0,3.333333333333E-1,6.666666666667E-1,1.E0),
.UNSPECIFIED.);
#1573=B_SPLINE_CURVE_WITH_KNOTS('2169',3,(#1567,#1568,#1569,#1570,#1571,#1572),
.UNSPECIFIED.,.F.,.F.,(4,1,1,4),(0.E0,3.333333333333E-1,6.666666666667E-1,1.E0),
.UNSPECIFIED.);
#1583=B_SPLINE_CURVE_WITH_KNOTS('2225',3,(#1577,#1578,#1579,#1580,#1581,#1582),
.UNSPECIFIED.,.F.,.F.,(4,1,1,4),(0.E0,3.333333333333E-1,6.666666666667E-1,1.E0),
.UNSPECIFIED.);
#1591=CIRCLE('2207',#1590,2.75E0);
#1599=CIRCLE('2412',#1598,2.75E0);
#1616=B_SPLINE_CURVE_WITH_KNOTS('2232',3,(#1610,#1611,#1612,#1613,#1614,#1615),
.UNSPECIFIED.,.F.,.F.,(4,1,1,4),(0.E0,3.333333333333E-1,6.666666666667E-1,1.E0),
.UNSPECIFIED.);
#1626=B_SPLINE_CURVE_WITH_KNOTS('2077',3,(#1620,#1621,#1622,#1623,#1624,#1625),
.UNSPECIFIED.,.F.,.F.,(4,1,1,4),(0.E0,3.333333333333E-1,6.666666666667E-1,1.E0),
.UNSPECIFIED.);
#1636=B_SPLINE_CURVE_WITH_KNOTS('2259',3,(#1630,#1631,#1632,#1633,#1634,#1635),
.UNSPECIFIED.,.F.,.F.,(4,1,1,4),(0.E0,3.333333333333E-1,6.666666666667E-1,1.E0),
.UNSPECIFIED.);
#1646=B_SPLINE_CURVE_WITH_KNOTS('2626',3,(#1640,#1641,#1642,#1643,#1644,#1645),
.UNSPECIFIED.,.F.,.F.,(4,1,1,4),(0.E0,3.333333333333E-1,6.666666666667E-1,1.E0),
.UNSPECIFIED.);
#1654=CIRCLE('2417',#1653,2.75E0);
#1671=B_SPLINE_CURVE_WITH_KNOTS('2571',3,(#1665,#1666,#1667,#1668,#1669,#1670),
.UNSPECIFIED.,.F.,.F.,(4,1,1,4),(0.E0,3.333333333333E-1,6.666666666667E-1,1.E0),
.UNSPECIFIED.);
#1681=B_SPLINE_CURVE_WITH_KNOTS('2644',3,(#1675,#1676,#1677,#1678,#1679,#1680),
.UNSPECIFIED.,.F.,.F.,(4,1,1,4),(0.E0,3.333333333333E-1,6.666666666667E-1,1.E0),
.UNSPECIFIED.);
#1691=B_SPLINE_CURVE_WITH_KNOTS('2103',3,(#1685,#1686,#1687,#1688,#1689,#1690),
.UNSPECIFIED.,.F.,.F.,(4,1,1,4),(0.E0,3.333333333333E-1,6.666666666667E-1,1.E0),
.UNSPECIFIED.);
#1701=B_SPLINE_CURVE_WITH_KNOTS('2152',3,(#1695,#1696,#1697,#1698,#1699,#1700),
.UNSPECIFIED.,.F.,.F.,(4,1,1,4),(0.E0,3.333333333333E-1,6.666666666667E-1,1.E0),
.UNSPECIFIED.);
#1709=CIRCLE('2144',#1708,2.75E0);
#1731=CIRCLE('2149',#1730,2.75E0);
#1767=CIRCLE('2136',#1766,3.05E0);
#1775=B_SPLINE_CURVE_WITH_KNOTS('2493',3,(#1771,#1772,#1773,#1774),
.UNSPECIFIED.,.F.,.F.,(4,4),(0.E0,1.E0),.UNSPECIFIED.);
#1793=B_SPLINE_CURVE_WITH_KNOTS('2282',3,(#1786,#1787,#1788,#1789,#1790,#1791,
#1792),.UNSPECIFIED.,.F.,.F.,(4,1,1,1,4),(0.E0,2.5E-1,5.E-1,7.5E-1,1.E0),
.UNSPECIFIED.);
#1815=CIRCLE('2457',#1814,2.75E0);
#1823=CIRCLE('2142',#1822,2.75E0);
#1831=CIRCLE('2895',#1830,2.75E0);
#1849=B_SPLINE_CURVE_WITH_KNOTS('2605',3,(#1835,#1836,#1837,#1838,#1839,#1840,
#1841,#1842,#1843,#1844,#1845,#1846,#1847,#1848),.UNSPECIFIED.,.F.,.F.,(4,1,1,1,
1,1,1,1,1,1,1,4),(0.E0,9.090909090909E-2,1.818181818182E-1,2.727272727273E-1,
3.636363636364E-1,4.545454545455E-1,5.454545454545E-1,6.363636363636E-1,
7.272727272727E-1,8.181818181818E-1,9.090909090909E-1,1.E0),.UNSPECIFIED.);
#1857=CIRCLE('2411',#1856,2.749090758778E0);
#1875=B_SPLINE_CURVE_WITH_KNOTS('2109',3,(#1861,#1862,#1863,#1864,#1865,#1866,
#1867,#1868,#1869,#1870,#1871,#1872,#1873,#1874),.UNSPECIFIED.,.F.,.F.,(4,1,1,1,
1,1,1,1,1,1,1,4),(0.E0,9.090909090909E-2,1.818181818182E-1,2.727272727273E-1,
3.636363636364E-1,4.545454545455E-1,5.454545454545E-1,6.363636363636E-1,
7.272727272727E-1,8.181818181818E-1,9.090909090909E-1,1.E0),.UNSPECIFIED.);
#1883=CIRCLE('2898',#1882,2.75E0);
#1891=CIRCLE('2896',#1890,2.75E0);
#1899=CIRCLE('2897',#1898,2.75E0);
#1921=B_SPLINE_CURVE_WITH_KNOTS('2356',3,(#1910,#1911,#1912,#1913,#1914,#1915,
#1916,#1917,#1918,#1919,#1920),.UNSPECIFIED.,.F.,.F.,(4,1,1,1,1,1,1,1,4),(0.E0,
1.25E-1,2.5E-1,3.75E-1,5.E-1,6.25E-1,7.5E-1,8.75E-1,1.E0),.UNSPECIFIED.);
#1936=B_SPLINE_CURVE_WITH_KNOTS('2357',3,(#1925,#1926,#1927,#1928,#1929,#1930,
#1931,#1932,#1933,#1934,#1935),.UNSPECIFIED.,.F.,.F.,(4,1,1,1,1,1,1,1,4),(0.E0,
1.25E-1,2.5E-1,3.75E-1,5.E-1,6.25E-1,7.5E-1,8.75E-1,1.E0),.UNSPECIFIED.);
#1965=B_SPLINE_CURVE_WITH_KNOTS('2659',3,(#1954,#1955,#1956,#1957,#1958,#1959,
#1960,#1961,#1962,#1963,#1964),.UNSPECIFIED.,.F.,.F.,(4,1,1,1,1,1,1,1,4),(0.E0,
1.25E-1,2.5E-1,3.75E-1,5.E-1,6.25E-1,7.5E-1,8.75E-1,1.E0),.UNSPECIFIED.);
#1980=B_SPLINE_CURVE_WITH_KNOTS('2660',3,(#1969,#1970,#1971,#1972,#1973,#1974,
#1975,#1976,#1977,#1978,#1979),.UNSPECIFIED.,.F.,.F.,(4,1,1,1,1,1,1,1,4),(0.E0,
1.25E-1,2.5E-1,3.75E-1,5.E-1,6.25E-1,7.5E-1,8.75E-1,1.E0),.UNSPECIFIED.);
#1993=B_SPLINE_CURVE_WITH_KNOTS('2297',3,(#1984,#1985,#1986,#1987,#1988,#1989,
#1990,#1991,#1992),.UNSPECIFIED.,.F.,.F.,(4,1,1,1,1,1,4),(0.E0,
1.666666666667E-1,3.333333333333E-1,5.E-1,6.666666666667E-1,8.333333333333E-1,
1.E0),.UNSPECIFIED.);
#2006=B_SPLINE_CURVE_WITH_KNOTS('2108',3,(#1997,#1998,#1999,#2000,#2001,#2002,
#2003,#2004,#2005),.UNSPECIFIED.,.F.,.F.,(4,1,1,1,1,1,4),(0.E0,
1.666666666667E-1,3.333333333333E-1,5.E-1,6.666666666667E-1,8.333333333333E-1,
1.E0),.UNSPECIFIED.);
#2026=B_SPLINE_CURVE_WITH_KNOTS('2502',3,(#2017,#2018,#2019,#2020,#2021,#2022,
#2023,#2024,#2025),.UNSPECIFIED.,.F.,.F.,(4,1,1,1,1,1,4),(0.E0,
1.666666666667E-1,3.333333333333E-1,5.E-1,6.666666666667E-1,8.333333333333E-1,
1.E0),.UNSPECIFIED.);
#2046=B_SPLINE_CURVE_WITH_KNOTS('2573',3,(#2037,#2038,#2039,#2040,#2041,#2042,
#2043,#2044,#2045),.UNSPECIFIED.,.F.,.F.,(4,1,1,1,1,1,4),(0.E0,
1.666666666667E-1,3.333333333333E-1,5.E-1,6.666666666667E-1,8.333333333333E-1,
1.E0),.UNSPECIFIED.);
#2059=B_SPLINE_CURVE_WITH_KNOTS('2654',3,(#2050,#2051,#2052,#2053,#2054,#2055,
#2056,#2057,#2058),.UNSPECIFIED.,.F.,.F.,(4,1,1,1,1,1,4),(0.E0,
1.666666666667E-1,3.333333333333E-1,5.E-1,6.666666666667E-1,8.333333333333E-1,
1.E0),.UNSPECIFIED.);
#2086=B_SPLINE_CURVE_WITH_KNOTS('2441',3,(#2077,#2078,#2079,#2080,#2081,#2082,
#2083,#2084,#2085),.UNSPECIFIED.,.F.,.F.,(4,1,1,1,1,1,4),(0.E0,
1.666666666667E-1,3.333333333333E-1,5.E-1,6.666666666667E-1,8.333333333333E-1,
1.E0),.UNSPECIFIED.);
#2101=CIRCLE('2143',#2100,4.6E0);
#2109=CIRCLE('2497',#2108,3.999999999998E-1);
#2117=CIRCLE('2451',#2116,4.6E0);
#2125=CIRCLE('2580',#2124,3.E0);
#2133=CIRCLE('2622',#2132,5.999997404913E0);
#2141=CIRCLE('2621',#2140,5.999997404913E0);
#2149=CIRCLE('2483',#2148,3.E0);
#2157=CIRCLE('2190',#2156,4.6E0);
#2165=CIRCLE('2180',#2164,3.999999999998E-1);
#2173=CIRCLE('2179',#2172,4.6E0);
#2181=CIRCLE('2466',#2180,9.999999999998E-1);
#2189=CIRCLE('2445',#2188,9.999999999998E-1);
#2197=CIRCLE('2215',#2196,4.35E0);
#2205=CIRCLE('2371',#2204,4.35E0);
#2241=CIRCLE('2117',#2240,4.05E0);
#2256=CIRCLE('3021',#2255,4.05E0);
#2271=CIRCLE('3003',#2270,3.650000003917E0);
#2279=CIRCLE('3004',#2278,3.650000003917E0);
#2301=CIRCLE('2287',#2300,3.650000003917E0);
#2309=CIRCLE('2552',#2308,5.E-1);
#2317=CIRCLE('2273',#2316,5.E-1);
#2325=CIRCLE('2112',#2324,3.650000003917E0);
#2333=CIRCLE('2087',#2332,4.5E0);
#2341=CIRCLE('2133',#2340,4.5E0);
#2349=CIRCLE('2460',#2348,4.5E0);
#2357=CIRCLE('2118',#2356,4.5E0);
#2365=CIRCLE('2062',#2364,2.E0);
#2373=CIRCLE('2546',#2372,2.E0);
#2381=CIRCLE('2648',#2380,2.2E0);
#2389=CIRCLE('2200',#2388,2.2E0);
#2397=CIRCLE('2407',#2396,2.2E0);
#2405=CIRCLE('2091',#2404,2.2E0);
#2413=CIRCLE('2406',#2412,4.150000003917E0);
#2421=CIRCLE('2318',#2420,4.150000003917E0);
#2429=CIRCLE('2966',#2428,3.686048774810E0);
#2437=CIRCLE('2968',#2436,3.686048774810E0);
#2459=CIRCLE('2125',#2458,5.E-1);
#2467=CIRCLE('2216',#2466,5.E-1);
#2475=CIRCLE('2506',#2474,5.E0);
#2497=CIRCLE('2334',#2496,5.E-1);
#2505=CIRCLE('2104',#2504,5.E-1);
#2513=CIRCLE('2640',#2512,5.E0);
#2551=B_SPLINE_CURVE_WITH_KNOTS('2191',3,(#2531,#2532,#2533,#2534,#2535,#2536,
#2537,#2538,#2539,#2540,#2541,#2542,#2543,#2544,#2545,#2546,#2547,#2548,#2549,
#2550),.UNSPECIFIED.,.F.,.F.,(4,1,1,1,1,1,1,1,1,1,1,1,1,1,1,1,1,4),(0.E0,
3.125E-2,6.25E-2,9.375E-2,1.25E-1,1.875E-1,2.5E-1,3.125E-1,3.75E-1,5.E-1,
6.25E-1,6.875E-1,7.5E-1,8.125E-1,8.75E-1,9.375E-1,9.6875E-1,1.E0),
.UNSPECIFIED.);
#2561=B_SPLINE_CURVE_WITH_KNOTS('2243',3,(#2555,#2556,#2557,#2558,#2559,#2560),
.UNSPECIFIED.,.F.,.F.,(4,1,1,4),(0.E0,3.333333333333E-1,6.666666666667E-1,1.E0),
.UNSPECIFIED.);
#2571=B_SPLINE_CURVE_WITH_KNOTS('2266',3,(#2565,#2566,#2567,#2568,#2569,#2570),
.UNSPECIFIED.,.F.,.F.,(4,1,1,4),(0.E0,3.333333333333E-1,6.666666666667E-1,1.E0),
.UNSPECIFIED.);
#2623=B_SPLINE_CURVE_WITH_KNOTS('2321',3,(#2603,#2604,#2605,#2606,#2607,#2608,
#2609,#2610,#2611,#2612,#2613,#2614,#2615,#2616,#2617,#2618,#2619,#2620,#2621,
#2622),.UNSPECIFIED.,.F.,.F.,(4,1,1,1,1,1,1,1,1,1,1,1,1,1,1,1,1,4),(0.E0,
3.125E-2,6.25E-2,9.375E-2,1.25E-1,1.875E-1,2.5E-1,3.125E-1,3.75E-1,5.E-1,
6.25E-1,6.875E-1,7.5E-1,8.125E-1,8.75E-1,9.375E-1,9.6875E-1,1.E0),
.UNSPECIFIED.);
#2638=CIRCLE('2239',#2637,2.15E0);
#2653=CIRCLE('2255',#2652,2.5E0);
#2682=CIRCLE('2302',#2681,2.15E0);
#2690=CIRCLE('2376',#2689,1.2E0);
#2698=CIRCLE('2157',#2697,1.2E0);
#2713=CIRCLE('2235',#2712,2.15E0);
#2728=CIRCLE('2093',#2727,2.12E1);
#2736=CIRCLE('2119',#2735,1.2E0);
#2744=CIRCLE('2250',#2743,1.2E0);
#2752=CIRCLE('2638',#2751,1.2E0);
#2760=CIRCLE('2170',#2759,1.88E1);
#2768=CIRCLE('2444',#2767,1.2E0);
#2790=CIRCLE('2488',#2789,2.5E0);
#2798=CIRCLE('2381',#2797,2.15E0);
#2806=CIRCLE('2380',#2805,1.060942976638E1);
#2816=B_SPLINE_CURVE_WITH_KNOTS('2267',3,(#2810,#2811,#2812,#2813,#2814,#2815),
.UNSPECIFIED.,.F.,.F.,(4,1,1,4),(0.E0,3.333333333333E-1,6.666666666667E-1,1.E0),
.UNSPECIFIED.);
#2838=CIRCLE('2111',#2837,2.2E0);
#2846=CIRCLE('2566',#2845,2.2E0);
#2875=CIRCLE('2396',#2874,2.2E0);
#2883=CIRCLE('2614',#2882,2.2E0);
#2989=CIRCLE('2585',#2988,1.250000000873E0);
#2997=CIRCLE('2226',#2996,1.250000000873E0);
#3005=CIRCLE('2309',#3004,1.250000000873E0);
#3013=CIRCLE('2635',#3012,1.250000000873E0);
#3063=CIRCLE('2128',#3062,3.05E0);
#3071=CIRCLE('2127',#3070,3.05E0);
#3086=CIRCLE('2629',#3085,3.05E0);
#3096=B_SPLINE_CURVE_WITH_KNOTS('2351',3,(#3090,#3091,#3092,#3093,#3094,#3095),
.UNSPECIFIED.,.F.,.F.,(4,1,1,4),(0.E0,3.333333333333E-1,6.666666666667E-1,1.E0),
.UNSPECIFIED.);
#3106=B_SPLINE_CURVE_WITH_KNOTS('2160',3,(#3100,#3101,#3102,#3103,#3104,#3105),
.UNSPECIFIED.,.F.,.F.,(4,1,1,4),(0.E0,3.333333333333E-1,6.666666666667E-1,1.E0),
.UNSPECIFIED.);
#3116=B_SPLINE_CURVE_WITH_KNOTS('2599',3,(#3110,#3111,#3112,#3113,#3114,#3115),
.UNSPECIFIED.,.F.,.F.,(4,1,1,4),(0.E0,3.333333333333E-1,6.666666666667E-1,1.E0),
.UNSPECIFIED.);
#3124=CIRCLE('2516',#3123,2.75E0);
#3141=B_SPLINE_CURVE_WITH_KNOTS('2363',3,(#3135,#3136,#3137,#3138,#3139,#3140),
.UNSPECIFIED.,.F.,.F.,(4,1,1,4),(0.E0,3.333333333333E-1,6.666666666667E-1,1.E0),
.UNSPECIFIED.);
#3184=CIRCLE('2159',#3183,3.05E0);
#3206=CIRCLE('2569',#3205,3.05E0);
#3228=CIRCLE('2199',#3227,8.500000008727E-1);
#3250=CIRCLE('2587',#3249,8.500000008727E-1);
#3258=CIRCLE('2579',#3257,8.500000008727E-1);
#3280=CIRCLE('2261',#3279,8.500000008727E-1);
#3288=CIRCLE('2317',#3287,8.500000008727E-1);
#3310=CIRCLE('2272',#3309,8.500000008727E-1);
#3318=CIRCLE('2562',#3317,8.500000008727E-1);
#3340=CIRCLE('2174',#3339,8.500000008727E-1);
#3348=CIRCLE('2470',#3347,1.9E0);
#3356=CIRCLE('2346',#3355,3.E-1);
#3368=B_SPLINE_CURVE_WITH_KNOTS('2574',3,(#3360,#3361,#3362,#3363,#3364,#3365,
#3366,#3367),.UNSPECIFIED.,.F.,.F.,(4,1,1,1,1,4),(0.E0,2.E-1,4.E-1,6.E-1,8.E-1,
1.E0),.UNSPECIFIED.);
#3390=CIRCLE('2613',#3389,3.E-1);
#3408=B_SPLINE_CURVE_WITH_KNOTS('2106',3,(#3394,#3395,#3396,#3397,#3398,#3399,
#3400,#3401,#3402,#3403,#3404,#3405,#3406,#3407),.UNSPECIFIED.,.F.,.F.,(4,1,1,1,
1,1,1,1,1,1,1,4),(0.E0,9.090909090909E-2,1.818181818182E-1,2.727272727273E-1,
3.636363636364E-1,4.545454545455E-1,5.454545454545E-1,6.363636363636E-1,
7.272727272727E-1,8.181818181818E-1,9.090909090909E-1,1.E0),.UNSPECIFIED.);
#3416=CIRCLE('2611',#3415,1.9E0);
#3424=CIRCLE('2192',#3423,1.9E0);
#3437=B_SPLINE_CURVE_WITH_KNOTS('2667',3,(#3428,#3429,#3430,#3431,#3432,#3433,
#3434,#3435,#3436),.UNSPECIFIED.,.F.,.F.,(4,1,1,1,1,1,4),(0.E0,
1.666666666667E-1,3.333333333333E-1,5.E-1,6.666666666667E-1,8.333333333333E-1,
1.E0),.UNSPECIFIED.);
#3445=CIRCLE('2241',#3444,1.69E1);
#3453=CIRCLE('2197',#3452,1.9E0);
#3461=CIRCLE('2549',#3460,1.9E0);
#3469=CIRCLE('2554',#3468,1.9E0);
#3477=CIRCLE('2398',#3476,1.9E0);
#3485=CIRCLE('2509',#3484,1.9E0);
#3493=CIRCLE('2228',#3492,1.31E1);
#3501=CIRCLE('2421',#3500,1.9E0);
#3523=CIRCLE('2314',#3522,1.9E0);
#3531=CIRCLE('2181',#3530,1.31E1);
#3539=CIRCLE('2138',#3538,1.9E0);
#3547=CIRCLE('2561',#3546,1.9E0);
#3555=CIRCLE('2333',#3554,1.69E1);
#3563=CIRCLE('2230',#3562,1.9E0);
#3571=CIRCLE('2254',#3570,1.9E0);
#3579=CIRCLE('2101',#3578,1.9E0);
#3601=CIRCLE('2651',#3600,1.9E0);
#3609=CIRCLE('2304',#3608,3.E-1);
#3617=CIRCLE('2401',#3616,3.E-1);
#3625=CIRCLE('2665',#3624,1.9E0);
#3633=CIRCLE('2084',#3632,2.2E0);
#3641=CIRCLE('2619',#3640,2.2E0);
#3649=CIRCLE('2080',#3648,3.7E0);
#3657=CIRCLE('2067',#3656,3.7E0);
#3679=CIRCLE('2168',#3678,9.999999999994E-1);
#3687=CIRCLE('2124',#3686,9.999999999994E-1);
#3702=CIRCLE('2203',#3701,5.E0);
#3717=CIRCLE('2100',#3716,1.175E1);
#3725=CIRCLE('2476',#3724,1.375000000392E1);
#3733=CIRCLE('2204',#3732,4.E0);
#3741=CIRCLE('2475',#3740,4.95E0);
#3756=CIRCLE('2260',#3755,1.25E0);
#3764=CIRCLE('2490',#3763,1.25E0);
#3772=CIRCLE('2489',#3771,1.25E0);
#3780=CIRCLE('2484',#3779,1.25E0);
#3788=CIRCLE('2449',#3787,2.2E0);
#3796=CIRCLE('2146',#3795,2.2E0);
#3848=B_SPLINE_CURVE_WITH_KNOTS('2570',3,(#3842,#3843,#3844,#3845,#3846,#3847),
.UNSPECIFIED.,.F.,.F.,(4,1,1,4),(0.E0,3.333333333333E-1,6.666666666667E-1,1.E0),
.UNSPECIFIED.);
#3856=CIRCLE('2474',#3855,8.5E-1);
#3878=CIRCLE('2589',#3877,8.5E-1);
#3886=CIRCLE('2575',#3885,8.5E-1);
#3894=CIRCLE('2462',#3893,8.5E-1);
#3902=CIRCLE('2590',#3901,8.5E-1);
#3952=CIRCLE('2097',#3951,8.5E-1);
#3960=CIRCLE('2098',#3959,8.5E-1);
#4024=CIRCLE('2319',#4023,8.5E-1);
#4032=CIRCLE('2263',#4031,1.7E0);
#4054=CIRCLE('2105',#4053,3.E-1);
#4062=CIRCLE('2367',#4061,1.7E0);
#4070=CIRCLE('2198',#4069,1.7E0);
#4078=CIRCLE('2071',#4077,3.E-1);
#4100=CIRCLE('2522',#4099,1.7E0);
#4108=CIRCLE('2604',#4107,5.E-1);
#4116=CIRCLE('2061',#4115,5.E-1);
#4124=CIRCLE('2366',#4123,5.E0);
#4146=CIRCLE('2543',#4145,5.E-1);
#4154=CIRCLE('2588',#4153,5.E0);
#4162=CIRCLE('2155',#4161,5.E-1);
#4207=B_SPLINE_CURVE_WITH_KNOTS('2373',3,(#4201,#4202,#4203,#4204,#4205,#4206),
.UNSPECIFIED.,.F.,.F.,(4,1,1,4),(0.E0,3.333333333333E-1,6.666666666667E-1,1.E0),
.UNSPECIFIED.);
#4217=B_SPLINE_CURVE_WITH_KNOTS('2206',3,(#4211,#4212,#4213,#4214,#4215,#4216),
.UNSPECIFIED.,.F.,.F.,(4,1,1,4),(0.E0,3.333333333333E-1,6.666666666667E-1,1.E0),
.UNSPECIFIED.);
#4225=CIRCLE('2365',#4224,1.7E0);
#4247=CIRCLE('2208',#4246,1.7E0);
#4255=CIRCLE('2616',#4254,5.E-1);
#4277=CIRCLE('2499',#4276,5.E-1);
#4285=CIRCLE('2520',#4284,1.7E0);
#4293=CIRCLE('2655',#4292,1.7E0);
#4315=CIRCLE('2637',#4314,1.7E0);
#4330=CIRCLE('2965',#4329,2.5E0);
#4352=CIRCLE('2967',#4351,2.5E0);
#4367=CIRCLE('3022',#4366,4.05E0);
#4389=CIRCLE('2594',#4388,4.05E0);
#4432=CIRCLE('2607',#4431,6.E0);
#4482=CIRCLE('2414',#4481,8.E-1);
#4490=CIRCLE('2440',#4489,4.465685428867E0);
#4498=CIRCLE('2428',#4497,8.E-1);
#4506=CIRCLE('2663',#4505,4.465685428867E0);
#4528=CIRCLE('2591',#4527,8.E-1);
#4536=CIRCLE('2567',#4535,3.534314578968E0);
#4544=CIRCLE('2541',#4543,2.968629154019E0);
#4552=CIRCLE('2116',#4551,2.968629154019E0);
#4560=CIRCLE('2335',#4559,8.E-1);
#4568=CIRCLE('2079',#4567,3.534314578968E0);
#4576=CIRCLE('2229',#4575,2.350000001008E0);
#4584=CIRCLE('2123',#4583,5.E-1);
#4606=CIRCLE('2630',#4605,2.350000001008E0);
#4614=CIRCLE('2433',#4613,2.350000001008E0);
#4622=CIRCLE('2107',#4621,5.E-1);
#4630=CIRCLE('2213',#4629,2.350000001008E0);
#4638=CIRCLE('2577',#4637,1.1E0);
#4660=CIRCLE('2277',#4659,1.1E0);
#4668=CIRCLE('2399',#4667,1.1E0);
#4676=CIRCLE('2293',#4675,1.1E0);
#4684=CIRCLE('2278',#4683,1.1E0);
#4734=CIRCLE('2537',#4733,1.1E0);
#4742=CIRCLE('2538',#4741,1.1E0);
#4806=CIRCLE('2389',#4805,1.1E0);
#5547=EDGE_CURVE('2431',#4844,#5359,#19,.T.);
#5549=EDGE_CURVE('2080',#4844,#4843,#3649,.T.);
#5551=EDGE_CURVE('2503',#4843,#5358,#43,.T.);
#5553=EDGE_CURVE('2500',#5359,#5358,#28,.T.);
#5557=ADVANCED_FACE('2668',(#5556),#5546,.F.);
#5563=EDGE_CURVE('2284',#5358,#5359,#36,.T.);
#5566=EDGE_CURVE('2067',#4843,#4844,#3657,.T.);
#5571=ADVANCED_FACE('2695',(#5570),#5562,.F.);
#5577=EDGE_CURVE('2505',#5170,#5169,#58,.T.);
#5579=EDGE_CURVE('2636',#5358,#5169,#50,.T.);
#5582=EDGE_CURVE('2438',#5359,#5170,#4813,.T.);
#5586=ADVANCED_FACE('2719',(#5585),#5576,.F.);
#5593=EDGE_CURVE('2280',#5252,#5170,#65,.T.);
#5595=EDGE_CURVE('2348',#5322,#5252,#73,.T.);
#5597=EDGE_CURVE('2539',#5322,#5169,#80,.T.);
#5601=ADVANCED_FACE('2739',(#5600),#5591,.F.);
#5608=EDGE_CURVE('2615',#5252,#5322,#88,.T.);
#5611=EDGE_CURVE('2185',#5169,#5170,#96,.T.);
#5615=ADVANCED_FACE('2882',(#5614),#5606,.F.);
#5621=EDGE_CURVE('2219',#5252,#5108,#103,.T.);
#5624=EDGE_CURVE('2258',#5322,#5109,#110,.T.);
#5626=EDGE_CURVE('2264',#5109,#5108,#172,.T.);
#5630=ADVANCED_FACE('2838',(#5629),#5620,.F.);
#5636=EDGE_CURVE('2161',#5108,#5109,#125,.T.);
#5643=ADVANCED_FACE('2791',(#5642),#5635,.F.);
#5649=EDGE_CURVE('2510',#5487,#5479,#141,.T.);
#5651=EDGE_CURVE('2458',#5109,#5479,#117,.T.);
#5654=EDGE_CURVE('2526',#5108,#5487,#164,.T.);
#5658=ADVANCED_FACE('2818',(#5657),#5648,.F.);
#5664=EDGE_CURVE('2465',#5479,#5487,#133,.T.);
#5669=EDGE_CURVE('2328',#5086,#5085,#149,.T.);
#5671=EDGE_CURVE('2151',#5085,#5086,#157,.T.);
#5675=ADVANCED_FACE('2871',(#5668,#5674),#5663,.F.);
#5687=ADVANCED_FACE('2711',(#5686),#5680,.F.);
#5693=EDGE_CURVE('2558',#5086,#5003,#179,.T.);
#5696=EDGE_CURVE('2656',#5085,#5004,#202,.T.);
#5698=EDGE_CURVE('2122',#5003,#5004,#187,.T.);
#5702=ADVANCED_FACE('2859',(#5701),#5692,.F.);
#5708=EDGE_CURVE('2220',#5004,#5003,#195,.T.);
#5715=ADVANCED_FACE('2875',(#5714),#5707,.F.);
#5721=EDGE_CURVE('2178',#5153,#5154,#225,.T.);
#5723=EDGE_CURVE('2312',#5004,#5154,#209,.T.);
#5726=EDGE_CURVE('2517',#5003,#5153,#256,.T.);
#5730=ADVANCED_FACE('2701',(#5729),#5720,.F.);
#5736=EDGE_CURVE('2608',#5154,#5153,#217,.T.);
#5741=EDGE_CURVE('2343',#5420,#5414,#233,.T.);
#5743=EDGE_CURVE('2653',#5524,#5420,#241,.T.);
#5745=EDGE_CURVE('2652',#5414,#5524,#249,.T.);
#5749=ADVANCED_FACE('2840',(#5740,#5748),#5735,.F.);
#5761=ADVANCED_FACE('2879',(#5760),#5754,.F.);
#5767=EDGE_CURVE('2340',#5055,#5414,#263,.T.);
#5769=EDGE_CURVE('2140',#5055,#5056,#336,.T.);
#5771=EDGE_CURVE('2512',#5056,#5397,#316,.T.);
#5773=EDGE_CURVE('2322',#5397,#4907,#296,.T.);
#5775=EDGE_CURVE('2443',#4907,#5420,#270,.T.);
#5780=ADVANCED_FACE('2829',(#5779),#5766,.F.);
#5788=EDGE_CURVE('2088',#4907,#4908,#283,.T.);
#5790=EDGE_CURVE('2612',#4908,#5445,#376,.T.);
#5792=EDGE_CURVE('2409',#5445,#5055,#349,.T.);
#5798=ADVANCED_FACE('2832',(#5797),#5785,.F.);
#5806=EDGE_CURVE('2486',#5397,#5065,#323,.T.);
#5808=EDGE_CURVE('2143',#5065,#5066,#2101,.T.);
#5810=EDGE_CURVE('2496',#5481,#5066,#303,.T.);
#5812=EDGE_CURVE('2657',#5481,#5409,#471,.T.);
#5814=EDGE_CURVE('2336',#5409,#4908,#383,.T.);
#5818=ADVANCED_FACE('2743',(#5817),#5803,.F.);
#5825=EDGE_CURVE('2167',#5056,#5127,#363,.T.);
#5827=EDGE_CURVE('2497',#5127,#5065,#2109,.T.);
#5832=ADVANCED_FACE('2736',(#5831),#5823,.T.);
#5840=EDGE_CURVE('2379',#4932,#5445,#356,.T.);
#5842=EDGE_CURVE('2096',#4932,#4921,#455,.T.);
#5844=EDGE_CURVE('2331',#4921,#5405,#2212,.T.);
#5846=EDGE_CURVE('2451',#5405,#5127,#2117,.T.);
#5851=ADVANCED_FACE('2747',(#5850),#5837,.F.);
#5859=EDGE_CURVE('2547',#5409,#4932,#463,.T.);
#5864=ADVANCED_FACE('2856',(#5863),#5856,.T.);
#5870=EDGE_CURVE('2370',#5438,#5439,#391,.T.);
#5872=EDGE_CURVE('2598',#5520,#5438,#399,.T.);
#5874=EDGE_CURVE('2597',#5018,#5520,#407,.T.);
#5876=EDGE_CURVE('2126',#5017,#5018,#415,.T.);
#5878=EDGE_CURVE('2413',#5464,#5017,#423,.T.);
#5880=EDGE_CURVE('2564',#5514,#5464,#431,.T.);
#5882=EDGE_CURVE('2565',#4922,#5514,#439,.T.);
#5884=EDGE_CURVE('2092',#4921,#4922,#447,.T.);
#5889=EDGE_CURVE('2459',#4855,#5481,#479,.T.);
#5891=EDGE_CURVE('2364',#4855,#5162,#532,.T.);
#5893=EDGE_CURVE('2183',#5161,#5162,#487,.T.);
#5895=EDGE_CURVE('2290',#5369,#5161,#495,.T.);
#5897=EDGE_CURVE('2289',#5368,#5369,#503,.T.);
#5899=EDGE_CURVE('2643',#5470,#5368,#511,.T.);
#5901=EDGE_CURVE('2426',#5470,#5439,#546,.T.);
#5905=ADVANCED_FACE('2860',(#5904),#5869,.T.);
#5912=EDGE_CURVE('2456',#5308,#5439,#518,.T.);
#5914=EDGE_CURVE('2466',#5308,#5157,#2181,.T.);
#5916=EDGE_CURVE('2450',#5438,#5157,#525,.T.);
#5920=ADVANCED_FACE('2759',(#5919),#5910,.T.);
#5926=EDGE_CURVE('2523',#5139,#5162,#553,.T.);
#5929=EDGE_CURVE('2070',#4855,#4856,#2233,.T.);
#5931=EDGE_CURVE('2247',#5308,#4856,#539,.T.);
#5935=EDGE_CURVE('2647',#5470,#5208,#567,.T.);
#5937=EDGE_CURVE('2270',#5208,#5042,#584,.T.);
#5939=EDGE_CURVE('2482',#5042,#5351,#750,.T.);
#5941=EDGE_CURVE('2358',#5351,#5401,#4453,.T.);
#5943=EDGE_CURVE('2427',#5401,#5272,#910,.T.);
#5945=EDGE_CURVE('2233',#5272,#4831,#789,.T.);
#5947=EDGE_CURVE('2064',#4831,#4832,#653,.T.);
#5949=EDGE_CURVE('2550',#4832,#5139,#646,.T.);
#5953=ADVANCED_FACE('2888',(#5952),#5925,.F.);
#5959=EDGE_CURVE('2542',#5140,#5161,#560,.T.);
#5963=EDGE_CURVE('2172',#5139,#5140,#636,.T.);
#5967=ADVANCED_FACE('2745',(#5966),#5958,.F.);
#5973=EDGE_CURVE('2395',#4982,#5368,#574,.T.);
#5978=EDGE_CURVE('2253',#5140,#5314,#618,.T.);
#5980=EDGE_CURVE('2252',#5314,#4982,#610,.T.);
#5984=ADVANCED_FACE('2815',(#5983),#5972,.F.);
#5993=EDGE_CURVE('2202',#4982,#5208,#592,.T.);
#5997=ADVANCED_FACE('2802',(#5996),#5989,.F.);
#6005=EDGE_CURVE('2114',#4981,#4982,#602,.T.);
#6007=EDGE_CURVE('2134',#4981,#5042,#758,.T.);
#6011=ADVANCED_FACE('2751',(#6010),#6002,.F.);
#6020=EDGE_CURVE('2316',#5254,#5140,#628,.T.);
#6022=EDGE_CURVE('2382',#5254,#5447,#774,.T.);
#6024=EDGE_CURVE('2383',#5447,#4981,#766,.T.);
#6028=ADVANCED_FACE('2696',(#6027),#6016,.F.);
#6037=EDGE_CURVE('2222',#4832,#5254,#782,.T.);
#6041=ADVANCED_FACE('2813',(#6040),#6033,.F.);
#6048=EDGE_CURVE('2238',#5284,#4831,#661,.T.);
#6050=EDGE_CURVE('2511',#5501,#5284,#669,.T.);
#6052=EDGE_CURVE('2600',#5441,#5501,#677,.T.);
#6054=EDGE_CURVE('2372',#5330,#5441,#685,.T.);
#6056=EDGE_CURVE('2394',#5282,#5330,#693,.T.);
#6058=EDGE_CURVE('2237',#5281,#5282,#700,.T.);
#6060=EDGE_CURVE('2391',#5388,#5281,#707,.T.);
#6062=EDGE_CURVE('2311',#5387,#5388,#714,.T.);
#6064=EDGE_CURVE('2424',#5365,#5387,#721,.T.);
#6066=EDGE_CURVE('2288',#5364,#5365,#728,.T.);
#6068=EDGE_CURVE('2620',#5326,#5364,#735,.T.);
#6070=EDGE_CURVE('2369',#5326,#5352,#4417,.T.);
#6072=EDGE_CURVE('2281',#5351,#5352,#743,.T.);
#6081=ADVANCED_FACE('2804',(#6080),#6046,.T.);
#6089=EDGE_CURVE('2295',#5272,#5375,#903,.T.);
#6091=EDGE_CURVE('2662',#5284,#5375,#796,.T.);
#6095=ADVANCED_FACE('2766',(#6094),#6086,.F.);
#6101=EDGE_CURVE('2453',#5384,#5475,#804,.T.);
#6103=EDGE_CURVE('2310',#4914,#5384,#811,.T.);
#6105=EDGE_CURVE('2090',#4913,#4914,#819,.T.);
#6107=EDGE_CURVE('2435',#4890,#4913,#826,.T.);
#6109=EDGE_CURVE('2081',#4889,#4890,#834,.T.);
#6111=EDGE_CURVE('2446',#5082,#4889,#841,.T.);
#6113=EDGE_CURVE('2150',#5081,#5082,#849,.T.);
#6115=EDGE_CURVE('2430',#5340,#5081,#856,.T.);
#6117=EDGE_CURVE('2306',#5380,#5340,#864,.T.);
#6119=EDGE_CURVE('2658',#5318,#5380,#872,.T.);
#6121=EDGE_CURVE('2256',#5196,#5318,#879,.T.);
#6123=EDGE_CURVE('2196',#5195,#5196,#887,.T.);
#6125=EDGE_CURVE('2606',#5375,#5195,#895,.T.);
#6129=EDGE_CURVE('2323',#5400,#5401,#918,.T.);
#6131=EDGE_CURVE('2432',#5072,#5400,#925,.T.);
#6133=EDGE_CURVE('2189',#5037,#5072,#933,.T.);
#6135=EDGE_CURVE('2533',#5475,#5037,#940,.T.);
#6139=EDGE_CURVE('2285',#4882,#4881,#948,.T.);
#6141=EDGE_CURVE('2078',#4881,#4882,#956,.T.);
#6145=ADVANCED_FACE('2706',(#6138,#6144),#6100,.T.);
#6151=EDGE_CURVE('2624',#5384,#5454,#963,.T.);
#6154=EDGE_CURVE('2563',#5095,#5475,#970,.T.);
#6156=EDGE_CURVE('2156',#5095,#5096,#1081,.T.);
#6158=EDGE_CURVE('2390',#5096,#5454,#1073,.T.);
#6162=ADVANCED_FACE('2758',(#6161),#6150,.F.);
#6168=EDGE_CURVE('2529',#5395,#4914,#991,.T.);
#6172=EDGE_CURVE('2410',#5454,#5395,#1063,.T.);
#6176=ADVANCED_FACE('2863',(#6175),#6167,.F.);
#6182=EDGE_CURVE('2164',#5116,#5117,#1007,.T.);
#6184=EDGE_CURVE('2471',#5329,#5117,#977,.T.);
#6186=EDGE_CURVE('2365',#5329,#5219,#4225,.T.);
#6188=EDGE_CURVE('2595',#4913,#5219,#984,.T.);
#6192=EDGE_CURVE('2320',#5395,#5396,#1053,.T.);
#6194=EDGE_CURVE('2518',#5396,#5116,#1030,.T.);
#6198=ADVANCED_FACE('2795',(#6197),#6181,.F.);
#6204=EDGE_CURVE('2530',#5203,#5116,#999,.T.);
#6206=EDGE_CURVE('2200',#5203,#5204,#2389,.T.);
#6208=EDGE_CURVE('2494',#5204,#5117,#1023,.T.);
#6213=ADVANCED_FACE('2805',(#6212),#6203,.T.);
#6219=EDGE_CURVE('2212',#5117,#5116,#1015,.T.);
#6222=EDGE_CURVE('2648',#5204,#5203,#2381,.T.);
#6227=ADVANCED_FACE('2890',(#6226),#6218,.T.);
#6234=EDGE_CURVE('2326',#5396,#5329,#1045,.T.);
#6240=ADVANCED_FACE('2700',(#6239),#6232,.F.);
#6246=EDGE_CURVE('2586',#4851,#5396,#1037,.T.);
#6248=EDGE_CURVE('2069',#4851,#4852,#1229,.T.);
#6250=EDGE_CURVE('2265',#4852,#5329,#4197,.T.);
#6255=ADVANCED_FACE('2763',(#6254),#6245,.F.);
#6264=EDGE_CURVE('2437',#5096,#4851,#1237,.T.);
#6269=ADVANCED_FACE('2720',(#6268),#6260,.F.);
#6276=EDGE_CURVE('2385',#5449,#5095,#1088,.T.);
#6278=EDGE_CURVE('2504',#5174,#5449,#1095,.T.);
#6280=EDGE_CURVE('2186',#5173,#5174,#1103,.T.);
#6282=EDGE_CURVE('2633',#5424,#5173,#1110,.T.);
#6284=EDGE_CURVE('2347',#5028,#5424,#1117,.T.);
#6286=EDGE_CURVE('2515',#5000,#5028,#1124,.T.);
#6288=EDGE_CURVE('2408',#5435,#5000,#1131,.T.);
#6290=EDGE_CURVE('2452',#5418,#5435,#1138,.T.);
#6292=EDGE_CURVE('2342',#5417,#5418,#1145,.T.);
#6294=EDGE_CURVE('2416',#5361,#5417,#1152,.T.);
#6296=EDGE_CURVE('2286',#4866,#5361,#1160,.T.);
#6298=EDGE_CURVE('2073',#4865,#4866,#1168,.T.);
#6300=EDGE_CURVE('2464',#5344,#4865,#1175,.T.);
#6302=EDGE_CURVE('2276',#5343,#5344,#1183,.T.);
#6304=EDGE_CURVE('2469',#5491,#5343,#1190,.T.);
#6306=EDGE_CURVE('2478',#5403,#5491,#1198,.T.);
#6308=EDGE_CURVE('2329',#5206,#5403,#1205,.T.);
#6310=EDGE_CURVE('2362',#5430,#5206,#1213,.T.);
#6312=EDGE_CURVE('2532',#4852,#5430,#1221,.T.);
#6318=EDGE_CURVE('2531',#5112,#4861,#1245,.T.);
#6320=EDGE_CURVE('2176',#5112,#5148,#4719,.T.);
#6322=EDGE_CURVE('2405',#5462,#5148,#1253,.T.);
#6324=EDGE_CURVE('2404',#4930,#5462,#1261,.T.);
#6326=EDGE_CURVE('2095',#4930,#4910,#4763,.T.);
#6328=EDGE_CURVE('2089',#4861,#4910,#1269,.T.);
#6332=EDGE_CURVE('2403',#5136,#5135,#1277,.T.);
#6334=EDGE_CURVE('2171',#5135,#5136,#1285,.T.);
#6338=ADVANCED_FACE('2862',(#6317,#6331,#6337),#6274,.T.);
#6344=EDGE_CURVE('2544',#5038,#5075,#1390,.T.);
#6346=EDGE_CURVE('2439',#5449,#5075,#1292,.T.);
#6351=EDGE_CURVE('2132',#5037,#5038,#4467,.T.);
#6355=EDGE_CURVE('2313',#5007,#4961,#1300,.T.);
#6357=EDGE_CURVE('2137',#4961,#5007,#1308,.T.);
#6361=ADVANCED_FACE('2849',(#6354,#6360),#6343,.F.);
#6367=EDGE_CURVE('2485',#5353,#5390,#1318,.T.);
#6369=EDGE_CURVE('2282',#5353,#5277,#1793,.T.);
#6371=EDGE_CURVE('2257',#5320,#5277,#1325,.T.);
#6373=EDGE_CURVE('2463',#5294,#5320,#1333,.T.);
#6375=EDGE_CURVE('2242',#5293,#5294,#1340,.T.);
#6377=EDGE_CURVE('2283',#5355,#5293,#1347,.T.);
#6379=EDGE_CURVE('2555',#5511,#5355,#1354,.T.);
#6381=EDGE_CURVE('2601',#4870,#5511,#1361,.T.);
#6383=EDGE_CURVE('2074',#4869,#4870,#1368,.T.);
#6385=EDGE_CURVE('2596',#5076,#4869,#1376,.T.);
#6387=EDGE_CURVE('2148',#5075,#5076,#1383,.T.);
#6390=EDGE_CURVE('2145',#5070,#5038,#1398,.T.);
#6392=EDGE_CURVE('2359',#5144,#5070,#1405,.T.);
#6394=EDGE_CURVE('2173',#5143,#5144,#1413,.T.);
#6396=EDGE_CURVE('2279',#5348,#5143,#1420,.T.);
#6398=EDGE_CURVE('2315',#5390,#5348,#1428,.T.);
#6402=EDGE_CURVE('2423',#5300,#5299,#1436,.T.);
#6404=EDGE_CURVE('2244',#5299,#5300,#1444,.T.);
#6408=ADVANCED_FACE('2761',(#6401,#6407),#6366,.T.);
#6414=EDGE_CURVE('2646',#4848,#5410,#1451,.T.);
#6416=EDGE_CURVE('2109',#4848,#4964,#1875,.T.);
#6418=EDGE_CURVE('2479',#4964,#5303,#1807,.T.);
#6420=EDGE_CURVE('2593',#5353,#5303,#1459,.T.);
#6423=EDGE_CURVE('2548',#5410,#5390,#1469,.T.);
#6427=ADVANCED_FACE('2858',(#6426),#6413,.F.);
#6433=EDGE_CURVE('2068',#4847,#4848,#1498,.T.);
#6436=EDGE_CURVE('2338',#4876,#5410,#1477,.T.);
#6438=EDGE_CURVE('2076',#4836,#4876,#1484,.T.);
#6440=EDGE_CURVE('2154',#4836,#5046,#1716,.T.);
#6442=EDGE_CURVE('2644',#5046,#4847,#1681,.T.);
#6446=ADVANCED_FACE('2742',(#6445),#6432,.F.);
#6452=EDGE_CURVE('2461',#5485,#5223,#1491,.T.);
#6454=EDGE_CURVE('2897',#5485,#5477,#1899,.T.);
#6456=EDGE_CURVE('2898',#5477,#4848,#1883,.T.);
#6459=EDGE_CURVE('2144',#4847,#5068,#1709,.T.);
#6461=EDGE_CURVE('2339',#5412,#5068,#1505,.T.);
#6463=EDGE_CURVE('2417',#5412,#5443,#1654,.T.);
#6465=EDGE_CURVE('2374',#5269,#5443,#1512,.T.);
#6467=EDGE_CURVE('2412',#5269,#5223,#1599,.T.);
#6471=ADVANCED_FACE('2767',(#6470),#6451,.F.);
#6477=EDGE_CURVE('2207',#5223,#5224,#1591,.T.);
#6479=EDGE_CURVE('2623',#5431,#5224,#1519,.T.);
#6481=EDGE_CURVE('2516',#5431,#5422,#3124,.T.);
#6483=EDGE_CURVE('2345',#5078,#5422,#1526,.T.);
#6485=EDGE_CURVE('2149',#5078,#4835,#1731,.T.);
#6487=EDGE_CURVE('2307',#5278,#4835,#1533,.T.);
#6489=EDGE_CURVE('2895',#5278,#5061,#1831,.T.);
#6491=EDGE_CURVE('2896',#5061,#5485,#1891,.T.);
#6496=ADVANCED_FACE('2854',(#6495),#6476,.F.);
#6502=EDGE_CURVE('2232',#5269,#5270,#1616,.T.);
#6504=EDGE_CURVE('2299',#5090,#5270,#1543,.T.);
#6506=EDGE_CURVE('2159',#5090,#5104,#3184,.T.);
#6508=EDGE_CURVE('2556',#5512,#5104,#1553,.T.);
#6510=EDGE_CURVE('2557',#5468,#5512,#1563,.T.);
#6512=EDGE_CURVE('2629',#5468,#4874,#3086,.T.);
#6514=EDGE_CURVE('2169',#5130,#4874,#1573,.T.);
#6516=EDGE_CURVE('2225',#5224,#5130,#1583,.T.);
#6522=ADVANCED_FACE('2765',(#6521),#6501,.F.);
#6528=EDGE_CURVE('2626',#5443,#5323,#1646,.T.);
#6530=EDGE_CURVE('2473',#5270,#5323,#1606,.T.);
#6536=ADVANCED_FACE('2697',(#6535),#6527,.T.);
#6542=EDGE_CURVE('2571',#5412,#4878,#1671,.T.);
#6544=EDGE_CURVE('2077',#4877,#4878,#1626,.T.);
#6546=EDGE_CURVE('2569',#4877,#5288,#3206,.T.);
#6548=EDGE_CURVE('2259',#5323,#5288,#1636,.T.);
#6554=ADVANCED_FACE('2861',(#6553),#6541,.F.);
#6560=EDGE_CURVE('2152',#5068,#4949,#1701,.T.);
#6562=EDGE_CURVE('2393',#4878,#4949,#1661,.T.);
#6568=ADVANCED_FACE('2709',(#6567),#6559,.F.);
#6575=EDGE_CURVE('2136',#5046,#4950,#1767,.T.);
#6577=EDGE_CURVE('2103',#4949,#4950,#1691,.T.);
#6583=ADVANCED_FACE('2889',(#6582),#6573,.F.);
#6590=EDGE_CURVE('2065',#4835,#4836,#1723,.T.);
#6593=EDGE_CURVE('2194',#5190,#5078,#1738,.T.);
#6595=EDGE_CURVE('2298',#5190,#5355,#3148,.T.);
#6598=EDGE_CURVE('2525',#5261,#5293,#1745,.T.);
#6600=EDGE_CURVE('2513',#5261,#5327,#4424,.T.);
#6602=EDGE_CURVE('2262',#5326,#5327,#1752,.T.);
#6605=EDGE_CURVE('2419',#4950,#5364,#1759,.T.);
#6610=ADVANCED_FACE('2768',(#6609),#6588,.F.);
#6617=EDGE_CURVE('2236',#5277,#5278,#1782,.T.);
#6622=EDGE_CURVE('2493',#5320,#4876,#1775,.T.);
#6626=ADVANCED_FACE('2733',(#6625),#6615,.F.);
#6632=EDGE_CURVE('2245',#5303,#5304,#1800,.T.);
#6634=EDGE_CURVE('2605',#5304,#5278,#1849,.T.);
#6641=ADVANCED_FACE('2786',(#6640),#6631,.F.);
#6647=EDGE_CURVE('2411',#5304,#4964,#1857,.T.);
#6653=ADVANCED_FACE('2810',(#6652),#6646,.T.);
#6659=EDGE_CURVE('2457',#5306,#5477,#1815,.T.);
#6661=EDGE_CURVE('2660',#5306,#5525,#1980,.T.);
#6663=EDGE_CURVE('2659',#5525,#5062,#1965,.T.);
#6665=EDGE_CURVE('2142',#5061,#5062,#1823,.T.);
#6674=ADVANCED_FACE('2674',(#6673),#6658,.F.);
#6682=EDGE_CURVE('2357',#5062,#5428,#1936,.T.);
#6684=EDGE_CURVE('2356',#5428,#5306,#1921,.T.);
#6690=ADVANCED_FACE('2878',(#6689),#6679,.F.);
#6696=EDGE_CURVE('2246',#5306,#4963,#1906,.T.);
#6700=EDGE_CURVE('2661',#5132,#5062,#1943,.T.);
#6702=EDGE_CURVE('2638',#5132,#4924,#2752,.T.);
#6704=EDGE_CURVE('2388',#4924,#5453,#1950,.T.);
#6706=EDGE_CURVE('2573',#5453,#5499,#2046,.T.);
#6708=EDGE_CURVE('2502',#5499,#4839,#2026,.T.);
#6710=EDGE_CURVE('2108',#4839,#4963,#2006,.T.);
#6714=ADVANCED_FACE('2789',(#6713),#6695,.F.);
#6720=EDGE_CURVE('2297',#4963,#5376,#1993,.T.);
#6722=EDGE_CURVE('2441',#5376,#5473,#2086,.T.);
#6724=EDGE_CURVE('2654',#5473,#5453,#2059,.T.);
#6727=EDGE_CURVE('2250',#4924,#5132,#2744,.T.);
#6735=ADVANCED_FACE('2841',(#6734),#6719,.F.);
#6743=EDGE_CURVE('2066',#4839,#4840,#2033,.T.);
#6745=EDGE_CURVE('2190',#4840,#5182,#2157,.T.);
#6747=EDGE_CURVE('2330',#5017,#5182,#2013,.T.);
#6750=EDGE_CURVE('2628',#5018,#5376,#2093,.T.);
#6754=ADVANCED_FACE('2825',(#6753),#6740,.F.);
#6761=EDGE_CURVE('2501',#5499,#5158,#2073,.T.);
#6763=EDGE_CURVE('2180',#5158,#4840,#2165,.T.);
#6768=ADVANCED_FACE('2872',(#6767),#6759,.T.);
#6776=EDGE_CURVE('2627',#5520,#5473,#2066,.T.);
#6780=EDGE_CURVE('2179',#5157,#5158,#2173,.T.);
#6785=ADVANCED_FACE('2821',(#6784),#6773,.F.);
#6797=ADVANCED_FACE('2722',(#6796),#6790,.T.);
#6806=EDGE_CURVE('2580',#5516,#5405,#2125,.T.);
#6808=EDGE_CURVE('2622',#5522,#5516,#2133,.T.);
#6810=EDGE_CURVE('2621',#5495,#5522,#2141,.T.);
#6812=EDGE_CURVE('2483',#5182,#5495,#2149,.T.);
#6819=EDGE_CURVE('2445',#5066,#4856,#2189,.T.);
#6823=EDGE_CURVE('2215',#5241,#5242,#2197,.T.);
#6825=EDGE_CURVE('2371',#5242,#5241,#2205,.T.);
#6829=ADVANCED_FACE('2877',(#6822,#6828),#6802,.T.);
#6836=EDGE_CURVE('2583',#4922,#5516,#2219,.T.);
#6842=ADVANCED_FACE('2762',(#6841),#6834,.F.);
#6849=EDGE_CURVE('2572',#5464,#5495,#2226,.T.);
#6857=ADVANCED_FACE('2702',(#6856),#6847,.F.);
#6869=ADVANCED_FACE('2880',(#6868),#6862,.F.);
#6881=ADVANCED_FACE('2714',(#6880),#6874,.T.);
#6887=EDGE_CURVE('2117',#4991,#4992,#2241,.T.);
#6889=EDGE_CURVE('2375',#5241,#4991,#2248,.T.);
#6892=EDGE_CURVE('2536',#5242,#4992,#4381,.T.);
#6896=ADVANCED_FACE('2793',(#6895),#6886,.F.);
#6902=EDGE_CURVE('3021',#5540,#5541,#2256,.T.);
#6904=EDGE_CURVE('3023',#4991,#5541,#2263,.T.);
#6907=EDGE_CURVE('3024',#4992,#5540,#4374,.T.);
#6911=ADVANCED_FACE('2771',(#6910),#6901,.F.);
#6918=EDGE_CURVE('3022',#5541,#5540,#4367,.T.);
#6922=EDGE_CURVE('3003',#5536,#5537,#2271,.T.);
#6924=EDGE_CURVE('3004',#5537,#5536,#2279,.T.);
#6928=ADVANCED_FACE('3002',(#6921,#6927),#6916,.T.);
#6934=EDGE_CURVE('3030',#5536,#4976,#2293,.T.);
#6937=EDGE_CURVE('3029',#4975,#5537,#2286,.T.);
#6939=EDGE_CURVE('2112',#4975,#4976,#2325,.T.);
#6943=ADVANCED_FACE('2730',(#6942),#6933,.F.);
#6952=EDGE_CURVE('2287',#4976,#4975,#2301,.T.);
#6956=ADVANCED_FACE('2691',(#6955),#6948,.F.);
#6963=EDGE_CURVE('2552',#5392,#4976,#2309,.T.);
#6965=EDGE_CURVE('2406',#5392,#5338,#2413,.T.);
#6967=EDGE_CURVE('2273',#5338,#4975,#2317,.T.);
#6971=ADVANCED_FACE('2693',(#6970),#6961,.T.);
#6978=EDGE_CURVE('2318',#5338,#5392,#2421,.T.);
#6984=ADVANCED_FACE('2705',(#6983),#6976,.T.);
#6990=EDGE_CURVE('2609',#4994,#4906,#2444,.T.);
#6992=EDGE_CURVE('2087',#4905,#4906,#2333,.T.);
#6994=EDGE_CURVE('2354',#4905,#4954,#2482,.T.);
#6996=EDGE_CURVE('2133',#5040,#4954,#2341,.T.);
#6998=EDGE_CURVE('2645',#5040,#5483,#2527,.T.);
#7000=EDGE_CURVE('2460',#5092,#5483,#2349,.T.);
#7002=EDGE_CURVE('2296',#5092,#4820,#4138,.T.);
#7004=EDGE_CURVE('2118',#4994,#4820,#2357,.T.);
#7008=EDGE_CURVE('2062',#4823,#4824,#2365,.T.);
#7010=EDGE_CURVE('2546',#4824,#4823,#2373,.T.);
#7018=EDGE_CURVE('2407',#4918,#4917,#2397,.T.);
#7020=EDGE_CURVE('2091',#4917,#4918,#2405,.T.);
#7028=EDGE_CURVE('2966',#5532,#5533,#2429,.T.);
#7030=EDGE_CURVE('2968',#5533,#5532,#2437,.T.);
#7034=ADVANCED_FACE('2772',(#7007,#7013,#7017,#7023,#7027,#7033),#6989,.F.);
#7040=EDGE_CURVE('2216',#5244,#4906,#2467,.T.);
#7043=EDGE_CURVE('2604',#4994,#5433,#4108,.T.);
#7045=EDGE_CURVE('2521',#5244,#5433,#2451,.T.);
#7049=ADVANCED_FACE('2712',(#7048),#7039,.T.);
#7055=EDGE_CURVE('2125',#4905,#5014,#2459,.T.);
#7059=EDGE_CURVE('2506',#5014,#5244,#2475,.T.);
#7063=ADVANCED_FACE('2776',(#7062),#7054,.T.);
#7069=EDGE_CURVE('2104',#4953,#4954,#2505,.T.);
#7073=EDGE_CURVE('2182',#4953,#5014,#2489,.T.);
#7077=ADVANCED_FACE('2806',(#7076),#7068,.T.);
#7083=EDGE_CURVE('2334',#5040,#5407,#2497,.T.);
#7087=EDGE_CURVE('2640',#5407,#4953,#2513,.T.);
#7091=ADVANCED_FACE('2781',(#7090),#7082,.T.);
#7098=EDGE_CURVE('2468',#5489,#5407,#2520,.T.);
#7100=EDGE_CURVE('2543',#5489,#5483,#4146,.T.);
#7105=ADVANCED_FACE('2752',(#7104),#7096,.T.);
#7111=EDGE_CURVE('2632',#5296,#5489,#2592,.T.);
#7114=EDGE_CURVE('2477',#5407,#5491,#4239,.T.);
#7117=EDGE_CURVE('2602',#5343,#5184,#2578,.T.);
#7119=EDGE_CURVE('2191',#5183,#5184,#2551,.T.);
#7121=EDGE_CURVE('2321',#5183,#5296,#2623,.T.);
#7125=ADVANCED_FACE('2757',(#7124),#7110,.F.);
#7131=EDGE_CURVE('2243',#5295,#5296,#2561,.T.);
#7133=EDGE_CURVE('2266',#5184,#5295,#2571,.T.);
#7137=EDGE_CURVE('2617',#5044,#5344,#2585,.T.);
#7139=EDGE_CURVE('2588',#5044,#5489,#4154,.T.);
#7144=ADVANCED_FACE('2721',(#7143),#7130,.T.);
#7150=EDGE_CURVE('2415',#5316,#5183,#2599,.T.);
#7152=EDGE_CURVE('2488',#5316,#5310,#2790,.T.);
#7154=EDGE_CURVE('2454',#5310,#5295,#2630,.T.);
#7160=ADVANCED_FACE('2707',(#7159),#7149,.F.);
#7169=EDGE_CURVE('2255',#5310,#5316,#2653,.T.);
#7174=ADVANCED_FACE('2748',(#7173),#7165,.F.);
#7180=EDGE_CURVE('2239',#5286,#5218,#2638,.T.);
#7182=EDGE_CURVE('2467',#5316,#5286,#2645,.T.);
#7185=EDGE_CURVE('2249',#5310,#5218,#2782,.T.);
#7189=ADVANCED_FACE('2746',(#7188),#7179,.F.);
#7196=EDGE_CURVE('2205',#5217,#5218,#2660,.T.);
#7198=EDGE_CURVE('2235',#5217,#5274,#2713,.T.);
#7200=EDGE_CURVE('2400',#5274,#5286,#2667,.T.);
#7204=ADVANCED_FACE('2846',(#7203),#7194,.F.);
#7211=EDGE_CURVE('2302',#5274,#5217,#2682,.T.);
#7214=EDGE_CURVE('2381',#5218,#5286,#2798,.T.);
#7218=ADVANCED_FACE('2788',(#7217),#7209,.F.);
#7224=EDGE_CURVE('2300',#5217,#5098,#2674,.T.);
#7227=EDGE_CURVE('2508',#5274,#4901,#2705,.T.);
#7229=EDGE_CURVE('2376',#5098,#4901,#2690,.T.);
#7233=ADVANCED_FACE('2725',(#7232),#7223,.F.);
#7239=EDGE_CURVE('2157',#4901,#5098,#2698,.T.);
#7246=ADVANCED_FACE('2833',(#7245),#7238,.F.);
#7252=EDGE_CURVE('2119',#4996,#4902,#2736,.T.);
#7254=EDGE_CURVE('2085',#4901,#4902,#2720,.T.);
#7257=EDGE_CURVE('2641',#5098,#4996,#2775,.T.);
#7261=ADVANCED_FACE('2708',(#7260),#7251,.F.);
#7267=EDGE_CURVE('2093',#4902,#4924,#2728,.T.);
#7270=EDGE_CURVE('2170',#4996,#5132,#2760,.T.);
#7275=ADVANCED_FACE('2797',(#7274),#7266,.F.);
#7283=EDGE_CURVE('2444',#4902,#4996,#2768,.T.);
#7288=ADVANCED_FACE('2684',(#7287),#7280,.F.);
#7300=ADVANCED_FACE('2824',(#7299),#7293,.F.);
#7312=ADVANCED_FACE('2857',(#7311),#7305,.F.);
#7320=EDGE_CURVE('2380',#4944,#4865,#2806,.T.);
#7322=EDGE_CURVE('2130',#4944,#5030,#3709,.T.);
#7324=EDGE_CURVE('2274',#5030,#4819,#3664,.T.);
#7326=EDGE_CURVE('2135',#4819,#5044,#4131,.T.);
#7330=ADVANCED_FACE('2769',(#7329),#7317,.F.);
#7338=EDGE_CURVE('2267',#4866,#5330,#2816,.T.);
#7341=EDGE_CURVE('2570',#5441,#4943,#3848,.T.);
#7343=EDGE_CURVE('2100',#4943,#4944,#3717,.T.);
#7347=ADVANCED_FACE('2823',(#7346),#7335,.F.);
#7356=EDGE_CURVE('2352',#5282,#5361,#2823,.T.);
#7360=ADVANCED_FACE('2749',(#7359),#7352,.F.);
#7366=EDGE_CURVE('2386',#5451,#5281,#2860,.T.);
#7371=EDGE_CURVE('2581',#4972,#5417,#2830,.T.);
#7373=EDGE_CURVE('2111',#4971,#4972,#2838,.T.);
#7375=EDGE_CURVE('2566',#5451,#4971,#2846,.T.);
#7379=ADVANCED_FACE('2843',(#7378),#7365,.F.);
#7385=EDGE_CURVE('2355',#4980,#4958,#2853,.T.);
#7387=EDGE_CURVE('2568',#4980,#5229,#2981,.T.);
#7389=EDGE_CURVE('2448',#5229,#5388,#3220,.T.);
#7393=EDGE_CURVE('2667',#5451,#4957,#3437,.T.);
#7395=EDGE_CURVE('2106',#4957,#4958,#3408,.T.);
#7399=ADVANCED_FACE('2847',(#7398),#7384,.F.);
#7405=EDGE_CURVE('2218',#4979,#5250,#2867,.T.);
#7407=EDGE_CURVE('2113',#4979,#4980,#2897,.T.);
#7410=EDGE_CURVE('2396',#5456,#4958,#2875,.T.);
#7412=EDGE_CURVE('2614',#5250,#5456,#2883,.T.);
#7416=ADVANCED_FACE('2713',(#7415),#7404,.F.);
#7423=EDGE_CURVE('2519',#5334,#5418,#2890,.T.);
#7425=EDGE_CURVE('2271',#5334,#4979,#2904,.T.);
#7428=EDGE_CURVE('2574',#5250,#4972,#3368,.T.);
#7433=ADVANCED_FACE('2737',(#7432),#7421,.F.);
#7439=EDGE_CURVE('2642',#5371,#5334,#2911,.T.);
#7443=EDGE_CURVE('2368',#5435,#5371,#3027,.T.);
#7447=ADVANCED_FACE('2704',(#7446),#7438,.F.);
#7456=EDGE_CURVE('2291',#4999,#5371,#2918,.T.);
#7458=EDGE_CURVE('2434',#5027,#4999,#2925,.T.);
#7460=EDGE_CURVE('2344',#5238,#5027,#2932,.T.);
#7462=EDGE_CURVE('2481',#4873,#5238,#2939,.T.);
#7464=EDGE_CURVE('2422',#5468,#4873,#2946,.T.);
#7468=EDGE_CURVE('2325',#5089,#5104,#2953,.T.);
#7470=EDGE_CURVE('2188',#5180,#5089,#2960,.T.);
#7472=EDGE_CURVE('2378',#5230,#5180,#2967,.T.);
#7474=EDGE_CURVE('2209',#5229,#5230,#2974,.T.);
#7479=EDGE_CURVE('2585',#5258,#4893,#2989,.T.);
#7481=EDGE_CURVE('2226',#4893,#5258,#2997,.T.);
#7485=EDGE_CURVE('2309',#5150,#5382,#3005,.T.);
#7487=EDGE_CURVE('2635',#5382,#5150,#3013,.T.);
#7491=ADVANCED_FACE('2727',(#7478,#7484,#7490),#7452,.T.);
#7498=EDGE_CURVE('2120',#4999,#5000,#3020,.T.);
#7504=ADVANCED_FACE('2694',(#7503),#7496,.F.);
#7511=EDGE_CURVE('2129',#5027,#5028,#3034,.T.);
#7517=ADVANCED_FACE('2728',(#7516),#7509,.F.);
#7523=EDGE_CURVE('2214',#5238,#5021,#3041,.T.);
#7528=EDGE_CURVE('2534',#4870,#5424,#3048,.T.);
#7531=EDGE_CURVE('2666',#5024,#5511,#3055,.T.);
#7533=EDGE_CURVE('2128',#5022,#5024,#3063,.T.);
#7535=EDGE_CURVE('2127',#5021,#5022,#3071,.T.);
#7539=ADVANCED_FACE('2831',(#7538),#7522,.F.);
#7545=EDGE_CURVE('2075',#4873,#4874,#3078,.T.);
#7549=EDGE_CURVE('2351',#5021,#5427,#3096,.T.);
#7551=EDGE_CURVE('2377',#5427,#5130,#3131,.T.);
#7556=ADVANCED_FACE('2891',(#7555),#7544,.F.);
#7567=ADVANCED_FACE('2886',(#7566),#7561,.F.);
#7573=EDGE_CURVE('2363',#5431,#5427,#3141,.T.);
#7578=EDGE_CURVE('2160',#5105,#5024,#3106,.T.);
#7580=EDGE_CURVE('2599',#5422,#5105,#3116,.T.);
#7585=ADVANCED_FACE('2798',(#7584),#7572,.F.);
#7597=ADVANCED_FACE('2893',(#7596),#7590,.F.);
#7607=EDGE_CURVE('2221',#5190,#5105,#3155,.T.);
#7611=ADVANCED_FACE('2876',(#7610),#7602,.F.);
#7623=ADVANCED_FACE('2869',(#7622),#7616,.T.);
#7630=EDGE_CURVE('2578',#5173,#4869,#3162,.T.);
#7636=ADVANCED_FACE('2853',(#7635),#7628,.F.);
#7645=EDGE_CURVE('2664',#5076,#5174,#3169,.T.);
#7649=ADVANCED_FACE('2672',(#7648),#7641,.F.);
#7661=ADVANCED_FACE('2692',(#7660),#7654,.F.);
#7667=EDGE_CURVE('2153',#5089,#5090,#3176,.T.);
#7673=ADVANCED_FACE('2800',(#7672),#7666,.F.);
#7680=EDGE_CURVE('2240',#5180,#5288,#3191,.T.);
#7688=ADVANCED_FACE('2830',(#7687),#7678,.F.);
#7694=EDGE_CURVE('2303',#4877,#5365,#3213,.T.);
#7697=EDGE_CURVE('2341',#5230,#5387,#3198,.T.);
#7704=ADVANCED_FACE('2673',(#7703),#7693,.F.);
#7718=ADVANCED_FACE('2852',(#7717),#7709,.F.);
#7730=ADVANCED_FACE('2675',(#7729),#7723,.F.);
#7736=EDGE_CURVE('2199',#5200,#4894,#3228,.T.);
#7738=EDGE_CURVE('2540',#5258,#5200,#3235,.T.);
#7741=EDGE_CURVE('2083',#4893,#4894,#3272,.T.);
#7745=ADVANCED_FACE('2688',(#7744),#7735,.F.);
#7751=EDGE_CURVE('2579',#5509,#5466,#3258,.T.);
#7753=EDGE_CURVE('2420',#5200,#5466,#3242,.T.);
#7756=EDGE_CURVE('2553',#4894,#5509,#3265,.T.);
#7760=ADVANCED_FACE('2801',(#7759),#7750,.F.);
#7766=EDGE_CURVE('2587',#5466,#5509,#3250,.T.);
#7771=ADVANCED_FACE('2717',(#7770),#7765,.T.);
#7778=EDGE_CURVE('2261',#4894,#5200,#3280,.T.);
#7784=ADVANCED_FACE('2816',(#7783),#7776,.F.);
#7796=ADVANCED_FACE('2809',(#7795),#7789,.F.);
#7802=EDGE_CURVE('2317',#4927,#5146,#3288,.T.);
#7804=EDGE_CURVE('2177',#5150,#4927,#3295,.T.);
#7807=EDGE_CURVE('2507',#5382,#5146,#3332,.T.);
#7811=ADVANCED_FACE('2724',(#7810),#7801,.F.);
#7817=EDGE_CURVE('2562',#5336,#4928,#3318,.T.);
#7819=EDGE_CURVE('2094',#4927,#4928,#3302,.T.);
#7822=EDGE_CURVE('2576',#5146,#5336,#3325,.T.);
#7826=ADVANCED_FACE('2817',(#7825),#7816,.F.);
#7832=EDGE_CURVE('2272',#4928,#5336,#3310,.T.);
#7837=ADVANCED_FACE('2690',(#7836),#7831,.T.);
#7844=EDGE_CURVE('2174',#5146,#4927,#3340,.T.);
#7850=ADVANCED_FACE('2686',(#7849),#7842,.F.);
#7862=ADVANCED_FACE('2681',(#7861),#7855,.F.);
#7868=EDGE_CURVE('2470',#5186,#5493,#3348,.T.);
#7870=EDGE_CURVE('2346',#4971,#5186,#3356,.T.);
#7875=EDGE_CURVE('2613',#5456,#5493,#3390,.T.);
#7879=ADVANCED_FACE('2787',(#7878),#7867,.T.);
#7885=EDGE_CURVE('2625',#5458,#5493,#3375,.T.);
#7887=EDGE_CURVE('2398',#5458,#5290,#3477,.T.);
#7889=EDGE_CURVE('2554',#5290,#5188,#3469,.T.);
#7891=EDGE_CURVE('2193',#5188,#5186,#3382,.T.);
#7896=ADVANCED_FACE('2698',(#7895),#7884,.F.);
#7902=EDGE_CURVE('2611',#5493,#4957,#3416,.T.);
#7904=EDGE_CURVE('2192',#4957,#5186,#3424,.T.);
#7907=EDGE_CURVE('2549',#5188,#5264,#3461,.T.);
#7909=EDGE_CURVE('2509',#5264,#5458,#3485,.T.);
#7914=ADVANCED_FACE('2855',(#7913),#7901,.F.);
#7926=ADVANCED_FACE('2822',(#7925),#7919,.T.);
#7938=ADVANCED_FACE('2807',(#7937),#7931,.T.);
#7944=EDGE_CURVE('2241',#5198,#5290,#3445,.T.);
#7946=EDGE_CURVE('2197',#4984,#5198,#3453,.T.);
#7948=EDGE_CURVE('2228',#4984,#5264,#3493,.T.);
#7954=ADVANCED_FACE('2881',(#7953),#7943,.F.);
#7963=EDGE_CURVE('2421',#5198,#4984,#3501,.T.);
#7968=ADVANCED_FACE('2740',(#7967),#7959,.F.);
#7974=EDGE_CURVE('2115',#4947,#4984,#3508,.T.);
#7976=EDGE_CURVE('2101',#4947,#4948,#3579,.T.);
#7978=EDGE_CURVE('2610',#4948,#5198,#3515,.T.);
#7983=ADVANCED_FACE('2679',(#7982),#7973,.F.);
#7991=EDGE_CURVE('2314',#4948,#4947,#3523,.T.);
#7996=ADVANCED_FACE('2885',(#7995),#7988,.F.);
#8003=EDGE_CURVE('2181',#5050,#4948,#3531,.T.);
#8005=EDGE_CURVE('2138',#5049,#5050,#3539,.T.);
#8007=EDGE_CURVE('2561',#5266,#5049,#3547,.T.);
#8009=EDGE_CURVE('2333',#5266,#4947,#3555,.T.);
#8013=ADVANCED_FACE('2794',(#8012),#8001,.F.);
#8020=EDGE_CURVE('2230',#4828,#5266,#3563,.T.);
#8022=EDGE_CURVE('2254',#5050,#4828,#3571,.T.);
#8028=ADVANCED_FACE('2773',(#8027),#8018,.F.);
#8035=EDGE_CURVE('2301',#5378,#5049,#3586,.T.);
#8037=EDGE_CURVE('2665',#5378,#4827,#3625,.T.);
#8039=EDGE_CURVE('2063',#4827,#4828,#3593,.T.);
#8044=ADVANCED_FACE('2844',(#8043),#8033,.F.);
#8051=EDGE_CURVE('2651',#4827,#5378,#3601,.T.);
#8058=ADVANCED_FACE('2851',(#8057),#8049,.F.);
#8065=EDGE_CURVE('2304',#4897,#4827,#3609,.T.);
#8067=EDGE_CURVE('2084',#4897,#4898,#3633,.T.);
#8069=EDGE_CURVE('2401',#4898,#5378,#3617,.T.);
#8073=ADVANCED_FACE('2734',(#8072),#8063,.T.);
#8080=EDGE_CURVE('2619',#4898,#4897,#3641,.T.);
#8086=ADVANCED_FACE('2741',(#8085),#8078,.T.);
#8092=EDGE_CURVE('2639',#5433,#5210,#3671,.T.);
#8094=EDGE_CURVE('2650',#5210,#5011,#3694,.T.);
#8096=EDGE_CURVE('2275',#5011,#5340,#3817,.T.);
#8099=EDGE_CURVE('2425',#5081,#5244,#4169,.T.);
#8112=ADVANCED_FACE('2782',(#8103,#8107,#8111),#8091,.F.);
#8119=EDGE_CURVE('2203',#5030,#5210,#3702,.T.);
#8122=EDGE_CURVE('2366',#5433,#4819,#4124,.T.);
#8126=ADVANCED_FACE('2716',(#8125),#8117,.T.);
#8132=EDGE_CURVE('2168',#5012,#5129,#3679,.T.);
#8134=EDGE_CURVE('2124',#5011,#5012,#3687,.T.);
#8140=EDGE_CURVE('2476',#5214,#4943,#3725,.T.);
#8142=EDGE_CURVE('2204',#5213,#5214,#3733,.T.);
#8144=EDGE_CURVE('2475',#5232,#5213,#3741,.T.);
#8146=EDGE_CURVE('2210',#5129,#5232,#3748,.T.);
#8150=EDGE_CURVE('2260',#5101,#5165,#3756,.T.);
#8152=EDGE_CURVE('2158',#5101,#5102,#3937,.T.);
#8154=EDGE_CURVE('2490',#5497,#5102,#3764,.T.);
#8156=EDGE_CURVE('2489',#5332,#5497,#3772,.T.);
#8158=EDGE_CURVE('2294',#5332,#5125,#3981,.T.);
#8160=EDGE_CURVE('2484',#5165,#5125,#3780,.T.);
#8164=EDGE_CURVE('2449',#5053,#5033,#3788,.T.);
#8166=EDGE_CURVE('2146',#5033,#5053,#3796,.T.);
#8170=ADVANCED_FACE('2865',(#8149,#8163,#8169),#8131,.T.);
#8176=EDGE_CURVE('2305',#5012,#5380,#3803,.T.);
#8179=EDGE_CURVE('2491',#5318,#5129,#3810,.T.);
#8184=ADVANCED_FACE('2738',(#8183),#8175,.T.);
#8196=ADVANCED_FACE('2864',(#8195),#8189,.T.);
#8205=EDGE_CURVE('2524',#5232,#5196,#3824,.T.);
#8209=ADVANCED_FACE('2783',(#8208),#8201,.F.);
#8218=EDGE_CURVE('2649',#5213,#5195,#3838,.T.);
#8222=ADVANCED_FACE('2699',(#8221),#8214,.F.);
#8229=EDGE_CURVE('2584',#5501,#5214,#3831,.T.);
#8237=ADVANCED_FACE('2835',(#8236),#8227,.T.);
#8249=ADVANCED_FACE('2883',(#8248),#8242,.F.);
#8255=EDGE_CURVE('2474',#5247,#5166,#3856,.T.);
#8257=EDGE_CURVE('2392',#5101,#5247,#3863,.T.);
#8260=EDGE_CURVE('2184',#5165,#5166,#4009,.T.);
#8264=ADVANCED_FACE('2750',(#8263),#8254,.F.);
#8270=EDGE_CURVE('2575',#5460,#5248,#3886,.T.);
#8272=EDGE_CURVE('2217',#5247,#5248,#3870,.T.);
#8275=EDGE_CURVE('2402',#5166,#5460,#3995,.T.);
#8279=ADVANCED_FACE('2680',(#8278),#8269,.F.);
#8285=EDGE_CURVE('2589',#5507,#5518,#3878,.T.);
#8287=EDGE_CURVE('2631',#5507,#5248,#3923,.T.);
#8290=EDGE_CURVE('2462',#5192,#5460,#3894,.T.);
#8292=EDGE_CURVE('2349',#5192,#5426,#3988,.T.);
#8294=EDGE_CURVE('2590',#5518,#5426,#3902,.T.);
#8298=ADVANCED_FACE('2828',(#8297),#8284,.T.);
#8304=EDGE_CURVE('2545',#5507,#4936,#3909,.T.);
#8308=EDGE_CURVE('2495',#4938,#5426,#3916,.T.);
#8310=EDGE_CURVE('2098',#4938,#4935,#3960,.T.);
#8312=EDGE_CURVE('2097',#4935,#4936,#3952,.T.);
#8316=ADVANCED_FACE('2850',(#8315),#8303,.F.);
#8325=EDGE_CURVE('2337',#4936,#5247,#3930,.T.);
#8329=ADVANCED_FACE('2710',(#8328),#8321,.F.);
#8337=EDGE_CURVE('2308',#4936,#5102,#3944,.T.);
#8342=ADVANCED_FACE('2790',(#8341),#8334,.T.);
#8351=EDGE_CURVE('2268',#5332,#4938,#3967,.T.);
#8357=ADVANCED_FACE('2682',(#8356),#8347,.F.);
#8364=EDGE_CURVE('2292',#5124,#4938,#3974,.T.);
#8366=EDGE_CURVE('2166',#5124,#5125,#4016,.T.);
#8371=ADVANCED_FACE('2670',(#8370),#8362,.T.);
#8379=EDGE_CURVE('2195',#5192,#5124,#4002,.T.);
#8384=ADVANCED_FACE('2735',(#8383),#8376,.F.);
#8391=EDGE_CURVE('2319',#5166,#5124,#4024,.T.);
#8397=ADVANCED_FACE('2731',(#8396),#8389,.F.);
#8409=ADVANCED_FACE('2867',(#8408),#8402,.F.);
#8415=EDGE_CURVE('2263',#5054,#5034,#4032,.T.);
#8417=EDGE_CURVE('2139',#5053,#5054,#4039,.T.);
#8420=EDGE_CURVE('2131',#5033,#5034,#4092,.T.);
#8424=ADVANCED_FACE('2819',(#8423),#8414,.F.);
#8430=EDGE_CURVE('2367',#4956,#4858,#4062,.T.);
#8432=EDGE_CURVE('2436',#5054,#4858,#4046,.T.);
#8435=EDGE_CURVE('2327',#5034,#4956,#4085,.T.);
#8439=ADVANCED_FACE('2820',(#8438),#8429,.F.);
#8445=EDGE_CURVE('2105',#4824,#4956,#4054,.T.);
#8448=EDGE_CURVE('2071',#4823,#4858,#4078,.T.);
#8453=ADVANCED_FACE('2866',(#8452),#8444,.T.);
#8459=EDGE_CURVE('2198',#4858,#4956,#4070,.T.);
#8466=ADVANCED_FACE('2775',(#8465),#8458,.T.);
#8473=EDGE_CURVE('2522',#5034,#5054,#4100,.T.);
#8479=ADVANCED_FACE('2671',(#8478),#8471,.F.);
#8491=ADVANCED_FACE('2754',(#8490),#8484,.F.);
#8499=EDGE_CURVE('2061',#4819,#4820,#4116,.T.);
#8504=ADVANCED_FACE('2811',(#8503),#8496,.T.);
#8510=EDGE_CURVE('2155',#5092,#5044,#4162,.T.);
#8517=ADVANCED_FACE('2834',(#8516),#8509,.T.);
#8529=ADVANCED_FACE('2785',(#8528),#8522,.T.);
#8537=EDGE_CURVE('2559',#5014,#5082,#4176,.T.);
#8542=ADVANCED_FACE('2755',(#8541),#8534,.T.);
#8550=EDGE_CURVE('2201',#4889,#5206,#4183,.T.);
#8553=EDGE_CURVE('2603',#5403,#4953,#4232,.T.);
#8558=ADVANCED_FACE('2803',(#8557),#8547,.F.);
#8567=EDGE_CURVE('2429',#5220,#4890,#4190,.T.);
#8569=EDGE_CURVE('2373',#5220,#5430,#4207,.T.);
#8573=ADVANCED_FACE('2774',(#8572),#8563,.F.);
#8582=EDGE_CURVE('2206',#5219,#5220,#4217,.T.);
#8586=ADVANCED_FACE('2778',(#8585),#8578,.F.);
#8599=ADVANCED_FACE('2780',(#8598),#8591,.F.);
#8611=ADVANCED_FACE('2873',(#8610),#8604,.T.);
#8617=EDGE_CURVE('2208',#5121,#5226,#4247,.T.);
#8619=EDGE_CURVE('2616',#4918,#5121,#4255,.T.);
#8622=EDGE_CURVE('2499',#4917,#5226,#4277,.T.);
#8626=ADVANCED_FACE('2779',(#8625),#8616,.T.);
#8632=EDGE_CURVE('2251',#5312,#5226,#4262,.T.);
#8634=EDGE_CURVE('2637',#5312,#5120,#4315,.T.);
#8636=EDGE_CURVE('2165',#5120,#5121,#4269,.T.);
#8641=ADVANCED_FACE('2729',(#8640),#8631,.F.);
#8647=EDGE_CURVE('2520',#5226,#5121,#4285,.T.);
#8650=EDGE_CURVE('2655',#5120,#5312,#4293,.T.);
#8655=ADVANCED_FACE('2839',(#8654),#8646,.F.);
#8667=ADVANCED_FACE('2756',(#8666),#8660,.T.);
#8674=EDGE_CURVE('2397',#5136,#5120,#4300,.T.);
#8677=EDGE_CURVE('2324',#5135,#5312,#4307,.T.);
#8681=ADVANCED_FACE('2676',(#8680),#8672,.F.);
#8693=ADVANCED_FACE('2678',(#8692),#8686,.F.);
#8699=EDGE_CURVE('2965',#5528,#5529,#4330,.T.);
#8701=EDGE_CURVE('2971',#5529,#5533,#4359,.T.);
#8704=EDGE_CURVE('2972',#5528,#5532,#4322,.T.);
#8708=ADVANCED_FACE('2962',(#8707),#8698,.F.);
#8715=EDGE_CURVE('2970',#5528,#4881,#4337,.T.);
#8718=EDGE_CURVE('2969',#4882,#5529,#4344,.T.);
#8722=ADVANCED_FACE('2837',(#8721),#8713,.F.);
#8728=EDGE_CURVE('2967',#5529,#5528,#4352,.T.);
#8735=ADVANCED_FACE('2687',(#8734),#8727,.F.);
#8747=ADVANCED_FACE('2957',(#8746),#8740,.F.);
#8755=EDGE_CURVE('2594',#4992,#4991,#4389,.T.);
#8760=ADVANCED_FACE('2827',(#8759),#8752,.F.);
#8772=ADVANCED_FACE('2784',(#8771),#8765,.F.);
#8779=EDGE_CURVE('2592',#5503,#5348,#4396,.T.);
#8781=EDGE_CURVE('2607',#5503,#5262,#4432,.T.);
#8783=EDGE_CURVE('2487',#5294,#5262,#4403,.T.);
#8791=ADVANCED_FACE('2848',(#8790),#8777,.F.);
#8797=EDGE_CURVE('2514',#5503,#5327,#4410,.T.);
#8801=EDGE_CURVE('2447',#5143,#5352,#4460,.T.);
#8807=ADVANCED_FACE('2732',(#8806),#8796,.F.);
#8814=EDGE_CURVE('2227',#5261,#5262,#4439,.T.);
#8820=ADVANCED_FACE('2814',(#8819),#8812,.T.);
#8832=ADVANCED_FACE('2826',(#8831),#8825,.F.);
#8839=EDGE_CURVE('2350',#5400,#5144,#4446,.T.);
#8847=ADVANCED_FACE('2887',(#8846),#8837,.F.);
#8854=EDGE_CURVE('2147',#5070,#5072,#4474,.T.);
#8860=ADVANCED_FACE('2842',(#8859),#8852,.F.);
#8872=ADVANCED_FACE('2770',(#8871),#8865,.T.);
#8878=EDGE_CURVE('2414',#5256,#5299,#4482,.T.);
#8880=EDGE_CURVE('2440',#4940,#5256,#4490,.T.);
#8882=EDGE_CURVE('2428',#4940,#5300,#4498,.T.);
#8887=ADVANCED_FACE('2892',(#8886),#8877,.T.);
#8895=EDGE_CURVE('2663',#5256,#4940,#4506,.T.);
#8900=ADVANCED_FACE('2884',(#8899),#8892,.T.);
#8906=EDGE_CURVE('2223',#5256,#4886,#4513,.T.);
#8909=EDGE_CURVE('2099',#4940,#4885,#4520,.T.);
#8911=EDGE_CURVE('2079',#4885,#4886,#4568,.T.);
#8915=ADVANCED_FACE('2870',(#8914),#8905,.F.);
#8921=EDGE_CURVE('2567',#4886,#4885,#4536,.T.);
#8928=ADVANCED_FACE('2808',(#8927),#8920,.F.);
#8934=EDGE_CURVE('2116',#4987,#4988,#4552,.T.);
#8936=EDGE_CURVE('2591',#4885,#4988,#4528,.T.);
#8939=EDGE_CURVE('2335',#4886,#4987,#4560,.T.);
#8943=ADVANCED_FACE('2703',(#8942),#8933,.F.);
#8949=EDGE_CURVE('2541',#4988,#4987,#4544,.T.);
#8954=ADVANCED_FACE('2799',(#8953),#8948,.T.);
#8966=ADVANCED_FACE('2753',(#8965),#8959,.F.);
#8972=EDGE_CURVE('2229',#5008,#4962,#4576,.T.);
#8974=EDGE_CURVE('2123',#5007,#5008,#4584,.T.);
#8977=EDGE_CURVE('2107',#4961,#4962,#4622,.T.);
#8981=ADVANCED_FACE('2796',(#8980),#8971,.T.);
#8987=EDGE_CURVE('2480',#5008,#5472,#4591,.T.);
#8990=EDGE_CURVE('2231',#4962,#5268,#4598,.T.);
#8992=EDGE_CURVE('2630',#5268,#5472,#4606,.T.);
#8996=ADVANCED_FACE('2715',(#8995),#8986,.F.);
#9002=EDGE_CURVE('2433',#5472,#5268,#4614,.T.);
#9005=EDGE_CURVE('2213',#4962,#5008,#4630,.T.);
#9010=ADVANCED_FACE('2685',(#9009),#9001,.F.);
#9020=ADVANCED_FACE('2874',(#9019),#9015,.T.);
#9032=ADVANCED_FACE('2836',(#9031),#9025,.T.);
#9038=EDGE_CURVE('2577',#5113,#4862,#4638,.T.);
#9040=EDGE_CURVE('2163',#5112,#5113,#4645,.T.);
#9043=EDGE_CURVE('2072',#4861,#4862,#4791,.T.);
#9047=ADVANCED_FACE('2726',(#9046),#9037,.F.);
#9053=EDGE_CURVE('2399',#5373,#5058,#4668,.T.);
#9055=EDGE_CURVE('2455',#5113,#5058,#4652,.T.);
#9058=EDGE_CURVE('2582',#4862,#5373,#4777,.T.);
#9062=ADVANCED_FACE('2683',(#9061),#9052,.F.);
#9068=EDGE_CURVE('2277',#4967,#5346,#4660,.T.);
#9070=EDGE_CURVE('2141',#4967,#5058,#4705,.T.);
#9073=EDGE_CURVE('2293',#5177,#5373,#4676,.T.);
#9075=EDGE_CURVE('2234',#5177,#5236,#4770,.T.);
#9077=EDGE_CURVE('2278',#5346,#5236,#4684,.T.);
#9081=ADVANCED_FACE('2812',(#9080),#9067,.T.);
#9087=EDGE_CURVE('2110',#4967,#4968,#4691,.T.);
#9091=EDGE_CURVE('2211',#5235,#5236,#4698,.T.);
#9093=EDGE_CURVE('2538',#5235,#5505,#4742,.T.);
#9095=EDGE_CURVE('2537',#5505,#4968,#4734,.T.);
#9099=ADVANCED_FACE('2777',(#9098),#9086,.F.);
#9108=EDGE_CURVE('2551',#4968,#5113,#4712,.T.);
#9112=ADVANCED_FACE('2792',(#9111),#9104,.F.);
#9120=EDGE_CURVE('2527',#4968,#5148,#4726,.T.);
#9125=ADVANCED_FACE('2894',(#9124),#9117,.T.);
#9134=EDGE_CURVE('2498',#4930,#5235,#4749,.T.);
#9140=ADVANCED_FACE('2718',(#9139),#9130,.F.);
#9147=EDGE_CURVE('2332',#5178,#5235,#4756,.T.);
#9149=EDGE_CURVE('2387',#5178,#4910,#4798,.T.);
#9154=ADVANCED_FACE('2868',(#9153),#9145,.T.);
#9162=EDGE_CURVE('2187',#5177,#5178,#4784,.T.);
#9167=ADVANCED_FACE('2723',(#9166),#9159,.F.);
#9174=EDGE_CURVE('2389',#4862,#5178,#4806,.T.);
#9180=ADVANCED_FACE('2744',(#9179),#9172,.F.);
#9192=ADVANCED_FACE('2764',(#9191),#9185,.F.);
#9204=ADVANCED_FACE('2760',(#9203),#9197,.F.);
#9205=CLOSED_SHELL('',(#5557,#5571,#5586,#5601,#5615,#5630,#5643,#5658,#5675,
#5687,#5702,#5715,#5730,#5749,#5761,#5780,#5798,#5818,#5832,#5851,#5864,#5905,
#5920,#5953,#5967,#5984,#5997,#6011,#6028,#6041,#6081,#6095,#6145,#6162,#6176,
#6198,#6213,#6227,#6240,#6255,#6269,#6338,#6361,#6408,#6427,#6446,#6471,#6496,
#6522,#6536,#6554,#6568,#6583,#6610,#6626,#6641,#6653,#6674,#6690,#6714,#6735,
#6754,#6768,#6785,#6797,#6829,#6842,#6857,#6869,#6881,#6896,#6911,#6928,#6943,
#6956,#6971,#6984,#7034,#7049,#7063,#7077,#7091,#7105,#7125,#7144,#7160,#7174,
#7189,#7204,#7218,#7233,#7246,#7261,#7275,#7288,#7300,#7312,#7330,#7347,#7360,
#7379,#7399,#7416,#7433,#7447,#7491,#7504,#7517,#7539,#7556,#7567,#7585,#7597,
#7611,#7623,#7636,#7649,#7661,#7673,#7688,#7704,#7718,#7730,#7745,#7760,#7771,
#7784,#7796,#7811,#7826,#7837,#7850,#7862,#7879,#7896,#7914,#7926,#7938,#7954,
#7968,#7983,#7996,#8013,#8028,#8044,#8058,#8073,#8086,#8112,#8126,#8170,#8184,
#8196,#8209,#8222,#8237,#8249,#8264,#8279,#8298,#8316,#8329,#8342,#8357,#8371,
#8384,#8397,#8409,#8424,#8439,#8453,#8466,#8479,#8491,#8504,#8517,#8529,#8542,
#8558,#8573,#8586,#8599,#8611,#8626,#8641,#8655,#8667,#8681,#8693,#8708,#8722,
#8735,#8747,#8760,#8772,#8791,#8807,#8820,#8832,#8847,#8860,#8872,#8887,#8900,
#8915,#8928,#8943,#8954,#8966,#8981,#8996,#9010,#9020,#9032,#9047,#9062,#9081,
#9099,#9112,#9125,#9140,#9154,#9167,#9180,#9192,#9204));
#9206=MANIFOLD_SOLID_BREP('',#9205);
#9214=(LENGTH_UNIT()NAMED_UNIT(*)SI_UNIT(.MILLI.,.METRE.));
#9215=(NAMED_UNIT(*)PLANE_ANGLE_UNIT()SI_UNIT($,.RADIAN.));
#9218=(NAMED_UNIT(*)SI_UNIT($,.STERADIAN.)SOLID_ANGLE_UNIT());
#9220=(GEOMETRIC_REPRESENTATION_CONTEXT(3)GLOBAL_UNCERTAINTY_ASSIGNED_CONTEXT((
#9219))GLOBAL_UNIT_ASSIGNED_CONTEXT((#9214,#9217,#9218))REPRESENTATION_CONTEXT(
'ID1','3'));
#9221=ADVANCED_BREP_SHAPE_REPRESENTATION('',(#9206),#9220);
#9229=PRODUCT_DEFINITION('design','',#9228,#9225);
#9230=PRODUCT_DEFINITION_SHAPE('','SHAPE FOR _0001.',#9229);
#9231=SHAPE_ASPECT('','solid data associated with _0001',#9230,.F.);
#9232=PROPERTY_DEFINITION('',
'shape for solid data with which properties are associated',#9231);
#9233=SHAPE_REPRESENTATION('',(#9206),#9220);
#9234=SHAPE_DEFINITION_REPRESENTATION(#9232,#9233);
#9235=(LENGTH_UNIT()NAMED_UNIT(*)SI_UNIT(.MILLI.,.METRE.));
#9239=PROPERTY_DEFINITION('geometric validation property','area of _0001',
#9231);
#9240=REPRESENTATION('surface area',(#9238),#9220);
#9241=PROPERTY_DEFINITION_REPRESENTATION(#9239,#9240);
#9242=(LENGTH_UNIT()NAMED_UNIT(*)SI_UNIT(.MILLI.,.METRE.));
#9246=PROPERTY_DEFINITION('geometric validation property','volume of _0001',
#9231);
#9247=REPRESENTATION('volume',(#9245),#9220);
#9248=PROPERTY_DEFINITION_REPRESENTATION(#9246,#9247);
#9250=PROPERTY_DEFINITION('geometric validation property','centroid of _0001',
#9231);
#9251=REPRESENTATION('centroid',(#9249),#9220);
#9252=PROPERTY_DEFINITION_REPRESENTATION(#9250,#9251);
#9253=(LENGTH_UNIT()NAMED_UNIT(*)SI_UNIT(.MILLI.,.METRE.));
#9257=PROPERTY_DEFINITION('geometric validation property','area of _0001',
#9230);
#9258=REPRESENTATION('surface area',(#9256),#9220);
#9259=PROPERTY_DEFINITION_REPRESENTATION(#9257,#9258);
#9260=(LENGTH_UNIT()NAMED_UNIT(*)SI_UNIT(.MILLI.,.METRE.));
#9264=PROPERTY_DEFINITION('geometric validation property','volume of _0001',
#9230);
#9265=REPRESENTATION('volume',(#9263),#9220);
#9266=PROPERTY_DEFINITION_REPRESENTATION(#9264,#9265);
#9268=PROPERTY_DEFINITION('geometric validation property','centroid of _0001',
#9230);
#9269=REPRESENTATION('centroid',(#9267),#9220);
#9270=PROPERTY_DEFINITION_REPRESENTATION(#9268,#9269);
#9271=SHAPE_DEFINITION_REPRESENTATION(#9230,#9221);
ENDSEC;
END-ISO-10303-21;
