ISO-10303-21;
HEADER;
FILE_DESCRIPTION((''),'2;1');
FILE_NAME('_0003','2026-01-15T23:21:06',('ACE'),(''),
'CREO PARAMETRIC BY PTC INC, 2025102','CREO PARAMETRIC BY PTC INC, 2025102','');
FILE_SCHEMA((
'AP242_MANAGED_MODEL_BASED_3D_ENGINEERING_MIM_LF { 1 0 10303 442 1 1 4 }'));
ENDSEC;
DATA;
#14=DIRECTION('',(-1.E0,0.E0,0.E0));
#15=VECTOR('',#14,1.4E0);
#16=CARTESIAN_POINT('',(1.9E0,2.690485102482E1,1.112991152848E1));
#17=LINE('1434',#16,#15);
#18=DIRECTION('',(1.E0,0.E0,0.E0));
#19=VECTOR('',#18,1.4E0);
#20=CARTESIAN_POINT('',(5.E-1,2.427969887724E1,1.25E1));
#21=LINE('1639',#20,#19);
#22=DIRECTION('',(1.E0,0.E0,0.E0));
#23=VECTOR('',#22,1.4E0);
#24=CARTESIAN_POINT('',(1.77E1,2.427969887724E1,1.25E1));
#25=LINE('1795',#24,#23);
#26=DIRECTION('',(-1.E0,0.E0,0.E0));
#27=VECTOR('',#26,1.4E0);
#28=CARTESIAN_POINT('',(1.91E1,2.690485102482E1,1.112991152848E1));
#29=LINE('1665',#28,#27);
#30=DIRECTION('',(0.E0,-1.E0,0.E0));
#31=VECTOR('',#30,6.012592096058E0);
#32=CARTESIAN_POINT('',(1.72E1,2.427969887724E1,1.2E1));
#33=LINE('1473',#32,#31);
#34=DIRECTION('',(0.E0,1.E0,0.E0));
#35=VECTOR('',#34,6.012592096058E0);
#36=CARTESIAN_POINT('',(1.77E1,1.826710678119E1,1.25E1));
#37=LINE('1805',#36,#35);
#38=CARTESIAN_POINT('',(1.72E1,1.616E1,1.095E1));
#39=DIRECTION('',(-1.E0,0.E0,0.E0));
#40=DIRECTION('',(0.E0,0.E0,-1.E0));
#41=AXIS2_PLACEMENT_3D('',#38,#39,#40);
#43=CARTESIAN_POINT('',(1.72E1,1.616E1,1.095E1));
#44=DIRECTION('',(-1.E0,0.E0,0.E0));
#45=DIRECTION('',(0.E0,9.966624854755E-1,-8.163265306123E-2));
#46=AXIS2_PLACEMENT_3D('',#43,#44,#45);
#48=DIRECTION('',(0.E0,5.718473526508E-1,-8.203600461177E-1));
#49=VECTOR('',#48,3.583644200475E-1);
#50=CARTESIAN_POINT('',(1.72E1,2.649467100176E1,1.084398785216E1));
#51=LINE('1666',#50,#49);
#52=CARTESIAN_POINT('',(1.72E1,2.427969887724E1,9.3E0));
#53=DIRECTION('',(-1.E0,0.E0,0.E0));
#54=DIRECTION('',(0.E0,0.E0,1.E0));
#55=AXIS2_PLACEMENT_3D('',#52,#53,#54);
#57=DIRECTION('',(0.E0,7.071067811866E-1,7.071067811865E-1));
#58=VECTOR('',#57,2.221825406948E-1);
#59=CARTESIAN_POINT('',(1.72E1,1.811E1,1.184289321881E1));
#60=LINE('1840',#59,#58);
#61=CARTESIAN_POINT('',(1.72E1,1.616E1,1.095E1));
#62=DIRECTION('',(1.E0,0.E0,0.E0));
#63=DIRECTION('',(0.E0,0.E0,-1.E0));
#64=AXIS2_PLACEMENT_3D('',#61,#62,#63);
#66=CARTESIAN_POINT('',(1.72E1,1.616E1,1.095E1));
#67=DIRECTION('',(1.E0,0.E0,0.E0));
#68=DIRECTION('',(0.E0,-9.75E-1,2.222048604331E-1));
#69=AXIS2_PLACEMENT_3D('',#66,#67,#68);
#71=DIRECTION('',(0.E0,7.071067811865E-1,-7.071067811865E-1));
#72=VECTOR('',#71,2.221825406948E-1);
#73=CARTESIAN_POINT('',(1.72E1,1.405289321881E1,1.2E1));
#74=LINE('1726',#73,#72);
#75=CARTESIAN_POINT('',(1.72E1,1.031174125132E1,8.5E0));
#76=DIRECTION('',(-1.E0,0.E0,0.E0));
#77=DIRECTION('',(0.E0,-6.728412673047E-1,7.397868808054E-1));
#78=AXIS2_PLACEMENT_3D('',#75,#76,#77);
#80=CARTESIAN_POINT('',(1.72E1,5.4E0,1.390044422988E1));
#81=DIRECTION('',(1.E0,0.E0,0.E0));
#82=DIRECTION('',(0.E0,4.718182151513E-1,-8.816958499683E-1));
#83=AXIS2_PLACEMENT_3D('',#80,#81,#82);
#85=CARTESIAN_POINT('',(3.E0,1.157742430504E1,1.055E1));
#86=CARTESIAN_POINT('',(2.935481528913E0,1.157742430504E1,1.055E1));
#87=CARTESIAN_POINT('',(2.813170303580E0,1.159817248973E1,1.055E1));
#88=CARTESIAN_POINT('',(2.641459242290E0,1.168443994047E1,1.055E1));
#89=CARTESIAN_POINT('',(2.506606494370E0,1.181975383655E1,1.055E1));
#90=CARTESIAN_POINT('',(2.420687113708E0,1.199218811753E1,1.055E1));
#91=CARTESIAN_POINT('',(2.4E0,1.211515828547E1,1.055E1));
#92=CARTESIAN_POINT('',(2.4E0,1.218005025157E1,1.055E1));
#94=CARTESIAN_POINT('',(1.099289321881E1,1.128348443551E1,1.055E1));
#95=CARTESIAN_POINT('',(1.092987876455E1,1.134671052223E1,1.055E1));
#96=CARTESIAN_POINT('',(1.079267931277E1,1.145221293238E1,1.055E1));
#97=CARTESIAN_POINT('',(1.054660387771E1,1.155445946775E1,1.055E1));
#98=CARTESIAN_POINT('',(1.037505210565E1,1.157742430504E1,1.055E1));
#99=CARTESIAN_POINT('',(1.028578643763E1,1.157742430504E1,1.055E1));
#101=CARTESIAN_POINT('',(1.201421356237E1,1.067456473924E1,1.055E1));
#102=CARTESIAN_POINT('',(1.192496025610E1,1.067456473924E1,1.055E1));
#103=CARTESIAN_POINT('',(1.175342335682E1,1.069746920585E1,1.055E1));
#104=CARTESIAN_POINT('',(1.150736045267E1,1.079965076153E1,1.055E1));
#105=CARTESIAN_POINT('',(1.137012494887E1,1.090507463893E1,1.055E1));
#106=CARTESIAN_POINT('',(1.130710678119E1,1.096827956929E1,1.055E1));
#108=CARTESIAN_POINT('',(1.72E1,1.127635382117E1,1.055E1));
#109=CARTESIAN_POINT('',(1.72E1,1.121167196758E1,1.055E1));
#110=CARTESIAN_POINT('',(1.717942919091E1,1.108903866261E1,1.055E1));
#111=CARTESIAN_POINT('',(1.709345932910E1,1.091645871414E1,1.055E1));
#112=CARTESIAN_POINT('',(1.695849881952E1,1.078156810737E1,1.055E1));
#113=CARTESIAN_POINT('',(1.678599127420E1,1.069527418086E1,1.055E1));
#114=CARTESIAN_POINT('',(1.666415296447E1,1.067456473924E1,1.055E1));
#115=CARTESIAN_POINT('',(1.66E1,1.067456473924E1,1.055E1));
#117=DIRECTION('',(0.E0,1.E0,0.E0));
#118=VECTOR('',#117,4.083444603595E0);
#119=CARTESIAN_POINT('',(1.72E1,7.192909217575E0,1.055E1));
#120=LINE('1457',#119,#118);
#121=CARTESIAN_POINT('',(2.118859794279E0,5.400000000001E0,1.055E1));
#122=CARTESIAN_POINT('',(2.118859794279E0,5.536350498044E0,1.055E1));
#123=CARTESIAN_POINT('',(2.157082168587E0,5.814225718188E0,1.055E1));
#124=CARTESIAN_POINT('',(2.264586025227E0,6.245948230995E0,1.055E1));
#125=CARTESIAN_POINT('',(2.364325299210E0,6.700862780035E0,1.055E1));
#126=CARTESIAN_POINT('',(2.4E0,7.025510269294E0,1.055E1));
#127=CARTESIAN_POINT('',(2.4E0,7.192909217575E0,1.055E1));
#129=CARTESIAN_POINT('',(1.9E0,5.4E0,1.010044422988E1));
#130=DIRECTION('',(0.E0,1.E0,0.E0));
#131=DIRECTION('',(0.E0,0.E0,1.E0));
#132=AXIS2_PLACEMENT_3D('',#129,#130,#131);
#134=CARTESIAN_POINT('',(1.9E0,5.4E0,1.390044422988E1));
#135=DIRECTION('',(-1.E0,0.E0,0.E0));
#136=DIRECTION('',(0.E0,6.728412673047E-1,-7.397868808054E-1));
#137=AXIS2_PLACEMENT_3D('',#134,#135,#136);
#139=CARTESIAN_POINT('',(1.9E0,1.031174125132E1,1.2E1));
#140=DIRECTION('',(0.E0,-1.E0,0.E0));
#141=DIRECTION('',(1.E0,0.E0,0.E0));
#142=AXIS2_PLACEMENT_3D('',#139,#140,#141);
#144=CARTESIAN_POINT('',(1.9E0,7.956796815758E0,1.108925408282E1));
#145=DIRECTION('',(0.E0,7.397868808054E-1,6.728412673047E-1));
#146=DIRECTION('',(0.E0,-6.728412673047E-1,7.397868808054E-1));
#147=AXIS2_PLACEMENT_3D('',#144,#145,#146);
#149=CARTESIAN_POINT('',(1.9E0,1.031174125132E1,8.5E0));
#150=DIRECTION('',(1.E0,0.E0,0.E0));
#151=DIRECTION('',(0.E0,0.E0,1.E0));
#152=AXIS2_PLACEMENT_3D('',#149,#150,#151);
#154=DIRECTION('',(0.E0,1.E0,0.E0));
#155=VECTOR('',#154,3.741151967489E0);
#156=CARTESIAN_POINT('',(2.4E0,1.031174125132E1,1.2E1));
#157=LINE('1773',#156,#155);
#158=DIRECTION('',(0.E0,-1.E0,0.E0));
#159=VECTOR('',#158,3.948258748676E0);
#160=CARTESIAN_POINT('',(1.9E0,1.426E1,1.25E1));
#161=LINE('1441',#160,#159);
#162=CARTESIAN_POINT('',(1.9E0,1.426E1,1.25E1));
#163=CARTESIAN_POINT('',(1.949319981076E0,1.426E1,1.25E1));
#164=CARTESIAN_POINT('',(2.048789145723E0,1.425410847607E1,1.248580061969E1));
#165=CARTESIAN_POINT('',(2.190644699598E0,1.422529595776E1,1.241604416620E1));
#166=CARTESIAN_POINT('',(2.298671640146E0,1.418326231805E1,1.231473176806E1));
#167=CARTESIAN_POINT('',(2.380312919316E0,1.412326372031E1,1.216988917017E1));
#168=CARTESIAN_POINT('',(2.4E0,1.407687794110E1,1.205790424182E1));
#169=CARTESIAN_POINT('',(2.4E0,1.405289321881E1,1.2E1));
#171=DIRECTION('',(0.E0,-7.071067811865E-1,7.071067811866E-1));
#172=VECTOR('',#171,6.363961030679E-1);
#173=CARTESIAN_POINT('',(1.9E0,1.471E1,1.205E1));
#174=LINE('1559',#173,#172);
#175=DIRECTION('',(0.E0,0.E0,-1.E0));
#176=VECTOR('',#175,4.484834979472E-1);
#177=CARTESIAN_POINT('',(2.4E0,1.421E1,1.184289321881E1));
#178=LINE('1453',#177,#176);
#179=CARTESIAN_POINT('',(1.9E0,1.471E1,1.205E1));
#180=CARTESIAN_POINT('',(1.949319981076E0,1.471E1,1.205E1));
#181=CARTESIAN_POINT('',(2.048789145723E0,1.469579358537E1,1.204412545841E1));
#182=CARTESIAN_POINT('',(2.190644699598E0,1.462609479699E1,1.201517372420E1));
#183=CARTESIAN_POINT('',(2.298671640146E0,1.452473384157E1,1.197325731214E1));
#184=CARTESIAN_POINT('',(2.380312919316E0,1.437988924308E1,1.191326354428E1));
#185=CARTESIAN_POINT('',(2.4E0,1.426790424182E1,1.186687794110E1));
#186=CARTESIAN_POINT('',(2.4E0,1.421E1,1.184289321881E1));
#188=DIRECTION('',(0.E0,0.E0,1.E0));
#189=VECTOR('',#188,7.159427126062E-1);
#190=CARTESIAN_POINT('',(1.9E0,1.471E1,1.133405728739E1));
#191=LINE('1828',#190,#189);
#192=CARTESIAN_POINT('',(1.9E0,1.471E1,1.133405728739E1));
#193=CARTESIAN_POINT('',(1.952205964670E0,1.471E1,1.133405728739E1));
#194=CARTESIAN_POINT('',(2.056653962404E0,1.469349428794E1,1.133618277606E1));
#195=CARTESIAN_POINT('',(2.198023873118E0,1.462172772368E1,1.134548380161E1));
#196=CARTESIAN_POINT('',(2.310823179097E0,1.450938990040E1,1.135938144769E1));
#197=CARTESIAN_POINT('',(2.383377845647E0,1.436730739228E1,1.137636773231E1));
#198=CARTESIAN_POINT('',(2.4E0,1.426246406093E1,1.138850705285E1));
#199=CARTESIAN_POINT('',(2.4E0,1.421E1,1.139440972087E1));
#201=CARTESIAN_POINT('',(1.9E0,1.616E1,1.095E1));
#202=DIRECTION('',(-1.E0,0.E0,0.E0));
#203=DIRECTION('',(0.E0,0.E0,-1.E0));
#204=AXIS2_PLACEMENT_3D('',#201,#202,#203);
#206=CARTESIAN_POINT('',(1.9E0,1.616E1,1.095E1));
#207=DIRECTION('',(-1.E0,0.E0,0.E0));
#208=DIRECTION('',(0.E0,9.666666666666E-1,2.560381915959E-1));
#209=AXIS2_PLACEMENT_3D('',#206,#207,#208);
#211=DIRECTION('',(0.E0,0.E0,1.E0));
#212=VECTOR('',#211,4.484834979472E-1);
#213=CARTESIAN_POINT('',(2.4E0,1.811E1,1.139440972087E1));
#214=LINE('1833',#213,#212);
#215=CARTESIAN_POINT('',(1.9E0,1.761E1,1.133405728739E1));
#216=CARTESIAN_POINT('',(1.952196285995E0,1.761E1,1.133405728739E1));
#217=CARTESIAN_POINT('',(2.056627405566E0,1.762649937229E1,1.133632592943E1));
#218=CARTESIAN_POINT('',(2.197987776220E0,1.769824795786E1,1.134547281446E1));
#219=CARTESIAN_POINT('',(2.310789951367E0,1.781056587193E1,1.135941810148E1));
#220=CARTESIAN_POINT('',(2.383365289301E0,1.795264466251E1,1.137642107737E1));
#221=CARTESIAN_POINT('',(2.4E0,1.805751927565E1,1.138850517807E1));
#222=CARTESIAN_POINT('',(2.4E0,1.811E1,1.139440972087E1));
#224=DIRECTION('',(0.E0,0.E0,-1.E0));
#225=VECTOR('',#224,7.159427126062E-1);
#226=CARTESIAN_POINT('',(1.9E0,1.761E1,1.205E1));
#227=LINE('1638',#226,#225);
#228=CARTESIAN_POINT('',(1.9E0,1.761E1,1.205E1));
#229=CARTESIAN_POINT('',(1.949319981076E0,1.761E1,1.205E1));
#230=CARTESIAN_POINT('',(2.048789145723E0,1.762419938031E1,1.204410847607E1));
#231=CARTESIAN_POINT('',(2.190644699598E0,1.769395583380E1,1.201529595776E1));
#232=CARTESIAN_POINT('',(2.298671640146E0,1.779526823194E1,1.197326231805E1));
#233=CARTESIAN_POINT('',(2.380312919316E0,1.794011082983E1,1.191326372031E1));
#234=CARTESIAN_POINT('',(2.4E0,1.805209575818E1,1.186687794110E1));
#235=CARTESIAN_POINT('',(2.4E0,1.811E1,1.184289321881E1));
#237=DIRECTION('',(0.E0,-7.071067811865E-1,-7.071067811866E-1));
#238=VECTOR('',#237,4.292893218813E-1);
#239=CARTESIAN_POINT('',(1.9E0,1.791355339059E1,1.235355339059E1));
#240=LINE('1491',#239,#238);
#241=DIRECTION('',(0.E0,1.E0,0.E0));
#242=VECTOR('',#241,6.559650998224E0);
#243=CARTESIAN_POINT('',(2.4E0,2.013994974843E1,1.055E1));
#244=LINE('1436',#243,#242);
#245=CARTESIAN_POINT('',(2.4E0,1.616E1,1.095E1));
#246=DIRECTION('',(1.E0,0.E0,0.E0));
#247=DIRECTION('',(0.E0,0.E0,-1.E0));
#248=AXIS2_PLACEMENT_3D('',#245,#246,#247);
#250=CARTESIAN_POINT('',(2.4E0,1.616E1,1.095E1));
#251=DIRECTION('',(1.E0,0.E0,0.E0));
#252=DIRECTION('',(0.E0,-9.949874371066E-1,-9.999999999999E-2));
#253=AXIS2_PLACEMENT_3D('',#250,#251,#252);
#255=DIRECTION('',(0.E0,1.E0,0.E0));
#256=VECTOR('',#255,4.987141033998E0);
#257=CARTESIAN_POINT('',(2.4E0,7.192909217575E0,1.055E1));
#258=LINE('1816',#257,#256);
#259=CARTESIAN_POINT('',(2.4E0,5.4E0,1.390044422988E1));
#260=DIRECTION('',(-1.E0,0.E0,0.E0));
#261=DIRECTION('',(0.E0,6.728412673047E-1,-7.397868808054E-1));
#262=AXIS2_PLACEMENT_3D('',#259,#260,#261);
#264=CARTESIAN_POINT('',(2.4E0,1.031174125132E1,8.5E0));
#265=DIRECTION('',(1.E0,0.E0,0.E0));
#266=DIRECTION('',(0.E0,-3.146689258366E-14,1.E0));
#267=AXIS2_PLACEMENT_3D('',#264,#265,#266);
#269=DIRECTION('',(0.E0,-7.071067811865E-1,7.071067811865E-1));
#270=VECTOR('',#269,2.221825406948E-1);
#271=CARTESIAN_POINT('',(2.4E0,1.421E1,1.184289321881E1));
#272=LINE('1597',#271,#270);
#273=CARTESIAN_POINT('',(2.4E0,1.616E1,1.095E1));
#274=DIRECTION('',(-1.E0,0.E0,0.E0));
#275=DIRECTION('',(0.E0,0.E0,-1.E0));
#276=AXIS2_PLACEMENT_3D('',#273,#274,#275);
#278=CARTESIAN_POINT('',(2.4E0,1.616E1,1.095E1));
#279=DIRECTION('',(-1.E0,0.E0,0.E0));
#280=DIRECTION('',(0.E0,9.75E-1,2.222048604331E-1));
#281=AXIS2_PLACEMENT_3D('',#278,#279,#280);
#283=DIRECTION('',(0.E0,-7.071067811865E-1,-7.071067811866E-1));
#284=VECTOR('',#283,2.221825406948E-1);
#285=CARTESIAN_POINT('',(2.4E0,1.826710678119E1,1.2E1));
#286=LINE('1796',#285,#284);
#287=CARTESIAN_POINT('',(2.4E0,2.427969887724E1,9.3E0));
#288=DIRECTION('',(1.E0,0.E0,0.E0));
#289=DIRECTION('',(0.E0,8.203600461177E-1,5.718473526508E-1));
#290=AXIS2_PLACEMENT_3D('',#287,#288,#289);
#292=DIRECTION('',(0.E0,-5.718473526508E-1,8.203600461177E-1));
#293=VECTOR('',#292,3.583644200475E-1);
#294=CARTESIAN_POINT('',(2.4E0,2.669960074665E1,1.055E1));
#295=LINE('1767',#294,#293);
#296=CARTESIAN_POINT('',(2.4E0,2.013994974843E1,1.055E1));
#297=CARTESIAN_POINT('',(2.4E0,2.020510285859E1,1.055E1));
#298=CARTESIAN_POINT('',(2.420725560333E0,2.032843607098E1,1.055E1));
#299=CARTESIAN_POINT('',(2.506843615581E0,2.050080212550E1,1.055E1));
#300=CARTESIAN_POINT('',(2.642042955689E0,2.063583855934E1,1.055E1));
#301=CARTESIAN_POINT('',(2.814154528725E0,2.072193899780E1,1.055E1));
#302=CARTESIAN_POINT('',(2.935900435047E0,2.074257569496E1,1.055E1));
#303=CARTESIAN_POINT('',(3.E0,2.074257569496E1,1.055E1));
#305=DIRECTION('',(-1.E0,0.E0,0.E0));
#306=VECTOR('',#305,1.58E1);
#307=CARTESIAN_POINT('',(1.77E1,2.730908922962E1,1.055E1));
#308=LINE('1657',#307,#306);
#309=DIRECTION('',(0.E0,1.E0,0.E0));
#310=VECTOR('',#309,5.655954567821E0);
#311=CARTESIAN_POINT('',(1.72E1,2.104364617883E1,1.055E1));
#312=LINE('1477',#311,#310);
#313=CARTESIAN_POINT('',(1.66E1,2.164543526076E1,1.055E1));
#314=CARTESIAN_POINT('',(1.666485212618E1,2.164543526076E1,1.055E1));
#315=CARTESIAN_POINT('',(1.678759811663E1,2.162473256134E1,1.055E1));
#316=CARTESIAN_POINT('',(1.695873773982E1,2.153862301882E1,1.055E1));
#317=CARTESIAN_POINT('',(1.709336606920E1,2.140314484885E1,1.055E1));
#318=CARTESIAN_POINT('',(1.717929676687E1,2.123062678356E1,1.055E1));
#319=CARTESIAN_POINT('',(1.72E1,2.110817745615E1,1.055E1));
#320=CARTESIAN_POINT('',(1.72E1,2.104364617883E1,1.055E1));
#322=CARTESIAN_POINT('',(1.130710678119E1,2.135172043071E1,1.055E1));
#323=CARTESIAN_POINT('',(1.137012494002E1,2.141492535220E1,1.055E1));
#324=CARTESIAN_POINT('',(1.150736053111E1,2.152034912432E1,1.055E1));
#325=CARTESIAN_POINT('',(1.175342338234E1,2.162253065802E1,1.055E1));
#326=CARTESIAN_POINT('',(1.192496026864E1,2.164543526076E1,1.055E1));
#327=CARTESIAN_POINT('',(1.201421356237E1,2.164543526076E1,1.055E1));
#329=CARTESIAN_POINT('',(1.028578643763E1,2.074257569496E1,1.055E1));
#330=CARTESIAN_POINT('',(1.037505213005E1,2.074257569496E1,1.055E1));
#331=CARTESIAN_POINT('',(1.054660392742E1,2.076554026740E1,1.055E1));
#332=CARTESIAN_POINT('',(1.079267946547E1,2.086778684557E1,1.055E1));
#333=CARTESIAN_POINT('',(1.092987874733E1,2.097328946049E1,1.055E1));
#334=CARTESIAN_POINT('',(1.099289321881E1,2.103651556449E1,1.055E1));
#336=CARTESIAN_POINT('',(3.E0,1.616E1,1.095E1));
#337=DIRECTION('',(1.E0,0.E0,0.E0));
#338=DIRECTION('',(0.E0,0.E0,-1.E0));
#339=AXIS2_PLACEMENT_3D('',#336,#337,#338);
#341=DIRECTION('',(-1.E0,0.E0,0.E0));
#342=VECTOR('',#341,7.285786437627E0);
#343=CARTESIAN_POINT('',(1.028578643763E1,2.074257569496E1,1.055E1));
#344=LINE('1834',#343,#342);
#345=CARTESIAN_POINT('',(1.028578643763E1,1.616E1,5.349999999999E0));
#346=DIRECTION('',(0.E0,1.E0,0.E0));
#347=DIRECTION('',(0.E0,0.E0,1.E0));
#348=AXIS2_PLACEMENT_3D('',#345,#346,#347);
#350=CARTESIAN_POINT('',(1.028578643763E1,1.616E1,1.095E1));
#351=DIRECTION('',(-1.E0,0.E0,0.E0));
#352=DIRECTION('',(0.E0,9.962121075991E-1,-8.695652173912E-2));
#353=AXIS2_PLACEMENT_3D('',#350,#351,#352);
#355=CARTESIAN_POINT('',(1.099289321881E1,1.616E1,1.095E1));
#356=DIRECTION('',(1.E0,0.E0,0.E0));
#357=DIRECTION('',(0.E0,0.E0,-1.E0));
#358=AXIS2_PLACEMENT_3D('',#355,#356,#357);
#360=CARTESIAN_POINT('',(1.099289321881E1,1.616E1,1.095E1));
#361=DIRECTION('',(1.E0,0.E0,0.E0));
#362=DIRECTION('',(0.E0,-9.966527668618E-1,-8.175122205037E-2));
#363=AXIS2_PLACEMENT_3D('',#360,#361,#362);
#365=CARTESIAN_POINT('',(1.028578643763E1,1.616E1,1.095E1));
#366=DIRECTION('',(-1.E0,0.E0,0.E0));
#367=DIRECTION('',(0.E0,0.E0,-1.E0));
#368=AXIS2_PLACEMENT_3D('',#365,#366,#367);
#370=DIRECTION('',(-7.071067811865E-1,0.E0,7.071067811865E-1));
#371=VECTOR('',#370,4.443650813885E-1);
#372=CARTESIAN_POINT('',(1.130710678119E1,1.616E1,5.742893218814E0));
#373=LINE('1480',#372,#371);
#374=CARTESIAN_POINT('',(1.099289321881E1,1.128348443551E1,1.055E1));
#375=CARTESIAN_POINT('',(1.102780342231E1,1.124845698698E1,1.055E1));
#376=CARTESIAN_POINT('',(1.109762562112E1,1.117840539516E1,1.055E1));
#377=CARTESIAN_POINT('',(1.120236368789E1,1.107333731669E1,1.055E1));
#378=CARTESIAN_POINT('',(1.127219196430E1,1.100329786085E1,1.055E1));
#379=CARTESIAN_POINT('',(1.130710678119E1,1.096827956929E1,1.055E1));
#381=CARTESIAN_POINT('',(1.130710678119E1,2.135172043071E1,1.055E1));
#382=CARTESIAN_POINT('',(1.127219196430E1,2.131670213915E1,1.055E1));
#383=CARTESIAN_POINT('',(1.120236368789E1,2.124666268331E1,1.055E1));
#384=CARTESIAN_POINT('',(1.109762562112E1,2.114159460484E1,1.055E1));
#385=CARTESIAN_POINT('',(1.102780342231E1,2.107154301302E1,1.055E1));
#386=CARTESIAN_POINT('',(1.099289321881E1,2.103651556449E1,1.055E1));
#388=CARTESIAN_POINT('',(1.130710678119E1,1.616E1,1.095E1));
#389=DIRECTION('',(-1.E0,0.E0,0.E0));
#390=DIRECTION('',(0.E0,9.970451248418E-1,-7.681809050762E-2));
#391=AXIS2_PLACEMENT_3D('',#388,#389,#390);
#393=CARTESIAN_POINT('',(1.201421356237E1,1.616E1,1.095E1));
#394=DIRECTION('',(1.E0,0.E0,0.E0));
#395=DIRECTION('',(0.E0,0.E0,-1.E0));
#396=AXIS2_PLACEMENT_3D('',#393,#394,#395);
#398=DIRECTION('',(-1.E0,0.E0,0.E0));
#399=VECTOR('',#398,4.585786437627E0);
#400=CARTESIAN_POINT('',(1.66E1,2.164543526076E1,1.055E1));
#401=LINE('1482',#400,#399);
#402=CARTESIAN_POINT('',(1.66E1,1.616E1,1.095E1));
#403=DIRECTION('',(-1.E0,0.E0,0.E0));
#404=DIRECTION('',(0.E0,9.973518655929E-1,-7.272727272727E-2));
#405=AXIS2_PLACEMENT_3D('',#402,#403,#404);
#407=CARTESIAN_POINT('',(1.66E1,1.616E1,6.05E0));
#408=DIRECTION('',(0.E0,1.E0,0.E0));
#409=DIRECTION('',(1.E0,0.E0,0.E0));
#410=AXIS2_PLACEMENT_3D('',#407,#408,#409);
#412=CARTESIAN_POINT('',(1.66E1,1.616E1,1.095E1));
#413=DIRECTION('',(-1.E0,0.E0,0.E0));
#414=DIRECTION('',(0.E0,0.E0,-1.E0));
#415=AXIS2_PLACEMENT_3D('',#412,#413,#414);
#417=DIRECTION('',(-1.E0,0.E0,0.E0));
#418=VECTOR('',#417,4.585786437627E0);
#419=CARTESIAN_POINT('',(1.66E1,1.616E1,5.45E0));
#420=LINE('1492',#419,#418);
#421=DIRECTION('',(1.E0,0.E0,0.E0));
#422=VECTOR('',#421,4.585786437627E0);
#423=CARTESIAN_POINT('',(1.201421356237E1,1.067456473924E1,1.055E1));
#424=LINE('1558',#423,#422);
#425=CARTESIAN_POINT('',(1.201421356237E1,1.616E1,6.450000000001E0));
#426=DIRECTION('',(0.E0,1.E0,0.E0));
#427=DIRECTION('',(0.E0,0.E0,-1.E0));
#428=AXIS2_PLACEMENT_3D('',#425,#426,#427);
#430=CARTESIAN_POINT('',(1.201421356237E1,1.616E1,1.095E1));
#431=DIRECTION('',(1.E0,0.E0,0.E0));
#432=DIRECTION('',(0.E0,-9.973518655929E-1,-7.272727272727E-2));
#433=AXIS2_PLACEMENT_3D('',#430,#431,#432);
#435=CARTESIAN_POINT('',(1.130710678119E1,1.616E1,1.095E1));
#436=DIRECTION('',(-1.E0,0.E0,0.E0));
#437=DIRECTION('',(0.E0,0.E0,-1.E0));
#438=AXIS2_PLACEMENT_3D('',#435,#436,#437);
#440=DIRECTION('',(-1.E0,0.E0,0.E0));
#441=VECTOR('',#440,7.285786437627E0);
#442=CARTESIAN_POINT('',(1.028578643763E1,1.616E1,6.349999999999E0));
#443=LINE('1478',#442,#441);
#444=DIRECTION('',(1.E0,0.E0,0.E0));
#445=VECTOR('',#444,7.285786437627E0);
#446=CARTESIAN_POINT('',(3.E0,1.157742430504E1,1.055E1));
#447=LINE('1813',#446,#445);
#448=CARTESIAN_POINT('',(3.E0,1.616E1,6.95E0));
#449=DIRECTION('',(0.E0,1.E0,0.E0));
#450=DIRECTION('',(0.E0,0.E0,-1.E0));
#451=AXIS2_PLACEMENT_3D('',#448,#449,#450);
#453=CARTESIAN_POINT('',(3.E0,1.616E1,1.095E1));
#454=DIRECTION('',(1.E0,0.E0,0.E0));
#455=DIRECTION('',(0.E0,-9.962121075991E-1,-8.695652173912E-2));
#456=AXIS2_PLACEMENT_3D('',#453,#454,#455);
#458=CARTESIAN_POINT('',(2.4E0,2.669960074665E1,1.055E1));
#459=CARTESIAN_POINT('',(2.4E0,2.679205812023E1,1.055E1));
#460=CARTESIAN_POINT('',(2.368752476129E0,2.694572534352E1,1.055E1));
#461=CARTESIAN_POINT('',(2.271688601676E0,2.712603358981E1,1.055E1));
#462=CARTESIAN_POINT('',(2.126156695529E0,2.725787380441E1,1.055E1));
#463=CARTESIAN_POINT('',(1.992457373581E0,2.730908922962E1,1.055E1));
#464=CARTESIAN_POINT('',(1.9E0,2.730908922962E1,1.055E1));
#466=DIRECTION('',(0.E0,-5.718473526508E-1,8.203600461177E-1));
#467=VECTOR('',#466,7.068987955068E-1);
#468=CARTESIAN_POINT('',(1.9E0,2.730908922962E1,1.055E1));
#469=LINE('1755',#468,#467);
#470=CARTESIAN_POINT('',(1.9E0,2.649467100176E1,1.084398785216E1));
#471=DIRECTION('',(0.E0,-5.718473526508E-1,8.203600461177E-1));
#472=DIRECTION('',(1.E0,0.E0,0.E0));
#473=AXIS2_PLACEMENT_3D('',#470,#471,#472);
#475=CARTESIAN_POINT('',(1.9E0,2.427969887724E1,1.2E1));
#476=DIRECTION('',(0.E0,1.E0,0.E0));
#477=DIRECTION('',(0.E0,0.E0,1.E0));
#478=AXIS2_PLACEMENT_3D('',#475,#476,#477);
#480=CARTESIAN_POINT('',(1.9E0,2.427969887724E1,9.3E0));
#481=DIRECTION('',(1.E0,0.E0,0.E0));
#482=DIRECTION('',(0.E0,8.203600461177E-1,5.718473526508E-1));
#483=AXIS2_PLACEMENT_3D('',#480,#481,#482);
#485=DIRECTION('',(0.E0,-1.E0,0.E0));
#486=VECTOR('',#485,6.012592096058E0);
#487=CARTESIAN_POINT('',(1.9E0,2.427969887724E1,1.25E1));
#488=LINE('1749',#487,#486);
#489=DIRECTION('',(0.E0,1.E0,0.E0));
#490=VECTOR('',#489,6.012592096058E0);
#491=CARTESIAN_POINT('',(2.4E0,1.826710678119E1,1.2E1));
#492=LINE('1737',#491,#490);
#493=DIRECTION('',(0.E0,-1.E0,0.E0));
#494=VECTOR('',#493,6.012592096058E0);
#495=CARTESIAN_POINT('',(0.E0,2.427969887724E1,1.2E1));
#496=LINE('1579',#495,#494);
#497=DIRECTION('',(0.E0,1.E0,0.E0));
#498=VECTOR('',#497,6.012592096058E0);
#499=CARTESIAN_POINT('',(5.E-1,1.826710678119E1,1.25E1));
#500=LINE('1578',#499,#498);
#501=CARTESIAN_POINT('',(5.E-1,1.826710678119E1,1.2E1));
#502=DIRECTION('',(0.E0,7.071067811865E-1,7.071067811865E-1));
#503=DIRECTION('',(-1.E0,0.E0,0.E0));
#504=AXIS2_PLACEMENT_3D('',#501,#502,#503);
#506=CARTESIAN_POINT('',(5.E-1,1.826710678119E1,1.2E1));
#507=DIRECTION('',(0.E0,-1.E0,0.E0));
#508=DIRECTION('',(0.E0,0.E0,1.E0));
#509=AXIS2_PLACEMENT_3D('',#506,#507,#508);
#511=CARTESIAN_POINT('',(5.E-1,1.826710678119E1,1.2E1));
#512=DIRECTION('',(-1.E0,0.E0,0.E0));
#513=DIRECTION('',(0.E0,-7.071067811865E-1,7.071067811865E-1));
#514=AXIS2_PLACEMENT_3D('',#511,#512,#513);
#516=DIRECTION('',(0.E0,7.071067811865E-1,7.071067811866E-1));
#517=VECTOR('',#516,4.292893218813E-1);
#518=CARTESIAN_POINT('',(5.E-1,1.761E1,1.205E1));
#519=LINE('1608',#518,#517);
#520=CARTESIAN_POINT('',(0.E0,1.800028175931E1,1.173317497812E1));
#521=CARTESIAN_POINT('',(0.E0,1.795279330791E1,1.174238287126E1));
#522=CARTESIAN_POINT('',(9.626360440036E-3,1.785889989794E1,1.175943064328E1));
#523=CARTESIAN_POINT('',(4.961985479087E-2,1.772666110268E1,1.178068509316E1));
#524=CARTESIAN_POINT('',(9.188209110934E-2,1.764692840426E1,1.179193318181E1));
#525=CARTESIAN_POINT('',(1.165569307616E-1,1.761E1,1.179670245771E1));
#527=DIRECTION('',(1.E0,0.E0,0.E0));
#528=VECTOR('',#527,1.4E0);
#529=CARTESIAN_POINT('',(5.E-1,1.761E1,1.205E1));
#530=LINE('1522',#529,#528);
#531=CARTESIAN_POINT('',(5.E-1,1.761E1,1.205E1));
#532=CARTESIAN_POINT('',(4.120204986179E-1,1.761E1,1.205E1));
#533=CARTESIAN_POINT('',(2.692854550693E-1,1.761E1,1.199173428164E1));
#534=CARTESIAN_POINT('',(1.613621846363E-1,1.761E1,1.187241825453E1));
#535=CARTESIAN_POINT('',(1.165569307604E-1,1.761E1,1.179670245771E1));
#537=DIRECTION('',(1.E0,0.E0,0.E0));
#538=VECTOR('',#537,1.4E0);
#539=CARTESIAN_POINT('',(5.E-1,1.471E1,1.133405728739E1));
#540=LINE('1647',#539,#538);
#541=DIRECTION('',(-1.E0,0.E0,0.E0));
#542=VECTOR('',#541,1.4E0);
#543=CARTESIAN_POINT('',(1.9E0,1.761E1,1.133405728739E1));
#544=LINE('1640',#543,#542);
#545=DIRECTION('',(1.E0,0.E0,0.E0));
#546=VECTOR('',#545,1.4E0);
#547=CARTESIAN_POINT('',(5.E-1,1.471E1,1.205E1));
#548=LINE('1428',#547,#546);
#549=DIRECTION('',(1.E0,0.E0,0.E0));
#550=VECTOR('',#549,1.4E0);
#551=CARTESIAN_POINT('',(5.E-1,1.426E1,1.25E1));
#552=LINE('1583',#551,#550);
#553=DIRECTION('',(1.E0,0.E0,0.E0));
#554=VECTOR('',#553,1.4E0);
#555=CARTESIAN_POINT('',(5.E-1,7.620376182105E0,1.145914752322E1));
#556=LINE('1735',#555,#554);
#557=DIRECTION('',(-1.E0,0.E0,0.E0));
#558=VECTOR('',#557,1.4E0);
#559=CARTESIAN_POINT('',(1.9E0,1.031174125132E1,1.25E1));
#560=LINE('1505',#559,#558);
#561=DIRECTION('',(1.E0,0.E0,0.E0));
#562=VECTOR('',#561,1.4E0);
#563=CARTESIAN_POINT('',(5.E-1,5.4E0,1.060044422988E1));
#564=LINE('1692',#563,#562);
#565=DIRECTION('',(-1.E0,0.E0,0.E0));
#566=VECTOR('',#565,1.58E1);
#567=CARTESIAN_POINT('',(1.77E1,4.013245938824E0,1.055E1));
#568=LINE('1809',#567,#566);
#569=DIRECTION('',(-1.E0,0.E0,0.E0));
#570=VECTOR('',#569,1.4E0);
#571=CARTESIAN_POINT('',(1.91E1,4.7E0,1.060044422988E1));
#572=LINE('1467',#571,#570);
#573=DIRECTION('',(1.E0,0.E0,0.E0));
#574=VECTOR('',#573,1.86E1);
#575=CARTESIAN_POINT('',(5.E-1,2.834446822906E-1,4.292949556292E0));
#576=LINE('1626',#575,#574);
#577=DIRECTION('',(-1.E0,0.E0,0.E0));
#578=VECTOR('',#577,1.4E0);
#579=CARTESIAN_POINT('',(1.9E0,4.7E0,1.060044422988E1));
#580=LINE('1456',#579,#578);
#581=CARTESIAN_POINT('',(1.77E1,4.7E0,5.900444229880E0));
#582=DIRECTION('',(-1.E0,0.E0,0.E0));
#583=DIRECTION('',(0.E0,-1.461178853565E-1,9.892671851320E-1));
#584=AXIS2_PLACEMENT_3D('',#581,#582,#583);
#586=CARTESIAN_POINT('',(1.748114020572E1,4.7E0,1.055E1));
#587=CARTESIAN_POINT('',(1.748114020572E1,4.665246780970E0,1.055E1));
#588=CARTESIAN_POINT('',(1.748255308571E1,4.598485270608E0,1.055E1));
#589=CARTESIAN_POINT('',(1.748856228557E1,4.506927513923E0,1.055E1));
#590=CARTESIAN_POINT('',(1.749805687655E1,4.422904247650E0,1.055E1));
#591=CARTESIAN_POINT('',(1.751060558635E1,4.346021642376E0,1.055E1));
#592=CARTESIAN_POINT('',(1.752575431404E1,4.275128320008E0,1.055E1));
#593=CARTESIAN_POINT('',(1.754381129525E1,4.210385126238E0,1.055E1));
#594=CARTESIAN_POINT('',(1.756510764988E1,4.152250234466E0,1.055E1));
#595=CARTESIAN_POINT('',(1.758940068549E1,4.100370076740E0,1.055E1));
#596=CARTESIAN_POINT('',(1.761918098604E1,4.056628079613E0,1.055E1));
#597=CARTESIAN_POINT('',(1.765759792692E1,4.021780044195E0,1.055E1));
#598=CARTESIAN_POINT('',(1.768529454138E1,4.013245938824E0,1.055E1));
#599=CARTESIAN_POINT('',(1.77E1,4.013245938824E0,1.055E1));
#601=CARTESIAN_POINT('',(1.77E1,4.7E0,1.010044422988E1));
#602=DIRECTION('',(0.E0,-1.E0,0.E0));
#603=DIRECTION('',(0.E0,0.E0,1.E0));
#604=AXIS2_PLACEMENT_3D('',#601,#602,#603);
#606=DIRECTION('',(0.E0,-1.E0,0.E0));
#607=VECTOR('',#606,7.E-1);
#608=CARTESIAN_POINT('',(1.748114020572E1,5.4E0,1.055E1));
#609=LINE('1820',#608,#607);
#610=DIRECTION('',(0.E0,1.E0,0.E0));
#611=VECTOR('',#610,7.E-1);
#612=CARTESIAN_POINT('',(1.77E1,4.7E0,1.060044422988E1));
#613=LINE('1800',#612,#611);
#614=CARTESIAN_POINT('',(1.77E1,5.4E0,1.390044422988E1));
#615=DIRECTION('',(1.E0,0.E0,0.E0));
#616=DIRECTION('',(0.E0,0.E0,-1.E0));
#617=AXIS2_PLACEMENT_3D('',#614,#615,#616);
#619=CARTESIAN_POINT('',(1.77E1,5.4E0,1.010044422988E1));
#620=DIRECTION('',(0.E0,1.E0,0.E0));
#621=DIRECTION('',(-4.377195885567E-1,0.E0,8.991115402406E-1));
#622=AXIS2_PLACEMENT_3D('',#619,#620,#621);
#624=CARTESIAN_POINT('',(1.72E1,7.192909217575E0,1.055E1));
#625=CARTESIAN_POINT('',(1.72E1,7.025269845347E0,1.055E1));
#626=CARTESIAN_POINT('',(1.723576843281E1,6.700264885295E0,1.055E1));
#627=CARTESIAN_POINT('',(1.733560763753E1,6.245182784799E0,1.055E1));
#628=CARTESIAN_POINT('',(1.744304274334E1,5.813631467884E0,1.055E1));
#629=CARTESIAN_POINT('',(1.748114020572E1,5.536110685768E0,1.055E1));
#630=CARTESIAN_POINT('',(1.748114020572E1,5.4E0,1.055E1));
#632=CARTESIAN_POINT('',(1.77E1,1.031174125132E1,1.2E1));
#633=DIRECTION('',(0.E0,-1.E0,0.E0));
#634=DIRECTION('',(0.E0,0.E0,1.E0));
#635=AXIS2_PLACEMENT_3D('',#632,#633,#634);
#637=CARTESIAN_POINT('',(1.77E1,1.031174125132E1,8.5E0));
#638=DIRECTION('',(-1.E0,0.E0,0.E0));
#639=DIRECTION('',(0.E0,-6.728412673047E-1,7.397868808054E-1));
#640=AXIS2_PLACEMENT_3D('',#637,#638,#639);
#642=CARTESIAN_POINT('',(1.77E1,7.956796815758E0,1.108925408282E1));
#643=DIRECTION('',(0.E0,7.397868808054E-1,6.728412673047E-1));
#644=DIRECTION('',(-1.E0,0.E0,0.E0));
#645=AXIS2_PLACEMENT_3D('',#642,#643,#644);
#647=DIRECTION('',(0.E0,1.E0,0.E0));
#648=VECTOR('',#647,3.948258748676E0);
#649=CARTESIAN_POINT('',(1.77E1,1.031174125132E1,1.25E1));
#650=LINE('1669',#649,#648);
#651=DIRECTION('',(0.E0,-1.E0,0.E0));
#652=VECTOR('',#651,3.741151967489E0);
#653=CARTESIAN_POINT('',(1.72E1,1.405289321881E1,1.2E1));
#654=LINE('1748',#653,#652);
#655=DIRECTION('',(0.E0,7.071067811865E-1,-7.071067811866E-1));
#656=VECTOR('',#655,6.363961030679E-1);
#657=CARTESIAN_POINT('',(1.77E1,1.426E1,1.25E1));
#658=LINE('1587',#657,#656);
#659=CARTESIAN_POINT('',(1.72E1,1.405289321881E1,1.2E1));
#660=CARTESIAN_POINT('',(1.72E1,1.407513451156E1,1.205369523058E1));
#661=CARTESIAN_POINT('',(1.721680341095E1,1.411904008340E1,1.215967758513E1));
#662=CARTESIAN_POINT('',(1.729377567372E1,1.417930759656E1,1.230514158140E1));
#663=CARTESIAN_POINT('',(1.740184235614E1,1.422331541254E1,1.241128307382E1));
#664=CARTESIAN_POINT('',(1.754721689883E1,1.425380487373E1,1.248505865798E1));
#665=CARTESIAN_POINT('',(1.764936208588E1,1.426E1,1.25E1));
#666=CARTESIAN_POINT('',(1.77E1,1.426E1,1.25E1));
#668=DIRECTION('',(0.E0,0.E0,-1.E0));
#669=VECTOR('',#668,7.159427126062E-1);
#670=CARTESIAN_POINT('',(1.77E1,1.471E1,1.205E1));
#671=LINE('1430',#670,#669);
#672=CARTESIAN_POINT('',(1.72E1,1.421E1,1.184289321881E1));
#673=CARTESIAN_POINT('',(1.72E1,1.426369523058E1,1.186513451156E1));
#674=CARTESIAN_POINT('',(1.721680341095E1,1.436968199975E1,1.190902942556E1));
#675=CARTESIAN_POINT('',(1.729377567372E1,1.451515614517E1,1.196927243650E1));
#676=CARTESIAN_POINT('',(1.740184235614E1,1.462132773933E1,1.201320758045E1));
#677=CARTESIAN_POINT('',(1.754721689883E1,1.469505425994E1,1.204381549153E1));
#678=CARTESIAN_POINT('',(1.764936208588E1,1.471E1,1.205E1));
#679=CARTESIAN_POINT('',(1.77E1,1.471E1,1.205E1));
#681=DIRECTION('',(0.E0,0.E0,1.E0));
#682=VECTOR('',#681,4.484834979472E-1);
#683=CARTESIAN_POINT('',(1.72E1,1.421E1,1.139440972087E1));
#684=LINE('1551',#683,#682);
#685=CARTESIAN_POINT('',(1.77E1,1.616E1,1.095E1));
#686=DIRECTION('',(1.E0,0.E0,0.E0));
#687=DIRECTION('',(0.E0,-9.666666666666E-1,2.560381915959E-1));
#688=AXIS2_PLACEMENT_3D('',#685,#686,#687);
#690=CARTESIAN_POINT('',(1.72E1,1.421E1,1.139440972087E1));
#691=CARTESIAN_POINT('',(1.72E1,1.426259728319E1,1.138849206417E1));
#692=CARTESIAN_POINT('',(1.721665872211E1,1.436769564167E1,1.137631237677E1));
#693=CARTESIAN_POINT('',(1.728989605947E1,1.451042966396E1,1.135923989044E1));
#694=CARTESIAN_POINT('',(1.740269707134E1,1.462215806291E1,1.134544391699E1));
#695=CARTESIAN_POINT('',(1.754362378501E1,1.469353876207E1,1.133618906252E1));
#696=CARTESIAN_POINT('',(1.764787247185E1,1.471E1,1.133405728739E1));
#697=CARTESIAN_POINT('',(1.77E1,1.471E1,1.133405728739E1));
#699=DIRECTION('',(-1.E0,0.E0,0.E0));
#700=VECTOR('',#699,1.4E0);
#701=CARTESIAN_POINT('',(1.91E1,1.761E1,1.133405728739E1));
#702=LINE('1637',#701,#700);
#703=DIRECTION('',(1.E0,0.E0,0.E0));
#704=VECTOR('',#703,1.4E0);
#705=CARTESIAN_POINT('',(1.77E1,1.471E1,1.133405728739E1));
#706=LINE('1470',#705,#704);
#707=DIRECTION('',(1.E0,0.E0,0.E0));
#708=VECTOR('',#707,1.4E0);
#709=CARTESIAN_POINT('',(1.77E1,1.761E1,1.205E1));
#710=LINE('1498',#709,#708);
#711=CARTESIAN_POINT('',(1.91E1,1.761E1,1.205E1));
#712=CARTESIAN_POINT('',(1.914931998108E1,1.761E1,1.205E1));
#713=CARTESIAN_POINT('',(1.924878914572E1,1.762419938031E1,1.204410847607E1));
#714=CARTESIAN_POINT('',(1.939064469960E1,1.769395583380E1,1.201529595776E1));
#715=CARTESIAN_POINT('',(1.949867164015E1,1.779526823194E1,1.197326231805E1));
#716=CARTESIAN_POINT('',(1.958031291932E1,1.794011082983E1,1.191326372031E1));
#717=CARTESIAN_POINT('',(1.96E1,1.805209575818E1,1.186687794110E1));
#718=CARTESIAN_POINT('',(1.96E1,1.811E1,1.184289321881E1));
#720=DIRECTION('',(0.E0,-7.071067811865E-1,-7.071067811866E-1));
#721=VECTOR('',#720,4.292893218813E-1);
#722=CARTESIAN_POINT('',(1.91E1,1.791355339059E1,1.235355339059E1));
#723=LINE('1567',#722,#721);
#724=CARTESIAN_POINT('',(1.96E1,3.708919073118E1,-5.E-1));
#725=DIRECTION('',(-1.E0,0.E0,0.E0));
#726=DIRECTION('',(0.E0,0.E0,1.E0));
#727=AXIS2_PLACEMENT_3D('',#724,#725,#726);
#729=DIRECTION('',(0.E0,3.420201433165E-1,-9.396926207892E-1));
#730=VECTOR('',#729,4.218357727042E0);
#731=CARTESIAN_POINT('',(1.96E1,7.532909926852E-1,4.463959627950E0));
#732=LINE('1632',#731,#730);
#733=CARTESIAN_POINT('',(1.96E1,4.7E0,5.900444229880E0));
#734=DIRECTION('',(1.E0,0.E0,0.E0));
#735=DIRECTION('',(0.E0,0.E0,1.E0));
#736=AXIS2_PLACEMENT_3D('',#733,#734,#735);
#738=CARTESIAN_POINT('',(1.96E1,5.4E0,1.390044422988E1));
#739=DIRECTION('',(-1.E0,0.E0,0.E0));
#740=DIRECTION('',(0.E0,6.728412673047E-1,-7.397868808054E-1));
#741=AXIS2_PLACEMENT_3D('',#738,#739,#740);
#743=CARTESIAN_POINT('',(1.96E1,1.031174125132E1,8.5E0));
#744=DIRECTION('',(1.E0,0.E0,0.E0));
#745=DIRECTION('',(0.E0,-3.298948416029E-14,1.E0));
#746=AXIS2_PLACEMENT_3D('',#743,#744,#745);
#748=DIRECTION('',(0.E0,-7.071067811865E-1,7.071067811866E-1));
#749=VECTOR('',#748,2.221825406948E-1);
#750=CARTESIAN_POINT('',(1.96E1,1.421E1,1.184289321881E1));
#751=LINE('1821',#750,#749);
#752=CARTESIAN_POINT('',(1.96E1,1.616E1,1.095E1));
#753=DIRECTION('',(1.E0,0.E0,0.E0));
#754=DIRECTION('',(0.E0,-9.749999999999E-1,2.222048604331E-1));
#755=AXIS2_PLACEMENT_3D('',#752,#753,#754);
#757=DIRECTION('',(0.E0,-7.071067811865E-1,-7.071067811865E-1));
#758=VECTOR('',#757,2.221825406948E-1);
#759=CARTESIAN_POINT('',(1.96E1,1.826710678119E1,1.2E1));
#760=LINE('1564',#759,#758);
#761=CARTESIAN_POINT('',(1.96E1,2.427969887724E1,9.3E0));
#762=DIRECTION('',(1.E0,0.E0,0.E0));
#763=DIRECTION('',(0.E0,8.203600461177E-1,5.718473526508E-1));
#764=AXIS2_PLACEMENT_3D('',#761,#762,#763);
#766=DIRECTION('',(0.E0,-5.718473526508E-1,8.203600461177E-1));
#767=VECTOR('',#766,3.765600612018E0);
#768=CARTESIAN_POINT('',(1.96E1,2.864801974289E1,7.754839560421E0));
#769=LINE('1815',#768,#767);
#770=CARTESIAN_POINT('',(1.96E1,3.315999999653E1,1.09E1));
#771=DIRECTION('',(-1.E0,0.E0,0.E0));
#772=DIRECTION('',(0.E0,0.E0,-1.E0));
#773=AXIS2_PLACEMENT_3D('',#770,#771,#772);
#775=CARTESIAN_POINT('',(1.96E1,4.500030799124E1,4.9E0));
#776=DIRECTION('',(1.E0,0.E0,0.E0));
#777=DIRECTION('',(0.E0,9.993840175162E-1,3.509395294420E-2));
#778=AXIS2_PLACEMENT_3D('',#775,#776,#777);
#780=CARTESIAN_POINT('',(1.96E1,4.7E0,5.900444229880E0));
#781=DIRECTION('',(1.E0,0.E0,0.E0));
#782=DIRECTION('',(0.E0,9.171763424981E-1,-3.984815638920E-1));
#783=AXIS2_PLACEMENT_3D('',#780,#781,#782);
#785=CARTESIAN_POINT('',(1.96E1,4.534258208516E1,-1.175735931288E1));
#786=DIRECTION('',(-1.E0,0.E0,0.E0));
#787=DIRECTION('',(0.E0,-3.333333333333E-1,-9.428090415821E-1));
#788=AXIS2_PLACEMENT_3D('',#785,#786,#787);
#790=CARTESIAN_POINT('',(1.96E1,4.384258208516E1,-1.6E1));
#791=DIRECTION('',(1.E0,0.E0,0.E0));
#792=DIRECTION('',(0.E0,1.E0,0.E0));
#793=AXIS2_PLACEMENT_3D('',#790,#791,#792);
#795=CARTESIAN_POINT('',(1.96E1,4.7E0,5.900444229880E0));
#796=DIRECTION('',(-1.E0,0.E0,0.E0));
#797=DIRECTION('',(0.E0,1.E0,0.E0));
#798=AXIS2_PLACEMENT_3D('',#795,#796,#797);
#800=CARTESIAN_POINT('',(1.96E1,4.7E0,5.900444229880E0));
#801=DIRECTION('',(-1.E0,0.E0,0.E0));
#802=DIRECTION('',(0.E0,-1.E0,0.E0));
#803=AXIS2_PLACEMENT_3D('',#800,#801,#802);
#805=DIRECTION('',(0.E0,0.E0,-1.E0));
#806=VECTOR('',#805,1.7E1);
#807=CARTESIAN_POINT('',(1.91E1,3.758919073118E1,-5.E-1));
#808=LINE('1507',#807,#806);
#809=DIRECTION('',(0.E0,0.E0,1.E0));
#810=VECTOR('',#809,1.7E1);
#811=CARTESIAN_POINT('',(1.96E1,3.808919073118E1,-1.75E1));
#812=LINE('1577',#811,#810);
#813=DIRECTION('',(0.E0,0.E0,-1.E0));
#814=VECTOR('',#813,1.7E1);
#815=CARTESIAN_POINT('',(1.16E1,3.808919073118E1,-5.E-1));
#816=LINE('1506',#815,#814);
#817=DIRECTION('',(0.E0,0.E0,1.E0));
#818=VECTOR('',#817,1.7E1);
#819=CARTESIAN_POINT('',(1.21E1,3.758919073118E1,-1.75E1));
#820=LINE('1701',#819,#818);
#821=CARTESIAN_POINT('',(1.21E1,3.808919073118E1,-1.75E1));
#822=DIRECTION('',(0.E0,-1.E0,0.E0));
#823=DIRECTION('',(-1.E0,0.E0,0.E0));
#824=AXIS2_PLACEMENT_3D('',#821,#822,#823);
#826=CARTESIAN_POINT('',(1.21E1,3.808919073118E1,-1.75E1));
#827=DIRECTION('',(0.E0,0.E0,-1.E0));
#828=DIRECTION('',(0.E0,-1.E0,0.E0));
#829=AXIS2_PLACEMENT_3D('',#826,#827,#828);
#831=CARTESIAN_POINT('',(1.21E1,3.808919073118E1,-1.75E1));
#832=DIRECTION('',(-1.E0,0.E0,0.E0));
#833=DIRECTION('',(0.E0,0.E0,-1.E0));
#834=AXIS2_PLACEMENT_3D('',#831,#832,#833);
#836=DIRECTION('',(0.E0,1.E0,0.E0));
#837=VECTOR('',#836,6.753391353980E0);
#838=CARTESIAN_POINT('',(1.16E1,3.808919073118E1,-1.75E1));
#839=LINE('1825',#838,#837);
#840=DIRECTION('',(0.E0,-1.E0,0.E0));
#841=VECTOR('',#840,6.753391353980E0);
#842=CARTESIAN_POINT('',(1.21E1,4.484258208516E1,-1.8E1));
#843=LINE('1839',#842,#841);
#844=CARTESIAN_POINT('',(1.21E1,4.484258208516E1,-1.75E1));
#845=DIRECTION('',(0.E0,0.E0,-1.E0));
#846=DIRECTION('',(-1.E0,0.E0,0.E0));
#847=AXIS2_PLACEMENT_3D('',#844,#845,#846);
#849=CARTESIAN_POINT('',(1.21E1,4.484258208516E1,-1.75E1));
#850=DIRECTION('',(0.E0,1.E0,0.E0));
#851=DIRECTION('',(0.E0,0.E0,-1.E0));
#852=AXIS2_PLACEMENT_3D('',#849,#850,#851);
#854=CARTESIAN_POINT('',(1.21E1,4.484258208516E1,-1.75E1));
#855=DIRECTION('',(-1.E0,0.E0,0.E0));
#856=DIRECTION('',(0.E0,1.E0,0.E0));
#857=AXIS2_PLACEMENT_3D('',#854,#855,#856);
#859=DIRECTION('',(0.E0,0.E0,-1.E0));
#860=VECTOR('',#859,1.5E0);
#861=CARTESIAN_POINT('',(1.21E1,4.534258208516E1,-1.6E1));
#862=LINE('1718',#861,#860);
#863=DIRECTION('',(0.E0,0.E0,1.E0));
#864=VECTOR('',#863,1.5E0);
#865=CARTESIAN_POINT('',(1.16E1,4.484258208516E1,-1.75E1));
#866=LINE('1713',#865,#864);
#867=DIRECTION('',(0.E0,0.E0,-1.E0));
#868=VECTOR('',#867,1.5E0);
#869=CARTESIAN_POINT('',(1.96E1,4.484258208516E1,-1.6E1));
#870=LINE('1562',#869,#868);
#871=DIRECTION('',(0.E0,0.E0,1.E0));
#872=VECTOR('',#871,1.5E0);
#873=CARTESIAN_POINT('',(1.91E1,4.534258208516E1,-1.75E1));
#874=LINE('1556',#873,#872);
#875=CARTESIAN_POINT('',(1.91E1,4.384258208516E1,-1.6E1));
#876=DIRECTION('',(1.E0,0.E0,0.E0));
#877=DIRECTION('',(0.E0,1.E0,0.E0));
#878=AXIS2_PLACEMENT_3D('',#875,#876,#877);
#880=CARTESIAN_POINT('',(1.91E1,4.484258208516E1,-1.6E1));
#881=DIRECTION('',(0.E0,0.E0,1.E0));
#882=DIRECTION('',(1.E0,0.E0,0.E0));
#883=AXIS2_PLACEMENT_3D('',#880,#881,#882);
#885=CARTESIAN_POINT('',(1.91E1,4.534258208516E1,-1.175735931288E1));
#886=DIRECTION('',(-1.E0,0.E0,0.E0));
#887=DIRECTION('',(0.E0,-3.333333333333E-1,-9.428090415821E-1));
#888=AXIS2_PLACEMENT_3D('',#885,#886,#887);
#890=CARTESIAN_POINT('',(1.91E1,4.417591541849E1,-1.505719095842E1));
#891=DIRECTION('',(0.E0,-9.428090415821E-1,3.333333333333E-1));
#892=DIRECTION('',(1.E0,0.E0,0.E0));
#893=AXIS2_PLACEMENT_3D('',#890,#891,#892);
#895=CARTESIAN_POINT('',(1.91E1,4.7E0,5.900444229880E0));
#896=DIRECTION('',(1.E0,0.E0,0.E0));
#897=DIRECTION('',(0.E0,9.171763424981E-1,-3.984815638919E-1));
#898=AXIS2_PLACEMENT_3D('',#895,#896,#897);
#900=CARTESIAN_POINT('',(1.91E1,4.213246488641E1,-1.036267383926E1));
#901=DIRECTION('',(0.E0,3.984815638919E-1,9.171763424981E-1));
#902=DIRECTION('',(1.E0,1.421085471520E-14,0.E0));
#903=AXIS2_PLACEMENT_3D('',#900,#901,#902);
#905=CARTESIAN_POINT('',(1.209999999998E1,4.550153891720E1,-5.784123627289E-1));
#906=CARTESIAN_POINT('',(1.209999998138E1,4.551610395907E1,-4.866868994508E-1));
#907=CARTESIAN_POINT('',(1.207629873960E1,4.554342826175E1,-3.106818720641E-1));
#908=CARTESIAN_POINT('',(1.197378051978E1,4.558035087050E1,-6.249795615963E-2));
#909=CARTESIAN_POINT('',(1.181115257470E1,4.561071359727E1,1.500922943941E-1));
#910=CARTESIAN_POINT('',(1.160021117581E1,4.563280317734E1,3.100591770022E-1));
#911=CARTESIAN_POINT('',(1.135724262739E1,4.564632157557E1,4.103380801649E-1));
#912=CARTESIAN_POINT('',(1.118776923163E1,4.564944914038E1,4.338387146657E-1));
#913=CARTESIAN_POINT('',(1.11E1,4.564944914090E1,4.338387185773E-1));
#915=DIRECTION('',(-1.E0,0.E0,0.E0));
#916=VECTOR('',#915,7.E0);
#917=CARTESIAN_POINT('',(1.91E1,4.259105305766E1,-1.056191462120E1));
#918=LINE('1762',#917,#916);
#919=CARTESIAN_POINT('',(5.E-1,4.515384578656E1,5.E-1));
#920=DIRECTION('',(0.E0,1.323225628250E-1,9.912067086978E-1));
#921=DIRECTION('',(0.E0,9.912067086978E-1,-1.323225628250E-1));
#922=AXIS2_PLACEMENT_3D('',#919,#920,#921);
#924=CARTESIAN_POINT('',(5.E-1,4.7E0,5.900444229880E0));
#925=DIRECTION('',(-1.E0,0.E0,0.E0));
#926=DIRECTION('',(0.E0,9.996882355323E-1,-2.496861506464E-2));
#927=AXIS2_PLACEMENT_3D('',#924,#925,#926);
#929=CARTESIAN_POINT('',(0.E0,4.500030799124E1,4.9E0));
#930=DIRECTION('',(-1.E0,0.E0,0.E0));
#931=DIRECTION('',(0.E0,-2.842170943041E-14,1.E0));
#932=AXIS2_PLACEMENT_3D('',#929,#930,#931);
#934=CARTESIAN_POINT('',(0.E0,3.315999999653E1,1.09E1));
#935=DIRECTION('',(1.E0,0.E0,0.E0));
#936=DIRECTION('',(0.E0,-8.203600461177E-1,-5.718473526508E-1));
#937=AXIS2_PLACEMENT_3D('',#934,#935,#936);
#939=DIRECTION('',(0.E0,5.718473526508E-1,-8.203600461177E-1));
#940=VECTOR('',#939,3.765600612018E0);
#941=CARTESIAN_POINT('',(0.E0,2.649467100176E1,1.084398785216E1));
#942=LINE('1829',#941,#940);
#943=CARTESIAN_POINT('',(0.E0,2.427969887724E1,9.3E0));
#944=DIRECTION('',(-1.E0,0.E0,0.E0));
#945=DIRECTION('',(0.E0,0.E0,1.E0));
#946=AXIS2_PLACEMENT_3D('',#943,#944,#945);
#948=DIRECTION('',(0.E0,7.071067811866E-1,7.071067811865E-1));
#949=VECTOR('',#948,3.773475647203E-1);
#950=CARTESIAN_POINT('',(0.E0,1.800028175931E1,1.173317497812E1));
#951=LINE('1489',#950,#949);
#952=CARTESIAN_POINT('',(0.E0,1.616E1,1.095E1));
#953=DIRECTION('',(1.E0,0.E0,0.E0));
#954=DIRECTION('',(0.E0,0.E0,-1.E0));
#955=AXIS2_PLACEMENT_3D('',#952,#953,#954);
#957=CARTESIAN_POINT('',(0.E0,1.616E1,1.095E1));
#958=DIRECTION('',(1.E0,0.E0,0.E0));
#959=DIRECTION('',(0.E0,-9.201408796542E-1,3.915874890610E-1));
#960=AXIS2_PLACEMENT_3D('',#957,#958,#959);
#962=DIRECTION('',(0.E0,7.071067811865E-1,-7.071067811866E-1));
#963=VECTOR('',#962,3.773475647203E-1);
#964=CARTESIAN_POINT('',(0.E0,1.405289321881E1,1.2E1));
#965=LINE('1504',#964,#963);
#966=CARTESIAN_POINT('',(0.E0,1.031174125132E1,8.5E0));
#967=DIRECTION('',(-1.E0,0.E0,0.E0));
#968=DIRECTION('',(0.E0,-6.728412673047E-1,7.397868808054E-1));
#969=AXIS2_PLACEMENT_3D('',#966,#967,#968);
#971=CARTESIAN_POINT('',(0.E0,5.4E0,1.390044422988E1));
#972=DIRECTION('',(1.E0,0.E0,0.E0));
#973=DIRECTION('',(0.E0,0.E0,-1.E0));
#974=AXIS2_PLACEMENT_3D('',#971,#972,#973);
#976=CARTESIAN_POINT('',(0.E0,4.7E0,5.900444229880E0));
#977=DIRECTION('',(-1.E0,0.E0,0.E0));
#978=DIRECTION('',(0.E0,-9.396926207892E-1,-3.420201433165E-1));
#979=AXIS2_PLACEMENT_3D('',#976,#977,#978);
#981=DIRECTION('',(0.E0,-3.420201433165E-1,9.396926207892E-1));
#982=VECTOR('',#981,4.218357727042E0);
#983=CARTESIAN_POINT('',(0.E0,2.196054307048E0,5.E-1));
#984=LINE('1771',#983,#982);
#985=CARTESIAN_POINT('',(0.E0,4.7E0,5.900444229880E0));
#986=DIRECTION('',(-1.E0,0.E0,0.E0));
#987=DIRECTION('',(0.E0,9.996882355323E-1,-2.496861506464E-2));
#988=AXIS2_PLACEMENT_3D('',#985,#986,#987);
#990=CARTESIAN_POINT('',(0.E0,4.7E0,5.900444229880E0));
#991=DIRECTION('',(1.E0,0.E0,0.E0));
#992=DIRECTION('',(0.E0,1.E0,0.E0));
#993=AXIS2_PLACEMENT_3D('',#990,#991,#992);
#995=CARTESIAN_POINT('',(0.E0,4.7E0,5.900444229880E0));
#996=DIRECTION('',(1.E0,0.E0,0.E0));
#997=DIRECTION('',(0.E0,-1.E0,0.E0));
#998=AXIS2_PLACEMENT_3D('',#995,#996,#997);
#1000=CARTESIAN_POINT('',(5.E-1,4.500030799124E1,5.4E0));
#1001=DIRECTION('',(0.E0,1.E0,0.E0));
#1002=DIRECTION('',(-1.E0,0.E0,0.E0));
#1003=AXIS2_PLACEMENT_3D('',#1000,#1001,#1002);
#1005=CARTESIAN_POINT('',(5.E-1,4.6E1,4.924817083335E0));
#1006=CARTESIAN_POINT('',(4.474877658627E-1,4.6E1,4.924821284048E0));
#1007=CARTESIAN_POINT('',(3.425731871437E-1,4.598328928766E1,4.924625233751E0));
#1008=CARTESIAN_POINT('',(2.011666072598E-1,4.591115470691E1,4.923705775123E0));
#1009=CARTESIAN_POINT('',(8.858591015388E-2,4.579854782423E1,4.922197017353E0));
#1010=CARTESIAN_POINT('',(1.646842454961E-2,4.565667341513E1,4.920134849156E0));
#1011=CARTESIAN_POINT('',(0.E0,4.555218797742E1,4.918463094680E0));
#1012=CARTESIAN_POINT('',(0.E0,4.55E1,4.917546976472E0));
#1014=CARTESIAN_POINT('',(5.E-1,4.500030799124E1,4.9E0));
#1015=DIRECTION('',(-1.E0,0.E0,0.E0));
#1016=DIRECTION('',(0.E0,0.E0,1.E0));
#1017=AXIS2_PLACEMENT_3D('',#1014,#1015,#1016);
#1019=DIRECTION('',(0.E0,-1.E0,0.E0));
#1020=VECTOR('',#1019,1.184030799471E1);
#1021=CARTESIAN_POINT('',(0.E0,4.500030799124E1,5.4E0));
#1022=LINE('1440',#1021,#1020);
#1023=DIRECTION('',(0.E0,1.E0,0.E0));
#1024=VECTOR('',#1023,1.184030799471E1);
#1025=CARTESIAN_POINT('',(5.E-1,3.315999999653E1,5.9E0));
#1026=LINE('1633',#1025,#1024);
#1027=CARTESIAN_POINT('',(5.E-1,2.864801974289E1,7.754839560421E0));
#1028=DIRECTION('',(0.E0,5.718473526508E-1,-8.203600461177E-1));
#1029=DIRECTION('',(-1.E0,0.E0,0.E0));
#1030=AXIS2_PLACEMENT_3D('',#1027,#1028,#1029);
#1032=CARTESIAN_POINT('',(5.E-1,3.315999999653E1,5.4E0));
#1033=DIRECTION('',(0.E0,-1.E0,0.E0));
#1034=DIRECTION('',(0.E0,0.E0,1.E0));
#1035=AXIS2_PLACEMENT_3D('',#1032,#1033,#1034);
#1037=CARTESIAN_POINT('',(5.E-1,3.315999999653E1,1.09E1));
#1038=DIRECTION('',(1.E0,0.E0,0.E0));
#1039=DIRECTION('',(0.E0,-8.203600461177E-1,-5.718473526508E-1));
#1040=AXIS2_PLACEMENT_3D('',#1037,#1038,#1039);
#1042=DIRECTION('',(0.E0,5.718473526508E-1,-8.203600461177E-1));
#1043=VECTOR('',#1042,3.765600612018E0);
#1044=CARTESIAN_POINT('',(5.E-1,2.690485102482E1,1.112991152848E1));
#1045=LINE('1808',#1044,#1043);
#1046=CARTESIAN_POINT('',(5.E-1,2.427969887724E1,1.2E1));
#1047=DIRECTION('',(0.E0,1.E0,0.E0));
#1048=DIRECTION('',(-1.E0,0.E0,-3.197442310920E-14));
#1049=AXIS2_PLACEMENT_3D('',#1046,#1047,#1048);
#1051=CARTESIAN_POINT('',(5.E-1,2.649467100176E1,1.084398785216E1));
#1052=DIRECTION('',(0.E0,-5.718473526508E-1,8.203600461177E-1));
#1053=DIRECTION('',(0.E0,8.203600461177E-1,5.718473526508E-1));
#1054=AXIS2_PLACEMENT_3D('',#1051,#1052,#1053);
#1056=CARTESIAN_POINT('',(5.E-1,2.427969887724E1,9.3E0));
#1057=DIRECTION('',(-1.E0,0.E0,0.E0));
#1058=DIRECTION('',(0.E0,0.E0,1.E0));
#1059=AXIS2_PLACEMENT_3D('',#1056,#1057,#1058);
#1061=DIRECTION('',(1.E0,0.E0,0.E0));
#1062=VECTOR('',#1061,1.86E1);
#1063=CARTESIAN_POINT('',(5.E-1,2.905819976594E1,8.040763236746E0));
#1064=LINE('1697',#1063,#1062);
#1065=DIRECTION('',(-1.E0,0.E0,0.E0));
#1066=VECTOR('',#1065,1.86E1);
#1067=CARTESIAN_POINT('',(1.91E1,3.315999999653E1,5.9E0));
#1068=LINE('1812',#1067,#1066);
#1069=CARTESIAN_POINT('',(4.05E0,3.724014323750E1,5.9E0));
#1070=DIRECTION('',(0.E0,0.E0,-1.E0));
#1071=DIRECTION('',(1.E0,0.E0,0.E0));
#1072=AXIS2_PLACEMENT_3D('',#1069,#1070,#1071);
#1074=CARTESIAN_POINT('',(4.05E0,4.103484081743E1,5.9E0));
#1075=DIRECTION('',(0.E0,0.E0,-1.E0));
#1076=DIRECTION('',(-1.E0,-1.291895883200E-14,0.E0));
#1077=AXIS2_PLACEMENT_3D('',#1074,#1075,#1076);
#1079=DIRECTION('',(1.E0,0.E0,0.E0));
#1080=VECTOR('',#1079,1.86E1);
#1081=CARTESIAN_POINT('',(5.E-1,4.500030799124E1,5.9E0));
#1082=LINE('1599',#1081,#1080);
#1083=DIRECTION('',(-1.E0,0.E0,0.E0));
#1084=VECTOR('',#1083,1.86E1);
#1085=CARTESIAN_POINT('',(1.91E1,4.6E1,4.924817083335E0));
#1086=LINE('1472',#1085,#1084);
#1087=DIRECTION('',(0.E0,0.E0,-1.E0));
#1088=VECTOR('',#1087,4.341004768034E-2);
#1089=CARTESIAN_POINT('',(5.E-1,4.6E1,4.924817083335E0));
#1090=LINE('1746',#1089,#1088);
#1091=DIRECTION('',(0.E0,0.E0,1.E0));
#1092=VECTOR('',#1091,3.613994081806E-2);
#1093=CARTESIAN_POINT('',(0.E0,4.55E1,4.881407035654E0));
#1094=LINE('1811',#1093,#1092);
#1095=CARTESIAN_POINT('',(5.E-1,4.55E1,4.881407035654E0));
#1096=DIRECTION('',(0.E0,2.496861506464E-2,9.996882355323E-1));
#1097=DIRECTION('',(0.E0,9.996882355323E-1,-2.496861506464E-2));
#1098=AXIS2_PLACEMENT_3D('',#1095,#1096,#1097);
#1100=CARTESIAN_POINT('',(5.E-1,4.55E1,4.881407035654E0));
#1101=DIRECTION('',(-1.E0,0.E0,0.E0));
#1102=DIRECTION('',(0.E0,1.E0,0.E0));
#1103=AXIS2_PLACEMENT_3D('',#1100,#1101,#1102);
#1105=CARTESIAN_POINT('',(5.E-1,4.55E1,4.881407035654E0));
#1106=DIRECTION('',(0.E0,2.699450072489E-13,-1.E0));
#1107=DIRECTION('',(-1.E0,0.E0,0.E0));
#1108=AXIS2_PLACEMENT_3D('',#1105,#1106,#1107);
#1110=DIRECTION('',(1.E0,0.E0,3.843997999240E-14));
#1111=VECTOR('',#1110,1.86E1);
#1112=CARTESIAN_POINT('',(5.E-1,4.6E1,4.881407035654E0));
#1113=LINE('1754',#1112,#1111);
#1114=DIRECTION('',(-1.E0,0.E0,0.E0));
#1115=VECTOR('',#1114,1.86E1);
#1116=CARTESIAN_POINT('',(1.91E1,4.599984411777E1,4.868922728122E0));
#1117=LINE('1702',#1116,#1115);
#1118=CARTESIAN_POINT('',(1.91E1,4.55E1,4.881407035654E0));
#1119=DIRECTION('',(0.E0,2.496861506464E-2,9.996882355323E-1));
#1120=DIRECTION('',(1.E0,0.E0,0.E0));
#1121=AXIS2_PLACEMENT_3D('',#1118,#1119,#1120);
#1123=CARTESIAN_POINT('',(1.91E1,4.55E1,4.881407035654E0));
#1124=DIRECTION('',(0.E0,4.201688826656E-12,-1.E0));
#1125=DIRECTION('',(0.E0,1.E0,4.201083925182E-12));
#1126=AXIS2_PLACEMENT_3D('',#1123,#1124,#1125);
#1128=CARTESIAN_POINT('',(1.91E1,4.55E1,4.881407035654E0));
#1129=DIRECTION('',(1.E0,0.E0,0.E0));
#1130=DIRECTION('',(0.E0,9.996882355323E-1,-2.496861506464E-2));
#1131=AXIS2_PLACEMENT_3D('',#1128,#1129,#1130);
#1133=DIRECTION('',(0.E0,0.E0,-1.E0));
#1134=VECTOR('',#1133,3.613994081768E-2);
#1135=CARTESIAN_POINT('',(1.96E1,4.55E1,4.917546976472E0));
#1136=LINE('1826',#1135,#1134);
#1137=CARTESIAN_POINT('',(1.91E1,4.6E1,4.924817083335E0));
#1138=CARTESIAN_POINT('',(1.915251223951E1,4.6E1,4.924816389607E0));
#1139=CARTESIAN_POINT('',(1.925742658107E1,4.598328925452E1,4.924613555657E0));
#1140=CARTESIAN_POINT('',(1.939883194914E1,4.591115555428E1,4.923706458126E0));
#1141=CARTESIAN_POINT('',(1.951141229511E1,4.579855013960E1,4.922192035351E0));
#1142=CARTESIAN_POINT('',(1.958353077053E1,4.565667629703E1,4.920130278955E0));
#1143=CARTESIAN_POINT('',(1.96E1,4.555218919318E1,4.918461091493E0));
#1144=CARTESIAN_POINT('',(1.96E1,4.55E1,4.917546976472E0));
#1146=DIRECTION('',(0.E0,0.E0,1.E0));
#1147=VECTOR('',#1146,4.341004767962E-2);
#1148=CARTESIAN_POINT('',(1.91E1,4.6E1,4.881407035655E0));
#1149=LINE('1621',#1148,#1147);
#1150=CARTESIAN_POINT('',(1.91E1,4.500030799124E1,5.4E0));
#1151=DIRECTION('',(0.E0,1.E0,0.E0));
#1152=DIRECTION('',(0.E0,0.E0,1.E0));
#1153=AXIS2_PLACEMENT_3D('',#1150,#1151,#1152);
#1155=CARTESIAN_POINT('',(1.91E1,4.500030799124E1,4.9E0));
#1156=DIRECTION('',(1.E0,0.E0,0.E0));
#1157=DIRECTION('',(0.E0,9.996920087581E-1,2.481708333442E-2));
#1158=AXIS2_PLACEMENT_3D('',#1155,#1156,#1157);
#1160=DIRECTION('',(0.E0,1.E0,0.E0));
#1161=VECTOR('',#1160,1.184030799471E1);
#1162=CARTESIAN_POINT('',(1.96E1,3.315999999653E1,5.4E0));
#1163=LINE('1588',#1162,#1161);
#1164=DIRECTION('',(0.E0,-1.E0,0.E0));
#1165=VECTOR('',#1164,1.184030799471E1);
#1166=CARTESIAN_POINT('',(1.91E1,4.500030799124E1,5.9E0));
#1167=LINE('1763',#1166,#1165);
#1168=CARTESIAN_POINT('',(1.91E1,3.315999999653E1,5.4E0));
#1169=DIRECTION('',(0.E0,-1.E0,0.E0));
#1170=DIRECTION('',(1.E0,0.E0,0.E0));
#1171=AXIS2_PLACEMENT_3D('',#1168,#1169,#1170);
#1173=CARTESIAN_POINT('',(1.91E1,2.864801974289E1,7.754839560421E0));
#1174=DIRECTION('',(0.E0,5.718473526508E-1,-8.203600461177E-1));
#1175=DIRECTION('',(0.E0,8.203600461177E-1,5.718473526508E-1));
#1176=AXIS2_PLACEMENT_3D('',#1173,#1174,#1175);
#1178=CARTESIAN_POINT('',(1.91E1,3.315999999653E1,1.09E1));
#1179=DIRECTION('',(-1.E0,0.E0,0.E0));
#1180=DIRECTION('',(0.E0,0.E0,-1.E0));
#1181=AXIS2_PLACEMENT_3D('',#1178,#1179,#1180);
#1183=DIRECTION('',(0.E0,-5.718473526508E-1,8.203600461177E-1));
#1184=VECTOR('',#1183,3.765600612018E0);
#1185=CARTESIAN_POINT('',(1.91E1,2.905819976594E1,8.040763236746E0));
#1186=LINE('1736',#1185,#1184);
#1187=CARTESIAN_POINT('',(1.91E1,2.649467100176E1,1.084398785216E1));
#1188=DIRECTION('',(0.E0,-5.718473526508E-1,8.203600461177E-1));
#1189=DIRECTION('',(1.E0,-1.421085471520E-14,0.E0));
#1190=AXIS2_PLACEMENT_3D('',#1187,#1188,#1189);
#1192=CARTESIAN_POINT('',(1.91E1,2.427969887724E1,1.2E1));
#1193=DIRECTION('',(0.E0,1.E0,0.E0));
#1194=DIRECTION('',(0.E0,0.E0,1.E0));
#1195=AXIS2_PLACEMENT_3D('',#1192,#1193,#1194);
#1197=CARTESIAN_POINT('',(1.91E1,2.427969887724E1,9.3E0));
#1198=DIRECTION('',(1.E0,0.E0,0.E0));
#1199=DIRECTION('',(0.E0,8.203600461177E-1,5.718473526508E-1));
#1200=AXIS2_PLACEMENT_3D('',#1197,#1198,#1199);
#1202=DIRECTION('',(0.E0,-1.E0,0.E0));
#1203=VECTOR('',#1202,6.012592096058E0);
#1204=CARTESIAN_POINT('',(1.91E1,2.427969887724E1,1.25E1));
#1205=LINE('1787',#1204,#1203);
#1206=DIRECTION('',(0.E0,1.E0,0.E0));
#1207=VECTOR('',#1206,6.012592096058E0);
#1208=CARTESIAN_POINT('',(1.96E1,1.826710678119E1,1.2E1));
#1209=LINE('1595',#1208,#1207);
#1210=CARTESIAN_POINT('',(1.91E1,1.826710678119E1,1.2E1));
#1211=DIRECTION('',(0.E0,7.071067811865E-1,7.071067811865E-1));
#1212=DIRECTION('',(0.E0,-7.071067811865E-1,7.071067811865E-1));
#1213=AXIS2_PLACEMENT_3D('',#1210,#1211,#1212);
#1215=CARTESIAN_POINT('',(1.91E1,1.826710678119E1,1.2E1));
#1216=DIRECTION('',(1.E0,0.E0,0.E0));
#1217=DIRECTION('',(0.E0,0.E0,1.E0));
#1218=AXIS2_PLACEMENT_3D('',#1215,#1216,#1217);
#1220=CARTESIAN_POINT('',(1.91E1,1.826710678119E1,1.2E1));
#1221=DIRECTION('',(0.E0,-1.E0,0.E0));
#1222=DIRECTION('',(1.E0,0.E0,0.E0));
#1223=AXIS2_PLACEMENT_3D('',#1220,#1221,#1222);
#1225=DIRECTION('',(1.E0,0.E0,0.E0));
#1226=VECTOR('',#1225,1.4E0);
#1227=CARTESIAN_POINT('',(1.77E1,1.791355339059E1,1.235355339059E1));
#1228=LINE('1793',#1227,#1226);
#1229=DIRECTION('',(-1.E0,0.E0,0.E0));
#1230=VECTOR('',#1229,1.4E0);
#1231=CARTESIAN_POINT('',(1.91E1,1.826710678119E1,1.25E1));
#1232=LINE('1810',#1231,#1230);
#1233=CARTESIAN_POINT('',(1.77E1,1.826710678119E1,1.2E1));
#1234=DIRECTION('',(-1.E0,0.E0,0.E0));
#1235=DIRECTION('',(0.E0,-7.071067811865E-1,7.071067811865E-1));
#1236=AXIS2_PLACEMENT_3D('',#1233,#1234,#1235);
#1238=CARTESIAN_POINT('',(1.77E1,1.826710678119E1,1.2E1));
#1239=DIRECTION('',(0.E0,7.071067811865E-1,7.071067811865E-1));
#1240=DIRECTION('',(-1.E0,0.E0,0.E0));
#1241=AXIS2_PLACEMENT_3D('',#1238,#1239,#1240);
#1243=CARTESIAN_POINT('',(1.77E1,1.826710678119E1,1.2E1));
#1244=DIRECTION('',(0.E0,-1.E0,0.E0));
#1245=DIRECTION('',(0.E0,0.E0,1.E0));
#1246=AXIS2_PLACEMENT_3D('',#1243,#1244,#1245);
#1248=DIRECTION('',(0.E0,7.071067811865E-1,7.071067811866E-1));
#1249=VECTOR('',#1248,4.292893218813E-1);
#1250=CARTESIAN_POINT('',(1.77E1,1.761E1,1.205E1));
#1251=LINE('1603',#1250,#1249);
#1252=CARTESIAN_POINT('',(1.72E1,1.811E1,1.184289321881E1));
#1253=CARTESIAN_POINT('',(1.72E1,1.805630476942E1,1.186513451156E1));
#1254=CARTESIAN_POINT('',(1.721680341095E1,1.795032241487E1,1.190904008340E1));
#1255=CARTESIAN_POINT('',(1.729377567372E1,1.780485841860E1,1.196930759656E1));
#1256=CARTESIAN_POINT('',(1.740184235614E1,1.769871692618E1,1.201331541254E1));
#1257=CARTESIAN_POINT('',(1.754721689883E1,1.762494134202E1,1.204380487373E1));
#1258=CARTESIAN_POINT('',(1.764936208588E1,1.761E1,1.205E1));
#1259=CARTESIAN_POINT('',(1.77E1,1.761E1,1.205E1));
#1261=DIRECTION('',(0.E0,0.E0,1.E0));
#1262=VECTOR('',#1261,7.159427126062E-1);
#1263=CARTESIAN_POINT('',(1.77E1,1.761E1,1.133405728739E1));
#1264=LINE('1543',#1263,#1262);
#1265=CARTESIAN_POINT('',(1.72E1,1.811E1,1.139440972087E1));
#1266=CARTESIAN_POINT('',(1.72E1,1.805738681819E1,1.138849027544E1));
#1267=CARTESIAN_POINT('',(1.721667104461E1,1.795225664575E1,1.137637952693E1));
#1268=CARTESIAN_POINT('',(1.728992952069E1,1.780952666917E1,1.135930306200E1));
#1269=CARTESIAN_POINT('',(1.740272912113E1,1.769782078836E1,1.134540711147E1));
#1270=CARTESIAN_POINT('',(1.754364822072E1,1.762645519859E1,1.133631027136E1));
#1271=CARTESIAN_POINT('',(1.764788129892E1,1.761E1,1.133405728739E1));
#1272=CARTESIAN_POINT('',(1.77E1,1.761E1,1.133405728739E1));
#1274=DIRECTION('',(0.E0,1.584323033093E-14,-1.E0));
#1275=VECTOR('',#1274,4.484834979472E-1);
#1276=CARTESIAN_POINT('',(1.72E1,1.811E1,1.184289321881E1));
#1277=LINE('1628',#1276,#1275);
#1278=CARTESIAN_POINT('',(1.77E1,1.616E1,8.95E0));
#1279=DIRECTION('',(0.E0,1.E0,0.E0));
#1280=DIRECTION('',(-1.E0,0.E0,0.E0));
#1281=AXIS2_PLACEMENT_3D('',#1278,#1279,#1280);
#1283=CARTESIAN_POINT('',(1.77E1,1.616E1,1.095E1));
#1284=DIRECTION('',(1.E0,0.E0,0.E0));
#1285=DIRECTION('',(0.E0,0.E0,-1.E0));
#1286=AXIS2_PLACEMENT_3D('',#1283,#1284,#1285);
#1288=DIRECTION('',(0.E0,-1.E0,0.E0));
#1289=VECTOR('',#1288,3.794697579934E0);
#1290=CARTESIAN_POINT('',(1.85E0,4.103484081743E1,0.E0));
#1291=LINE('2314',#1290,#1289);
#1292=DIRECTION('',(0.E0,0.E0,1.E0));
#1293=VECTOR('',#1292,5.9E0);
#1294=CARTESIAN_POINT('',(1.85E0,3.724014323750E1,0.E0));
#1295=LINE('2310',#1294,#1293);
#1296=DIRECTION('',(0.E0,1.E0,0.E0));
#1297=VECTOR('',#1296,3.794697579934E0);
#1298=CARTESIAN_POINT('',(1.85E0,3.724014323750E1,5.9E0));
#1299=LINE('2315',#1298,#1297);
#1300=CARTESIAN_POINT('',(4.05E0,3.724014323750E1,0.E0));
#1301=DIRECTION('',(0.E0,0.E0,-1.E0));
#1302=DIRECTION('',(1.E0,0.E0,0.E0));
#1303=AXIS2_PLACEMENT_3D('',#1300,#1301,#1302);
#1305=CARTESIAN_POINT('',(4.05E0,4.103484081743E1,0.E0));
#1306=DIRECTION('',(0.E0,0.E0,-1.E0));
#1307=DIRECTION('',(-1.E0,0.E0,0.E0));
#1308=AXIS2_PLACEMENT_3D('',#1305,#1306,#1307);
#1310=DIRECTION('',(1.E0,0.E0,0.E0));
#1311=VECTOR('',#1310,1.86E1);
#1312=CARTESIAN_POINT('',(5.E-1,2.196054307048E0,0.E0));
#1313=LINE('1590',#1312,#1311);
#1314=DIRECTION('',(-1.E0,0.E0,0.E0));
#1315=VECTOR('',#1314,1.86E1);
#1316=CARTESIAN_POINT('',(1.91E1,1.726207996654E0,3.289899283417E-1));
#1317=LINE('1458',#1316,#1315);
#1318=CARTESIAN_POINT('',(1.91E1,2.196054307048E0,5.E-1));
#1319=DIRECTION('',(0.E0,3.420201433165E-1,-9.396926207892E-1));
#1320=DIRECTION('',(1.E0,0.E0,0.E0));
#1321=AXIS2_PLACEMENT_3D('',#1318,#1319,#1320);
#1323=CARTESIAN_POINT('',(1.91E1,2.196054307048E0,5.E-1));
#1324=DIRECTION('',(0.E0,-1.E0,0.E0));
#1325=DIRECTION('',(0.E0,0.E0,-1.E0));
#1326=AXIS2_PLACEMENT_3D('',#1323,#1324,#1325);
#1328=CARTESIAN_POINT('',(1.91E1,2.196054307048E0,5.E-1));
#1329=DIRECTION('',(1.E0,0.E0,-1.260228297833E-14));
#1330=DIRECTION('',(0.E0,-9.396926207892E-1,-3.420201433165E-1));
#1331=AXIS2_PLACEMENT_3D('',#1328,#1329,#1330);
#1333=DIRECTION('',(0.E0,3.420201433165E-1,-9.396926207892E-1));
#1334=VECTOR('',#1333,4.218357727042E0);
#1335=CARTESIAN_POINT('',(1.91E1,2.834446822906E-1,4.292949556292E0));
#1336=LINE('1778',#1335,#1334);
#1337=CARTESIAN_POINT('',(1.91E1,4.7E0,1.010044422988E1));
#1338=DIRECTION('',(0.E0,-1.E0,0.E0));
#1339=DIRECTION('',(1.E0,0.E0,0.E0));
#1340=AXIS2_PLACEMENT_3D('',#1337,#1338,#1339);
#1342=CARTESIAN_POINT('',(1.91E1,7.532909926852E-1,4.463959627950E0));
#1343=DIRECTION('',(0.E0,-3.420201433165E-1,9.396926207892E-1));
#1344=DIRECTION('',(0.E0,-9.396926207892E-1,-3.420201433165E-1));
#1345=AXIS2_PLACEMENT_3D('',#1342,#1343,#1344);
#1347=CARTESIAN_POINT('',(1.91E1,4.7E0,5.900444229880E0));
#1348=DIRECTION('',(1.E0,0.E0,0.E0));
#1349=DIRECTION('',(0.E0,0.E0,1.E0));
#1350=AXIS2_PLACEMENT_3D('',#1347,#1348,#1349);
#1352=DIRECTION('',(0.E0,1.E0,0.E0));
#1353=VECTOR('',#1352,7.E-1);
#1354=CARTESIAN_POINT('',(1.96E1,4.7E0,1.010044422988E1));
#1355=LINE('1592',#1354,#1353);
#1356=DIRECTION('',(0.E0,-1.E0,0.E0));
#1357=VECTOR('',#1356,7.E-1);
#1358=CARTESIAN_POINT('',(1.91E1,5.4E0,1.060044422988E1));
#1359=LINE('1509',#1358,#1357);
#1360=CARTESIAN_POINT('',(1.91E1,5.4E0,1.010044422988E1));
#1361=DIRECTION('',(0.E0,1.E0,0.E0));
#1362=DIRECTION('',(0.E0,0.E0,1.E0));
#1363=AXIS2_PLACEMENT_3D('',#1360,#1361,#1362);
#1365=CARTESIAN_POINT('',(1.91E1,5.4E0,1.390044422988E1));
#1366=DIRECTION('',(-1.E0,0.E0,0.E0));
#1367=DIRECTION('',(0.E0,6.728412673047E-1,-7.397868808054E-1));
#1368=AXIS2_PLACEMENT_3D('',#1365,#1366,#1367);
#1370=CARTESIAN_POINT('',(1.91E1,1.031174125132E1,1.2E1));
#1371=DIRECTION('',(0.E0,-1.E0,0.E0));
#1372=DIRECTION('',(1.E0,0.E0,0.E0));
#1373=AXIS2_PLACEMENT_3D('',#1370,#1371,#1372);
#1375=CARTESIAN_POINT('',(1.91E1,7.956796815758E0,1.108925408282E1));
#1376=DIRECTION('',(0.E0,7.397868808054E-1,6.728412673047E-1));
#1377=DIRECTION('',(0.E0,-6.728412673047E-1,7.397868808054E-1));
#1378=AXIS2_PLACEMENT_3D('',#1375,#1376,#1377);
#1380=CARTESIAN_POINT('',(1.91E1,1.031174125132E1,8.5E0));
#1381=DIRECTION('',(1.E0,0.E0,0.E0));
#1382=DIRECTION('',(0.E0,0.E0,1.E0));
#1383=AXIS2_PLACEMENT_3D('',#1380,#1381,#1382);
#1385=DIRECTION('',(0.E0,1.E0,0.E0));
#1386=VECTOR('',#1385,3.741151967489E0);
#1387=CARTESIAN_POINT('',(1.96E1,1.031174125132E1,1.2E1));
#1388=LINE('1493',#1387,#1386);
#1389=DIRECTION('',(0.E0,-1.E0,0.E0));
#1390=VECTOR('',#1389,3.948258748676E0);
#1391=CARTESIAN_POINT('',(1.91E1,1.426E1,1.25E1));
#1392=LINE('1683',#1391,#1390);
#1393=CARTESIAN_POINT('',(1.91E1,1.426E1,1.25E1));
#1394=CARTESIAN_POINT('',(1.914931998108E1,1.426E1,1.25E1));
#1395=CARTESIAN_POINT('',(1.924878914572E1,1.425410847607E1,1.248580061969E1));
#1396=CARTESIAN_POINT('',(1.939064469960E1,1.422529595776E1,1.241604416620E1));
#1397=CARTESIAN_POINT('',(1.949867164015E1,1.418326231805E1,1.231473176806E1));
#1398=CARTESIAN_POINT('',(1.958031291932E1,1.412326372031E1,1.216988917017E1));
#1399=CARTESIAN_POINT('',(1.96E1,1.407687794110E1,1.205790424182E1));
#1400=CARTESIAN_POINT('',(1.96E1,1.405289321881E1,1.2E1));
#1402=DIRECTION('',(0.E0,-7.071067811865E-1,7.071067811866E-1));
#1403=VECTOR('',#1402,6.363961030679E-1);
#1404=CARTESIAN_POINT('',(1.91E1,1.471E1,1.205E1));
#1405=LINE('1729',#1404,#1403);
#1406=DIRECTION('',(0.E0,0.E0,-1.E0));
#1407=VECTOR('',#1406,4.484834979472E-1);
#1408=CARTESIAN_POINT('',(1.96E1,1.421E1,1.184289321881E1));
#1409=LINE('1611',#1408,#1407);
#1410=CARTESIAN_POINT('',(1.91E1,1.471E1,1.205E1));
#1411=CARTESIAN_POINT('',(1.914931998108E1,1.471E1,1.205E1));
#1412=CARTESIAN_POINT('',(1.924878914572E1,1.469579358537E1,1.204412545841E1));
#1413=CARTESIAN_POINT('',(1.939064469960E1,1.462609479699E1,1.201517372420E1));
#1414=CARTESIAN_POINT('',(1.949867164015E1,1.452473384157E1,1.197325731214E1));
#1415=CARTESIAN_POINT('',(1.958031291932E1,1.437988924308E1,1.191326354428E1));
#1416=CARTESIAN_POINT('',(1.96E1,1.426790424182E1,1.186687794110E1));
#1417=CARTESIAN_POINT('',(1.96E1,1.421E1,1.184289321881E1));
#1419=DIRECTION('',(0.E0,0.E0,1.E0));
#1420=VECTOR('',#1419,7.159427126062E-1);
#1421=CARTESIAN_POINT('',(1.91E1,1.471E1,1.133405728739E1));
#1422=LINE('1570',#1421,#1420);
#1423=CARTESIAN_POINT('',(1.91E1,1.471E1,1.133405728739E1));
#1424=CARTESIAN_POINT('',(1.915220596467E1,1.471E1,1.133405728739E1));
#1425=CARTESIAN_POINT('',(1.925665396240E1,1.469349428794E1,1.133618277606E1));
#1426=CARTESIAN_POINT('',(1.939802387312E1,1.462172772368E1,1.134548380161E1));
#1427=CARTESIAN_POINT('',(1.951082317910E1,1.450938990040E1,1.135938144769E1));
#1428=CARTESIAN_POINT('',(1.958337784565E1,1.436730739228E1,1.137636773231E1));
#1429=CARTESIAN_POINT('',(1.96E1,1.426246406093E1,1.138850705285E1));
#1430=CARTESIAN_POINT('',(1.96E1,1.421E1,1.139440972087E1));
#1432=CARTESIAN_POINT('',(1.91E1,1.616E1,1.095E1));
#1433=DIRECTION('',(-1.E0,0.E0,0.E0));
#1434=DIRECTION('',(0.E0,0.E0,-1.E0));
#1435=AXIS2_PLACEMENT_3D('',#1432,#1433,#1434);
#1437=CARTESIAN_POINT('',(1.91E1,1.616E1,1.095E1));
#1438=DIRECTION('',(-1.E0,0.E0,0.E0));
#1439=DIRECTION('',(0.E0,9.666666666666E-1,2.560381915959E-1));
#1440=AXIS2_PLACEMENT_3D('',#1437,#1438,#1439);
#1442=DIRECTION('',(0.E0,0.E0,1.E0));
#1443=VECTOR('',#1442,4.484834979472E-1);
#1444=CARTESIAN_POINT('',(1.96E1,1.811E1,1.139440972087E1));
#1445=LINE('1517',#1444,#1443);
#1446=CARTESIAN_POINT('',(1.91E1,1.761E1,1.133405728739E1));
#1447=CARTESIAN_POINT('',(1.915219628599E1,1.761E1,1.133405728739E1));
#1448=CARTESIAN_POINT('',(1.925662740557E1,1.762649937229E1,1.133632592943E1));
#1449=CARTESIAN_POINT('',(1.939798777622E1,1.769824795786E1,1.134547281446E1));
#1450=CARTESIAN_POINT('',(1.951078995137E1,1.781056587193E1,1.135941810148E1));
#1451=CARTESIAN_POINT('',(1.958336528930E1,1.795264466251E1,1.137642107737E1));
#1452=CARTESIAN_POINT('',(1.96E1,1.805751927565E1,1.138850517807E1));
#1453=CARTESIAN_POINT('',(1.96E1,1.811E1,1.139440972087E1));
#1455=DIRECTION('',(0.E0,0.E0,-1.E0));
#1456=VECTOR('',#1455,7.159427126062E-1);
#1457=CARTESIAN_POINT('',(1.91E1,1.761E1,1.205E1));
#1458=LINE('1452',#1457,#1456);
#1459=DIRECTION('',(1.E0,0.E0,0.E0));
#1460=VECTOR('',#1459,1.4E0);
#1461=CARTESIAN_POINT('',(1.77E1,1.471E1,1.205E1));
#1462=LINE('1690',#1461,#1460);
#1463=DIRECTION('',(1.E0,0.E0,0.E0));
#1464=VECTOR('',#1463,1.4E0);
#1465=CARTESIAN_POINT('',(1.77E1,1.426E1,1.25E1));
#1466=LINE('1765',#1465,#1464);
#1467=DIRECTION('',(-1.E0,0.E0,0.E0));
#1468=VECTOR('',#1467,1.4E0);
#1469=CARTESIAN_POINT('',(1.91E1,1.031174125132E1,1.25E1));
#1470=LINE('1734',#1469,#1468);
#1471=DIRECTION('',(1.E0,0.E0,0.E0));
#1472=VECTOR('',#1471,1.4E0);
#1473=CARTESIAN_POINT('',(1.77E1,7.620376182105E0,1.145914752322E1));
#1474=LINE('1682',#1473,#1472);
#1475=DIRECTION('',(1.E0,0.E0,0.E0));
#1476=VECTOR('',#1475,1.4E0);
#1477=CARTESIAN_POINT('',(1.77E1,5.4E0,1.060044422988E1));
#1478=LINE('1499',#1477,#1476);
#1479=DIRECTION('',(0.E0,-3.420201433165E-1,9.396926207892E-1));
#1480=VECTOR('',#1479,4.218357727042E0);
#1481=CARTESIAN_POINT('',(5.E-1,1.726207996654E0,3.289899283417E-1));
#1482=LINE('1667',#1481,#1480);
#1483=CARTESIAN_POINT('',(5.E-1,4.7E0,1.010044422988E1));
#1484=DIRECTION('',(0.E0,-1.E0,0.E0));
#1485=DIRECTION('',(0.E0,0.E0,1.E0));
#1486=AXIS2_PLACEMENT_3D('',#1483,#1484,#1485);
#1488=CARTESIAN_POINT('',(5.E-1,4.7E0,5.900444229880E0));
#1489=DIRECTION('',(-1.E0,0.E0,0.E0));
#1490=DIRECTION('',(0.E0,-9.396926207892E-1,-3.420201433165E-1));
#1491=AXIS2_PLACEMENT_3D('',#1488,#1489,#1490);
#1493=CARTESIAN_POINT('',(5.E-1,7.532909926852E-1,4.463959627950E0));
#1494=DIRECTION('',(0.E0,-3.420201433165E-1,9.396926207892E-1));
#1495=DIRECTION('',(-1.E0,0.E0,0.E0));
#1496=AXIS2_PLACEMENT_3D('',#1493,#1494,#1495);
#1498=DIRECTION('',(0.E0,1.E0,0.E0));
#1499=VECTOR('',#1498,7.E-1);
#1500=CARTESIAN_POINT('',(5.E-1,4.7E0,1.060044422988E1));
#1501=LINE('1700',#1500,#1499);
#1502=DIRECTION('',(0.E0,-1.E0,0.E0));
#1503=VECTOR('',#1502,7.E-1);
#1504=CARTESIAN_POINT('',(0.E0,5.4E0,1.010044422988E1));
#1505=LINE('1582',#1504,#1503);
#1506=CARTESIAN_POINT('',(5.E-1,5.4E0,1.390044422988E1));
#1507=DIRECTION('',(1.E0,0.E0,0.E0));
#1508=DIRECTION('',(0.E0,0.E0,-1.E0));
#1509=AXIS2_PLACEMENT_3D('',#1506,#1507,#1508);
#1511=CARTESIAN_POINT('',(5.E-1,5.4E0,1.010044422988E1));
#1512=DIRECTION('',(0.E0,1.E0,0.E0));
#1513=DIRECTION('',(-1.E0,0.E0,0.E0));
#1514=AXIS2_PLACEMENT_3D('',#1511,#1512,#1513);
#1516=CARTESIAN_POINT('',(5.E-1,1.031174125132E1,1.2E1));
#1517=DIRECTION('',(0.E0,-1.E0,0.E0));
#1518=DIRECTION('',(0.E0,0.E0,1.E0));
#1519=AXIS2_PLACEMENT_3D('',#1516,#1517,#1518);
#1521=CARTESIAN_POINT('',(5.E-1,1.031174125132E1,8.5E0));
#1522=DIRECTION('',(-1.E0,0.E0,0.E0));
#1523=DIRECTION('',(0.E0,-6.728412673047E-1,7.397868808054E-1));
#1524=AXIS2_PLACEMENT_3D('',#1521,#1522,#1523);
#1526=CARTESIAN_POINT('',(5.E-1,7.956796815758E0,1.108925408282E1));
#1527=DIRECTION('',(0.E0,7.397868808054E-1,6.728412673047E-1));
#1528=DIRECTION('',(-1.E0,0.E0,0.E0));
#1529=AXIS2_PLACEMENT_3D('',#1526,#1527,#1528);
#1531=DIRECTION('',(0.E0,1.E0,0.E0));
#1532=VECTOR('',#1531,3.948258748676E0);
#1533=CARTESIAN_POINT('',(5.E-1,1.031174125132E1,1.25E1));
#1534=LINE('1445',#1533,#1532);
#1535=DIRECTION('',(0.E0,-1.E0,0.E0));
#1536=VECTOR('',#1535,3.741151967489E0);
#1537=CARTESIAN_POINT('',(0.E0,1.405289321881E1,1.2E1));
#1538=LINE('1483',#1537,#1536);
#1539=CARTESIAN_POINT('',(5.E-1,1.471E1,1.205E1));
#1540=CARTESIAN_POINT('',(4.120204986192E-1,1.471E1,1.205E1));
#1541=CARTESIAN_POINT('',(2.692854550721E-1,1.471E1,1.199173428164E1));
#1542=CARTESIAN_POINT('',(1.613621846397E-1,1.471E1,1.187241825453E1));
#1543=CARTESIAN_POINT('',(1.165569307638E-1,1.471E1,1.179670245771E1));
#1545=DIRECTION('',(0.E0,7.071067811865E-1,-7.071067811866E-1));
#1546=VECTOR('',#1545,6.363961030679E-1);
#1547=CARTESIAN_POINT('',(5.E-1,1.426E1,1.25E1));
#1548=LINE('1462',#1547,#1546);
#1549=CARTESIAN_POINT('',(0.E0,1.405289321881E1,1.2E1));
#1550=CARTESIAN_POINT('',(0.E0,1.407513451156E1,1.205369523058E1));
#1551=CARTESIAN_POINT('',(1.680341094560E-2,1.411904008340E1,1.215967758513E1));
#1552=CARTESIAN_POINT('',(9.377567372340E-2,1.417930759656E1,1.230514158140E1));
#1553=CARTESIAN_POINT('',(2.018423561403E-1,1.422331541254E1,1.241128307382E1));
#1554=CARTESIAN_POINT('',(3.472168988265E-1,1.425380487373E1,1.248505865798E1));
#1555=CARTESIAN_POINT('',(4.493620858766E-1,1.426E1,1.25E1));
#1556=CARTESIAN_POINT('',(5.E-1,1.426E1,1.25E1));
#1558=CARTESIAN_POINT('',(5.E-1,1.616E1,1.095E1));
#1559=DIRECTION('',(1.E0,0.E0,0.E0));
#1560=DIRECTION('',(0.E0,-9.666666666666E-1,2.560381915959E-1));
#1561=AXIS2_PLACEMENT_3D('',#1558,#1559,#1560);
#1563=CARTESIAN_POINT('',(1.165569307637E-1,1.471E1,1.179670245771E1));
#1564=CARTESIAN_POINT('',(1.313073188551E-1,1.471E1,1.176174869608E1));
#1565=CARTESIAN_POINT('',(1.621401470854E-1,1.471E1,1.169505980542E1));
#1566=CARTESIAN_POINT('',(2.116064650322E-1,1.471E1,1.160392698803E1));
#1567=CARTESIAN_POINT('',(2.631463457781E-1,1.471E1,1.152248628041E1));
#1568=CARTESIAN_POINT('',(3.164243139132E-1,1.471E1,1.145049146485E1));
#1569=CARTESIAN_POINT('',(3.728600366297E-1,1.471E1,1.139073219253E1));
#1570=CARTESIAN_POINT('',(4.34326708E-1,1.471E1,1.134549071871E1));
#1571=CARTESIAN_POINT('',(4.776392867868E-1,1.471E1,1.133405728739E1));
#1572=CARTESIAN_POINT('',(5.E-1,1.471E1,1.133405728739E1));
#1574=CARTESIAN_POINT('',(0.E0,1.431971824069E1,1.173317497812E1));
#1575=CARTESIAN_POINT('',(0.E0,1.436676199679E1,1.174229664594E1));
#1576=CARTESIAN_POINT('',(9.444836953137E-3,1.446006412955E1,1.175926743586E1));
#1577=CARTESIAN_POINT('',(4.923985371950E-2,1.459232540719E1,1.178070788903E1));
#1578=CARTESIAN_POINT('',(9.163296894261E-2,1.467269875910E1,1.179188503024E1));
#1579=CARTESIAN_POINT('',(1.165569307637E-1,1.471E1,1.179670245771E1));
#1581=CARTESIAN_POINT('',(5.E-1,1.616E1,8.95E0));
#1582=DIRECTION('',(0.E0,1.E0,0.E0));
#1583=DIRECTION('',(-1.E0,0.E0,0.E0));
#1584=AXIS2_PLACEMENT_3D('',#1581,#1582,#1583);
#1586=CARTESIAN_POINT('',(5.E-1,1.761E1,1.133405728739E1));
#1587=CARTESIAN_POINT('',(4.777554654785E-1,1.761E1,1.133405728739E1));
#1588=CARTESIAN_POINT('',(4.346002477098E-1,1.761E1,1.134535056954E1));
#1589=CARTESIAN_POINT('',(3.731993197021E-1,1.761E1,1.139047088711E1));
#1590=CARTESIAN_POINT('',(3.165558635940E-1,1.761E1,1.145030814066E1));
#1591=CARTESIAN_POINT('',(2.633158228248E-1,1.761E1,1.152223880248E1));
#1592=CARTESIAN_POINT('',(2.115991042066E-1,1.761E1,1.160393848463E1));
#1593=CARTESIAN_POINT('',(1.620128382823E-1,1.761E1,1.169532370685E1));
#1594=CARTESIAN_POINT('',(1.312541986845E-1,1.761E1,1.176187457410E1));
#1595=CARTESIAN_POINT('',(1.165569307616E-1,1.761E1,1.179670245771E1));
#1597=CARTESIAN_POINT('',(5.E-1,1.616E1,1.095E1));
#1598=DIRECTION('',(1.E0,0.E0,0.E0));
#1599=DIRECTION('',(0.E0,0.E0,-1.E0));
#1600=AXIS2_PLACEMENT_3D('',#1597,#1598,#1599);
#1602=CARTESIAN_POINT('',(5.E-1,2.196054307048E0,5.E-1));
#1603=DIRECTION('',(-1.E0,0.E0,0.E0));
#1604=DIRECTION('',(0.E0,0.E0,-1.E0));
#1605=AXIS2_PLACEMENT_3D('',#1602,#1603,#1604);
#1607=CARTESIAN_POINT('',(5.E-1,2.196054307048E0,5.E-1));
#1608=DIRECTION('',(0.E0,-1.E0,0.E0));
#1609=DIRECTION('',(-1.E0,0.E0,0.E0));
#1610=AXIS2_PLACEMENT_3D('',#1607,#1608,#1609);
#1612=CARTESIAN_POINT('',(5.E-1,2.196054307048E0,5.E-1));
#1613=DIRECTION('',(0.E0,3.420201433165E-1,-9.396926207892E-1));
#1614=DIRECTION('',(0.E0,-9.396926207892E-1,-3.420201433165E-1));
#1615=AXIS2_PLACEMENT_3D('',#1612,#1613,#1614);
#1617=DIRECTION('',(0.E0,-1.E0,0.E0));
#1618=VECTOR('',#1617,4.295779147952E1);
#1619=CARTESIAN_POINT('',(5.E-1,4.515384578656E1,0.E0));
#1620=LINE('1568',#1619,#1618);
#1621=DIRECTION('',(0.E0,1.E0,0.E0));
#1622=VECTOR('',#1621,4.295779147952E1);
#1623=CARTESIAN_POINT('',(0.E0,2.196054307048E0,5.E-1));
#1624=LINE('1827',#1623,#1622);
#1625=CARTESIAN_POINT('',(5.E-1,4.515384578656E1,5.E-1));
#1626=DIRECTION('',(0.E0,1.E0,0.E0));
#1627=DIRECTION('',(0.E0,0.E0,-1.E0));
#1628=AXIS2_PLACEMENT_3D('',#1625,#1626,#1627);
#1630=CARTESIAN_POINT('',(5.E-1,4.515384578656E1,5.E-1));
#1631=DIRECTION('',(-1.E0,0.E0,0.E0));
#1632=DIRECTION('',(0.E0,9.912067086978E-1,-1.323225628250E-1));
#1633=AXIS2_PLACEMENT_3D('',#1630,#1631,#1632);
#1635=DIRECTION('',(-1.E0,-8.432667562134E-13,-5.523533254196E-13));
#1636=VECTOR('',#1635,1.06E1);
#1637=CARTESIAN_POINT('',(1.11E1,4.515384578657E1,5.855167294052E-12));
#1638=LINE('1574',#1637,#1636);
#1639=DIRECTION('',(1.E0,-8.358931995216E-13,-9.671823090845E-13));
#1640=VECTOR('',#1639,1.06E1);
#1641=CARTESIAN_POINT('',(5.E-1,4.564944914091E1,4.338387185875E-1));
#1642=LINE('1607',#1641,#1640);
#1643=CARTESIAN_POINT('',(1.11E1,4.515384578656E1,5.E-1));
#1644=DIRECTION('',(1.E0,0.E0,0.E0));
#1645=DIRECTION('',(0.E0,0.E0,-1.E0));
#1646=AXIS2_PLACEMENT_3D('',#1643,#1644,#1645);
#1648=CARTESIAN_POINT('',(1.21E1,4.500772569202E1,-5.E-1));
#1649=DIRECTION('',(0.E0,1.568247254606E-1,9.876264503770E-1));
#1650=DIRECTION('',(0.E0,9.876264503770E-1,-1.568247254606E-1));
#1651=AXIS2_PLACEMENT_3D('',#1648,#1649,#1650);
#1653=DIRECTION('',(-1.003648738425E-12,-1.E0,2.985238788839E-13));
#1654=VECTOR('',#1653,6.918534960861E0);
#1655=CARTESIAN_POINT('',(1.160000000001E1,4.500772569204E1,
-5.000000000021E-1));
#1656=LINE('1627',#1655,#1654);
#1657=CARTESIAN_POINT('',(1.11E1,4.515384578657E1,5.855167294052E-12));
#1658=CARTESIAN_POINT('',(1.115121283946E1,4.515384578906E1,
5.856116119401E-12));
#1659=CARTESIAN_POINT('',(1.125414805356E1,4.514948805115E1,
-1.585734962442E-2));
#1660=CARTESIAN_POINT('',(1.139542337593E1,4.513053999481E1,
-8.640687012187E-2));
#1661=CARTESIAN_POINT('',(1.150888930595E1,4.509922132312E1,
-1.980409915997E-1));
#1662=CARTESIAN_POINT('',(1.158240519791E1,4.505763559505E1,
-3.394165395650E-1));
#1663=CARTESIAN_POINT('',(1.159999999998E1,4.502477673782E1,
-4.460660027523E-1));
#1664=CARTESIAN_POINT('',(1.160000000001E1,4.500772569204E1,
-5.000000000021E-1));
#1666=DIRECTION('',(0.E0,1.E0,7.260349592065E-13));
#1667=VECTOR('',#1666,8.064655055398E0);
#1668=CARTESIAN_POINT('',(1.11E1,3.708919073118E1,0.E0));
#1669=LINE('1538',#1668,#1667);
#1670=CARTESIAN_POINT('',(1.16E1,3.808919073118E1,-5.E-1));
#1671=CARTESIAN_POINT('',(1.16E1,3.808919788337E1,-4.701064177333E-1));
#1672=CARTESIAN_POINT('',(1.159476416239E1,3.807854827881E1,
-4.102010164436E-1));
#1673=CARTESIAN_POINT('',(1.156952500760E1,3.802832371324E1,
-3.202295299415E-1));
#1674=CARTESIAN_POINT('',(1.153085229442E1,3.795062428448E1,
-2.415599845221E-1));
#1675=CARTESIAN_POINT('',(1.148138448180E1,3.785192281646E1,
-1.731138998851E-1));
#1676=CARTESIAN_POINT('',(1.142273790905E1,3.773462813637E1,
-1.151961229591E-1));
#1677=CARTESIAN_POINT('',(1.135557183440E1,3.760016953848E1,
-6.758666878608E-2));
#1678=CARTESIAN_POINT('',(1.127968870194E1,3.744865629930E1,
-3.080719173540E-2));
#1679=CARTESIAN_POINT('',(1.119541894191E1,3.727971427257E1,
-6.392316284824E-3));
#1680=CARTESIAN_POINT('',(1.113247289267E1,3.715471830554E1,0.E0));
#1681=CARTESIAN_POINT('',(1.11E1,3.708919073118E1,0.E0));
#1683=CARTESIAN_POINT('',(1.16E1,4.384258208516E1,-1.6E1));
#1684=DIRECTION('',(-1.E0,0.E0,0.E0));
#1685=DIRECTION('',(0.E0,3.333333333336E-1,9.428090415820E-1));
#1686=AXIS2_PLACEMENT_3D('',#1683,#1684,#1685);
#1688=CARTESIAN_POINT('',(1.16E1,4.534258208516E1,-1.175735931288E1));
#1689=DIRECTION('',(1.E0,0.E0,0.E0));
#1690=DIRECTION('',(0.E0,-9.171763424982E-1,3.984815638918E-1));
#1691=AXIS2_PLACEMENT_3D('',#1688,#1689,#1690);
#1693=CARTESIAN_POINT('',(1.16E1,4.7E0,5.900444229880E0));
#1694=DIRECTION('',(-1.E0,0.E0,0.E0));
#1695=DIRECTION('',(0.E0,9.876264503770E-1,-1.568247254606E-1));
#1696=AXIS2_PLACEMENT_3D('',#1693,#1694,#1695);
#1698=CARTESIAN_POINT('',(1.21E1,4.484258208516E1,-1.6E1));
#1699=DIRECTION('',(0.E0,0.E0,1.E0));
#1700=DIRECTION('',(0.E0,1.E0,0.E0));
#1701=AXIS2_PLACEMENT_3D('',#1698,#1699,#1700);
#1703=CARTESIAN_POINT('',(1.21E1,4.384258208516E1,-1.6E1));
#1704=DIRECTION('',(-1.E0,0.E0,0.E0));
#1705=DIRECTION('',(0.E0,3.333333333333E-1,9.428090415821E-1));
#1706=AXIS2_PLACEMENT_3D('',#1703,#1704,#1705);
#1708=CARTESIAN_POINT('',(1.21E1,4.417591541849E1,-1.505719095842E1));
#1709=DIRECTION('',(0.E0,-9.428090415821E-1,3.333333333333E-1));
#1710=DIRECTION('',(0.E0,3.333333333333E-1,9.428090415821E-1));
#1711=AXIS2_PLACEMENT_3D('',#1708,#1709,#1710);
#1713=CARTESIAN_POINT('',(1.21E1,4.534258208516E1,-1.175735931288E1));
#1714=DIRECTION('',(1.E0,0.E0,0.E0));
#1715=DIRECTION('',(0.E0,-9.171763424981E-1,3.984815638919E-1));
#1716=AXIS2_PLACEMENT_3D('',#1713,#1714,#1715);
#1718=CARTESIAN_POINT('',(1.21E1,4.213246488641E1,-1.036267383926E1));
#1719=DIRECTION('',(0.E0,3.984815638919E-1,9.171763424981E-1));
#1720=DIRECTION('',(0.E0,9.171763424981E-1,-3.984815638919E-1));
#1721=AXIS2_PLACEMENT_3D('',#1718,#1719,#1720);
#1723=CARTESIAN_POINT('',(1.21E1,4.7E0,5.900444229880E0));
#1724=DIRECTION('',(-1.E0,0.E0,0.E0));
#1725=DIRECTION('',(0.E0,9.876264503770E-1,-1.568247254606E-1));
#1726=AXIS2_PLACEMENT_3D('',#1723,#1724,#1725);
#1728=DIRECTION('',(-1.E0,0.E0,0.E0));
#1729=VECTOR('',#1728,7.E0);
#1730=CARTESIAN_POINT('',(1.91E1,4.434258208516E1,-1.458578643763E1));
#1731=LINE('1549',#1730,#1729);
#1732=DIRECTION('',(-1.E0,0.E0,0.E0));
#1733=VECTOR('',#1732,7.E0);
#1734=CARTESIAN_POINT('',(1.91E1,4.534258208516E1,-1.6E1));
#1735=LINE('1544',#1734,#1733);
#1736=CARTESIAN_POINT('',(1.21E1,3.808919073118E1,-5.E-1));
#1737=DIRECTION('',(0.E0,0.E0,1.E0));
#1738=DIRECTION('',(-1.E0,0.E0,0.E0));
#1739=AXIS2_PLACEMENT_3D('',#1736,#1737,#1738);
#1741=DIRECTION('',(-1.E0,0.E0,0.E0));
#1742=VECTOR('',#1741,8.E0);
#1743=CARTESIAN_POINT('',(1.91E1,3.708919073118E1,0.E0));
#1744=LINE('1557',#1743,#1742);
#1745=DIRECTION('',(1.E0,0.E0,0.E0));
#1746=VECTOR('',#1745,7.E0);
#1747=CARTESIAN_POINT('',(1.21E1,3.758919073118E1,-5.E-1));
#1748=LINE('1738',#1747,#1746);
#1749=CARTESIAN_POINT('',(1.11E1,3.708919073118E1,0.E0));
#1750=CARTESIAN_POINT('',(1.116551535465E1,3.712165714640E1,0.E0));
#1751=CARTESIAN_POINT('',(1.129048920901E1,3.718459162558E1,
-6.389818561454E-3));
#1752=CARTESIAN_POINT('',(1.145940376251E1,3.726884772071E1,
-3.079597505543E-2));
#1753=CARTESIAN_POINT('',(1.161089907772E1,3.734472739044E1,
-6.756531143631E-2));
#1754=CARTESIAN_POINT('',(1.174541489929E1,3.741191694767E1,
-1.151841299657E-1));
#1755=CARTESIAN_POINT('',(1.186269673783E1,3.747056207612E1,
-1.731034811779E-1));
#1756=CARTESIAN_POINT('',(1.196138098822E1,3.751999985285E1,
-2.414881678242E-1));
#1757=CARTESIAN_POINT('',(1.203906139063E1,3.755869770026E1,
-3.201865685657E-1));
#1758=CARTESIAN_POINT('',(1.208933078931E1,3.758393225708E1,
-4.100823369835E-1));
#1759=CARTESIAN_POINT('',(1.209999730909E1,3.758919073118E1,
-4.700570547653E-1));
#1760=CARTESIAN_POINT('',(1.21E1,3.758919073118E1,-5.E-1));
#1762=CARTESIAN_POINT('',(1.91E1,3.808919073118E1,-5.E-1));
#1763=DIRECTION('',(0.E0,0.E0,1.E0));
#1764=DIRECTION('',(0.E0,-1.E0,0.E0));
#1765=AXIS2_PLACEMENT_3D('',#1762,#1763,#1764);
#1767=CARTESIAN_POINT('',(1.91E1,3.708919073118E1,-5.E-1));
#1768=DIRECTION('',(-1.E0,0.E0,0.E0));
#1769=DIRECTION('',(0.E0,0.E0,1.E0));
#1770=AXIS2_PLACEMENT_3D('',#1767,#1768,#1769);
#1772=CARTESIAN_POINT('',(1.91E1,3.708919073118E1,5.E-1));
#1773=DIRECTION('',(0.E0,1.E0,0.E0));
#1774=DIRECTION('',(1.E0,0.E0,0.E0));
#1775=AXIS2_PLACEMENT_3D('',#1772,#1773,#1774);
#1777=DIRECTION('',(0.E0,-1.E0,0.E0));
#1778=VECTOR('',#1777,3.489313642413E1);
#1779=CARTESIAN_POINT('',(1.96E1,3.708919073118E1,5.E-1));
#1780=LINE('1516',#1779,#1778);
#1781=DIRECTION('',(0.E0,1.E0,0.E0));
#1782=VECTOR('',#1781,3.489313642413E1);
#1783=CARTESIAN_POINT('',(1.91E1,2.196054307048E0,0.E0));
#1784=LINE('1675',#1783,#1782);
#1785=DIRECTION('',(0.E0,-1.E0,0.E0));
#1786=VECTOR('',#1785,3.794697579934E0);
#1787=CARTESIAN_POINT('',(6.25E0,4.103484081743E1,5.9E0));
#1788=LINE('2312',#1787,#1786);
#1789=DIRECTION('',(0.E0,1.E0,0.E0));
#1790=VECTOR('',#1789,3.794697579934E0);
#1791=CARTESIAN_POINT('',(6.25E0,3.724014323750E1,0.E0));
#1792=LINE('2313',#1791,#1790);
#1793=DIRECTION('',(0.E0,0.E0,1.E0));
#1794=VECTOR('',#1793,5.9E0);
#1795=CARTESIAN_POINT('',(6.25E0,4.103484081743E1,0.E0));
#1796=LINE('2281',#1795,#1794);
#1797=DIRECTION('',(0.E0,0.E0,1.E0));
#1798=VECTOR('',#1797,5.9E0);
#1799=CARTESIAN_POINT('',(6.25E0,3.724014323750E1,0.E0));
#1800=LINE('2309',#1799,#1798);
#1801=DIRECTION('',(0.E0,0.E0,1.E0));
#1802=VECTOR('',#1801,5.9E0);
#1803=CARTESIAN_POINT('',(1.85E0,4.103484081743E1,0.E0));
#1804=LINE('2280',#1803,#1802);
#1805=DIRECTION('',(7.071067811865E-1,-7.071067811865E-1,4.186054318051E-8));
#1806=VECTOR('',#1805,4.242640646434E-1);
#1807=CARTESIAN_POINT('',(7.569552910406E-9,6.429999992430E0,5.900444183150E0));
#1808=LINE('2106',#1807,#1806);
#1809=DIRECTION('',(7.071067811865E-1,7.071067811865E-1,-4.186054736743E-8));
#1810=VECTOR('',#1809,4.242640646434E-1);
#1811=CARTESIAN_POINT('',(7.569552614347E-9,2.970000007570E0,5.900444276609E0));
#1812=LINE('2105',#1811,#1810);
#1813=CARTESIAN_POINT('',(1.93E1,4.7E0,5.900444229880E0));
#1814=DIRECTION('',(-1.E0,0.E0,0.E0));
#1815=DIRECTION('',(0.E0,1.E0,0.E0));
#1816=AXIS2_PLACEMENT_3D('',#1813,#1814,#1815);
#1818=CARTESIAN_POINT('',(3.E-1,4.7E0,5.900444229880E0));
#1819=DIRECTION('',(1.E0,0.E0,0.E0));
#1820=DIRECTION('',(0.E0,-1.E0,0.E0));
#1821=AXIS2_PLACEMENT_3D('',#1818,#1819,#1820);
#1823=DIRECTION('',(-1.E0,0.E0,0.E0));
#1824=VECTOR('',#1823,1.899999999061E1);
#1825=CARTESIAN_POINT('',(1.929999999531E1,6.129999995307E0,5.900444200910E0));
#1826=LINE('2101',#1825,#1824);
#1827=DIRECTION('',(-7.071067811866E-1,-7.071067811865E-1,4.186054946088E-8));
#1828=VECTOR('',#1827,4.242640646434E-1);
#1829=CARTESIAN_POINT('',(1.959999999243E1,6.429999992430E0,5.900444183150E0));
#1830=LINE('2104',#1829,#1828);
#1831=DIRECTION('',(-7.071067811866E-1,7.071067811865E-1,-4.186054318051E-8));
#1832=VECTOR('',#1831,4.242640646434E-1);
#1833=CARTESIAN_POINT('',(1.959999999243E1,2.970000007570E0,5.900444276609E0));
#1834=LINE('2103',#1833,#1832);
#1835=CARTESIAN_POINT('',(1.93E1,4.7E0,5.900444229880E0));
#1836=DIRECTION('',(-1.E0,0.E0,0.E0));
#1837=DIRECTION('',(0.E0,-1.E0,0.E0));
#1838=AXIS2_PLACEMENT_3D('',#1835,#1836,#1837);
#1840=CARTESIAN_POINT('',(3.E-1,4.7E0,5.900444229880E0));
#1841=DIRECTION('',(1.E0,0.E0,0.E0));
#1842=DIRECTION('',(0.E0,1.E0,0.E0));
#1843=AXIS2_PLACEMENT_3D('',#1840,#1841,#1842);
#1845=DIRECTION('',(-1.E0,0.E0,0.E0));
#1846=VECTOR('',#1845,1.899999999061E1);
#1847=CARTESIAN_POINT('',(1.929999999531E1,3.270000004693E0,5.900444258849E0));
#1848=LINE('2102',#1847,#1846);
#1849=CARTESIAN_POINT('',(1.91E1,4.484258208516E1,-1.75E1));
#1850=DIRECTION('',(1.E0,0.E0,0.E0));
#1851=DIRECTION('',(0.E0,0.E0,-1.E0));
#1852=AXIS2_PLACEMENT_3D('',#1849,#1850,#1851);
#1854=CARTESIAN_POINT('',(1.91E1,4.484258208516E1,-1.75E1));
#1855=DIRECTION('',(0.E0,1.E0,0.E0));
#1856=DIRECTION('',(1.E0,0.E0,0.E0));
#1857=AXIS2_PLACEMENT_3D('',#1854,#1855,#1856);
#1859=CARTESIAN_POINT('',(1.91E1,4.484258208516E1,-1.75E1));
#1860=DIRECTION('',(0.E0,0.E0,-1.E0));
#1861=DIRECTION('',(0.E0,1.E0,0.E0));
#1862=AXIS2_PLACEMENT_3D('',#1859,#1860,#1861);
#1864=DIRECTION('',(1.E0,0.E0,0.E0));
#1865=VECTOR('',#1864,7.E0);
#1866=CARTESIAN_POINT('',(1.21E1,4.534258208516E1,-1.75E1));
#1867=LINE('1721',#1866,#1865);
#1868=DIRECTION('',(-1.E0,0.E0,0.E0));
#1869=VECTOR('',#1868,7.E0);
#1870=CARTESIAN_POINT('',(1.91E1,4.484258208516E1,-1.8E1));
#1871=LINE('1654',#1870,#1869);
#1872=DIRECTION('',(0.E0,1.E0,0.E0));
#1873=VECTOR('',#1872,6.753391353980E0);
#1874=CARTESIAN_POINT('',(1.91E1,3.808919073118E1,-1.8E1));
#1875=LINE('1486',#1874,#1873);
#1876=DIRECTION('',(0.E0,-1.E0,0.E0));
#1877=VECTOR('',#1876,6.753391353980E0);
#1878=CARTESIAN_POINT('',(1.96E1,4.484258208516E1,-1.75E1));
#1879=LINE('1720',#1878,#1877);
#1880=CARTESIAN_POINT('',(1.91E1,3.808919073118E1,-1.75E1));
#1881=DIRECTION('',(0.E0,-1.E0,0.E0));
#1882=DIRECTION('',(0.E0,0.E0,-1.E0));
#1883=AXIS2_PLACEMENT_3D('',#1880,#1881,#1882);
#1885=CARTESIAN_POINT('',(1.91E1,3.808919073118E1,-1.75E1));
#1886=DIRECTION('',(1.E0,0.E0,0.E0));
#1887=DIRECTION('',(0.E0,-1.E0,0.E0));
#1888=AXIS2_PLACEMENT_3D('',#1885,#1886,#1887);
#1890=CARTESIAN_POINT('',(1.91E1,3.808919073118E1,-1.75E1));
#1891=DIRECTION('',(0.E0,0.E0,-1.E0));
#1892=DIRECTION('',(1.E0,0.E0,0.E0));
#1893=AXIS2_PLACEMENT_3D('',#1890,#1891,#1892);
#1895=DIRECTION('',(1.E0,0.E0,0.E0));
#1896=VECTOR('',#1895,7.E0);
#1897=CARTESIAN_POINT('',(1.21E1,3.808919073118E1,-1.8E1));
#1898=LINE('1777',#1897,#1896);
#1899=DIRECTION('',(-1.E0,0.E0,0.E0));
#1900=VECTOR('',#1899,7.E0);
#1901=CARTESIAN_POINT('',(1.91E1,3.758919073118E1,-1.75E1));
#1902=LINE('1589',#1901,#1900);
#1903=CARTESIAN_POINT('',(1.9E0,4.7E0,5.900444229880E0));
#1904=DIRECTION('',(1.E0,0.E0,0.E0));
#1905=DIRECTION('',(0.E0,0.E0,1.E0));
#1906=AXIS2_PLACEMENT_3D('',#1903,#1904,#1905);
#1908=CARTESIAN_POINT('',(1.9E0,4.7E0,1.010044422988E1));
#1909=DIRECTION('',(0.E0,-1.E0,0.E0));
#1910=DIRECTION('',(4.377195885573E-1,0.E0,8.991115402403E-1));
#1911=AXIS2_PLACEMENT_3D('',#1908,#1909,#1910);
#1913=CARTESIAN_POINT('',(1.9E0,4.013245938824E0,1.055E1));
#1914=CARTESIAN_POINT('',(1.916219084392E0,4.013245938824E0,1.055E1));
#1915=CARTESIAN_POINT('',(1.946444503468E0,4.023709274332E0,1.055E1));
#1916=CARTESIAN_POINT('',(1.987518241725E0,4.064243551455E0,1.055E1));
#1917=CARTESIAN_POINT('',(2.018242884326E0,4.114487753928E0,1.055E1));
#1918=CARTESIAN_POINT('',(2.043689644441E0,4.174062698241E0,1.055E1));
#1919=CARTESIAN_POINT('',(2.065612257174E0,4.241241169114E0,1.055E1));
#1920=CARTESIAN_POINT('',(2.083636918003E0,4.316340989474E0,1.055E1));
#1921=CARTESIAN_POINT('',(2.098539259263E0,4.398622253275E0,1.055E1));
#1922=CARTESIAN_POINT('',(2.109905228587E0,4.489063992939E0,1.055E1));
#1923=CARTESIAN_POINT('',(2.117148701854E0,4.588596239347E0,1.055E1));
#1924=CARTESIAN_POINT('',(2.118859794279E0,4.661770917125E0,1.055E1));
#1925=CARTESIAN_POINT('',(2.118859794279E0,4.700000000004E0,1.055E1));
#1927=DIRECTION('',(0.E0,1.E0,0.E0));
#1928=VECTOR('',#1927,6.999999999964E-1);
#1929=CARTESIAN_POINT('',(2.118859794279E0,4.700000000004E0,1.055E1));
#1930=LINE('1625',#1929,#1928);
#1931=DIRECTION('',(0.E0,-1.E0,0.E0));
#1932=VECTOR('',#1931,7.E-1);
#1933=CARTESIAN_POINT('',(1.9E0,5.4E0,1.060044422988E1));
#1934=LINE('1471',#1933,#1932);
#1935=DIRECTION('',(-1.E0,0.E0,0.E0));
#1936=VECTOR('',#1935,1.4E0);
#1937=CARTESIAN_POINT('',(1.9E0,1.826710678119E1,1.25E1));
#1938=LINE('1744',#1937,#1936);
#1939=DIRECTION('',(1.E0,0.E0,0.E0));
#1940=VECTOR('',#1939,1.4E0);
#1941=CARTESIAN_POINT('',(5.E-1,1.791355339059E1,1.235355339059E1));
#1942=LINE('1693',#1941,#1940);
#1943=CARTESIAN_POINT('',(1.9E0,1.826710678119E1,1.2E1));
#1944=DIRECTION('',(0.E0,7.071067811865E-1,7.071067811865E-1));
#1945=DIRECTION('',(0.E0,-7.071067811865E-1,7.071067811865E-1));
#1946=AXIS2_PLACEMENT_3D('',#1943,#1944,#1945);
#1948=CARTESIAN_POINT('',(1.9E0,1.826710678119E1,1.2E1));
#1949=DIRECTION('',(1.E0,0.E0,0.E0));
#1950=DIRECTION('',(0.E0,0.E0,1.E0));
#1951=AXIS2_PLACEMENT_3D('',#1948,#1949,#1950);
#1953=CARTESIAN_POINT('',(1.9E0,1.826710678119E1,1.2E1));
#1954=DIRECTION('',(0.E0,-1.E0,0.E0));
#1955=DIRECTION('',(1.E0,0.E0,0.E0));
#1956=AXIS2_PLACEMENT_3D('',#1953,#1954,#1955);
#1958=CARTESIAN_POINT('',(1.77E1,2.730908922962E1,1.055E1));
#1959=CARTESIAN_POINT('',(1.760754262642E1,2.730908922962E1,1.055E1));
#1960=CARTESIAN_POINT('',(1.747384330447E1,2.725787380441E1,1.055E1));
#1961=CARTESIAN_POINT('',(1.732831139832E1,2.712603358981E1,1.055E1));
#1962=CARTESIAN_POINT('',(1.723124752387E1,2.694572534352E1,1.055E1));
#1963=CARTESIAN_POINT('',(1.72E1,2.679205812023E1,1.055E1));
#1964=CARTESIAN_POINT('',(1.72E1,2.669960074665E1,1.055E1));
#1966=DIRECTION('',(0.E0,5.718473526508E-1,-8.203600461177E-1));
#1967=VECTOR('',#1966,7.068987955068E-1);
#1968=CARTESIAN_POINT('',(1.77E1,2.690485102482E1,1.112991152848E1));
#1969=LINE('1750',#1968,#1967);
#1970=CARTESIAN_POINT('',(1.77E1,2.649467100176E1,1.084398785216E1));
#1971=DIRECTION('',(0.E0,-5.718473526508E-1,8.203600461177E-1));
#1972=DIRECTION('',(0.E0,8.203600461177E-1,5.718473526508E-1));
#1973=AXIS2_PLACEMENT_3D('',#1970,#1971,#1972);
#1975=CARTESIAN_POINT('',(1.77E1,2.427969887724E1,9.3E0));
#1976=DIRECTION('',(-1.E0,0.E0,0.E0));
#1977=DIRECTION('',(0.E0,0.E0,1.E0));
#1978=AXIS2_PLACEMENT_3D('',#1975,#1976,#1977);
#1980=CARTESIAN_POINT('',(1.77E1,2.427969887724E1,1.2E1));
#1981=DIRECTION('',(0.E0,1.E0,0.E0));
#1982=DIRECTION('',(-1.E0,0.E0,-3.197442310920E-14));
#1983=AXIS2_PLACEMENT_3D('',#1980,#1981,#1982);
#1985=CARTESIAN_POINT('',(1.72E1,1.616E1,6.05E0));
#1986=CARTESIAN_POINT('',(1.72E1,1.127635382117E1,1.055E1));
#1987=VERTEX_POINT('',#1985);
#1988=VERTEX_POINT('',#1986);
#1989=CARTESIAN_POINT('',(5.E-1,1.471E1,1.205E1));
#1990=CARTESIAN_POINT('',(1.9E0,1.471E1,1.205E1));
#1991=VERTEX_POINT('',#1989);
#1992=VERTEX_POINT('',#1990);
#1993=CARTESIAN_POINT('',(1.91E1,1.826710678119E1,1.25E1));
#1994=CARTESIAN_POINT('',(1.91E1,1.791355339059E1,1.235355339059E1));
#1995=VERTEX_POINT('',#1993);
#1996=VERTEX_POINT('',#1994);
#1997=CARTESIAN_POINT('',(1.77E1,1.471E1,1.205E1));
#1998=CARTESIAN_POINT('',(1.77E1,1.471E1,1.133405728739E1));
#1999=VERTEX_POINT('',#1997);
#2000=VERTEX_POINT('',#1998);
#2001=CARTESIAN_POINT('',(1.130710678119E1,2.135172043071E1,1.055E1));
#2002=CARTESIAN_POINT('',(1.130710678119E1,1.616E1,5.742893218814E0));
#2003=VERTEX_POINT('',#2001);
#2004=VERTEX_POINT('',#2002);
#2005=CARTESIAN_POINT('',(0.E0,1.616E1,8.95E0));
#2006=CARTESIAN_POINT('',(0.E0,1.800028175931E1,1.173317497812E1));
#2007=VERTEX_POINT('',#2005);
#2008=VERTEX_POINT('',#2006);
#2009=CARTESIAN_POINT('',(1.9E0,2.690485102482E1,1.112991152848E1));
#2010=CARTESIAN_POINT('',(5.E-1,2.690485102482E1,1.112991152848E1));
#2011=VERTEX_POINT('',#2009);
#2012=VERTEX_POINT('',#2010);
#2013=CARTESIAN_POINT('',(1.028578643763E1,1.616E1,6.349999999999E0));
#2014=CARTESIAN_POINT('',(1.028578643763E1,1.157742430504E1,1.055E1));
#2015=VERTEX_POINT('',#2013);
#2016=VERTEX_POINT('',#2014);
#2017=CARTESIAN_POINT('',(2.4E0,2.013994974843E1,1.055E1));
#2018=CARTESIAN_POINT('',(2.4E0,2.669960074665E1,1.055E1));
#2019=VERTEX_POINT('',#2017);
#2020=VERTEX_POINT('',#2018);
#2021=VERTEX_POINT('',#215);
#2022=VERTEX_POINT('',#222);
#2023=CARTESIAN_POINT('',(0.E0,1.826710678119E1,1.2E1));
#2024=CARTESIAN_POINT('',(5.E-1,1.791355339059E1,1.235355339059E1));
#2025=VERTEX_POINT('',#2023);
#2026=VERTEX_POINT('',#2024);
#2027=CARTESIAN_POINT('',(0.E0,4.500030799124E1,5.4E0));
#2028=CARTESIAN_POINT('',(0.E0,3.315999999653E1,5.4E0));
#2029=VERTEX_POINT('',#2027);
#2030=VERTEX_POINT('',#2028);
#2031=CARTESIAN_POINT('',(1.9E0,1.426E1,1.25E1));
#2032=CARTESIAN_POINT('',(1.9E0,1.031174125132E1,1.25E1));
#2033=VERTEX_POINT('',#2031);
#2034=VERTEX_POINT('',#2032);
#2035=CARTESIAN_POINT('',(0.E0,7.956796815758E0,1.108925408282E1));
#2036=CARTESIAN_POINT('',(5.E-1,7.620376182105E0,1.145914752322E1));
#2037=VERTEX_POINT('',#2035);
#2038=VERTEX_POINT('',#2036);
#2039=CARTESIAN_POINT('',(1.91E1,3.315999999653E1,5.9E0));
#2040=CARTESIAN_POINT('',(1.91E1,2.905819976594E1,8.040763236746E0));
#2041=VERTEX_POINT('',#2039);
#2042=VERTEX_POINT('',#2040);
#2043=CARTESIAN_POINT('',(5.E-1,1.031174125132E1,1.25E1));
#2044=CARTESIAN_POINT('',(5.E-1,1.426E1,1.25E1));
#2045=VERTEX_POINT('',#2043);
#2046=VERTEX_POINT('',#2044);
#2047=CARTESIAN_POINT('',(1.201421356237E1,1.616E1,5.45E0));
#2048=VERTEX_POINT('',#2047);
#2049=CARTESIAN_POINT('',(1.9E0,2.427969887724E1,1.25E1));
#2050=VERTEX_POINT('',#2049);
#2051=CARTESIAN_POINT('',(1.72E1,1.616E1,8.95E0));
#2052=CARTESIAN_POINT('',(1.77E1,1.616E1,9.45E0));
#2053=VERTEX_POINT('',#2051);
#2054=VERTEX_POINT('',#2052);
#2055=CARTESIAN_POINT('',(1.9E0,4.7E0,1.060044422988E1));
#2056=CARTESIAN_POINT('',(1.9E0,4.013245938824E0,1.055E1));
#2057=VERTEX_POINT('',#2055);
#2058=VERTEX_POINT('',#2056);
#2059=CARTESIAN_POINT('',(1.91E1,1.761E1,1.205E1));
#2060=CARTESIAN_POINT('',(1.91E1,1.761E1,1.133405728739E1));
#2061=VERTEX_POINT('',#2059);
#2062=VERTEX_POINT('',#2060);
#2063=CARTESIAN_POINT('',(2.4E0,1.421E1,1.184289321881E1));
#2064=CARTESIAN_POINT('',(2.4E0,1.421E1,1.139440972087E1));
#2065=VERTEX_POINT('',#2063);
#2066=VERTEX_POINT('',#2064);
#2067=CARTESIAN_POINT('',(5.E-1,2.834446822906E-1,4.292949556292E0));
#2068=CARTESIAN_POINT('',(5.E-1,4.7E0,1.060044422988E1));
#2069=VERTEX_POINT('',#2067);
#2070=VERTEX_POINT('',#2068);
#2071=CARTESIAN_POINT('',(2.4E0,2.649467100176E1,1.084398785216E1));
#2072=VERTEX_POINT('',#2071);
#2073=CARTESIAN_POINT('',(1.72E1,7.192909217575E0,1.055E1));
#2074=VERTEX_POINT('',#2073);
#2075=CARTESIAN_POINT('',(1.91E1,1.726207996654E0,3.289899283417E-1));
#2076=CARTESIAN_POINT('',(5.E-1,1.726207996654E0,3.289899283417E-1));
#2077=VERTEX_POINT('',#2075);
#2078=VERTEX_POINT('',#2076);
#2079=CARTESIAN_POINT('',(1.77E1,4.013245938824E0,1.055E1));
#2080=CARTESIAN_POINT('',(1.77E1,4.7E0,1.060044422988E1));
#2081=VERTEX_POINT('',#2079);
#2082=VERTEX_POINT('',#2080);
#2083=CARTESIAN_POINT('',(1.96E1,4.7E0,1.010044422988E1));
#2084=CARTESIAN_POINT('',(1.96E1,7.532909926852E-1,4.463959627950E0));
#2085=VERTEX_POINT('',#2083);
#2086=VERTEX_POINT('',#2084);
#2087=CARTESIAN_POINT('',(1.91E1,2.196054307048E0,0.E0));
#2088=CARTESIAN_POINT('',(1.96E1,2.196054307048E0,5.E-1));
#2089=VERTEX_POINT('',#2087);
#2090=VERTEX_POINT('',#2088);
#2091=CARTESIAN_POINT('',(2.4E0,7.956796815758E0,1.108925408282E1));
#2092=CARTESIAN_POINT('',(2.4E0,7.192909217575E0,1.055E1));
#2093=VERTEX_POINT('',#2091);
#2094=VERTEX_POINT('',#2092);
#2095=CARTESIAN_POINT('',(5.E-1,2.905819976594E1,8.040763236746E0));
#2096=CARTESIAN_POINT('',(5.E-1,3.315999999653E1,5.9E0));
#2097=VERTEX_POINT('',#2095);
#2098=VERTEX_POINT('',#2096);
#2099=CARTESIAN_POINT('',(1.77E1,1.826710678119E1,1.25E1));
#2100=CARTESIAN_POINT('',(1.72E1,1.826710678119E1,1.2E1));
#2101=VERTEX_POINT('',#2099);
#2102=VERTEX_POINT('',#2100);
#2103=CARTESIAN_POINT('',(5.E-1,1.616E1,9.45E0));
#2104=VERTEX_POINT('',#2103);
#2105=CARTESIAN_POINT('',(1.91E1,4.7E0,1.060044422988E1));
#2106=VERTEX_POINT('',#2105);
#2107=CARTESIAN_POINT('',(1.96E1,1.826710678119E1,1.2E1));
#2108=VERTEX_POINT('',#2107);
#2109=VERTEX_POINT('',#1670);
#2110=VERTEX_POINT('',#1681);
#2111=CARTESIAN_POINT('',(1.91E1,1.471E1,1.133405728739E1));
#2112=VERTEX_POINT('',#2111);
#2113=CARTESIAN_POINT('',(1.9E0,5.4E0,1.060044422988E1));
#2114=VERTEX_POINT('',#2113);
#2115=CARTESIAN_POINT('',(1.91E1,4.6E1,4.924817083335E0));
#2116=CARTESIAN_POINT('',(5.E-1,4.6E1,4.924817083335E0));
#2117=VERTEX_POINT('',#2115);
#2118=VERTEX_POINT('',#2116);
#2119=CARTESIAN_POINT('',(1.72E1,2.427969887724E1,1.2E1));
#2120=VERTEX_POINT('',#2119);
#2121=CARTESIAN_POINT('',(2.4E0,1.031174125132E1,1.2E1));
#2122=VERTEX_POINT('',#2121);
#2123=CARTESIAN_POINT('',(1.72E1,2.104364617883E1,1.055E1));
#2124=CARTESIAN_POINT('',(1.72E1,2.669960074665E1,1.055E1));
#2125=VERTEX_POINT('',#2123);
#2126=VERTEX_POINT('',#2124);
#2127=CARTESIAN_POINT('',(3.E0,1.616E1,6.349999999999E0));
#2128=VERTEX_POINT('',#2127);
#2129=CARTESIAN_POINT('',(1.96E1,4.417591541849E1,-1.505719095842E1));
#2130=CARTESIAN_POINT('',(1.96E1,4.213246488641E1,-1.036267383926E1));
#2131=VERTEX_POINT('',#2129);
#2132=VERTEX_POINT('',#2130);
#2133=CARTESIAN_POINT('',(1.099289321881E1,1.616E1,6.057106781186E0));
#2134=VERTEX_POINT('',#2133);
#2135=CARTESIAN_POINT('',(5.E-1,4.515384578656E1,0.E0));
#2136=CARTESIAN_POINT('',(0.E0,4.515384578656E1,5.E-1));
#2137=VERTEX_POINT('',#2135);
#2138=VERTEX_POINT('',#2136);
#2139=CARTESIAN_POINT('',(1.66E1,2.164543526076E1,1.055E1));
#2140=CARTESIAN_POINT('',(1.201421356237E1,2.164543526076E1,1.055E1));
#2141=VERTEX_POINT('',#2139);
#2142=VERTEX_POINT('',#2140);
#2143=CARTESIAN_POINT('',(0.E0,1.405289321881E1,1.2E1));
#2144=CARTESIAN_POINT('',(0.E0,1.031174125132E1,1.2E1));
#2145=VERTEX_POINT('',#2143);
#2146=VERTEX_POINT('',#2144);
#2147=CARTESIAN_POINT('',(1.91E1,4.434258208516E1,-1.458578643763E1));
#2148=CARTESIAN_POINT('',(1.91E1,4.259105305766E1,-1.056191462120E1));
#2149=VERTEX_POINT('',#2147);
#2150=VERTEX_POINT('',#2148);
#2151=CARTESIAN_POINT('',(1.91E1,3.808919073118E1,-1.8E1));
#2152=CARTESIAN_POINT('',(1.91E1,4.484258208516E1,-1.8E1));
#2153=VERTEX_POINT('',#2151);
#2154=VERTEX_POINT('',#2152);
#2155=CARTESIAN_POINT('',(1.748114020572E1,5.4E0,1.055E1));
#2156=CARTESIAN_POINT('',(1.77E1,5.4E0,1.060044422988E1));
#2157=VERTEX_POINT('',#2155);
#2158=VERTEX_POINT('',#2156);
#2159=VERTEX_POINT('',#1012);
#2160=CARTESIAN_POINT('',(2.118859794279E0,5.4E0,1.055E1));
#2161=VERTEX_POINT('',#2160);
#2162=CARTESIAN_POINT('',(1.9E0,1.791355339059E1,1.235355339059E1));
#2163=CARTESIAN_POINT('',(1.9E0,1.761E1,1.205E1));
#2164=VERTEX_POINT('',#2162);
#2165=VERTEX_POINT('',#2163);
#2166=CARTESIAN_POINT('',(1.66E1,1.616E1,5.45E0));
#2167=VERTEX_POINT('',#2166);
#2168=CARTESIAN_POINT('',(1.96E1,1.031174125132E1,1.2E1));
#2169=CARTESIAN_POINT('',(1.96E1,1.405289321881E1,1.2E1));
#2170=VERTEX_POINT('',#2168);
#2171=VERTEX_POINT('',#2169);
#2172=CARTESIAN_POINT('',(0.E0,7.532909926852E-1,4.463959627950E0));
#2173=CARTESIAN_POINT('',(0.E0,4.7E0,1.010044422988E1));
#2174=VERTEX_POINT('',#2172);
#2175=VERTEX_POINT('',#2173);
#2176=CARTESIAN_POINT('',(1.21E1,4.550153891721E1,-5.784123627303E-1));
#2177=CARTESIAN_POINT('',(1.21E1,4.259105305766E1,-1.056191462120E1));
#2178=VERTEX_POINT('',#2176);
#2179=VERTEX_POINT('',#2177);
#2180=CARTESIAN_POINT('',(1.77E1,1.761E1,1.205E1));
#2181=VERTEX_POINT('',#2180);
#2182=CARTESIAN_POINT('',(1.91E1,5.4E0,1.060044422988E1));
#2183=VERTEX_POINT('',#2182);
#2184=CARTESIAN_POINT('',(1.099289321881E1,1.128348443551E1,1.055E1));
#2185=VERTEX_POINT('',#2184);
#2186=CARTESIAN_POINT('',(1.91E1,1.031174125132E1,1.25E1));
#2187=CARTESIAN_POINT('',(1.91E1,7.620376182105E0,1.145914752322E1));
#2188=VERTEX_POINT('',#2186);
#2189=VERTEX_POINT('',#2187);
#2190=VERTEX_POINT('',#1144);
#2191=CARTESIAN_POINT('',(0.E0,1.431971824069E1,1.173317497812E1));
#2192=VERTEX_POINT('',#2191);
#2193=CARTESIAN_POINT('',(1.16E1,3.808919073118E1,-1.75E1));
#2194=VERTEX_POINT('',#2193);
#2195=CARTESIAN_POINT('',(1.91E1,3.758919073118E1,-5.E-1));
#2196=CARTESIAN_POINT('',(1.91E1,3.758919073118E1,-1.75E1));
#2197=VERTEX_POINT('',#2195);
#2198=VERTEX_POINT('',#2196);
#2199=CARTESIAN_POINT('',(1.96E1,2.649467100176E1,1.084398785216E1));
#2200=CARTESIAN_POINT('',(1.91E1,2.690485102482E1,1.112991152848E1));
#2201=VERTEX_POINT('',#2199);
#2202=VERTEX_POINT('',#2200);
#2203=CARTESIAN_POINT('',(1.028578643763E1,2.074257569496E1,1.055E1));
#2204=VERTEX_POINT('',#2203);
#2205=CARTESIAN_POINT('',(1.96E1,4.500030799124E1,5.4E0));
#2206=VERTEX_POINT('',#2205);
#2207=CARTESIAN_POINT('',(1.21E1,4.534258208516E1,-1.6E1));
#2208=CARTESIAN_POINT('',(1.16E1,4.484258208516E1,-1.6E1));
#2209=VERTEX_POINT('',#2207);
#2210=VERTEX_POINT('',#2208);
#2211=CARTESIAN_POINT('',(1.91E1,4.534258208516E1,-1.75E1));
#2212=VERTEX_POINT('',#2211);
#2213=CARTESIAN_POINT('',(1.96E1,3.708919073118E1,5.E-1));
#2214=VERTEX_POINT('',#2213);
#2215=CARTESIAN_POINT('',(1.96E1,1.811E1,1.139440972087E1));
#2216=CARTESIAN_POINT('',(1.96E1,1.811E1,1.184289321881E1));
#2217=VERTEX_POINT('',#2215);
#2218=VERTEX_POINT('',#2216);
#2219=VERTEX_POINT('',#1958);
#2220=CARTESIAN_POINT('',(1.72E1,1.421E1,1.139440972087E1));
#2221=VERTEX_POINT('',#2220);
#2222=CARTESIAN_POINT('',(1.16E1,4.500772569202E1,-5.E-1));
#2223=VERTEX_POINT('',#2222);
#2224=CARTESIAN_POINT('',(5.E-1,1.761E1,1.205E1));
#2225=VERTEX_POINT('',#2224);
#2226=VERTEX_POINT('',#525);
#2227=CARTESIAN_POINT('',(5.E-1,4.500030799124E1,5.9E0));
#2228=VERTEX_POINT('',#2227);
#2229=CARTESIAN_POINT('',(1.77E1,1.791355339059E1,1.235355339059E1));
#2230=VERTEX_POINT('',#2229);
#2231=VERTEX_POINT('',#1657);
#2232=CARTESIAN_POINT('',(1.77E1,2.427969887724E1,1.25E1));
#2233=VERTEX_POINT('',#2232);
#2234=CARTESIAN_POINT('',(0.E0,2.196054307048E0,5.E-1));
#2235=VERTEX_POINT('',#2234);
#2236=CARTESIAN_POINT('',(0.E0,4.55E1,4.881407035654E0));
#2237=CARTESIAN_POINT('',(5.E-1,4.6E1,4.881407035654E0));
#2238=VERTEX_POINT('',#2236);
#2239=VERTEX_POINT('',#2237);
#2240=CARTESIAN_POINT('',(1.77E1,1.031174125132E1,1.25E1));
#2241=CARTESIAN_POINT('',(1.72E1,1.031174125132E1,1.2E1));
#2242=VERTEX_POINT('',#2240);
#2243=VERTEX_POINT('',#2241);
#2244=CARTESIAN_POINT('',(1.11E1,4.564944914091E1,4.338387185875E-1));
#2245=VERTEX_POINT('',#2244);
#2246=CARTESIAN_POINT('',(1.9E0,1.826710678119E1,1.25E1));
#2247=VERTEX_POINT('',#2246);
#2248=VERTEX_POINT('',#1563);
#2249=VERTEX_POINT('',#1572);
#2250=VERTEX_POINT('',#386);
#2251=CARTESIAN_POINT('',(5.E-1,4.599984411777E1,4.868922728122E0));
#2252=CARTESIAN_POINT('',(5.E-1,4.564944914091E1,4.338387185875E-1));
#2253=VERTEX_POINT('',#2251);
#2254=VERTEX_POINT('',#2252);
#2255=CARTESIAN_POINT('',(1.77E1,1.761E1,1.133405728739E1));
#2256=VERTEX_POINT('',#2255);
#2257=CARTESIAN_POINT('',(1.91E1,4.534258208516E1,-1.6E1));
#2258=VERTEX_POINT('',#2257);
#2259=CARTESIAN_POINT('',(5.E-1,2.196054307048E0,0.E0));
#2260=VERTEX_POINT('',#2259);
#2261=CARTESIAN_POINT('',(1.21E1,4.434258208516E1,-1.458578643763E1));
#2262=VERTEX_POINT('',#2261);
#2263=CARTESIAN_POINT('',(1.72E1,7.956796815758E0,1.108925408282E1));
#2264=VERTEX_POINT('',#2263);
#2265=CARTESIAN_POINT('',(1.72E1,1.421E1,1.184289321881E1));
#2266=VERTEX_POINT('',#2265);
#2267=CARTESIAN_POINT('',(1.16E1,4.213246488641E1,-1.036267383926E1));
#2268=VERTEX_POINT('',#2267);
#2269=CARTESIAN_POINT('',(1.21E1,3.758919073118E1,-1.75E1));
#2270=VERTEX_POINT('',#2269);
#2271=CARTESIAN_POINT('',(0.E0,5.4E0,1.010044422988E1));
#2272=CARTESIAN_POINT('',(5.E-1,5.4E0,1.060044422988E1));
#2273=VERTEX_POINT('',#2271);
#2274=VERTEX_POINT('',#2272);
#2275=CARTESIAN_POINT('',(1.91E1,3.708919073118E1,0.E0));
#2276=VERTEX_POINT('',#2275);
#2277=CARTESIAN_POINT('',(1.201421356237E1,1.067456473924E1,1.055E1));
#2278=CARTESIAN_POINT('',(1.66E1,1.067456473924E1,1.055E1));
#2279=VERTEX_POINT('',#2277);
#2280=VERTEX_POINT('',#2278);
#2281=CARTESIAN_POINT('',(1.91E1,4.6E1,4.881407035656E0));
#2282=CARTESIAN_POINT('',(1.96E1,4.55E1,4.881407035654E0));
#2283=VERTEX_POINT('',#2281);
#2284=VERTEX_POINT('',#2282);
#2285=CARTESIAN_POINT('',(1.96E1,4.484258208516E1,-1.6E1));
#2286=CARTESIAN_POINT('',(1.96E1,4.484258208516E1,-1.75E1));
#2287=VERTEX_POINT('',#2285);
#2288=VERTEX_POINT('',#2286);
#2289=CARTESIAN_POINT('',(1.91E1,4.500030799124E1,5.9E0));
#2290=VERTEX_POINT('',#2289);
#2291=CARTESIAN_POINT('',(1.91E1,1.471E1,1.205E1));
#2292=VERTEX_POINT('',#2291);
#2293=CARTESIAN_POINT('',(1.77E1,7.620376182105E0,1.145914752322E1));
#2294=VERTEX_POINT('',#2293);
#2295=CARTESIAN_POINT('',(1.96E1,3.808919073118E1,-1.75E1));
#2296=CARTESIAN_POINT('',(1.96E1,3.808919073118E1,-5.E-1));
#2297=VERTEX_POINT('',#2295);
#2298=VERTEX_POINT('',#2296);
#2299=CARTESIAN_POINT('',(5.E-1,1.826710678119E1,1.25E1));
#2300=CARTESIAN_POINT('',(5.E-1,2.427969887724E1,1.25E1));
#2301=VERTEX_POINT('',#2299);
#2302=VERTEX_POINT('',#2300);
#2303=CARTESIAN_POINT('',(0.E0,2.427969887724E1,1.2E1));
#2304=VERTEX_POINT('',#2303);
#2305=CARTESIAN_POINT('',(1.77E1,1.426E1,1.25E1));
#2306=VERTEX_POINT('',#2305);
#2307=CARTESIAN_POINT('',(1.96E1,3.315999999653E1,5.4E0));
#2308=VERTEX_POINT('',#2307);
#2309=CARTESIAN_POINT('',(1.96E1,5.4E0,1.010044422988E1));
#2310=VERTEX_POINT('',#2309);
#2311=CARTESIAN_POINT('',(1.9E0,7.620376182105E0,1.145914752322E1));
#2312=VERTEX_POINT('',#2311);
#2313=CARTESIAN_POINT('',(1.96E1,2.427969887724E1,1.2E1));
#2314=VERTEX_POINT('',#2313);
#2315=CARTESIAN_POINT('',(2.4E0,1.405289321881E1,1.2E1));
#2316=VERTEX_POINT('',#2315);
#2317=CARTESIAN_POINT('',(1.96E1,7.956796815758E0,1.108925408282E1));
#2318=VERTEX_POINT('',#2317);
#2319=VERTEX_POINT('',#464);
#2320=CARTESIAN_POINT('',(0.E0,2.649467100176E1,1.084398785216E1));
#2321=VERTEX_POINT('',#2320);
#2322=CARTESIAN_POINT('',(1.130710678119E1,1.096827956929E1,1.055E1));
#2323=VERTEX_POINT('',#2322);
#2324=CARTESIAN_POINT('',(1.72E1,1.811E1,1.139440972087E1));
#2325=VERTEX_POINT('',#2324);
#2326=CARTESIAN_POINT('',(1.96E1,1.421E1,1.184289321881E1));
#2327=CARTESIAN_POINT('',(1.96E1,1.421E1,1.139440972087E1));
#2328=VERTEX_POINT('',#2326);
#2329=VERTEX_POINT('',#2327);
#2330=VERTEX_POINT('',#85);
#2331=VERTEX_POINT('',#92);
#2332=CARTESIAN_POINT('',(1.91E1,2.427969887724E1,1.25E1));
#2333=VERTEX_POINT('',#2332);
#2334=CARTESIAN_POINT('',(1.16E1,4.417591541849E1,-1.505719095842E1));
#2335=VERTEX_POINT('',#2334);
#2336=CARTESIAN_POINT('',(0.E0,2.864801974289E1,7.754839560421E0));
#2337=VERTEX_POINT('',#2336);
#2338=CARTESIAN_POINT('',(2.118859794279E0,4.700000000004E0,1.055E1));
#2339=VERTEX_POINT('',#2338);
#2340=CARTESIAN_POINT('',(1.91E1,2.834446822906E-1,4.292949556292E0));
#2341=VERTEX_POINT('',#2340);
#2342=CARTESIAN_POINT('',(1.72E1,1.811E1,1.184289321881E1));
#2343=VERTEX_POINT('',#2342);
#2344=CARTESIAN_POINT('',(5.E-1,1.761E1,1.133405728739E1));
#2345=VERTEX_POINT('',#2344);
#2346=CARTESIAN_POINT('',(1.9E0,1.471E1,1.133405728739E1));
#2347=VERTEX_POINT('',#2346);
#2348=CARTESIAN_POINT('',(1.748114020572E1,4.7E0,1.055E1));
#2349=VERTEX_POINT('',#2348);
#2350=CARTESIAN_POINT('',(1.21E1,4.484258208516E1,-1.8E1));
#2351=VERTEX_POINT('',#2350);
#2352=CARTESIAN_POINT('',(2.4E0,1.826710678119E1,1.2E1));
#2353=VERTEX_POINT('',#2352);
#2354=CARTESIAN_POINT('',(1.21E1,4.534258208516E1,-1.75E1));
#2355=VERTEX_POINT('',#2354);
#2356=CARTESIAN_POINT('',(2.4E0,2.427969887724E1,1.2E1));
#2357=VERTEX_POINT('',#2356);
#2358=CARTESIAN_POINT('',(1.77E1,2.690485102482E1,1.112991152848E1));
#2359=VERTEX_POINT('',#2358);
#2360=CARTESIAN_POINT('',(1.72E1,2.649467100176E1,1.084398785216E1));
#2361=VERTEX_POINT('',#2360);
#2362=CARTESIAN_POINT('',(1.91E1,1.426E1,1.25E1));
#2363=VERTEX_POINT('',#2362);
#2364=CARTESIAN_POINT('',(1.91E1,4.599984411777E1,4.868922728122E0));
#2365=VERTEX_POINT('',#2364);
#2366=CARTESIAN_POINT('',(1.21E1,3.758919073118E1,-5.E-1));
#2367=VERTEX_POINT('',#2366);
#2368=CARTESIAN_POINT('',(1.9E0,1.616E1,9.45E0));
#2369=VERTEX_POINT('',#2368);
#2370=CARTESIAN_POINT('',(1.16E1,4.484258208516E1,-1.75E1));
#2371=VERTEX_POINT('',#2370);
#2372=CARTESIAN_POINT('',(2.4E0,1.616E1,6.95E0));
#2373=VERTEX_POINT('',#2372);
#2374=CARTESIAN_POINT('',(1.72E1,1.405289321881E1,1.2E1));
#2375=VERTEX_POINT('',#2374);
#2376=VERTEX_POINT('',#235);
#2377=CARTESIAN_POINT('',(3.E0,2.074257569496E1,1.055E1));
#2378=VERTEX_POINT('',#2377);
#2379=CARTESIAN_POINT('',(2.4E0,1.616E1,8.95E0));
#2380=VERTEX_POINT('',#2379);
#2381=CARTESIAN_POINT('',(1.96E1,2.864801974289E1,7.754839560421E0));
#2382=VERTEX_POINT('',#2381);
#2383=CARTESIAN_POINT('',(1.21E1,3.808919073118E1,-1.8E1));
#2384=VERTEX_POINT('',#2383);
#2385=CARTESIAN_POINT('',(1.91E1,1.616E1,9.45E0));
#2386=VERTEX_POINT('',#2385);
#2387=CARTESIAN_POINT('',(1.96E1,6.43E0,5.900444229880E0));
#2388=CARTESIAN_POINT('',(1.96E1,2.97E0,5.900444229880E0));
#2389=VERTEX_POINT('',#2387);
#2390=VERTEX_POINT('',#2388);
#2391=CARTESIAN_POINT('',(1.93E1,6.13E0,5.900444229880E0));
#2392=CARTESIAN_POINT('',(1.93E1,3.27E0,5.900444229880E0));
#2393=VERTEX_POINT('',#2391);
#2394=VERTEX_POINT('',#2392);
#2395=CARTESIAN_POINT('',(0.E0,6.43E0,5.900444229880E0));
#2396=CARTESIAN_POINT('',(0.E0,2.97E0,5.900444229880E0));
#2397=VERTEX_POINT('',#2395);
#2398=VERTEX_POINT('',#2396);
#2399=CARTESIAN_POINT('',(3.E-1,6.13E0,5.900444229880E0));
#2400=CARTESIAN_POINT('',(3.E-1,3.27E0,5.900444229880E0));
#2401=VERTEX_POINT('',#2399);
#2402=VERTEX_POINT('',#2400);
#2403=CARTESIAN_POINT('',(1.85E0,4.103484081743E1,0.E0));
#2404=CARTESIAN_POINT('',(6.25E0,4.103484081743E1,0.E0));
#2405=VERTEX_POINT('',#2403);
#2406=VERTEX_POINT('',#2404);
#2407=CARTESIAN_POINT('',(1.85E0,4.103484081743E1,5.9E0));
#2408=CARTESIAN_POINT('',(6.25E0,4.103484081743E1,5.9E0));
#2409=VERTEX_POINT('',#2407);
#2410=VERTEX_POINT('',#2408);
#2411=CARTESIAN_POINT('',(6.25E0,3.724014323750E1,0.E0));
#2412=CARTESIAN_POINT('',(1.85E0,3.724014323750E1,0.E0));
#2413=VERTEX_POINT('',#2411);
#2414=VERTEX_POINT('',#2412);
#2415=CARTESIAN_POINT('',(6.25E0,3.724014323750E1,5.9E0));
#2416=CARTESIAN_POINT('',(1.85E0,3.724014323750E1,5.9E0));
#2417=VERTEX_POINT('',#2415);
#2418=VERTEX_POINT('',#2416);
#2419=CARTESIAN_POINT('',(3.E1,2.427969887724E1,9.3E0));
#2420=DIRECTION('',(-1.E0,0.E0,0.E0));
#2421=DIRECTION('',(0.E0,0.E0,1.E0));
#2422=AXIS2_PLACEMENT_3D('',#2419,#2420,#2421);
#2423=CYLINDRICAL_SURFACE('1841',#2422,3.2E0);
#2425=ORIENTED_EDGE('1434',*,*,#2424,.F.);
#2427=ORIENTED_EDGE('1447',*,*,#2426,.T.);
#2429=ORIENTED_EDGE('1639',*,*,#2428,.F.);
#2431=ORIENTED_EDGE('1615',*,*,#2430,.T.);
#2432=EDGE_LOOP('1841',(#2425,#2427,#2429,#2431));
#2433=FACE_OUTER_BOUND('1841',#2432,.F.);
#2435=CARTESIAN_POINT('',(3.E1,2.690485102482E1,1.112991152848E1));
#2436=DIRECTION('',(0.E0,8.203600461177E-1,5.718473526508E-1));
#2437=DIRECTION('',(0.E0,-5.718473526508E-1,8.203600461177E-1));
#2438=AXIS2_PLACEMENT_3D('',#2435,#2436,#2437);
#2439=PLANE('1982',#2438);
#2441=ORIENTED_EDGE('1665',*,*,#2440,.T.);
#2443=ORIENTED_EDGE('1750',*,*,#2442,.T.);
#2445=ORIENTED_EDGE('1657',*,*,#2444,.T.);
#2447=ORIENTED_EDGE('1755',*,*,#2446,.T.);
#2448=ORIENTED_EDGE('1434',*,*,#2424,.T.);
#2450=ORIENTED_EDGE('1808',*,*,#2449,.T.);
#2452=ORIENTED_EDGE('1697',*,*,#2451,.T.);
#2454=ORIENTED_EDGE('1736',*,*,#2453,.T.);
#2455=EDGE_LOOP('1982',(#2441,#2443,#2445,#2447,#2448,#2450,#2452,#2454));
#2456=FACE_OUTER_BOUND('1982',#2455,.F.);
#2458=CARTESIAN_POINT('',(3.E1,2.427969887724E1,9.3E0));
#2459=DIRECTION('',(-1.E0,0.E0,0.E0));
#2460=DIRECTION('',(0.E0,0.E0,1.E0));
#2461=AXIS2_PLACEMENT_3D('',#2458,#2459,#2460);
#2462=CYLINDRICAL_SURFACE('1915',#2461,3.2E0);
#2464=ORIENTED_EDGE('1795',*,*,#2463,.F.);
#2466=ORIENTED_EDGE('1707',*,*,#2465,.T.);
#2467=ORIENTED_EDGE('1665',*,*,#2440,.F.);
#2469=ORIENTED_EDGE('1691',*,*,#2468,.T.);
#2470=EDGE_LOOP('1915',(#2464,#2466,#2467,#2469));
#2471=FACE_OUTER_BOUND('1915',#2470,.F.);
#2473=CARTESIAN_POINT('',(0.E0,0.E0,1.25E1));
#2474=DIRECTION('',(0.E0,0.E0,-1.E0));
#2475=DIRECTION('',(-1.E0,0.E0,0.E0));
#2476=AXIS2_PLACEMENT_3D('',#2473,#2474,#2475);
#2477=PLANE('1945',#2476);
#2479=ORIENTED_EDGE('1805',*,*,#2478,.T.);
#2480=ORIENTED_EDGE('1795',*,*,#2463,.T.);
#2482=ORIENTED_EDGE('1787',*,*,#2481,.T.);
#2484=ORIENTED_EDGE('1810',*,*,#2483,.T.);
#2485=EDGE_LOOP('1945',(#2479,#2480,#2482,#2484));
#2486=FACE_OUTER_BOUND('1945',#2485,.F.);
#2488=CARTESIAN_POINT('',(1.77E1,0.E0,1.2E1));
#2489=DIRECTION('',(0.E0,-1.E0,0.E0));
#2490=DIRECTION('',(0.E0,0.E0,-1.E0));
#2491=AXIS2_PLACEMENT_3D('',#2488,#2489,#2490);
#2492=CYLINDRICAL_SURFACE('1866',#2491,5.E-1);
#2494=ORIENTED_EDGE('1473',*,*,#2493,.F.);
#2496=ORIENTED_EDGE('1527',*,*,#2495,.T.);
#2497=ORIENTED_EDGE('1805',*,*,#2478,.F.);
#2499=ORIENTED_EDGE('1465',*,*,#2498,.T.);
#2500=EDGE_LOOP('1866',(#2494,#2496,#2497,#2499));
#2501=FACE_OUTER_BOUND('1866',#2500,.F.);
#2503=CARTESIAN_POINT('',(1.72E1,6.5E1,1.25E1));
#2504=DIRECTION('',(1.E0,0.E0,0.E0));
#2505=DIRECTION('',(0.E0,0.E0,-1.E0));
#2506=AXIS2_PLACEMENT_3D('',#2503,#2504,#2505);
#2507=PLANE('1951',#2506);
#2509=ORIENTED_EDGE('1457',*,*,#2508,.T.);
#2511=ORIENTED_EDGE('1427',*,*,#2510,.F.);
#2513=ORIENTED_EDGE('1642',*,*,#2512,.F.);
#2515=ORIENTED_EDGE('1477',*,*,#2514,.T.);
#2517=ORIENTED_EDGE('1666',*,*,#2516,.F.);
#2519=ORIENTED_EDGE('1699',*,*,#2518,.F.);
#2520=ORIENTED_EDGE('1473',*,*,#2493,.T.);
#2522=ORIENTED_EDGE('1840',*,*,#2521,.F.);
#2524=ORIENTED_EDGE('1628',*,*,#2523,.T.);
#2526=ORIENTED_EDGE('1609',*,*,#2525,.F.);
#2528=ORIENTED_EDGE('1520',*,*,#2527,.F.);
#2530=ORIENTED_EDGE('1551',*,*,#2529,.T.);
#2532=ORIENTED_EDGE('1726',*,*,#2531,.F.);
#2534=ORIENTED_EDGE('1748',*,*,#2533,.T.);
#2536=ORIENTED_EDGE('1550',*,*,#2535,.F.);
#2538=ORIENTED_EDGE('1563',*,*,#2537,.F.);
#2539=EDGE_LOOP('1951',(#2509,#2511,#2513,#2515,#2517,#2519,#2520,#2522,#2524,
#2526,#2528,#2530,#2532,#2534,#2536,#2538));
#2540=FACE_OUTER_BOUND('1951',#2539,.F.);
#2542=CARTESIAN_POINT('',(2.4E0,6.5E1,1.055E1));
#2543=DIRECTION('',(0.E0,0.E0,-1.E0));
#2544=DIRECTION('',(-1.E0,0.E0,0.E0));
#2545=AXIS2_PLACEMENT_3D('',#2542,#2543,#2544);
#2546=PLANE('1850',#2545);
#2548=ORIENTED_EDGE('1614',*,*,#2547,.T.);
#2550=ORIENTED_EDGE('1816',*,*,#2549,.T.);
#2552=ORIENTED_EDGE('1612',*,*,#2551,.F.);
#2554=ORIENTED_EDGE('1813',*,*,#2553,.T.);
#2556=ORIENTED_EDGE('1624',*,*,#2555,.F.);
#2558=ORIENTED_EDGE('1652',*,*,#2557,.T.);
#2560=ORIENTED_EDGE('1705',*,*,#2559,.F.);
#2562=ORIENTED_EDGE('1558',*,*,#2561,.T.);
#2564=ORIENTED_EDGE('1758',*,*,#2563,.F.);
#2565=ORIENTED_EDGE('1457',*,*,#2508,.F.);
#2567=ORIENTED_EDGE('1641',*,*,#2566,.T.);
#2569=ORIENTED_EDGE('1820',*,*,#2568,.T.);
#2571=ORIENTED_EDGE('1698',*,*,#2570,.T.);
#2573=ORIENTED_EDGE('1809',*,*,#2572,.T.);
#2575=ORIENTED_EDGE('1764',*,*,#2574,.T.);
#2577=ORIENTED_EDGE('1625',*,*,#2576,.T.);
#2578=EDGE_LOOP('1850',(#2548,#2550,#2552,#2554,#2556,#2558,#2560,#2562,#2564,
#2565,#2567,#2569,#2571,#2573,#2575,#2577));
#2579=FACE_OUTER_BOUND('1850',#2578,.F.);
#2581=CARTESIAN_POINT('',(1.9E0,5.4E0,1.390044422988E1));
#2582=DIRECTION('',(-1.E0,0.E0,0.E0));
#2583=DIRECTION('',(0.E0,0.E0,1.E0));
#2584=AXIS2_PLACEMENT_3D('',#2581,#2582,#2583);
#2585=TOROIDAL_SURFACE('1930',#2584,3.8E0,5.E-1);
#2587=ORIENTED_EDGE('1696',*,*,#2586,.T.);
#2589=ORIENTED_EDGE('1463',*,*,#2588,.T.);
#2590=ORIENTED_EDGE('1614',*,*,#2547,.F.);
#2592=ORIENTED_EDGE('1490',*,*,#2591,.F.);
#2594=ORIENTED_EDGE('1710',*,*,#2593,.F.);
#2595=EDGE_LOOP('1930',(#2587,#2589,#2590,#2592,#2594));
#2596=FACE_OUTER_BOUND('1930',#2595,.F.);
#2598=CARTESIAN_POINT('',(1.9E0,1.031174125132E1,8.5E0));
#2599=DIRECTION('',(-1.E0,0.E0,0.E0));
#2600=DIRECTION('',(0.E0,0.E0,1.E0));
#2601=AXIS2_PLACEMENT_3D('',#2598,#2599,#2600);
#2602=TOROIDAL_SURFACE('1891',#2601,3.5E0,5.E-1);
#2604=ORIENTED_EDGE('1662',*,*,#2603,.F.);
#2606=ORIENTED_EDGE('1476',*,*,#2605,.T.);
#2607=ORIENTED_EDGE('1696',*,*,#2586,.F.);
#2609=ORIENTED_EDGE('1594',*,*,#2608,.F.);
#2610=EDGE_LOOP('1891',(#2604,#2606,#2607,#2609));
#2611=FACE_OUTER_BOUND('1891',#2610,.F.);
#2613=CARTESIAN_POINT('',(1.9E0,0.E0,1.2E1));
#2614=DIRECTION('',(0.E0,1.E0,0.E0));
#2615=DIRECTION('',(0.E0,0.E0,1.E0));
#2616=AXIS2_PLACEMENT_3D('',#2613,#2614,#2615);
#2617=CYLINDRICAL_SURFACE('2012',#2616,5.E-1);
#2619=ORIENTED_EDGE('1685',*,*,#2618,.T.);
#2621=ORIENTED_EDGE('1773',*,*,#2620,.F.);
#2622=ORIENTED_EDGE('1662',*,*,#2603,.T.);
#2624=ORIENTED_EDGE('1441',*,*,#2623,.F.);
#2625=EDGE_LOOP('2012',(#2619,#2621,#2622,#2624));
#2626=FACE_OUTER_BOUND('2012',#2625,.F.);
#2628=CARTESIAN_POINT('',(1.9E0,1.390644660941E1,1.214644660941E1));
#2629=DIRECTION('',(0.E0,-7.071067811865E-1,7.071067811866E-1));
#2630=DIRECTION('',(0.E0,-7.071067811866E-1,-7.071067811865E-1));
#2631=AXIS2_PLACEMENT_3D('',#2628,#2629,#2630);
#2632=CYLINDRICAL_SURFACE('1960',#2631,5.E-1);
#2634=ORIENTED_EDGE('1670',*,*,#2633,.T.);
#2636=ORIENTED_EDGE('1597',*,*,#2635,.T.);
#2637=ORIENTED_EDGE('1685',*,*,#2618,.F.);
#2639=ORIENTED_EDGE('1559',*,*,#2638,.F.);
#2640=EDGE_LOOP('1960',(#2634,#2636,#2637,#2639));
#2641=FACE_OUTER_BOUND('1960',#2640,.F.);
#2643=CARTESIAN_POINT('',(1.9E0,1.421E1,1.133405728739E1));
#2644=DIRECTION('',(0.E0,0.E0,1.E0));
#2645=DIRECTION('',(0.E0,-1.E0,0.E0));
#2646=AXIS2_PLACEMENT_3D('',#2643,#2644,#2645);
#2647=CYLINDRICAL_SURFACE('1942',#2646,5.E-1);
#2649=ORIENTED_EDGE('1681',*,*,#2648,.T.);
#2651=ORIENTED_EDGE('1453',*,*,#2650,.F.);
#2652=ORIENTED_EDGE('1670',*,*,#2633,.F.);
#2654=ORIENTED_EDGE('1828',*,*,#2653,.F.);
#2655=EDGE_LOOP('1942',(#2649,#2651,#2652,#2654));
#2656=FACE_OUTER_BOUND('1942',#2655,.F.);
#2658=CARTESIAN_POINT('',(1.9E0,1.616E1,1.095E1));
#2659=DIRECTION('',(-1.E0,0.E0,0.E0));
#2660=DIRECTION('',(0.E0,0.E0,1.E0));
#2661=AXIS2_PLACEMENT_3D('',#2658,#2659,#2660);
#2662=TOROIDAL_SURFACE('1854',#2661,2.E0,5.E-1);
#2664=ORIENTED_EDGE('1437',*,*,#2663,.T.);
#2666=ORIENTED_EDGE('1742',*,*,#2665,.T.);
#2668=ORIENTED_EDGE('1743',*,*,#2667,.T.);
#2669=ORIENTED_EDGE('1681',*,*,#2648,.F.);
#2671=ORIENTED_EDGE('1708',*,*,#2670,.F.);
#2673=ORIENTED_EDGE('1709',*,*,#2672,.F.);
#2674=EDGE_LOOP('1854',(#2664,#2666,#2668,#2669,#2671,#2673));
#2675=FACE_OUTER_BOUND('1854',#2674,.F.);
#2677=CARTESIAN_POINT('',(1.9E0,1.811E1,1.133405728739E1));
#2678=DIRECTION('',(0.E0,0.E0,-1.E0));
#2679=DIRECTION('',(-1.E0,0.E0,0.E0));
#2680=AXIS2_PLACEMENT_3D('',#2677,#2678,#2679);
#2681=CYLINDRICAL_SURFACE('1892',#2680,5.E-1);
#2683=ORIENTED_EDGE('1733',*,*,#2682,.T.);
#2685=ORIENTED_EDGE('1833',*,*,#2684,.F.);
#2686=ORIENTED_EDGE('1437',*,*,#2663,.F.);
#2688=ORIENTED_EDGE('1638',*,*,#2687,.F.);
#2689=EDGE_LOOP('1892',(#2683,#2685,#2686,#2688));
#2690=FACE_OUTER_BOUND('1892',#2689,.F.);
#2692=CARTESIAN_POINT('',(1.9E0,1.796355339059E1,1.169644660941E1));
#2693=DIRECTION('',(0.E0,-7.071067811865E-1,-7.071067811865E-1));
#2694=DIRECTION('',(0.E0,7.071067811865E-1,-7.071067811865E-1));
#2695=AXIS2_PLACEMENT_3D('',#2692,#2693,#2694);
#2696=CYLINDRICAL_SURFACE('1842',#2695,5.E-1);
#2698=ORIENTED_EDGE('1796',*,*,#2697,.T.);
#2699=ORIENTED_EDGE('1733',*,*,#2682,.F.);
#2701=ORIENTED_EDGE('1491',*,*,#2700,.F.);
#2703=ORIENTED_EDGE('1655',*,*,#2702,.T.);
#2704=EDGE_LOOP('1842',(#2698,#2699,#2701,#2703));
#2705=FACE_OUTER_BOUND('1842',#2704,.F.);
#2707=CARTESIAN_POINT('',(2.4E0,6.5E1,1.25E1));
#2708=DIRECTION('',(-1.E0,0.E0,0.E0));
#2709=DIRECTION('',(0.E0,0.E0,1.E0));
#2710=AXIS2_PLACEMENT_3D('',#2707,#2708,#2709);
#2711=PLANE('1966',#2710);
#2713=ORIENTED_EDGE('1436',*,*,#2712,.F.);
#2715=ORIENTED_EDGE('1832',*,*,#2714,.F.);
#2717=ORIENTED_EDGE('1715',*,*,#2716,.F.);
#2718=ORIENTED_EDGE('1816',*,*,#2549,.F.);
#2719=ORIENTED_EDGE('1463',*,*,#2588,.F.);
#2720=ORIENTED_EDGE('1476',*,*,#2605,.F.);
#2721=ORIENTED_EDGE('1773',*,*,#2620,.T.);
#2722=ORIENTED_EDGE('1597',*,*,#2635,.F.);
#2723=ORIENTED_EDGE('1453',*,*,#2650,.T.);
#2724=ORIENTED_EDGE('1743',*,*,#2667,.F.);
#2725=ORIENTED_EDGE('1742',*,*,#2665,.F.);
#2726=ORIENTED_EDGE('1833',*,*,#2684,.T.);
#2727=ORIENTED_EDGE('1796',*,*,#2697,.F.);
#2729=ORIENTED_EDGE('1737',*,*,#2728,.T.);
#2731=ORIENTED_EDGE('1664',*,*,#2730,.F.);
#2733=ORIENTED_EDGE('1767',*,*,#2732,.F.);
#2734=EDGE_LOOP('1966',(#2713,#2715,#2717,#2718,#2719,#2720,#2721,#2722,#2723,
#2724,#2725,#2726,#2727,#2729,#2731,#2733));
#2735=FACE_OUTER_BOUND('1966',#2734,.F.);
#2737=CARTESIAN_POINT('',(2.4E0,6.5E1,1.055E1));
#2738=DIRECTION('',(0.E0,0.E0,-1.E0));
#2739=DIRECTION('',(-1.E0,0.E0,0.E0));
#2740=AXIS2_PLACEMENT_3D('',#2737,#2738,#2739);
#2741=PLANE('1934',#2740);
#2743=ORIENTED_EDGE('1838',*,*,#2742,.F.);
#2744=ORIENTED_EDGE('1436',*,*,#2712,.T.);
#2746=ORIENTED_EDGE('1600',*,*,#2745,.T.);
#2747=ORIENTED_EDGE('1657',*,*,#2444,.F.);
#2749=ORIENTED_EDGE('1519',*,*,#2748,.T.);
#2750=ORIENTED_EDGE('1477',*,*,#2514,.F.);
#2752=ORIENTED_EDGE('1536',*,*,#2751,.F.);
#2754=ORIENTED_EDGE('1482',*,*,#2753,.T.);
#2756=ORIENTED_EDGE('1585',*,*,#2755,.F.);
#2758=ORIENTED_EDGE('1540',*,*,#2757,.T.);
#2760=ORIENTED_EDGE('1678',*,*,#2759,.F.);
#2762=ORIENTED_EDGE('1834',*,*,#2761,.T.);
#2763=EDGE_LOOP('1934',(#2743,#2744,#2746,#2747,#2749,#2750,#2752,#2754,#2756,
#2758,#2760,#2762));
#2764=FACE_OUTER_BOUND('1934',#2763,.F.);
#2766=CARTESIAN_POINT('',(3.E0,1.616E1,1.095E1));
#2767=DIRECTION('',(1.E0,0.E0,0.E0));
#2768=DIRECTION('',(0.E0,0.E0,-1.E0));
#2769=AXIS2_PLACEMENT_3D('',#2766,#2767,#2768);
#2770=TOROIDAL_SURFACE('2015',#2769,4.E0,6.000000000001E-1);
#2771=ORIENTED_EDGE('1832',*,*,#2714,.T.);
#2772=ORIENTED_EDGE('1838',*,*,#2742,.T.);
#2774=ORIENTED_EDGE('1741',*,*,#2773,.F.);
#2776=ORIENTED_EDGE('1760',*,*,#2775,.T.);
#2777=EDGE_LOOP('2015',(#2771,#2772,#2774,#2776));
#2778=FACE_OUTER_BOUND('2015',#2777,.F.);
#2780=CARTESIAN_POINT('',(1.96E1,1.616E1,1.095E1));
#2781=DIRECTION('',(1.E0,0.E0,0.E0));
#2782=DIRECTION('',(0.E0,0.E0,-1.E0));
#2783=AXIS2_PLACEMENT_3D('',#2780,#2781,#2782);
#2784=CYLINDRICAL_SURFACE('1963',#2783,4.600000000001E0);
#2785=ORIENTED_EDGE('1741',*,*,#2773,.T.);
#2786=ORIENTED_EDGE('1834',*,*,#2761,.F.);
#2788=ORIENTED_EDGE('1511',*,*,#2787,.T.);
#2790=ORIENTED_EDGE('1478',*,*,#2789,.T.);
#2791=EDGE_LOOP('1963',(#2785,#2786,#2788,#2790));
#2792=FACE_OUTER_BOUND('1963',#2791,.F.);
#2794=CARTESIAN_POINT('',(1.028578643763E1,1.616E1,1.095E1));
#2795=DIRECTION('',(1.E0,0.E0,0.E0));
#2796=DIRECTION('',(0.E0,0.E0,-1.E0));
#2797=AXIS2_PLACEMENT_3D('',#2794,#2795,#2796);
#2798=TOROIDAL_SURFACE('1857',#2797,5.600000000001E0,1.E0);
#2800=ORIENTED_EDGE('1747',*,*,#2799,.F.);
#2801=ORIENTED_EDGE('1511',*,*,#2787,.F.);
#2802=ORIENTED_EDGE('1678',*,*,#2759,.T.);
#2804=ORIENTED_EDGE('1797',*,*,#2803,.F.);
#2805=EDGE_LOOP('1857',(#2800,#2801,#2802,#2804));
#2806=FACE_OUTER_BOUND('1857',#2805,.F.);
#2808=CARTESIAN_POINT('',(1.028578643763E1,1.616E1,1.095E1));
#2809=DIRECTION('',(1.E0,0.E0,0.E0));
#2810=DIRECTION('',(0.E0,0.E0,-1.E0));
#2811=AXIS2_PLACEMENT_3D('',#2808,#2809,#2810);
#2812=TOROIDAL_SURFACE('1883',#2811,5.600000000001E0,1.E0);
#2814=ORIENTED_EDGE('1501',*,*,#2813,.F.);
#2815=ORIENTED_EDGE('1624',*,*,#2555,.T.);
#2817=ORIENTED_EDGE('1435',*,*,#2816,.F.);
#2818=ORIENTED_EDGE('1747',*,*,#2799,.T.);
#2819=EDGE_LOOP('1883',(#2814,#2815,#2817,#2818));
#2820=FACE_OUTER_BOUND('1883',#2819,.F.);
#2822=CARTESIAN_POINT('',(1.115E1,1.616E1,1.095E1));
#2823=DIRECTION('',(1.E0,0.E0,0.E0));
#2824=DIRECTION('',(0.E0,0.E0,-1.E0));
#2825=AXIS2_PLACEMENT_3D('',#2822,#2823,#2824);
#2826=CONICAL_SURFACE('1875',#2825,5.05E0,4.5E1);
#2828=ORIENTED_EDGE('1480',*,*,#2827,.F.);
#2830=ORIENTED_EDGE('1606',*,*,#2829,.T.);
#2831=ORIENTED_EDGE('1652',*,*,#2557,.F.);
#2832=ORIENTED_EDGE('1501',*,*,#2813,.T.);
#2833=EDGE_LOOP('1875',(#2828,#2830,#2831,#2832));
#2834=FACE_OUTER_BOUND('1875',#2833,.F.);
#2836=CARTESIAN_POINT('',(1.115E1,1.616E1,1.095E1));
#2837=DIRECTION('',(1.E0,0.E0,0.E0));
#2838=DIRECTION('',(0.E0,0.E0,-1.E0));
#2839=AXIS2_PLACEMENT_3D('',#2836,#2837,#2838);
#2840=CONICAL_SURFACE('1849',#2839,5.05E0,4.5E1);
#2841=ORIENTED_EDGE('1797',*,*,#2803,.T.);
#2842=ORIENTED_EDGE('1540',*,*,#2757,.F.);
#2844=ORIENTED_EDGE('1431',*,*,#2843,.T.);
#2845=ORIENTED_EDGE('1480',*,*,#2827,.T.);
#2846=EDGE_LOOP('1849',(#2841,#2842,#2844,#2845));
#2847=FACE_OUTER_BOUND('1849',#2846,.F.);
#2849=CARTESIAN_POINT('',(1.201421356237E1,1.616E1,1.095E1));
#2850=DIRECTION('',(1.E0,0.E0,0.E0));
#2851=DIRECTION('',(0.E0,0.E0,-1.E0));
#2852=AXIS2_PLACEMENT_3D('',#2849,#2850,#2851);
#2853=TOROIDAL_SURFACE('1954',#2852,4.499999999999E0,1.000000000001E0);
#2854=ORIENTED_EDGE('1431',*,*,#2843,.F.);
#2855=ORIENTED_EDGE('1585',*,*,#2755,.T.);
#2857=ORIENTED_EDGE('1630',*,*,#2856,.F.);
#2859=ORIENTED_EDGE('1446',*,*,#2858,.T.);
#2860=EDGE_LOOP('1954',(#2854,#2855,#2857,#2859));
#2861=FACE_OUTER_BOUND('1954',#2860,.F.);
#2863=CARTESIAN_POINT('',(1.96E1,1.616E1,1.095E1));
#2864=DIRECTION('',(1.E0,0.E0,0.E0));
#2865=DIRECTION('',(0.E0,0.E0,-1.E0));
#2866=AXIS2_PLACEMENT_3D('',#2863,#2864,#2865);
#2867=CYLINDRICAL_SURFACE('1994',#2866,5.5E0);
#2868=ORIENTED_EDGE('1630',*,*,#2856,.T.);
#2869=ORIENTED_EDGE('1482',*,*,#2753,.F.);
#2871=ORIENTED_EDGE('1680',*,*,#2870,.T.);
#2873=ORIENTED_EDGE('1492',*,*,#2872,.T.);
#2874=EDGE_LOOP('1994',(#2868,#2869,#2871,#2873));
#2875=FACE_OUTER_BOUND('1994',#2874,.F.);
#2877=CARTESIAN_POINT('',(1.66E1,1.616E1,1.095E1));
#2878=DIRECTION('',(1.E0,0.E0,0.E0));
#2879=DIRECTION('',(0.E0,0.E0,-1.E0));
#2880=AXIS2_PLACEMENT_3D('',#2877,#2878,#2879);
#2881=TOROIDAL_SURFACE('1964',#2880,4.9E0,6.E-1);
#2882=ORIENTED_EDGE('1680',*,*,#2870,.F.);
#2883=ORIENTED_EDGE('1536',*,*,#2751,.T.);
#2884=ORIENTED_EDGE('1642',*,*,#2512,.T.);
#2886=ORIENTED_EDGE('1593',*,*,#2885,.T.);
#2887=EDGE_LOOP('1964',(#2882,#2883,#2884,#2886));
#2888=FACE_OUTER_BOUND('1964',#2887,.F.);
#2890=CARTESIAN_POINT('',(1.66E1,1.616E1,1.095E1));
#2891=DIRECTION('',(1.E0,0.E0,0.E0));
#2892=DIRECTION('',(0.E0,0.E0,-1.E0));
#2893=AXIS2_PLACEMENT_3D('',#2890,#2891,#2892);
#2894=TOROIDAL_SURFACE('2013',#2893,4.9E0,6.E-1);
#2895=ORIENTED_EDGE('1593',*,*,#2885,.F.);
#2896=ORIENTED_EDGE('1427',*,*,#2510,.T.);
#2897=ORIENTED_EDGE('1758',*,*,#2563,.T.);
#2899=ORIENTED_EDGE('1774',*,*,#2898,.F.);
#2900=EDGE_LOOP('2013',(#2895,#2896,#2897,#2899));
#2901=FACE_OUTER_BOUND('2013',#2900,.F.);
#2903=CARTESIAN_POINT('',(1.96E1,1.616E1,1.095E1));
#2904=DIRECTION('',(1.E0,0.E0,0.E0));
#2905=DIRECTION('',(0.E0,0.E0,-1.E0));
#2906=AXIS2_PLACEMENT_3D('',#2903,#2904,#2905);
#2907=CYLINDRICAL_SURFACE('1943',#2906,5.5E0);
#2908=ORIENTED_EDGE('1492',*,*,#2872,.F.);
#2909=ORIENTED_EDGE('1774',*,*,#2898,.T.);
#2910=ORIENTED_EDGE('1558',*,*,#2561,.F.);
#2912=ORIENTED_EDGE('1636',*,*,#2911,.T.);
#2913=EDGE_LOOP('1943',(#2908,#2909,#2910,#2912));
#2914=FACE_OUTER_BOUND('1943',#2913,.F.);
#2916=CARTESIAN_POINT('',(1.201421356237E1,1.616E1,1.095E1));
#2917=DIRECTION('',(1.E0,0.E0,0.E0));
#2918=DIRECTION('',(0.E0,0.E0,-1.E0));
#2919=AXIS2_PLACEMENT_3D('',#2916,#2917,#2918);
#2920=TOROIDAL_SURFACE('1959',#2919,4.499999999999E0,1.000000000001E0);
#2921=ORIENTED_EDGE('1446',*,*,#2858,.F.);
#2922=ORIENTED_EDGE('1636',*,*,#2911,.F.);
#2923=ORIENTED_EDGE('1705',*,*,#2559,.T.);
#2924=ORIENTED_EDGE('1606',*,*,#2829,.F.);
#2925=EDGE_LOOP('1959',(#2921,#2922,#2923,#2924));
#2926=FACE_OUTER_BOUND('1959',#2925,.F.);
#2928=CARTESIAN_POINT('',(1.96E1,1.616E1,1.095E1));
#2929=DIRECTION('',(1.E0,0.E0,0.E0));
#2930=DIRECTION('',(0.E0,0.E0,-1.E0));
#2931=AXIS2_PLACEMENT_3D('',#2928,#2929,#2930);
#2932=CYLINDRICAL_SURFACE('1862',#2931,4.600000000001E0);
#2933=ORIENTED_EDGE('1478',*,*,#2789,.F.);
#2934=ORIENTED_EDGE('1435',*,*,#2816,.T.);
#2935=ORIENTED_EDGE('1813',*,*,#2553,.F.);
#2937=ORIENTED_EDGE('1780',*,*,#2936,.T.);
#2938=EDGE_LOOP('1862',(#2933,#2934,#2935,#2937));
#2939=FACE_OUTER_BOUND('1862',#2938,.F.);
#2941=CARTESIAN_POINT('',(3.E0,1.616E1,1.095E1));
#2942=DIRECTION('',(1.E0,0.E0,0.E0));
#2943=DIRECTION('',(0.E0,0.E0,-1.E0));
#2944=AXIS2_PLACEMENT_3D('',#2941,#2942,#2943);
#2945=TOROIDAL_SURFACE('1989',#2944,4.E0,6.000000000001E-1);
#2946=ORIENTED_EDGE('1760',*,*,#2775,.F.);
#2947=ORIENTED_EDGE('1780',*,*,#2936,.F.);
#2948=ORIENTED_EDGE('1612',*,*,#2551,.T.);
#2949=ORIENTED_EDGE('1715',*,*,#2716,.T.);
#2950=EDGE_LOOP('1989',(#2946,#2947,#2948,#2949));
#2951=FACE_OUTER_BOUND('1989',#2950,.F.);
#2953=CARTESIAN_POINT('',(1.9E0,2.649467100176E1,1.084398785216E1));
#2954=DIRECTION('',(0.E0,-5.718473526508E-1,8.203600461177E-1));
#2955=DIRECTION('',(0.E0,-8.203600461177E-1,-5.718473526508E-1));
#2956=AXIS2_PLACEMENT_3D('',#2953,#2954,#2955);
#2957=CYLINDRICAL_SURFACE('1902',#2956,5.E-1);
#2958=ORIENTED_EDGE('1600',*,*,#2745,.F.);
#2959=ORIENTED_EDGE('1767',*,*,#2732,.T.);
#2961=ORIENTED_EDGE('1455',*,*,#2960,.T.);
#2962=ORIENTED_EDGE('1755',*,*,#2446,.F.);
#2963=EDGE_LOOP('1902',(#2958,#2959,#2961,#2962));
#2964=FACE_OUTER_BOUND('1902',#2963,.F.);
#2966=CARTESIAN_POINT('',(1.9E0,2.427969887724E1,9.3E0));
#2967=DIRECTION('',(-1.E0,0.E0,0.E0));
#2968=DIRECTION('',(0.E0,0.E0,1.E0));
#2969=AXIS2_PLACEMENT_3D('',#2966,#2967,#2968);
#2970=TOROIDAL_SURFACE('1851',#2969,2.7E0,5.E-1);
#2971=ORIENTED_EDGE('1455',*,*,#2960,.F.);
#2972=ORIENTED_EDGE('1664',*,*,#2730,.T.);
#2974=ORIENTED_EDGE('1688',*,*,#2973,.F.);
#2975=ORIENTED_EDGE('1447',*,*,#2426,.F.);
#2976=EDGE_LOOP('1851',(#2971,#2972,#2974,#2975));
#2977=FACE_OUTER_BOUND('1851',#2976,.F.);
#2979=CARTESIAN_POINT('',(1.9E0,0.E0,1.2E1));
#2980=DIRECTION('',(0.E0,1.E0,0.E0));
#2981=DIRECTION('',(0.E0,0.E0,1.E0));
#2982=AXIS2_PLACEMENT_3D('',#2979,#2980,#2981);
#2983=CYLINDRICAL_SURFACE('2017',#2982,5.E-1);
#2985=ORIENTED_EDGE('1749',*,*,#2984,.F.);
#2986=ORIENTED_EDGE('1688',*,*,#2973,.T.);
#2987=ORIENTED_EDGE('1737',*,*,#2728,.F.);
#2989=ORIENTED_EDGE('1711',*,*,#2988,.T.);
#2990=EDGE_LOOP('2017',(#2985,#2986,#2987,#2989));
#2991=FACE_OUTER_BOUND('2017',#2990,.F.);
#2993=CARTESIAN_POINT('',(0.E0,0.E0,1.25E1));
#2994=DIRECTION('',(0.E0,0.E0,-1.E0));
#2995=DIRECTION('',(-1.E0,0.E0,0.E0));
#2996=AXIS2_PLACEMENT_3D('',#2993,#2994,#2995);
#2997=PLANE('1894',#2996);
#2999=ORIENTED_EDGE('1578',*,*,#2998,.T.);
#3000=ORIENTED_EDGE('1639',*,*,#2428,.T.);
#3001=ORIENTED_EDGE('1749',*,*,#2984,.T.);
#3003=ORIENTED_EDGE('1744',*,*,#3002,.T.);
#3004=EDGE_LOOP('1894',(#2999,#3000,#3001,#3003));
#3005=FACE_OUTER_BOUND('1894',#3004,.F.);
#3007=CARTESIAN_POINT('',(5.E-1,0.E0,1.2E1));
#3008=DIRECTION('',(0.E0,-1.E0,0.E0));
#3009=DIRECTION('',(0.E0,0.E0,-1.E0));
#3010=AXIS2_PLACEMENT_3D('',#3007,#3008,#3009);
#3011=CYLINDRICAL_SURFACE('2008',#3010,5.E-1);
#3013=ORIENTED_EDGE('1616',*,*,#3012,.T.);
#3015=ORIENTED_EDGE('1579',*,*,#3014,.F.);
#3017=ORIENTED_EDGE('1814',*,*,#3016,.T.);
#3018=ORIENTED_EDGE('1578',*,*,#2998,.F.);
#3019=EDGE_LOOP('2008',(#3013,#3015,#3017,#3018));
#3020=FACE_OUTER_BOUND('2008',#3019,.F.);
#3022=CARTESIAN_POINT('',(5.E-1,1.826710678119E1,1.2E1));
#3023=DIRECTION('',(0.E0,-7.071067811865E-1,7.071067811865E-1));
#3024=DIRECTION('',(-1.E0,0.E0,0.E0));
#3025=AXIS2_PLACEMENT_3D('',#3022,#3023,#3024);
#3026=SPHERICAL_SURFACE('1865',#3025,5.E-1);
#3028=ORIENTED_EDGE('1438',*,*,#3027,.F.);
#3029=ORIENTED_EDGE('1616',*,*,#3012,.F.);
#3031=ORIENTED_EDGE('1714',*,*,#3030,.F.);
#3032=EDGE_LOOP('1865',(#3028,#3029,#3031));
#3033=FACE_OUTER_BOUND('1865',#3032,.F.);
#3035=CARTESIAN_POINT('',(5.E-1,9.383553390593E0,3.116446609407E0));
#3036=DIRECTION('',(0.E0,-7.071067811865E-1,-7.071067811865E-1));
#3037=DIRECTION('',(0.E0,7.071067811865E-1,-7.071067811865E-1));
#3038=AXIS2_PLACEMENT_3D('',#3035,#3036,#3037);
#3039=CYLINDRICAL_SURFACE('1845',#3038,5.E-1);
#3041=ORIENTED_EDGE('1608',*,*,#3040,.F.);
#3043=ORIENTED_EDGE('1535',*,*,#3042,.T.);
#3045=ORIENTED_EDGE('1523',*,*,#3044,.F.);
#3047=ORIENTED_EDGE('1489',*,*,#3046,.T.);
#3048=ORIENTED_EDGE('1438',*,*,#3027,.T.);
#3049=EDGE_LOOP('1845',(#3041,#3043,#3045,#3047,#3048));
#3050=FACE_OUTER_BOUND('1845',#3049,.F.);
#3052=CARTESIAN_POINT('',(3.E1,1.761E1,1.205E1));
#3053=DIRECTION('',(0.E0,-7.071067811865E-1,7.071067811865E-1));
#3054=DIRECTION('',(0.E0,-7.071067811865E-1,-7.071067811865E-1));
#3055=AXIS2_PLACEMENT_3D('',#3052,#3053,#3054);
#3056=PLANE('1983',#3055);
#3057=ORIENTED_EDGE('1491',*,*,#2700,.T.);
#3059=ORIENTED_EDGE('1522',*,*,#3058,.F.);
#3060=ORIENTED_EDGE('1608',*,*,#3040,.T.);
#3062=ORIENTED_EDGE('1693',*,*,#3061,.T.);
#3063=EDGE_LOOP('1983',(#3057,#3059,#3060,#3062));
#3064=FACE_OUTER_BOUND('1983',#3063,.F.);
#3066=CARTESIAN_POINT('',(3.E1,1.761E1,1.133405728739E1));
#3067=DIRECTION('',(0.E0,-1.E0,0.E0));
#3068=DIRECTION('',(0.E0,0.E0,-1.E0));
#3069=AXIS2_PLACEMENT_3D('',#3066,#3067,#3068);
#3070=PLANE('1932',#3069);
#3072=ORIENTED_EDGE('1640',*,*,#3071,.T.);
#3074=ORIENTED_EDGE('1725',*,*,#3073,.T.);
#3075=ORIENTED_EDGE('1535',*,*,#3042,.F.);
#3076=ORIENTED_EDGE('1522',*,*,#3058,.T.);
#3077=ORIENTED_EDGE('1638',*,*,#2687,.T.);
#3078=EDGE_LOOP('1932',(#3072,#3074,#3075,#3076,#3077));
#3079=FACE_OUTER_BOUND('1932',#3078,.F.);
#3081=CARTESIAN_POINT('',(3.E1,1.616E1,1.095E1));
#3082=DIRECTION('',(-1.E0,0.E0,0.E0));
#3083=DIRECTION('',(0.E0,0.E0,1.E0));
#3084=AXIS2_PLACEMENT_3D('',#3081,#3082,#3083);
#3085=CYLINDRICAL_SURFACE('1871',#3084,1.5E0);
#3087=ORIENTED_EDGE('1647',*,*,#3086,.F.);
#3089=ORIENTED_EDGE('1571',*,*,#3088,.T.);
#3091=ORIENTED_EDGE('1799',*,*,#3090,.T.);
#3092=ORIENTED_EDGE('1640',*,*,#3071,.F.);
#3093=ORIENTED_EDGE('1709',*,*,#2672,.T.);
#3094=ORIENTED_EDGE('1708',*,*,#2670,.T.);
#3095=EDGE_LOOP('1871',(#3087,#3089,#3091,#3092,#3093,#3094));
#3096=FACE_OUTER_BOUND('1871',#3095,.F.);
#3098=CARTESIAN_POINT('',(3.E1,1.471E1,1.133405728739E1));
#3099=DIRECTION('',(0.E0,1.E0,0.E0));
#3100=DIRECTION('',(0.E0,0.E0,1.E0));
#3101=AXIS2_PLACEMENT_3D('',#3098,#3099,#3100);
#3102=PLANE('1898',#3101);
#3104=ORIENTED_EDGE('1428',*,*,#3103,.F.);
#3106=ORIENTED_EDGE('1634',*,*,#3105,.T.);
#3108=ORIENTED_EDGE('1539',*,*,#3107,.T.);
#3109=ORIENTED_EDGE('1647',*,*,#3086,.T.);
#3110=ORIENTED_EDGE('1828',*,*,#2653,.T.);
#3111=EDGE_LOOP('1898',(#3104,#3106,#3108,#3109,#3110));
#3112=FACE_OUTER_BOUND('1898',#3111,.F.);
#3114=CARTESIAN_POINT('',(3.E1,1.426E1,1.25E1));
#3115=DIRECTION('',(0.E0,7.071067811866E-1,7.071067811865E-1));
#3116=DIRECTION('',(0.E0,-7.071067811865E-1,7.071067811866E-1));
#3117=AXIS2_PLACEMENT_3D('',#3114,#3115,#3116);
#3118=PLANE('1984',#3117);
#3120=ORIENTED_EDGE('1583',*,*,#3119,.F.);
#3122=ORIENTED_EDGE('1462',*,*,#3121,.T.);
#3123=ORIENTED_EDGE('1428',*,*,#3103,.T.);
#3124=ORIENTED_EDGE('1559',*,*,#2638,.T.);
#3125=EDGE_LOOP('1984',(#3120,#3122,#3123,#3124));
#3126=FACE_OUTER_BOUND('1984',#3125,.F.);
#3128=CARTESIAN_POINT('',(0.E0,0.E0,1.25E1));
#3129=DIRECTION('',(0.E0,0.E0,-1.E0));
#3130=DIRECTION('',(-1.E0,0.E0,0.E0));
#3131=AXIS2_PLACEMENT_3D('',#3128,#3129,#3130);
#3132=PLANE('1939',#3131);
#3134=ORIENTED_EDGE('1505',*,*,#3133,.T.);
#3136=ORIENTED_EDGE('1445',*,*,#3135,.T.);
#3137=ORIENTED_EDGE('1583',*,*,#3119,.T.);
#3138=ORIENTED_EDGE('1441',*,*,#2623,.T.);
#3139=EDGE_LOOP('1939',(#3134,#3136,#3137,#3138));
#3140=FACE_OUTER_BOUND('1939',#3139,.F.);
#3142=CARTESIAN_POINT('',(3.E1,1.031174125132E1,8.5E0));
#3143=DIRECTION('',(-1.E0,0.E0,0.E0));
#3144=DIRECTION('',(0.E0,0.E0,1.E0));
#3145=AXIS2_PLACEMENT_3D('',#3142,#3143,#3144);
#3146=CYLINDRICAL_SURFACE('1928',#3145,4.E0);
#3148=ORIENTED_EDGE('1735',*,*,#3147,.F.);
#3150=ORIENTED_EDGE('1542',*,*,#3149,.T.);
#3151=ORIENTED_EDGE('1505',*,*,#3133,.F.);
#3152=ORIENTED_EDGE('1594',*,*,#2608,.T.);
#3153=EDGE_LOOP('1928',(#3148,#3150,#3151,#3152));
#3154=FACE_OUTER_BOUND('1928',#3153,.F.);
#3156=CARTESIAN_POINT('',(3.E1,5.4E0,1.390044422988E1));
#3157=DIRECTION('',(-1.E0,0.E0,0.E0));
#3158=DIRECTION('',(0.E0,0.E0,1.E0));
#3159=AXIS2_PLACEMENT_3D('',#3156,#3157,#3158);
#3160=CYLINDRICAL_SURFACE('2018',#3159,3.3E0);
#3162=ORIENTED_EDGE('1692',*,*,#3161,.F.);
#3164=ORIENTED_EDGE('1596',*,*,#3163,.T.);
#3165=ORIENTED_EDGE('1735',*,*,#3147,.T.);
#3166=ORIENTED_EDGE('1710',*,*,#2593,.T.);
#3167=EDGE_LOOP('2018',(#3162,#3164,#3165,#3166));
#3168=FACE_OUTER_BOUND('2018',#3167,.F.);
#3170=CARTESIAN_POINT('',(3.E1,4.7E0,1.060044422988E1));
#3171=DIRECTION('',(0.E0,0.E0,1.E0));
#3172=DIRECTION('',(0.E0,-1.E0,0.E0));
#3173=AXIS2_PLACEMENT_3D('',#3170,#3171,#3172);
#3174=PLANE('1975',#3173);
#3176=ORIENTED_EDGE('1456',*,*,#3175,.T.);
#3178=ORIENTED_EDGE('1700',*,*,#3177,.T.);
#3179=ORIENTED_EDGE('1692',*,*,#3161,.T.);
#3181=ORIENTED_EDGE('1471',*,*,#3180,.T.);
#3182=EDGE_LOOP('1975',(#3176,#3178,#3179,#3181));
#3183=FACE_OUTER_BOUND('1975',#3182,.F.);
#3185=CARTESIAN_POINT('',(3.E1,4.7E0,5.900444229880E0));
#3186=DIRECTION('',(-1.E0,0.E0,0.E0));
#3187=DIRECTION('',(0.E0,0.E0,1.E0));
#3188=AXIS2_PLACEMENT_3D('',#3185,#3186,#3187);
#3189=CYLINDRICAL_SURFACE('1859',#3188,4.7E0);
#3190=ORIENTED_EDGE('1809',*,*,#2572,.F.);
#3192=ORIENTED_EDGE('1459',*,*,#3191,.T.);
#3194=ORIENTED_EDGE('1467',*,*,#3193,.F.);
#3196=ORIENTED_EDGE('1789',*,*,#3195,.T.);
#3198=ORIENTED_EDGE('1626',*,*,#3197,.F.);
#3200=ORIENTED_EDGE('1454',*,*,#3199,.T.);
#3201=ORIENTED_EDGE('1456',*,*,#3175,.F.);
#3203=ORIENTED_EDGE('1449',*,*,#3202,.T.);
#3204=EDGE_LOOP('1859',(#3190,#3192,#3194,#3196,#3198,#3200,#3201,#3203));
#3205=FACE_OUTER_BOUND('1859',#3204,.F.);
#3207=CARTESIAN_POINT('',(1.77E1,4.7E0,5.900444229880E0));
#3208=DIRECTION('',(1.E0,0.E0,0.E0));
#3209=DIRECTION('',(0.E0,0.E0,-1.E0));
#3210=AXIS2_PLACEMENT_3D('',#3207,#3208,#3209);
#3211=TOROIDAL_SURFACE('1856',#3210,4.2E0,5.E-1);
#3212=ORIENTED_EDGE('1459',*,*,#3191,.F.);
#3213=ORIENTED_EDGE('1698',*,*,#2570,.F.);
#3215=ORIENTED_EDGE('1653',*,*,#3214,.F.);
#3216=EDGE_LOOP('1856',(#3212,#3213,#3215));
#3217=FACE_OUTER_BOUND('1856',#3216,.F.);
#3219=CARTESIAN_POINT('',(1.77E1,4.7E0,1.010044422988E1));
#3220=DIRECTION('',(0.E0,1.E0,0.E0));
#3221=DIRECTION('',(0.E0,0.E0,1.E0));
#3222=AXIS2_PLACEMENT_3D('',#3219,#3220,#3221);
#3223=CYLINDRICAL_SURFACE('1955',#3222,5.E-1);
#3224=ORIENTED_EDGE('1653',*,*,#3214,.T.);
#3225=ORIENTED_EDGE('1820',*,*,#2568,.F.);
#3227=ORIENTED_EDGE('1487',*,*,#3226,.T.);
#3229=ORIENTED_EDGE('1800',*,*,#3228,.F.);
#3230=EDGE_LOOP('1955',(#3224,#3225,#3227,#3229));
#3231=FACE_OUTER_BOUND('1955',#3230,.F.);
#3233=CARTESIAN_POINT('',(1.77E1,5.4E0,1.390044422988E1));
#3234=DIRECTION('',(1.E0,0.E0,0.E0));
#3235=DIRECTION('',(0.E0,0.E0,-1.E0));
#3236=AXIS2_PLACEMENT_3D('',#3233,#3234,#3235);
#3237=TOROIDAL_SURFACE('1920',#3236,3.8E0,5.E-1);
#3238=ORIENTED_EDGE('1563',*,*,#2537,.T.);
#3240=ORIENTED_EDGE('1806',*,*,#3239,.T.);
#3242=ORIENTED_EDGE('1684',*,*,#3241,.F.);
#3243=ORIENTED_EDGE('1487',*,*,#3226,.F.);
#3244=ORIENTED_EDGE('1641',*,*,#2566,.F.);
#3245=EDGE_LOOP('1920',(#3238,#3240,#3242,#3243,#3244));
#3246=FACE_OUTER_BOUND('1920',#3245,.F.);
#3248=CARTESIAN_POINT('',(1.77E1,1.031174125132E1,8.5E0));
#3249=DIRECTION('',(1.E0,0.E0,0.E0));
#3250=DIRECTION('',(0.E0,0.E0,-1.E0));
#3251=AXIS2_PLACEMENT_3D('',#3248,#3249,#3250);
#3252=TOROIDAL_SURFACE('1988',#3251,3.5E0,5.E-1);
#3254=ORIENTED_EDGE('1531',*,*,#3253,.F.);
#3256=ORIENTED_EDGE('1573',*,*,#3255,.F.);
#3257=ORIENTED_EDGE('1806',*,*,#3239,.F.);
#3258=ORIENTED_EDGE('1550',*,*,#2535,.T.);
#3259=EDGE_LOOP('1988',(#3254,#3256,#3257,#3258));
#3260=FACE_OUTER_BOUND('1988',#3259,.F.);
#3262=CARTESIAN_POINT('',(1.77E1,0.E0,1.2E1));
#3263=DIRECTION('',(0.E0,-1.E0,0.E0));
#3264=DIRECTION('',(0.E0,0.E0,-1.E0));
#3265=AXIS2_PLACEMENT_3D('',#3262,#3263,#3264);
#3266=CYLINDRICAL_SURFACE('1944',#3265,5.E-1);
#3268=ORIENTED_EDGE('1752',*,*,#3267,.T.);
#3270=ORIENTED_EDGE('1669',*,*,#3269,.F.);
#3271=ORIENTED_EDGE('1531',*,*,#3253,.T.);
#3272=ORIENTED_EDGE('1748',*,*,#2533,.F.);
#3273=EDGE_LOOP('1944',(#3268,#3270,#3271,#3272));
#3274=FACE_OUTER_BOUND('1944',#3273,.F.);
#3276=CARTESIAN_POINT('',(1.77E1,1.390644660941E1,1.214644660941E1));
#3277=DIRECTION('',(0.E0,7.071067811865E-1,-7.071067811866E-1));
#3278=DIRECTION('',(0.E0,7.071067811866E-1,7.071067811865E-1));
#3279=AXIS2_PLACEMENT_3D('',#3276,#3277,#3278);
#3280=CYLINDRICAL_SURFACE('1979',#3279,5.E-1);
#3282=ORIENTED_EDGE('1837',*,*,#3281,.T.);
#3284=ORIENTED_EDGE('1587',*,*,#3283,.F.);
#3285=ORIENTED_EDGE('1752',*,*,#3267,.F.);
#3286=ORIENTED_EDGE('1726',*,*,#2531,.T.);
#3287=EDGE_LOOP('1979',(#3282,#3284,#3285,#3286));
#3288=FACE_OUTER_BOUND('1979',#3287,.F.);
#3290=CARTESIAN_POINT('',(1.77E1,1.421E1,1.133405728739E1));
#3291=DIRECTION('',(0.E0,0.E0,-1.E0));
#3292=DIRECTION('',(0.E0,1.E0,0.E0));
#3293=AXIS2_PLACEMENT_3D('',#3290,#3291,#3292);
#3294=CYLINDRICAL_SURFACE('1878',#3293,5.E-1);
#3296=ORIENTED_EDGE('1534',*,*,#3295,.T.);
#3298=ORIENTED_EDGE('1430',*,*,#3297,.F.);
#3299=ORIENTED_EDGE('1837',*,*,#3281,.F.);
#3300=ORIENTED_EDGE('1551',*,*,#2529,.F.);
#3301=EDGE_LOOP('1878',(#3296,#3298,#3299,#3300));
#3302=FACE_OUTER_BOUND('1878',#3301,.F.);
#3304=CARTESIAN_POINT('',(1.77E1,1.616E1,1.095E1));
#3305=DIRECTION('',(1.E0,0.E0,0.E0));
#3306=DIRECTION('',(0.E0,0.E0,-1.E0));
#3307=AXIS2_PLACEMENT_3D('',#3304,#3305,#3306);
#3308=TOROIDAL_SURFACE('1909',#3307,2.E0,5.E-1);
#3310=ORIENTED_EDGE('1575',*,*,#3309,.F.);
#3311=ORIENTED_EDGE('1534',*,*,#3295,.F.);
#3312=ORIENTED_EDGE('1520',*,*,#2527,.T.);
#3314=ORIENTED_EDGE('1448',*,*,#3313,.T.);
#3315=EDGE_LOOP('1909',(#3310,#3311,#3312,#3314));
#3316=FACE_OUTER_BOUND('1909',#3315,.F.);
#3318=CARTESIAN_POINT('',(3.E1,1.616E1,1.095E1));
#3319=DIRECTION('',(-1.E0,0.E0,0.E0));
#3320=DIRECTION('',(0.E0,0.E0,1.E0));
#3321=AXIS2_PLACEMENT_3D('',#3318,#3319,#3320);
#3322=CYLINDRICAL_SURFACE('1965',#3321,1.5E0);
#3324=ORIENTED_EDGE('1637',*,*,#3323,.F.);
#3326=ORIENTED_EDGE('1819',*,*,#3325,.T.);
#3328=ORIENTED_EDGE('1818',*,*,#3327,.T.);
#3330=ORIENTED_EDGE('1470',*,*,#3329,.F.);
#3331=ORIENTED_EDGE('1575',*,*,#3309,.T.);
#3333=ORIENTED_EDGE('1835',*,*,#3332,.T.);
#3334=EDGE_LOOP('1965',(#3324,#3326,#3328,#3330,#3331,#3333));
#3335=FACE_OUTER_BOUND('1965',#3334,.F.);
#3337=CARTESIAN_POINT('',(3.E1,1.761E1,1.133405728739E1));
#3338=DIRECTION('',(0.E0,-1.E0,0.E0));
#3339=DIRECTION('',(0.E0,0.E0,-1.E0));
#3340=AXIS2_PLACEMENT_3D('',#3337,#3338,#3339);
#3341=PLANE('1890',#3340);
#3343=ORIENTED_EDGE('1498',*,*,#3342,.T.);
#3345=ORIENTED_EDGE('1452',*,*,#3344,.T.);
#3346=ORIENTED_EDGE('1637',*,*,#3323,.T.);
#3348=ORIENTED_EDGE('1543',*,*,#3347,.T.);
#3349=EDGE_LOOP('1890',(#3343,#3345,#3346,#3348));
#3350=FACE_OUTER_BOUND('1890',#3349,.F.);
#3352=CARTESIAN_POINT('',(3.E1,1.761E1,1.205E1));
#3353=DIRECTION('',(0.E0,-7.071067811865E-1,7.071067811865E-1));
#3354=DIRECTION('',(0.E0,-7.071067811865E-1,-7.071067811865E-1));
#3355=AXIS2_PLACEMENT_3D('',#3352,#3353,#3354);
#3356=PLANE('2010',#3355);
#3358=ORIENTED_EDGE('1567',*,*,#3357,.T.);
#3359=ORIENTED_EDGE('1498',*,*,#3342,.F.);
#3361=ORIENTED_EDGE('1603',*,*,#3360,.T.);
#3363=ORIENTED_EDGE('1793',*,*,#3362,.T.);
#3364=EDGE_LOOP('2010',(#3358,#3359,#3361,#3363));
#3365=FACE_OUTER_BOUND('2010',#3364,.F.);
#3367=CARTESIAN_POINT('',(1.91E1,1.796355339059E1,1.169644660941E1));
#3368=DIRECTION('',(0.E0,-7.071067811865E-1,-7.071067811865E-1));
#3369=DIRECTION('',(0.E0,7.071067811865E-1,-7.071067811865E-1));
#3370=AXIS2_PLACEMENT_3D('',#3367,#3368,#3369);
#3371=CYLINDRICAL_SURFACE('1848',#3370,5.E-1);
#3373=ORIENTED_EDGE('1564',*,*,#3372,.T.);
#3375=ORIENTED_EDGE('1672',*,*,#3374,.F.);
#3376=ORIENTED_EDGE('1567',*,*,#3357,.F.);
#3378=ORIENTED_EDGE('1518',*,*,#3377,.T.);
#3379=EDGE_LOOP('1848',(#3373,#3375,#3376,#3378));
#3380=FACE_OUTER_BOUND('1848',#3379,.F.);
#3382=CARTESIAN_POINT('',(1.96E1,0.E0,1.25E1));
#3383=DIRECTION('',(-1.E0,0.E0,0.E0));
#3384=DIRECTION('',(0.E0,0.E0,1.E0));
#3385=AXIS2_PLACEMENT_3D('',#3382,#3383,#3384);
#3386=PLANE('1957',#3385);
#3388=ORIENTED_EDGE('1577',*,*,#3387,.T.);
#3390=ORIENTED_EDGE('1617',*,*,#3389,.F.);
#3392=ORIENTED_EDGE('1516',*,*,#3391,.T.);
#3394=ORIENTED_EDGE('1632',*,*,#3393,.F.);
#3396=ORIENTED_EDGE('1460',*,*,#3395,.F.);
#3398=ORIENTED_EDGE('1592',*,*,#3397,.T.);
#3400=ORIENTED_EDGE('1610',*,*,#3399,.F.);
#3402=ORIENTED_EDGE('1668',*,*,#3401,.F.);
#3404=ORIENTED_EDGE('1493',*,*,#3403,.T.);
#3406=ORIENTED_EDGE('1821',*,*,#3405,.F.);
#3408=ORIENTED_EDGE('1611',*,*,#3407,.T.);
#3410=ORIENTED_EDGE('2067',*,*,#3409,.T.);
#3412=ORIENTED_EDGE('1517',*,*,#3411,.T.);
#3413=ORIENTED_EDGE('1564',*,*,#3372,.F.);
#3415=ORIENTED_EDGE('1595',*,*,#3414,.T.);
#3417=ORIENTED_EDGE('1772',*,*,#3416,.F.);
#3419=ORIENTED_EDGE('1815',*,*,#3418,.F.);
#3421=ORIENTED_EDGE('1766',*,*,#3420,.F.);
#3423=ORIENTED_EDGE('1588',*,*,#3422,.T.);
#3425=ORIENTED_EDGE('1512',*,*,#3424,.F.);
#3427=ORIENTED_EDGE('1826',*,*,#3426,.T.);
#3429=ORIENTED_EDGE('1719',*,*,#3428,.F.);
#3431=ORIENTED_EDGE('1479',*,*,#3430,.F.);
#3433=ORIENTED_EDGE('1739',*,*,#3432,.F.);
#3435=ORIENTED_EDGE('1562',*,*,#3434,.T.);
#3437=ORIENTED_EDGE('1720',*,*,#3436,.T.);
#3438=EDGE_LOOP('1957',(#3388,#3390,#3392,#3394,#3396,#3398,#3400,#3402,#3404,
#3406,#3408,#3410,#3412,#3413,#3415,#3417,#3419,#3421,#3423,#3425,#3427,#3429,
#3431,#3433,#3435,#3437));
#3439=FACE_OUTER_BOUND('1957',#3438,.F.);
#3441=ORIENTED_EDGE('2093',*,*,#3440,.F.);
#3443=ORIENTED_EDGE('2095',*,*,#3442,.F.);
#3444=EDGE_LOOP('1957',(#3441,#3443));
#3445=FACE_BOUND('1957',#3444,.F.);
#3447=CARTESIAN_POINT('',(1.91E1,3.808919073118E1,1.25E1));
#3448=DIRECTION('',(0.E0,0.E0,1.E0));
#3449=DIRECTION('',(1.E0,0.E0,0.E0));
#3450=AXIS2_PLACEMENT_3D('',#3447,#3448,#3449);
#3451=CYLINDRICAL_SURFACE('1971',#3450,5.E-1);
#3453=ORIENTED_EDGE('1507',*,*,#3452,.F.);
#3455=ORIENTED_EDGE('1704',*,*,#3454,.T.);
#3456=ORIENTED_EDGE('1577',*,*,#3387,.F.);
#3458=ORIENTED_EDGE('1619',*,*,#3457,.T.);
#3459=EDGE_LOOP('1971',(#3453,#3455,#3456,#3458));
#3460=FACE_OUTER_BOUND('1971',#3459,.F.);
#3462=CARTESIAN_POINT('',(1.16E1,3.758919073118E1,0.E0));
#3463=DIRECTION('',(0.E0,-1.E0,0.E0));
#3464=DIRECTION('',(0.E0,0.E0,-1.E0));
#3465=AXIS2_PLACEMENT_3D('',#3462,#3463,#3464);
#3466=PLANE('1929',#3465);
#3468=ORIENTED_EDGE('1701',*,*,#3467,.T.);
#3470=ORIENTED_EDGE('1738',*,*,#3469,.T.);
#3471=ORIENTED_EDGE('1507',*,*,#3452,.T.);
#3473=ORIENTED_EDGE('1589',*,*,#3472,.T.);
#3474=EDGE_LOOP('1929',(#3468,#3470,#3471,#3473));
#3475=FACE_OUTER_BOUND('1929',#3474,.F.);
#3477=CARTESIAN_POINT('',(1.21E1,3.808919073118E1,0.E0));
#3478=DIRECTION('',(0.E0,0.E0,1.E0));
#3479=DIRECTION('',(1.E0,0.E0,0.E0));
#3480=AXIS2_PLACEMENT_3D('',#3477,#3478,#3479);
#3481=CYLINDRICAL_SURFACE('1876',#3480,5.E-1);
#3483=ORIENTED_EDGE('1554',*,*,#3482,.T.);
#3485=ORIENTED_EDGE('1506',*,*,#3484,.F.);
#3487=ORIENTED_EDGE('1803',*,*,#3486,.T.);
#3488=ORIENTED_EDGE('1701',*,*,#3467,.F.);
#3489=EDGE_LOOP('1876',(#3483,#3485,#3487,#3488));
#3490=FACE_OUTER_BOUND('1876',#3489,.F.);
#3492=CARTESIAN_POINT('',(1.21E1,3.808919073118E1,-1.75E1));
#3493=DIRECTION('',(0.E0,1.E0,0.E0));
#3494=DIRECTION('',(-1.E0,0.E0,0.E0));
#3495=AXIS2_PLACEMENT_3D('',#3492,#3493,#3494);
#3496=SPHERICAL_SURFACE('1846',#3495,5.E-1);
#3498=ORIENTED_EDGE('1792',*,*,#3497,.F.);
#3499=ORIENTED_EDGE('1554',*,*,#3482,.F.);
#3501=ORIENTED_EDGE('1776',*,*,#3500,.F.);
#3502=EDGE_LOOP('1846',(#3498,#3499,#3501));
#3503=FACE_OUTER_BOUND('1846',#3502,.F.);
#3505=CARTESIAN_POINT('',(1.21E1,3.758919073118E1,-1.75E1));
#3506=DIRECTION('',(0.E0,-1.E0,0.E0));
#3507=DIRECTION('',(0.E0,0.E0,-1.E0));
#3508=AXIS2_PLACEMENT_3D('',#3505,#3506,#3507);
#3509=CYLINDRICAL_SURFACE('1870',#3508,5.E-1);
#3511=ORIENTED_EDGE('1782',*,*,#3510,.T.);
#3513=ORIENTED_EDGE('1825',*,*,#3512,.F.);
#3514=ORIENTED_EDGE('1792',*,*,#3497,.T.);
#3516=ORIENTED_EDGE('1839',*,*,#3515,.F.);
#3517=EDGE_LOOP('1870',(#3511,#3513,#3514,#3516));
#3518=FACE_OUTER_BOUND('1870',#3517,.F.);
#3520=CARTESIAN_POINT('',(1.21E1,4.484258208516E1,-1.75E1));
#3521=DIRECTION('',(1.E0,0.E0,0.E0));
#3522=DIRECTION('',(0.E0,1.E0,0.E0));
#3523=AXIS2_PLACEMENT_3D('',#3520,#3521,#3522);
#3524=SPHERICAL_SURFACE('1938',#3523,5.E-1);
#3526=ORIENTED_EDGE('1794',*,*,#3525,.F.);
#3527=ORIENTED_EDGE('1782',*,*,#3510,.F.);
#3529=ORIENTED_EDGE('1660',*,*,#3528,.F.);
#3530=EDGE_LOOP('1938',(#3526,#3527,#3529));
#3531=FACE_OUTER_BOUND('1938',#3530,.F.);
#3533=CARTESIAN_POINT('',(1.21E1,4.484258208516E1,-1.8E1));
#3534=DIRECTION('',(0.E0,0.E0,-1.E0));
#3535=DIRECTION('',(0.E0,1.E0,0.E0));
#3536=AXIS2_PLACEMENT_3D('',#3533,#3534,#3535);
#3537=CYLINDRICAL_SURFACE('1926',#3536,5.E-1);
#3539=ORIENTED_EDGE('1718',*,*,#3538,.F.);
#3541=ORIENTED_EDGE('1513',*,*,#3540,.T.);
#3543=ORIENTED_EDGE('1713',*,*,#3542,.F.);
#3544=ORIENTED_EDGE('1794',*,*,#3525,.T.);
#3545=EDGE_LOOP('1926',(#3539,#3541,#3543,#3544));
#3546=FACE_OUTER_BOUND('1926',#3545,.F.);
#3548=CARTESIAN_POINT('',(1.16E1,4.534258208516E1,-1.8E1));
#3549=DIRECTION('',(0.E0,1.E0,0.E0));
#3550=DIRECTION('',(0.E0,0.E0,1.E0));
#3551=AXIS2_PLACEMENT_3D('',#3548,#3549,#3550);
#3552=PLANE('1936',#3551);
#3554=ORIENTED_EDGE('1556',*,*,#3553,.T.);
#3556=ORIENTED_EDGE('1544',*,*,#3555,.T.);
#3557=ORIENTED_EDGE('1718',*,*,#3538,.T.);
#3559=ORIENTED_EDGE('1721',*,*,#3558,.T.);
#3560=EDGE_LOOP('1936',(#3554,#3556,#3557,#3559));
#3561=FACE_OUTER_BOUND('1936',#3560,.F.);
#3563=CARTESIAN_POINT('',(1.91E1,4.484258208516E1,1.25E1));
#3564=DIRECTION('',(0.E0,0.E0,-1.E0));
#3565=DIRECTION('',(0.E0,1.E0,0.E0));
#3566=AXIS2_PLACEMENT_3D('',#3563,#3564,#3565);
#3567=CYLINDRICAL_SURFACE('1908',#3566,5.E-1);
#3568=ORIENTED_EDGE('1562',*,*,#3434,.F.);
#3570=ORIENTED_EDGE('1649',*,*,#3569,.T.);
#3571=ORIENTED_EDGE('1556',*,*,#3553,.F.);
#3573=ORIENTED_EDGE('1572',*,*,#3572,.T.);
#3574=EDGE_LOOP('1908',(#3568,#3570,#3571,#3573));
#3575=FACE_OUTER_BOUND('1908',#3574,.F.);
#3577=CARTESIAN_POINT('',(1.91E1,4.384258208516E1,-1.6E1));
#3578=DIRECTION('',(-1.E0,0.E0,0.E0));
#3579=DIRECTION('',(0.E0,0.E0,1.E0));
#3580=AXIS2_PLACEMENT_3D('',#3577,#3578,#3579);
#3581=TOROIDAL_SURFACE('1968',#3580,1.E0,5.E-1);
#3583=ORIENTED_EDGE('1494',*,*,#3582,.T.);
#3585=ORIENTED_EDGE('1656',*,*,#3584,.F.);
#3586=ORIENTED_EDGE('1649',*,*,#3569,.F.);
#3587=ORIENTED_EDGE('1739',*,*,#3432,.T.);
#3588=EDGE_LOOP('1968',(#3583,#3585,#3586,#3587));
#3589=FACE_OUTER_BOUND('1968',#3588,.F.);
#3591=CARTESIAN_POINT('',(1.91E1,4.534258208516E1,-1.175735931288E1));
#3592=DIRECTION('',(-1.E0,0.E0,0.E0));
#3593=DIRECTION('',(0.E0,0.E0,1.E0));
#3594=AXIS2_PLACEMENT_3D('',#3591,#3592,#3593);
#3595=TOROIDAL_SURFACE('1996',#3594,3.5E0,5.E-1);
#3597=ORIENTED_EDGE('1659',*,*,#3596,.T.);
#3599=ORIENTED_EDGE('1485',*,*,#3598,.F.);
#3600=ORIENTED_EDGE('1494',*,*,#3582,.F.);
#3601=ORIENTED_EDGE('1479',*,*,#3430,.T.);
#3602=EDGE_LOOP('1996',(#3597,#3599,#3600,#3601));
#3603=FACE_OUTER_BOUND('1996',#3602,.F.);
#3605=CARTESIAN_POINT('',(1.91E1,4.7E0,5.900444229880E0));
#3606=DIRECTION('',(-1.E0,0.E0,0.E0));
#3607=DIRECTION('',(0.E0,0.E0,1.E0));
#3608=AXIS2_PLACEMENT_3D('',#3605,#3606,#3607);
#3609=TOROIDAL_SURFACE('1901',#3608,4.081272395716E1,5.E-1);
#3611=ORIENTED_EDGE('1686',*,*,#3610,.F.);
#3612=ORIENTED_EDGE('1659',*,*,#3596,.F.);
#3613=ORIENTED_EDGE('1719',*,*,#3428,.T.);
#3615=ORIENTED_EDGE('1712',*,*,#3614,.T.);
#3616=EDGE_LOOP('1901',(#3611,#3612,#3613,#3615));
#3617=FACE_OUTER_BOUND('1901',#3616,.F.);
#3619=CARTESIAN_POINT('',(3.E1,4.7E0,5.900444229880E0));
#3620=DIRECTION('',(-1.E0,0.E0,0.E0));
#3621=DIRECTION('',(0.E0,0.E0,1.E0));
#3622=AXIS2_PLACEMENT_3D('',#3619,#3620,#3621);
#3623=CYLINDRICAL_SURFACE('1867',#3622,4.131272395716E1);
#3625=ORIENTED_EDGE('1541',*,*,#3624,.T.);
#3627=ORIENTED_EDGE('1607',*,*,#3626,.T.);
#3629=ORIENTED_EDGE('1687',*,*,#3628,.F.);
#3631=ORIENTED_EDGE('1497',*,*,#3630,.T.);
#3633=ORIENTED_EDGE('1762',*,*,#3632,.F.);
#3634=ORIENTED_EDGE('1686',*,*,#3610,.T.);
#3636=ORIENTED_EDGE('1702',*,*,#3635,.T.);
#3637=EDGE_LOOP('1867',(#3625,#3627,#3629,#3631,#3633,#3634,#3636));
#3638=FACE_OUTER_BOUND('1867',#3637,.F.);
#3640=CARTESIAN_POINT('',(5.E-1,4.7E0,5.900444229880E0));
#3641=DIRECTION('',(1.E0,0.E0,0.E0));
#3642=DIRECTION('',(0.E0,0.E0,-1.E0));
#3643=AXIS2_PLACEMENT_3D('',#3640,#3641,#3642);
#3644=TOROIDAL_SURFACE('1923',#3643,4.081272395716E1,5.E-1);
#3646=ORIENTED_EDGE('1786',*,*,#3645,.T.);
#3648=ORIENTED_EDGE('1576',*,*,#3647,.F.);
#3649=ORIENTED_EDGE('1541',*,*,#3624,.F.);
#3651=ORIENTED_EDGE('1601',*,*,#3650,.T.);
#3652=EDGE_LOOP('1923',(#3646,#3648,#3649,#3651));
#3653=FACE_OUTER_BOUND('1923',#3652,.F.);
#3655=CARTESIAN_POINT('',(0.E0,0.E0,1.25E1));
#3656=DIRECTION('',(1.E0,0.E0,0.E0));
#3657=DIRECTION('',(0.E0,0.E0,-1.E0));
#3658=AXIS2_PLACEMENT_3D('',#3655,#3656,#3657);
#3659=PLANE('1882',#3658);
#3661=ORIENTED_EDGE('1514',*,*,#3660,.F.);
#3663=ORIENTED_EDGE('1440',*,*,#3662,.T.);
#3665=ORIENTED_EDGE('1801',*,*,#3664,.F.);
#3667=ORIENTED_EDGE('1829',*,*,#3666,.F.);
#3669=ORIENTED_EDGE('1663',*,*,#3668,.F.);
#3670=ORIENTED_EDGE('1579',*,*,#3014,.T.);
#3671=ORIENTED_EDGE('1489',*,*,#3046,.F.);
#3673=ORIENTED_EDGE('1433',*,*,#3672,.F.);
#3675=ORIENTED_EDGE('1798',*,*,#3674,.F.);
#3677=ORIENTED_EDGE('1504',*,*,#3676,.F.);
#3679=ORIENTED_EDGE('1483',*,*,#3678,.T.);
#3681=ORIENTED_EDGE('1730',*,*,#3680,.F.);
#3683=ORIENTED_EDGE('1724',*,*,#3682,.F.);
#3685=ORIENTED_EDGE('1582',*,*,#3684,.T.);
#3687=ORIENTED_EDGE('1495',*,*,#3686,.F.);
#3689=ORIENTED_EDGE('1771',*,*,#3688,.F.);
#3691=ORIENTED_EDGE('1827',*,*,#3690,.T.);
#3692=ORIENTED_EDGE('1786',*,*,#3645,.F.);
#3694=ORIENTED_EDGE('1811',*,*,#3693,.T.);
#3695=EDGE_LOOP('1882',(#3661,#3663,#3665,#3667,#3669,#3670,#3671,#3673,#3675,
#3677,#3679,#3681,#3683,#3685,#3687,#3689,#3691,#3692,#3694));
#3696=FACE_OUTER_BOUND('1882',#3695,.F.);
#3698=ORIENTED_EDGE('2097',*,*,#3697,.F.);
#3700=ORIENTED_EDGE('2099',*,*,#3699,.F.);
#3701=EDGE_LOOP('1882',(#3698,#3700));
#3702=FACE_BOUND('1882',#3701,.F.);
#3704=CARTESIAN_POINT('',(4.931661912309E-3,4.542737867640E1,4.850345623517E0));
#3705=CARTESIAN_POINT('',(-4.591554170436E-2,4.578431715646E1,
4.808845332614E0));
#3706=CARTESIAN_POINT('',(2.107094676061E-1,4.603922501493E1,4.779207871620E0));
#3707=CARTESIAN_POINT('',(5.700524133995E-1,4.598871804439E1,4.785080183200E0));
#3708=CARTESIAN_POINT('',(4.931661912309E-3,4.546276367851E1,5.154687318390E0));
#3709=CARTESIAN_POINT('',(-4.591554170436E-2,4.584927634690E1,
5.367550686155E0));
#3710=CARTESIAN_POINT('',(2.107094676061E-1,4.612530463209E1,5.519567205121E0));
#3711=CARTESIAN_POINT('',(5.700524133995E-1,4.607061289936E1,5.489446933859E0));
#3712=CARTESIAN_POINT('',(4.931661912309E-3,4.524344006684E1,5.368633851373E0));
#3713=CARTESIAN_POINT('',(-4.591554170436E-2,4.544664575745E1,
5.760310125177E0));
#3714=CARTESIAN_POINT('',(2.107094676061E-1,4.559176523970E1,6.040026002692E0));
#3715=CARTESIAN_POINT('',(5.700524133995E-1,4.556301153451E1,5.984603617255E0));
#3716=CARTESIAN_POINT('',(4.931661912309E-3,4.494007025909E1,5.325706874326E0));
#3717=CARTESIAN_POINT('',(-4.591554170436E-2,4.488972457791E1,
5.681505504281E0));
#3718=CARTESIAN_POINT('',(2.107094676061E-1,4.485377017543E1,5.935599338023E0));
#3719=CARTESIAN_POINT('',(5.700524133995E-1,4.486089411408E1,5.885253656842E0));
#3720=(BOUNDED_SURFACE()B_SPLINE_SURFACE(3,3,((#3704,#3705,#3706,#3707),(#3708,
#3709,#3710,#3711),(#3712,#3713,#3714,#3715),(#3716,#3717,#3718,#3719)),
.UNSPECIFIED.,.F.,.F.,.F.)B_SPLINE_SURFACE_WITH_KNOTS((4,4),(4,4),(0.E0,1.E0),(
0.E0,1.E0),.UNSPECIFIED.)GEOMETRIC_REPRESENTATION_ITEM()RATIONAL_B_SPLINE_SURFACE(((1.550863443055E0,1.138399198047E0,1.138399198047E0,1.550863443055E0),(
1.148605332754E0,8.431247738380E-1,8.431247738380E-1,1.148605332754E0),(
1.148605332754E0,8.431247738380E-1,8.431247738380E-1,1.148605332754E0),(
1.550863443055E0,1.138399198047E0,1.138399198047E0,1.550863443055E0)))REPRESENTATION_ITEM('')SURFACE());
#3722=ORIENTED_EDGE('1644',*,*,#3721,.F.);
#3723=ORIENTED_EDGE('1514',*,*,#3660,.T.);
#3725=ORIENTED_EDGE('1488',*,*,#3724,.F.);
#3727=ORIENTED_EDGE('1524',*,*,#3726,.F.);
#3728=EDGE_LOOP('1873',(#3722,#3723,#3725,#3727));
#3729=FACE_OUTER_BOUND('1873',#3728,.F.);
#3731=CARTESIAN_POINT('',(5.E-1,0.E0,5.4E0));
#3732=DIRECTION('',(0.E0,-1.E0,0.E0));
#3733=DIRECTION('',(0.E0,0.E0,-1.E0));
#3734=AXIS2_PLACEMENT_3D('',#3731,#3732,#3733);
#3735=CYLINDRICAL_SURFACE('1991',#3734,5.E-1);
#3737=ORIENTED_EDGE('1496',*,*,#3736,.T.);
#3738=ORIENTED_EDGE('1440',*,*,#3662,.F.);
#3739=ORIENTED_EDGE('1644',*,*,#3721,.T.);
#3741=ORIENTED_EDGE('1633',*,*,#3740,.F.);
#3742=EDGE_LOOP('1991',(#3737,#3738,#3739,#3741));
#3743=FACE_OUTER_BOUND('1991',#3742,.F.);
#3745=CARTESIAN_POINT('',(5.E-1,3.315999999653E1,1.09E1));
#3746=DIRECTION('',(1.E0,0.E0,0.E0));
#3747=DIRECTION('',(0.E0,0.E0,-1.E0));
#3748=AXIS2_PLACEMENT_3D('',#3745,#3746,#3747);
#3749=TOROIDAL_SURFACE('2014',#3748,5.5E0,5.E-1);
#3751=ORIENTED_EDGE('1623',*,*,#3750,.F.);
#3752=ORIENTED_EDGE('1801',*,*,#3664,.T.);
#3753=ORIENTED_EDGE('1496',*,*,#3736,.F.);
#3755=ORIENTED_EDGE('1464',*,*,#3754,.F.);
#3756=EDGE_LOOP('2014',(#3751,#3752,#3753,#3755));
#3757=FACE_OUTER_BOUND('2014',#3756,.F.);
#3759=CARTESIAN_POINT('',(5.E-1,1.705379506170E1,2.438766762208E1));
#3760=DIRECTION('',(0.E0,-5.718473526508E-1,8.203600461177E-1));
#3761=DIRECTION('',(0.E0,-8.203600461177E-1,-5.718473526508E-1));
#3762=AXIS2_PLACEMENT_3D('',#3759,#3760,#3761);
#3763=CYLINDRICAL_SURFACE('1910',#3762,5.E-1);
#3765=ORIENTED_EDGE('1605',*,*,#3764,.T.);
#3766=ORIENTED_EDGE('1829',*,*,#3666,.T.);
#3767=ORIENTED_EDGE('1623',*,*,#3750,.T.);
#3768=ORIENTED_EDGE('1808',*,*,#2449,.F.);
#3769=EDGE_LOOP('1910',(#3765,#3766,#3767,#3768));
#3770=FACE_OUTER_BOUND('1910',#3769,.F.);
#3772=CARTESIAN_POINT('',(5.E-1,2.427969887724E1,9.3E0));
#3773=DIRECTION('',(1.E0,0.E0,0.E0));
#3774=DIRECTION('',(0.E0,0.E0,-1.E0));
#3775=AXIS2_PLACEMENT_3D('',#3772,#3773,#3774);
#3776=TOROIDAL_SURFACE('1985',#3775,2.7E0,5.E-1);
#3777=ORIENTED_EDGE('1814',*,*,#3016,.F.);
#3778=ORIENTED_EDGE('1663',*,*,#3668,.T.);
#3779=ORIENTED_EDGE('1605',*,*,#3764,.F.);
#3780=ORIENTED_EDGE('1615',*,*,#2430,.F.);
#3781=EDGE_LOOP('1985',(#3777,#3778,#3779,#3780));
#3782=FACE_OUTER_BOUND('1985',#3781,.F.);
#3784=CARTESIAN_POINT('',(3.E1,3.315999999653E1,1.09E1));
#3785=DIRECTION('',(-1.E0,0.E0,0.E0));
#3786=DIRECTION('',(0.E0,0.E0,1.E0));
#3787=AXIS2_PLACEMENT_3D('',#3784,#3785,#3786);
#3788=CYLINDRICAL_SURFACE('1899',#3787,5.E0);
#3789=ORIENTED_EDGE('1697',*,*,#2451,.F.);
#3790=ORIENTED_EDGE('1464',*,*,#3754,.T.);
#3792=ORIENTED_EDGE('1812',*,*,#3791,.F.);
#3794=ORIENTED_EDGE('1444',*,*,#3793,.T.);
#3795=EDGE_LOOP('1899',(#3789,#3790,#3792,#3794));
#3796=FACE_OUTER_BOUND('1899',#3795,.F.);
#3798=CARTESIAN_POINT('',(3.E1,3.315999999653E1,5.9E0));
#3799=DIRECTION('',(0.E0,0.E0,1.E0));
#3800=DIRECTION('',(0.E0,-1.E0,0.E0));
#3801=AXIS2_PLACEMENT_3D('',#3798,#3799,#3800);
#3802=PLANE('1980',#3801);
#3803=ORIENTED_EDGE('1812',*,*,#3791,.T.);
#3804=ORIENTED_EDGE('1633',*,*,#3740,.T.);
#3806=ORIENTED_EDGE('1599',*,*,#3805,.T.);
#3808=ORIENTED_EDGE('1763',*,*,#3807,.T.);
#3809=EDGE_LOOP('1980',(#3803,#3804,#3806,#3808));
#3810=FACE_OUTER_BOUND('1980',#3809,.F.);
#3812=ORIENTED_EDGE('2315',*,*,#3811,.F.);
#3814=ORIENTED_EDGE('2306',*,*,#3813,.F.);
#3816=ORIENTED_EDGE('2312',*,*,#3815,.F.);
#3818=ORIENTED_EDGE('2276',*,*,#3817,.F.);
#3819=EDGE_LOOP('1980',(#3812,#3814,#3816,#3818));
#3820=FACE_BOUND('1980',#3819,.F.);
#3822=CARTESIAN_POINT('',(3.E1,4.500030799124E1,4.9E0));
#3823=DIRECTION('',(-1.E0,0.E0,0.E0));
#3824=DIRECTION('',(0.E0,0.E0,1.E0));
#3825=AXIS2_PLACEMENT_3D('',#3822,#3823,#3824);
#3826=CYLINDRICAL_SURFACE('1977',#3825,9.999999999999E-1);
#3827=ORIENTED_EDGE('1599',*,*,#3805,.F.);
#3828=ORIENTED_EDGE('1524',*,*,#3726,.T.);
#3830=ORIENTED_EDGE('1472',*,*,#3829,.F.);
#3832=ORIENTED_EDGE('1728',*,*,#3831,.T.);
#3833=EDGE_LOOP('1977',(#3827,#3828,#3830,#3832));
#3834=FACE_OUTER_BOUND('1977',#3833,.F.);
#3836=CARTESIAN_POINT('',(0.E0,4.6E1,1.25E1));
#3837=DIRECTION('',(0.E0,-1.E0,0.E0));
#3838=DIRECTION('',(0.E0,0.E0,-1.E0));
#3839=AXIS2_PLACEMENT_3D('',#3836,#3837,#3838);
#3840=PLANE('1913',#3839);
#3841=ORIENTED_EDGE('1472',*,*,#3829,.T.);
#3843=ORIENTED_EDGE('1746',*,*,#3842,.T.);
#3845=ORIENTED_EDGE('1754',*,*,#3844,.T.);
#3847=ORIENTED_EDGE('1621',*,*,#3846,.T.);
#3848=EDGE_LOOP('1913',(#3841,#3843,#3845,#3847));
#3849=FACE_OUTER_BOUND('1913',#3848,.F.);
#3851=CARTESIAN_POINT('',(5.E-1,4.55E1,1.25E1));
#3852=DIRECTION('',(0.E0,0.E0,-1.E0));
#3853=DIRECTION('',(-1.E0,0.E0,0.E0));
#3854=AXIS2_PLACEMENT_3D('',#3851,#3852,#3853);
#3855=CYLINDRICAL_SURFACE('1897',#3854,5.E-1);
#3857=ORIENTED_EDGE('1530',*,*,#3856,.T.);
#3858=ORIENTED_EDGE('1746',*,*,#3842,.F.);
#3859=ORIENTED_EDGE('1488',*,*,#3724,.T.);
#3860=ORIENTED_EDGE('1811',*,*,#3693,.F.);
#3861=EDGE_LOOP('1897',(#3857,#3858,#3859,#3860));
#3862=FACE_OUTER_BOUND('1897',#3861,.F.);
#3864=CARTESIAN_POINT('',(5.E-1,4.55E1,4.881407035654E0));
#3865=DIRECTION('',(1.E0,0.E0,0.E0));
#3866=DIRECTION('',(0.E0,0.E0,-1.E0));
#3867=AXIS2_PLACEMENT_3D('',#3864,#3865,#3866);
#3868=SPHERICAL_SURFACE('1858',#3867,5.E-1);
#3869=ORIENTED_EDGE('1601',*,*,#3650,.F.);
#3871=ORIENTED_EDGE('1580',*,*,#3870,.F.);
#3872=ORIENTED_EDGE('1530',*,*,#3856,.F.);
#3873=EDGE_LOOP('1858',(#3869,#3871,#3872));
#3874=FACE_OUTER_BOUND('1858',#3873,.F.);
#3876=CARTESIAN_POINT('',(3.E1,4.55E1,4.881407035654E0));
#3877=DIRECTION('',(-1.E0,0.E0,0.E0));
#3878=DIRECTION('',(0.E0,0.E0,1.E0));
#3879=AXIS2_PLACEMENT_3D('',#3876,#3877,#3878);
#3880=CYLINDRICAL_SURFACE('1884',#3879,5.E-1);
#3882=ORIENTED_EDGE('1784',*,*,#3881,.T.);
#3883=ORIENTED_EDGE('1754',*,*,#3844,.F.);
#3884=ORIENTED_EDGE('1580',*,*,#3870,.T.);
#3885=ORIENTED_EDGE('1702',*,*,#3635,.F.);
#3886=EDGE_LOOP('1884',(#3882,#3883,#3884,#3885));
#3887=FACE_OUTER_BOUND('1884',#3886,.F.);
#3889=CARTESIAN_POINT('',(1.91E1,4.55E1,4.881407035654E0));
#3890=DIRECTION('',(1.E0,0.E0,0.E0));
#3891=DIRECTION('',(0.E0,0.E0,-1.E0));
#3892=AXIS2_PLACEMENT_3D('',#3889,#3890,#3891);
#3893=SPHERICAL_SURFACE('1853',#3892,5.E-1);
#3894=ORIENTED_EDGE('1712',*,*,#3614,.F.);
#3896=ORIENTED_EDGE('1561',*,*,#3895,.F.);
#3897=ORIENTED_EDGE('1784',*,*,#3881,.F.);
#3898=EDGE_LOOP('1853',(#3894,#3896,#3897));
#3899=FACE_OUTER_BOUND('1853',#3898,.F.);
#3901=CARTESIAN_POINT('',(1.91E1,4.55E1,1.25E1));
#3902=DIRECTION('',(0.E0,0.E0,1.E0));
#3903=DIRECTION('',(1.E0,0.E0,0.E0));
#3904=AXIS2_PLACEMENT_3D('',#3901,#3902,#3903);
#3905=CYLINDRICAL_SURFACE('1924',#3904,5.E-1);
#3906=ORIENTED_EDGE('1561',*,*,#3895,.T.);
#3907=ORIENTED_EDGE('1826',*,*,#3426,.F.);
#3909=ORIENTED_EDGE('1503',*,*,#3908,.F.);
#3910=ORIENTED_EDGE('1621',*,*,#3846,.F.);
#3911=EDGE_LOOP('1924',(#3906,#3907,#3909,#3910));
#3912=FACE_OUTER_BOUND('1924',#3911,.F.);
#3914=CARTESIAN_POINT('',(1.959506833809E1,4.494007025909E1,5.325706874326E0));
#3915=CARTESIAN_POINT('',(1.964591554170E1,4.488972457791E1,5.681505504281E0));
#3916=CARTESIAN_POINT('',(1.938929053239E1,4.485377017543E1,5.935599338023E0));
#3917=CARTESIAN_POINT('',(1.902994758660E1,4.486089411408E1,5.885253656842E0));
#3918=CARTESIAN_POINT('',(1.959506833809E1,4.524344006684E1,5.368633851373E0));
#3919=CARTESIAN_POINT('',(1.964591554170E1,4.544664575745E1,5.760310125177E0));
#3920=CARTESIAN_POINT('',(1.938929053239E1,4.559176523970E1,6.040026002692E0));
#3921=CARTESIAN_POINT('',(1.902994758660E1,4.556301153451E1,5.984603617255E0));
#3922=CARTESIAN_POINT('',(1.959506833809E1,4.546276367851E1,5.154687318390E0));
#3923=CARTESIAN_POINT('',(1.964591554170E1,4.584927634690E1,5.367550686155E0));
#3924=CARTESIAN_POINT('',(1.938929053239E1,4.612530463209E1,5.519567205121E0));
#3925=CARTESIAN_POINT('',(1.902994758660E1,4.607061289936E1,5.489446933859E0));
#3926=CARTESIAN_POINT('',(1.959506833809E1,4.542737867640E1,4.850345623517E0));
#3927=CARTESIAN_POINT('',(1.964591554170E1,4.578431715646E1,4.808845332614E0));
#3928=CARTESIAN_POINT('',(1.938929053239E1,4.603922501493E1,4.779207871620E0));
#3929=CARTESIAN_POINT('',(1.902994758660E1,4.598871804439E1,4.785080183200E0));
#3930=(BOUNDED_SURFACE()B_SPLINE_SURFACE(3,3,((#3914,#3915,#3916,#3917),(#3918,
#3919,#3920,#3921),(#3922,#3923,#3924,#3925),(#3926,#3927,#3928,#3929)),
.UNSPECIFIED.,.F.,.F.,.F.)B_SPLINE_SURFACE_WITH_KNOTS((4,4),(4,4),(0.E0,1.E0),(
0.E0,1.E0),.UNSPECIFIED.)GEOMETRIC_REPRESENTATION_ITEM()RATIONAL_B_SPLINE_SURFACE(((1.550863443055E0,1.138399198047E0,1.138399198047E0,1.550863443055E0),(
1.148605332754E0,8.431247738380E-1,8.431247738380E-1,1.148605332754E0),(
1.148605332754E0,8.431247738380E-1,8.431247738380E-1,1.148605332754E0),(
1.550863443055E0,1.138399198047E0,1.138399198047E0,1.550863443055E0)))REPRESENTATION_ITEM('')SURFACE());
#3931=ORIENTED_EDGE('1503',*,*,#3908,.T.);
#3932=ORIENTED_EDGE('1512',*,*,#3424,.T.);
#3934=ORIENTED_EDGE('1565',*,*,#3933,.F.);
#3935=ORIENTED_EDGE('1728',*,*,#3831,.F.);
#3936=EDGE_LOOP('1864',(#3931,#3932,#3934,#3935));
#3937=FACE_OUTER_BOUND('1864',#3936,.F.);
#3939=CARTESIAN_POINT('',(1.91E1,3.315999999653E1,5.4E0));
#3940=DIRECTION('',(0.E0,-1.E0,0.E0));
#3941=DIRECTION('',(0.E0,0.E0,-1.E0));
#3942=AXIS2_PLACEMENT_3D('',#3939,#3940,#3941);
#3943=CYLINDRICAL_SURFACE('1931',#3942,5.E-1);
#3944=ORIENTED_EDGE('1565',*,*,#3933,.T.);
#3945=ORIENTED_EDGE('1588',*,*,#3422,.F.);
#3947=ORIENTED_EDGE('1770',*,*,#3946,.T.);
#3948=ORIENTED_EDGE('1763',*,*,#3807,.F.);
#3949=EDGE_LOOP('1931',(#3944,#3945,#3947,#3948));
#3950=FACE_OUTER_BOUND('1931',#3949,.F.);
#3952=CARTESIAN_POINT('',(1.91E1,3.315999999653E1,1.09E1));
#3953=DIRECTION('',(-1.E0,0.E0,0.E0));
#3954=DIRECTION('',(0.E0,0.E0,1.E0));
#3955=AXIS2_PLACEMENT_3D('',#3952,#3953,#3954);
#3956=TOROIDAL_SURFACE('1970',#3955,5.5E0,5.E-1);
#3957=ORIENTED_EDGE('1770',*,*,#3946,.F.);
#3958=ORIENTED_EDGE('1766',*,*,#3420,.T.);
#3960=ORIENTED_EDGE('1756',*,*,#3959,.F.);
#3961=ORIENTED_EDGE('1444',*,*,#3793,.F.);
#3962=EDGE_LOOP('1970',(#3957,#3958,#3960,#3961));
#3963=FACE_OUTER_BOUND('1970',#3962,.F.);
#3965=CARTESIAN_POINT('',(1.91E1,2.649467100176E1,1.084398785216E1));
#3966=DIRECTION('',(0.E0,-5.718473526508E-1,8.203600461177E-1));
#3967=DIRECTION('',(0.E0,-8.203600461177E-1,-5.718473526508E-1));
#3968=AXIS2_PLACEMENT_3D('',#3965,#3966,#3967);
#3969=CYLINDRICAL_SURFACE('1998',#3968,5.E-1);
#3970=ORIENTED_EDGE('1756',*,*,#3959,.T.);
#3971=ORIENTED_EDGE('1815',*,*,#3418,.T.);
#3973=ORIENTED_EDGE('1510',*,*,#3972,.T.);
#3974=ORIENTED_EDGE('1736',*,*,#2453,.F.);
#3975=EDGE_LOOP('1998',(#3970,#3971,#3973,#3974));
#3976=FACE_OUTER_BOUND('1998',#3975,.F.);
#3978=CARTESIAN_POINT('',(1.91E1,2.427969887724E1,9.3E0));
#3979=DIRECTION('',(-1.E0,0.E0,0.E0));
#3980=DIRECTION('',(0.E0,0.E0,1.E0));
#3981=AXIS2_PLACEMENT_3D('',#3978,#3979,#3980);
#3982=TOROIDAL_SURFACE('1918',#3981,2.7E0,5.E-1);
#3983=ORIENTED_EDGE('1510',*,*,#3972,.F.);
#3984=ORIENTED_EDGE('1772',*,*,#3416,.T.);
#3986=ORIENTED_EDGE('1613',*,*,#3985,.F.);
#3987=ORIENTED_EDGE('1691',*,*,#2468,.F.);
#3988=EDGE_LOOP('1918',(#3983,#3984,#3986,#3987));
#3989=FACE_OUTER_BOUND('1918',#3988,.F.);
#3991=CARTESIAN_POINT('',(1.91E1,0.E0,1.2E1));
#3992=DIRECTION('',(0.E0,1.E0,0.E0));
#3993=DIRECTION('',(0.E0,0.E0,1.E0));
#3994=AXIS2_PLACEMENT_3D('',#3991,#3992,#3993);
#3995=CYLINDRICAL_SURFACE('1999',#3994,5.E-1);
#3997=ORIENTED_EDGE('1468',*,*,#3996,.T.);
#3998=ORIENTED_EDGE('1787',*,*,#2481,.F.);
#3999=ORIENTED_EDGE('1613',*,*,#3985,.T.);
#4000=ORIENTED_EDGE('1595',*,*,#3414,.F.);
#4001=EDGE_LOOP('1999',(#3997,#3998,#3999,#4000));
#4002=FACE_OUTER_BOUND('1999',#4001,.F.);
#4004=CARTESIAN_POINT('',(1.91E1,1.826710678119E1,1.2E1));
#4005=DIRECTION('',(0.E0,-7.071067811865E-1,7.071067811865E-1));
#4006=DIRECTION('',(-1.E0,0.E0,0.E0));
#4007=AXIS2_PLACEMENT_3D('',#4004,#4005,#4006);
#4008=SPHERICAL_SURFACE('2005',#4007,5.E-1);
#4009=ORIENTED_EDGE('1518',*,*,#3377,.F.);
#4011=ORIENTED_EDGE('1429',*,*,#4010,.F.);
#4012=ORIENTED_EDGE('1468',*,*,#3996,.F.);
#4013=EDGE_LOOP('2005',(#4009,#4011,#4012));
#4014=FACE_OUTER_BOUND('2005',#4013,.F.);
#4016=CARTESIAN_POINT('',(3.E1,1.826710678119E1,1.2E1));
#4017=DIRECTION('',(1.E0,0.E0,0.E0));
#4018=DIRECTION('',(0.E0,0.E0,-1.E0));
#4019=AXIS2_PLACEMENT_3D('',#4016,#4017,#4018);
#4020=CYLINDRICAL_SURFACE('1974',#4019,5.E-1);
#4021=ORIENTED_EDGE('1429',*,*,#4010,.T.);
#4022=ORIENTED_EDGE('1793',*,*,#3362,.F.);
#4024=ORIENTED_EDGE('1529',*,*,#4023,.T.);
#4025=ORIENTED_EDGE('1810',*,*,#2483,.F.);
#4026=EDGE_LOOP('1974',(#4021,#4022,#4024,#4025));
#4027=FACE_OUTER_BOUND('1974',#4026,.F.);
#4029=CARTESIAN_POINT('',(1.77E1,1.826710678119E1,1.2E1));
#4030=DIRECTION('',(0.E0,-7.071067811865E-1,7.071067811865E-1));
#4031=DIRECTION('',(1.E0,0.E0,0.E0));
#4032=AXIS2_PLACEMENT_3D('',#4029,#4030,#4031);
#4033=SPHERICAL_SURFACE('1861',#4032,5.E-1);
#4034=ORIENTED_EDGE('1529',*,*,#4023,.F.);
#4036=ORIENTED_EDGE('1525',*,*,#4035,.F.);
#4037=ORIENTED_EDGE('1465',*,*,#2498,.F.);
#4038=EDGE_LOOP('1861',(#4034,#4036,#4037));
#4039=FACE_OUTER_BOUND('1861',#4038,.F.);
#4041=CARTESIAN_POINT('',(1.77E1,1.796355339059E1,1.169644660941E1));
#4042=DIRECTION('',(0.E0,7.071067811865E-1,7.071067811865E-1));
#4043=DIRECTION('',(0.E0,-7.071067811865E-1,7.071067811865E-1));
#4044=AXIS2_PLACEMENT_3D('',#4041,#4042,#4043);
#4045=CYLINDRICAL_SURFACE('1885',#4044,5.E-1);
#4046=ORIENTED_EDGE('1603',*,*,#3360,.F.);
#4048=ORIENTED_EDGE('1753',*,*,#4047,.F.);
#4049=ORIENTED_EDGE('1840',*,*,#2521,.T.);
#4050=ORIENTED_EDGE('1525',*,*,#4035,.T.);
#4051=EDGE_LOOP('1885',(#4046,#4048,#4049,#4050));
#4052=FACE_OUTER_BOUND('1885',#4051,.F.);
#4054=CARTESIAN_POINT('',(1.77E1,1.811E1,1.133405728739E1));
#4055=DIRECTION('',(0.E0,0.E0,1.E0));
#4056=DIRECTION('',(1.E0,0.E0,0.E0));
#4057=AXIS2_PLACEMENT_3D('',#4054,#4055,#4056);
#4058=CYLINDRICAL_SURFACE('1912',#4057,5.E-1);
#4059=ORIENTED_EDGE('1753',*,*,#4047,.T.);
#4060=ORIENTED_EDGE('1543',*,*,#3347,.F.);
#4062=ORIENTED_EDGE('1631',*,*,#4061,.F.);
#4063=ORIENTED_EDGE('1628',*,*,#2523,.F.);
#4064=EDGE_LOOP('1912',(#4059,#4060,#4062,#4063));
#4065=FACE_OUTER_BOUND('1912',#4064,.F.);
#4067=CARTESIAN_POINT('',(1.77E1,1.616E1,1.095E1));
#4068=DIRECTION('',(1.E0,0.E0,0.E0));
#4069=DIRECTION('',(0.E0,0.E0,-1.E0));
#4070=AXIS2_PLACEMENT_3D('',#4067,#4068,#4069);
#4071=TOROIDAL_SURFACE('1887',#4070,2.E0,5.E-1);
#4072=ORIENTED_EDGE('1448',*,*,#3313,.F.);
#4073=ORIENTED_EDGE('1609',*,*,#2525,.T.);
#4074=ORIENTED_EDGE('1631',*,*,#4061,.T.);
#4075=ORIENTED_EDGE('1835',*,*,#3332,.F.);
#4076=EDGE_LOOP('1887',(#4072,#4073,#4074,#4075));
#4077=FACE_OUTER_BOUND('1887',#4076,.F.);
#4079=CARTESIAN_POINT('',(1.85E0,3.819E1,0.E0));
#4080=DIRECTION('',(-1.E0,0.E0,0.E0));
#4081=DIRECTION('',(0.E0,1.E0,0.E0));
#4082=AXIS2_PLACEMENT_3D('',#4079,#4080,#4081);
#4083=PLANE('2140',#4082);
#4085=ORIENTED_EDGE('2314',*,*,#4084,.T.);
#4087=ORIENTED_EDGE('2310',*,*,#4086,.T.);
#4088=ORIENTED_EDGE('2315',*,*,#3811,.T.);
#4090=ORIENTED_EDGE('2280',*,*,#4089,.F.);
#4091=EDGE_LOOP('2140',(#4085,#4087,#4088,#4090));
#4092=FACE_OUTER_BOUND('2140',#4091,.F.);
#4094=CARTESIAN_POINT('',(0.E0,0.E0,0.E0));
#4095=DIRECTION('',(0.E0,0.E0,-1.E0));
#4096=DIRECTION('',(-1.E0,0.E0,0.E0));
#4097=AXIS2_PLACEMENT_3D('',#4094,#4095,#4096);
#4098=PLANE('1872',#4097);
#4100=ORIENTED_EDGE('1590',*,*,#4099,.T.);
#4102=ORIENTED_EDGE('1675',*,*,#4101,.T.);
#4104=ORIENTED_EDGE('1557',*,*,#4103,.T.);
#4106=ORIENTED_EDGE('1538',*,*,#4105,.T.);
#4108=ORIENTED_EDGE('1574',*,*,#4107,.T.);
#4110=ORIENTED_EDGE('1568',*,*,#4109,.T.);
#4111=EDGE_LOOP('1872',(#4100,#4102,#4104,#4106,#4108,#4110));
#4112=FACE_OUTER_BOUND('1872',#4111,.F.);
#4114=ORIENTED_EDGE('2313',*,*,#4113,.F.);
#4116=ORIENTED_EDGE('2303',*,*,#4115,.T.);
#4117=ORIENTED_EDGE('2314',*,*,#4084,.F.);
#4119=ORIENTED_EDGE('2273',*,*,#4118,.T.);
#4120=EDGE_LOOP('1872',(#4114,#4116,#4117,#4119));
#4121=FACE_BOUND('1872',#4120,.F.);
#4123=CARTESIAN_POINT('',(0.E0,2.196054307048E0,5.E-1));
#4124=DIRECTION('',(-1.E0,0.E0,0.E0));
#4125=DIRECTION('',(0.E0,0.E0,1.E0));
#4126=AXIS2_PLACEMENT_3D('',#4123,#4124,#4125);
#4127=CYLINDRICAL_SURFACE('1976',#4126,5.E-1);
#4129=ORIENTED_EDGE('1779',*,*,#4128,.T.);
#4130=ORIENTED_EDGE('1590',*,*,#4099,.F.);
#4132=ORIENTED_EDGE('1622',*,*,#4131,.T.);
#4134=ORIENTED_EDGE('1458',*,*,#4133,.F.);
#4135=EDGE_LOOP('1976',(#4129,#4130,#4132,#4134));
#4136=FACE_OUTER_BOUND('1976',#4135,.F.);
#4138=CARTESIAN_POINT('',(1.91E1,2.196054307048E0,5.E-1));
#4139=DIRECTION('',(0.E0,-9.396926207892E-1,-3.420201433165E-1));
#4140=DIRECTION('',(0.E0,-3.420201433165E-1,9.396926207892E-1));
#4141=AXIS2_PLACEMENT_3D('',#4138,#4139,#4140);
#4142=SPHERICAL_SURFACE('1990',#4141,5.E-1);
#4144=ORIENTED_EDGE('1643',*,*,#4143,.F.);
#4146=ORIENTED_EDGE('1461',*,*,#4145,.F.);
#4147=ORIENTED_EDGE('1779',*,*,#4128,.F.);
#4148=EDGE_LOOP('1990',(#4144,#4146,#4147));
#4149=FACE_OUTER_BOUND('1990',#4148,.F.);
#4151=CARTESIAN_POINT('',(1.91E1,2.315796848334E0,1.710100716583E-1));
#4152=DIRECTION('',(0.E0,3.420201433165E-1,-9.396926207892E-1));
#4153=DIRECTION('',(0.E0,9.396926207892E-1,3.420201433165E-1));
#4154=AXIS2_PLACEMENT_3D('',#4151,#4152,#4153);
#4155=CYLINDRICAL_SURFACE('1948',#4154,5.E-1);
#4157=ORIENTED_EDGE('1694',*,*,#4156,.T.);
#4158=ORIENTED_EDGE('1632',*,*,#3393,.T.);
#4159=ORIENTED_EDGE('1643',*,*,#4143,.T.);
#4161=ORIENTED_EDGE('1778',*,*,#4160,.F.);
#4162=EDGE_LOOP('1948',(#4157,#4158,#4159,#4161));
#4163=FACE_OUTER_BOUND('1948',#4162,.F.);
#4165=CARTESIAN_POINT('',(1.91E1,4.7E0,5.900444229880E0));
#4166=DIRECTION('',(-1.E0,0.E0,0.E0));
#4167=DIRECTION('',(0.E0,0.E0,1.E0));
#4168=AXIS2_PLACEMENT_3D('',#4165,#4166,#4167);
#4169=TOROIDAL_SURFACE('2011',#4168,4.2E0,5.E-1);
#4171=ORIENTED_EDGE('1674',*,*,#4170,.F.);
#4172=ORIENTED_EDGE('1460',*,*,#3395,.T.);
#4173=ORIENTED_EDGE('1694',*,*,#4156,.F.);
#4174=ORIENTED_EDGE('1789',*,*,#3195,.F.);
#4175=EDGE_LOOP('2011',(#4171,#4172,#4173,#4174));
#4176=FACE_OUTER_BOUND('2011',#4175,.F.);
#4178=CARTESIAN_POINT('',(1.91E1,4.7E0,1.010044422988E1));
#4179=DIRECTION('',(0.E0,-1.E0,0.E0));
#4180=DIRECTION('',(0.E0,0.E0,-1.E0));
#4181=AXIS2_PLACEMENT_3D('',#4178,#4179,#4180);
#4182=CYLINDRICAL_SURFACE('1940',#4181,5.E-1);
#4184=ORIENTED_EDGE('1817',*,*,#4183,.T.);
#4185=ORIENTED_EDGE('1592',*,*,#3397,.F.);
#4186=ORIENTED_EDGE('1674',*,*,#4170,.T.);
#4188=ORIENTED_EDGE('1509',*,*,#4187,.F.);
#4189=EDGE_LOOP('1940',(#4184,#4185,#4186,#4188));
#4190=FACE_OUTER_BOUND('1940',#4189,.F.);
#4192=CARTESIAN_POINT('',(1.91E1,5.4E0,1.390044422988E1));
#4193=DIRECTION('',(-1.E0,0.E0,0.E0));
#4194=DIRECTION('',(0.E0,0.E0,1.E0));
#4195=AXIS2_PLACEMENT_3D('',#4192,#4193,#4194);
#4196=TOROIDAL_SURFACE('1962',#4195,3.8E0,5.E-1);
#4198=ORIENTED_EDGE('1598',*,*,#4197,.T.);
#4199=ORIENTED_EDGE('1610',*,*,#3399,.T.);
#4200=ORIENTED_EDGE('1817',*,*,#4183,.F.);
#4202=ORIENTED_EDGE('1560',*,*,#4201,.F.);
#4203=EDGE_LOOP('1962',(#4198,#4199,#4200,#4202));
#4204=FACE_OUTER_BOUND('1962',#4203,.F.);
#4206=CARTESIAN_POINT('',(1.91E1,1.031174125132E1,8.5E0));
#4207=DIRECTION('',(-1.E0,0.E0,0.E0));
#4208=DIRECTION('',(0.E0,0.E0,1.E0));
#4209=AXIS2_PLACEMENT_3D('',#4206,#4207,#4208);
#4210=TOROIDAL_SURFACE('1952',#4209,3.5E0,5.E-1);
#4212=ORIENTED_EDGE('1823',*,*,#4211,.F.);
#4213=ORIENTED_EDGE('1668',*,*,#3401,.T.);
#4214=ORIENTED_EDGE('1598',*,*,#4197,.F.);
#4216=ORIENTED_EDGE('1502',*,*,#4215,.F.);
#4217=EDGE_LOOP('1952',(#4212,#4213,#4214,#4216));
#4218=FACE_OUTER_BOUND('1952',#4217,.F.);
#4220=CARTESIAN_POINT('',(1.91E1,0.E0,1.2E1));
#4221=DIRECTION('',(0.E0,1.E0,0.E0));
#4222=DIRECTION('',(0.E0,0.E0,1.E0));
#4223=AXIS2_PLACEMENT_3D('',#4220,#4221,#4222);
#4224=CYLINDRICAL_SURFACE('1911',#4223,5.E-1);
#4226=ORIENTED_EDGE('1831',*,*,#4225,.T.);
#4227=ORIENTED_EDGE('1493',*,*,#3403,.F.);
#4228=ORIENTED_EDGE('1823',*,*,#4211,.T.);
#4230=ORIENTED_EDGE('1683',*,*,#4229,.F.);
#4231=EDGE_LOOP('1911',(#4226,#4227,#4228,#4230));
#4232=FACE_OUTER_BOUND('1911',#4231,.F.);
#4234=CARTESIAN_POINT('',(1.91E1,1.390644660941E1,1.214644660941E1));
#4235=DIRECTION('',(0.E0,-7.071067811865E-1,7.071067811866E-1));
#4236=DIRECTION('',(0.E0,-7.071067811866E-1,-7.071067811865E-1));
#4237=AXIS2_PLACEMENT_3D('',#4234,#4235,#4236);
#4238=CYLINDRICAL_SURFACE('1922',#4237,5.E-1);
#4240=ORIENTED_EDGE('1824',*,*,#4239,.T.);
#4241=ORIENTED_EDGE('1821',*,*,#3405,.T.);
#4242=ORIENTED_EDGE('1831',*,*,#4225,.F.);
#4244=ORIENTED_EDGE('1729',*,*,#4243,.F.);
#4245=EDGE_LOOP('1922',(#4240,#4241,#4242,#4244));
#4246=FACE_OUTER_BOUND('1922',#4245,.F.);
#4248=CARTESIAN_POINT('',(1.91E1,1.421E1,1.133405728739E1));
#4249=DIRECTION('',(0.E0,0.E0,1.E0));
#4250=DIRECTION('',(0.E0,-1.E0,0.E0));
#4251=AXIS2_PLACEMENT_3D('',#4248,#4249,#4250);
#4252=CYLINDRICAL_SURFACE('2001',#4251,5.E-1);
#4254=ORIENTED_EDGE('1673',*,*,#4253,.T.);
#4255=ORIENTED_EDGE('1611',*,*,#3407,.F.);
#4256=ORIENTED_EDGE('1824',*,*,#4239,.F.);
#4258=ORIENTED_EDGE('1570',*,*,#4257,.F.);
#4259=EDGE_LOOP('2001',(#4254,#4255,#4256,#4258));
#4260=FACE_OUTER_BOUND('2001',#4259,.F.);
#4262=CARTESIAN_POINT('',(1.91E1,1.616E1,1.095E1));
#4263=DIRECTION('',(-1.E0,0.E0,0.E0));
#4264=DIRECTION('',(0.E0,0.E0,1.E0));
#4265=AXIS2_PLACEMENT_3D('',#4262,#4263,#4264);
#4266=TOROIDAL_SURFACE('2003',#4265,2.E0,5.E-1);
#4268=ORIENTED_EDGE('1679',*,*,#4267,.T.);
#4269=ORIENTED_EDGE('2067',*,*,#3409,.F.);
#4270=ORIENTED_EDGE('1673',*,*,#4253,.F.);
#4271=ORIENTED_EDGE('1818',*,*,#3327,.F.);
#4272=ORIENTED_EDGE('1819',*,*,#3325,.F.);
#4273=EDGE_LOOP('2003',(#4268,#4269,#4270,#4271,#4272));
#4274=FACE_OUTER_BOUND('2003',#4273,.F.);
#4276=CARTESIAN_POINT('',(1.91E1,1.811E1,1.133405728739E1));
#4277=DIRECTION('',(0.E0,0.E0,-1.E0));
#4278=DIRECTION('',(-1.E0,0.E0,0.E0));
#4279=AXIS2_PLACEMENT_3D('',#4276,#4277,#4278);
#4280=CYLINDRICAL_SURFACE('1961',#4279,5.E-1);
#4281=ORIENTED_EDGE('1672',*,*,#3374,.T.);
#4282=ORIENTED_EDGE('1517',*,*,#3411,.F.);
#4283=ORIENTED_EDGE('1679',*,*,#4267,.F.);
#4284=ORIENTED_EDGE('1452',*,*,#3344,.F.);
#4285=EDGE_LOOP('1961',(#4281,#4282,#4283,#4284));
#4286=FACE_OUTER_BOUND('1961',#4285,.F.);
#4288=CARTESIAN_POINT('',(3.E1,1.471E1,1.133405728739E1));
#4289=DIRECTION('',(0.E0,1.E0,0.E0));
#4290=DIRECTION('',(0.E0,0.E0,1.E0));
#4291=AXIS2_PLACEMENT_3D('',#4288,#4289,#4290);
#4292=PLANE('1886',#4291);
#4293=ORIENTED_EDGE('1470',*,*,#3329,.T.);
#4294=ORIENTED_EDGE('1570',*,*,#4257,.T.);
#4296=ORIENTED_EDGE('1690',*,*,#4295,.F.);
#4297=ORIENTED_EDGE('1430',*,*,#3297,.T.);
#4298=EDGE_LOOP('1886',(#4293,#4294,#4296,#4297));
#4299=FACE_OUTER_BOUND('1886',#4298,.F.);
#4301=CARTESIAN_POINT('',(3.E1,1.426E1,1.25E1));
#4302=DIRECTION('',(0.E0,7.071067811866E-1,7.071067811865E-1));
#4303=DIRECTION('',(0.E0,-7.071067811865E-1,7.071067811866E-1));
#4304=AXIS2_PLACEMENT_3D('',#4301,#4302,#4303);
#4305=PLANE('1905',#4304);
#4306=ORIENTED_EDGE('1690',*,*,#4295,.T.);
#4307=ORIENTED_EDGE('1729',*,*,#4243,.T.);
#4309=ORIENTED_EDGE('1765',*,*,#4308,.F.);
#4310=ORIENTED_EDGE('1587',*,*,#3283,.T.);
#4311=EDGE_LOOP('1905',(#4306,#4307,#4309,#4310));
#4312=FACE_OUTER_BOUND('1905',#4311,.F.);
#4314=CARTESIAN_POINT('',(0.E0,0.E0,1.25E1));
#4315=DIRECTION('',(0.E0,0.E0,-1.E0));
#4316=DIRECTION('',(-1.E0,0.E0,0.E0));
#4317=AXIS2_PLACEMENT_3D('',#4314,#4315,#4316);
#4318=PLANE('1889',#4317);
#4320=ORIENTED_EDGE('1734',*,*,#4319,.T.);
#4321=ORIENTED_EDGE('1669',*,*,#3269,.T.);
#4322=ORIENTED_EDGE('1765',*,*,#4308,.T.);
#4323=ORIENTED_EDGE('1683',*,*,#4229,.T.);
#4324=EDGE_LOOP('1889',(#4320,#4321,#4322,#4323));
#4325=FACE_OUTER_BOUND('1889',#4324,.F.);
#4327=CARTESIAN_POINT('',(3.E1,1.031174125132E1,8.5E0));
#4328=DIRECTION('',(-1.E0,0.E0,0.E0));
#4329=DIRECTION('',(0.E0,0.E0,1.E0));
#4330=AXIS2_PLACEMENT_3D('',#4327,#4328,#4329);
#4331=CYLINDRICAL_SURFACE('1847',#4330,4.E0);
#4332=ORIENTED_EDGE('1734',*,*,#4319,.F.);
#4333=ORIENTED_EDGE('1502',*,*,#4215,.T.);
#4335=ORIENTED_EDGE('1682',*,*,#4334,.F.);
#4336=ORIENTED_EDGE('1573',*,*,#3255,.T.);
#4337=EDGE_LOOP('1847',(#4332,#4333,#4335,#4336));
#4338=FACE_OUTER_BOUND('1847',#4337,.F.);
#4340=CARTESIAN_POINT('',(3.E1,5.4E0,1.390044422988E1));
#4341=DIRECTION('',(-1.E0,0.E0,0.E0));
#4342=DIRECTION('',(0.E0,0.E0,1.E0));
#4343=AXIS2_PLACEMENT_3D('',#4340,#4341,#4342);
#4344=CYLINDRICAL_SURFACE('1921',#4343,3.3E0);
#4345=ORIENTED_EDGE('1682',*,*,#4334,.T.);
#4346=ORIENTED_EDGE('1560',*,*,#4201,.T.);
#4348=ORIENTED_EDGE('1499',*,*,#4347,.F.);
#4349=ORIENTED_EDGE('1684',*,*,#3241,.T.);
#4350=EDGE_LOOP('1921',(#4345,#4346,#4348,#4349));
#4351=FACE_OUTER_BOUND('1921',#4350,.F.);
#4353=CARTESIAN_POINT('',(3.E1,4.7E0,1.060044422988E1));
#4354=DIRECTION('',(0.E0,0.E0,1.E0));
#4355=DIRECTION('',(0.E0,-1.E0,0.E0));
#4356=AXIS2_PLACEMENT_3D('',#4353,#4354,#4355);
#4357=PLANE('1843',#4356);
#4358=ORIENTED_EDGE('1499',*,*,#4347,.T.);
#4359=ORIENTED_EDGE('1509',*,*,#4187,.T.);
#4360=ORIENTED_EDGE('1467',*,*,#3193,.T.);
#4361=ORIENTED_EDGE('1800',*,*,#3228,.T.);
#4362=EDGE_LOOP('1843',(#4358,#4359,#4360,#4361));
#4363=FACE_OUTER_BOUND('1843',#4362,.F.);
#4365=CARTESIAN_POINT('',(3.E1,1.845950537940E0,0.E0));
#4366=DIRECTION('',(0.E0,-9.396926207892E-1,-3.420201433165E-1));
#4367=DIRECTION('',(0.E0,3.420201433165E-1,-9.396926207892E-1));
#4368=AXIS2_PLACEMENT_3D('',#4365,#4366,#4367);
#4369=PLANE('1993',#4368);
#4370=ORIENTED_EDGE('1458',*,*,#4133,.T.);
#4372=ORIENTED_EDGE('1667',*,*,#4371,.T.);
#4373=ORIENTED_EDGE('1626',*,*,#3197,.T.);
#4374=ORIENTED_EDGE('1778',*,*,#4160,.T.);
#4375=EDGE_LOOP('1993',(#4370,#4372,#4373,#4374));
#4376=FACE_OUTER_BOUND('1993',#4375,.F.);
#4378=CARTESIAN_POINT('',(5.E-1,-1.917560905141E0,1.180206490816E1));
#4379=DIRECTION('',(0.E0,3.420201433165E-1,-9.396926207892E-1));
#4380=DIRECTION('',(0.E0,9.396926207892E-1,3.420201433165E-1));
#4381=AXIS2_PLACEMENT_3D('',#4378,#4379,#4380);
#4382=CYLINDRICAL_SURFACE('1925',#4381,5.E-1);
#4384=ORIENTED_EDGE('1604',*,*,#4383,.T.);
#4385=ORIENTED_EDGE('1667',*,*,#4371,.F.);
#4387=ORIENTED_EDGE('1528',*,*,#4386,.T.);
#4388=ORIENTED_EDGE('1771',*,*,#3688,.T.);
#4389=EDGE_LOOP('1925',(#4384,#4385,#4387,#4388));
#4390=FACE_OUTER_BOUND('1925',#4389,.F.);
#4392=CARTESIAN_POINT('',(5.E-1,4.7E0,5.900444229880E0));
#4393=DIRECTION('',(1.E0,0.E0,0.E0));
#4394=DIRECTION('',(0.E0,0.E0,-1.E0));
#4395=AXIS2_PLACEMENT_3D('',#4392,#4393,#4394);
#4396=TOROIDAL_SURFACE('1969',#4395,4.2E0,5.E-1);
#4398=ORIENTED_EDGE('1661',*,*,#4397,.F.);
#4399=ORIENTED_EDGE('1454',*,*,#3199,.F.);
#4400=ORIENTED_EDGE('1604',*,*,#4383,.F.);
#4401=ORIENTED_EDGE('1495',*,*,#3686,.T.);
#4402=EDGE_LOOP('1969',(#4398,#4399,#4400,#4401));
#4403=FACE_OUTER_BOUND('1969',#4402,.F.);
#4405=CARTESIAN_POINT('',(5.E-1,0.E0,1.010044422988E1));
#4406=DIRECTION('',(0.E0,-1.E0,0.E0));
#4407=DIRECTION('',(0.E0,0.E0,-1.E0));
#4408=AXIS2_PLACEMENT_3D('',#4405,#4406,#4407);
#4409=CYLINDRICAL_SURFACE('1895',#4408,5.E-1);
#4411=ORIENTED_EDGE('1555',*,*,#4410,.T.);
#4412=ORIENTED_EDGE('1700',*,*,#3177,.F.);
#4413=ORIENTED_EDGE('1661',*,*,#4397,.T.);
#4414=ORIENTED_EDGE('1582',*,*,#3684,.F.);
#4415=EDGE_LOOP('1895',(#4411,#4412,#4413,#4414));
#4416=FACE_OUTER_BOUND('1895',#4415,.F.);
#4418=CARTESIAN_POINT('',(5.E-1,5.4E0,1.390044422988E1));
#4419=DIRECTION('',(1.E0,0.E0,0.E0));
#4420=DIRECTION('',(0.E0,0.E0,-1.E0));
#4421=AXIS2_PLACEMENT_3D('',#4418,#4419,#4420);
#4422=TOROIDAL_SURFACE('1946',#4421,3.8E0,5.E-1);
#4424=ORIENTED_EDGE('1442',*,*,#4423,.T.);
#4425=ORIENTED_EDGE('1596',*,*,#3163,.F.);
#4426=ORIENTED_EDGE('1555',*,*,#4410,.F.);
#4427=ORIENTED_EDGE('1724',*,*,#3682,.T.);
#4428=EDGE_LOOP('1946',(#4424,#4425,#4426,#4427));
#4429=FACE_OUTER_BOUND('1946',#4428,.F.);
#4431=CARTESIAN_POINT('',(5.E-1,1.031174125132E1,8.5E0));
#4432=DIRECTION('',(1.E0,0.E0,0.E0));
#4433=DIRECTION('',(0.E0,0.E0,-1.E0));
#4434=AXIS2_PLACEMENT_3D('',#4431,#4432,#4433);
#4435=TOROIDAL_SURFACE('1967',#4434,3.5E0,5.E-1);
#4437=ORIENTED_EDGE('1508',*,*,#4436,.F.);
#4438=ORIENTED_EDGE('1542',*,*,#3149,.F.);
#4439=ORIENTED_EDGE('1442',*,*,#4423,.F.);
#4440=ORIENTED_EDGE('1730',*,*,#3680,.T.);
#4441=EDGE_LOOP('1967',(#4437,#4438,#4439,#4440));
#4442=FACE_OUTER_BOUND('1967',#4441,.F.);
#4444=CARTESIAN_POINT('',(5.E-1,0.E0,1.2E1));
#4445=DIRECTION('',(0.E0,-1.E0,0.E0));
#4446=DIRECTION('',(0.E0,0.E0,-1.E0));
#4447=AXIS2_PLACEMENT_3D('',#4444,#4445,#4446);
#4448=CYLINDRICAL_SURFACE('1893',#4447,5.E-1);
#4450=ORIENTED_EDGE('1584',*,*,#4449,.T.);
#4451=ORIENTED_EDGE('1445',*,*,#3135,.F.);
#4452=ORIENTED_EDGE('1508',*,*,#4436,.T.);
#4453=ORIENTED_EDGE('1483',*,*,#3678,.F.);
#4454=EDGE_LOOP('1893',(#4450,#4451,#4452,#4453));
#4455=FACE_OUTER_BOUND('1893',#4454,.F.);
#4457=CARTESIAN_POINT('',(5.E-1,6.776446609407E0,1.927644660941E1));
#4458=DIRECTION('',(0.E0,-7.071067811865E-1,7.071067811866E-1));
#4459=DIRECTION('',(0.E0,-7.071067811866E-1,-7.071067811865E-1));
#4460=AXIS2_PLACEMENT_3D('',#4457,#4458,#4459);
#4461=CYLINDRICAL_SURFACE('1880',#4460,5.E-1);
#4463=ORIENTED_EDGE('1586',*,*,#4462,.T.);
#4464=ORIENTED_EDGE('1634',*,*,#3105,.F.);
#4465=ORIENTED_EDGE('1462',*,*,#3121,.F.);
#4466=ORIENTED_EDGE('1584',*,*,#4449,.F.);
#4467=ORIENTED_EDGE('1504',*,*,#3676,.T.);
#4468=EDGE_LOOP('1880',(#4463,#4464,#4465,#4466,#4467));
#4469=FACE_OUTER_BOUND('1880',#4468,.F.);
#4471=CARTESIAN_POINT('',(5.E-1,1.616E1,1.095E1));
#4472=DIRECTION('',(1.E0,0.E0,0.E0));
#4473=DIRECTION('',(0.E0,0.E0,-1.E0));
#4474=AXIS2_PLACEMENT_3D('',#4471,#4472,#4473);
#4475=TOROIDAL_SURFACE('1860',#4474,2.E0,5.E-1);
#4476=ORIENTED_EDGE('1571',*,*,#3088,.F.);
#4477=ORIENTED_EDGE('1539',*,*,#3107,.F.);
#4478=ORIENTED_EDGE('1586',*,*,#4462,.F.);
#4479=ORIENTED_EDGE('1798',*,*,#3674,.T.);
#4481=ORIENTED_EDGE('1466',*,*,#4480,.T.);
#4482=EDGE_LOOP('1860',(#4476,#4477,#4478,#4479,#4481));
#4483=FACE_OUTER_BOUND('1860',#4482,.F.);
#4485=CARTESIAN_POINT('',(5.E-1,1.616E1,1.095E1));
#4486=DIRECTION('',(1.E0,0.E0,0.E0));
#4487=DIRECTION('',(0.E0,0.E0,-1.E0));
#4488=AXIS2_PLACEMENT_3D('',#4485,#4486,#4487);
#4489=TOROIDAL_SURFACE('1935',#4488,2.E0,5.E-1);
#4490=ORIENTED_EDGE('1466',*,*,#4480,.F.);
#4491=ORIENTED_EDGE('1433',*,*,#3672,.T.);
#4492=ORIENTED_EDGE('1523',*,*,#3044,.T.);
#4493=ORIENTED_EDGE('1725',*,*,#3073,.F.);
#4494=ORIENTED_EDGE('1799',*,*,#3090,.F.);
#4495=EDGE_LOOP('1935',(#4490,#4491,#4492,#4493,#4494));
#4496=FACE_OUTER_BOUND('1935',#4495,.F.);
#4498=CARTESIAN_POINT('',(5.E-1,2.196054307048E0,5.E-1));
#4499=DIRECTION('',(0.E0,0.E0,1.E0));
#4500=DIRECTION('',(0.E0,-1.E0,0.E0));
#4501=AXIS2_PLACEMENT_3D('',#4498,#4499,#4500);
#4502=SPHERICAL_SURFACE('1981',#4501,5.E-1);
#4503=ORIENTED_EDGE('1622',*,*,#4131,.F.);
#4505=ORIENTED_EDGE('1548',*,*,#4504,.F.);
#4506=ORIENTED_EDGE('1528',*,*,#4386,.F.);
#4507=EDGE_LOOP('1981',(#4503,#4505,#4506));
#4508=FACE_OUTER_BOUND('1981',#4507,.F.);
#4510=CARTESIAN_POINT('',(5.E-1,0.E0,5.E-1));
#4511=DIRECTION('',(0.E0,1.E0,0.E0));
#4512=DIRECTION('',(0.E0,0.E0,1.E0));
#4513=AXIS2_PLACEMENT_3D('',#4510,#4511,#4512);
#4514=CYLINDRICAL_SURFACE('1879',#4513,5.E-1);
#4515=ORIENTED_EDGE('1548',*,*,#4504,.T.);
#4516=ORIENTED_EDGE('1568',*,*,#4109,.F.);
#4518=ORIENTED_EDGE('1481',*,*,#4517,.T.);
#4519=ORIENTED_EDGE('1827',*,*,#3690,.F.);
#4520=EDGE_LOOP('1879',(#4515,#4516,#4518,#4519));
#4521=FACE_OUTER_BOUND('1879',#4520,.F.);
#4523=CARTESIAN_POINT('',(5.E-1,4.515384578656E1,5.E-1));
#4524=DIRECTION('',(0.E0,9.912067086978E-1,-1.323225628250E-1));
#4525=DIRECTION('',(0.E0,1.323225628250E-1,9.912067086978E-1));
#4526=AXIS2_PLACEMENT_3D('',#4523,#4524,#4525);
#4527=SPHERICAL_SURFACE('1855',#4526,5.E-1);
#4528=ORIENTED_EDGE('1481',*,*,#4517,.F.);
#4530=ORIENTED_EDGE('1761',*,*,#4529,.F.);
#4531=ORIENTED_EDGE('1576',*,*,#3647,.T.);
#4532=EDGE_LOOP('1855',(#4528,#4530,#4531));
#4533=FACE_OUTER_BOUND('1855',#4532,.F.);
#4535=CARTESIAN_POINT('',(3.E1,4.515384578656E1,5.E-1));
#4536=DIRECTION('',(-1.E0,0.E0,0.E0));
#4537=DIRECTION('',(0.E0,0.E0,1.E0));
#4538=AXIS2_PLACEMENT_3D('',#4535,#4536,#4537);
#4539=CYLINDRICAL_SURFACE('1958',#4538,5.E-1);
#4540=ORIENTED_EDGE('1761',*,*,#4529,.T.);
#4541=ORIENTED_EDGE('1574',*,*,#4107,.F.);
#4543=ORIENTED_EDGE('1532',*,*,#4542,.T.);
#4544=ORIENTED_EDGE('1607',*,*,#3626,.F.);
#4545=EDGE_LOOP('1958',(#4540,#4541,#4543,#4544));
#4546=FACE_OUTER_BOUND('1958',#4545,.F.);
#4548=CARTESIAN_POINT('',(1.160098276040E1,4.495603510516E1,
-5.278243865007E-1));
#4549=CARTESIAN_POINT('',(1.159701214168E1,4.499734052635E1,
-5.341801651283E-1));
#4550=CARTESIAN_POINT('',(1.159902611858E1,4.507197097128E1,
-5.462946597339E-1));
#4551=CARTESIAN_POINT('',(1.162885871042E1,4.518014974407E1,
-5.657028571130E-1));
#4552=CARTESIAN_POINT('',(1.167495887179E1,4.527016490761E1,
-5.833131059336E-1));
#4553=CARTESIAN_POINT('',(1.174037098873E1,4.535036683639E1,
-6.006742510965E-1));
#4554=CARTESIAN_POINT('',(1.182140697423E1,4.541510632950E1,
-6.166263213637E-1));
#4555=CARTESIAN_POINT('',(1.191235861663E1,4.546073330906E1,
-6.301915200058E-1));
#4556=CARTESIAN_POINT('',(1.202123124424E1,4.549014433051E1,
-6.423839472661E-1));
#4557=CARTESIAN_POINT('',(1.209623309964E1,4.549223311525E1,
-6.478663902488E-1));
#4558=CARTESIAN_POINT('',(1.213763785847E1,4.548843535569E1,
-6.500982215657E-1));
#4559=CARTESIAN_POINT('',(1.160526541322E1,4.498099160610E1,
-4.513917199511E-1));
#4560=CARTESIAN_POINT('',(1.160236323578E1,4.502186397754E1,
-4.582118405234E-1));
#4561=CARTESIAN_POINT('',(1.160621522472E1,4.509555344501E1,
-4.697193602580E-1));
#4562=CARTESIAN_POINT('',(1.163819700096E1,4.520223602446E1,
-4.840494053151E-1));
#4563=CARTESIAN_POINT('',(1.168562499021E1,4.529110283109E1,
-4.941444475123E-1));
#4564=CARTESIAN_POINT('',(1.175172829653E1,4.537061786177E1,
-5.010863240734E-1));
#4565=CARTESIAN_POINT('',(1.183288103599E1,4.543539088311E1,
-5.043500283290E-1));
#4566=CARTESIAN_POINT('',(1.192358094870E1,4.548186949150E1,
-5.038799038886E-1));
#4567=CARTESIAN_POINT('',(1.203203573497E1,4.551309513330E1,
-4.994865793291E-1));
#4568=CARTESIAN_POINT('',(1.210684234724E1,4.551696241489E1,
-4.937040182489E-1));
#4569=CARTESIAN_POINT('',(1.214822660619E1,4.551424646442E1,
-4.897584221057E-1));
#4570=CARTESIAN_POINT('',(1.158588295270E1,4.501564179376E1,
-3.414248808750E-1));
#4571=CARTESIAN_POINT('',(1.158457551974E1,4.505597121196E1,
-3.481398173744E-1));
#4572=CARTESIAN_POINT('',(1.159069508340E1,4.512848086920E1,
-3.575126183235E-1));
#4573=CARTESIAN_POINT('',(1.162391923292E1,4.523329473142E1,
-3.632547240962E-1));
#4574=CARTESIAN_POINT('',(1.167072820976E1,4.532072935901E1,
-3.619258610535E-1));
#4575=CARTESIAN_POINT('',(1.173445684049E1,4.539938353511E1,
-3.538126772116E-1));
#4576=CARTESIAN_POINT('',(1.181174905759E1,4.546418749687E1,
-3.392237453068E-1));
#4577=CARTESIAN_POINT('',(1.189763883796E1,4.551172014434E1,
-3.192478535837E-1));
#4578=CARTESIAN_POINT('',(1.200018274128E1,4.554522554718E1,
-2.918682248132E-1));
#4579=CARTESIAN_POINT('',(1.207102472473E1,4.555136454976E1,
-2.704023487311E-1));
#4580=CARTESIAN_POINT('',(1.211032887169E1,4.555004841853E1,
-2.577963465819E-1));
#4581=CARTESIAN_POINT('',(1.151759147719E1,4.505319623070E1,
-2.165424647423E-1));
#4582=CARTESIAN_POINT('',(1.151761234989E1,4.509300012513E1,
-2.223523580047E-1));
#4583=CARTESIAN_POINT('',(1.152471382183E1,4.516436522050E1,
-2.280572367988E-1));
#4584=CARTESIAN_POINT('',(1.155512203492E1,4.526736871768E1,
-2.228340449557E-1));
#4585=CARTESIAN_POINT('',(1.159623885508E1,4.535341617967E1,
-2.079786959732E-1));
#4586=CARTESIAN_POINT('',(1.165111710645E1,4.543123231206E1,
-1.827336469776E-1));
#4587=CARTESIAN_POINT('',(1.171697864429E1,4.549605658011E1,
-1.482652131194E-1));
#4588=CARTESIAN_POINT('',(1.178980006720E1,4.554460341040E1,
-1.067892730378E-1));
#4589=CARTESIAN_POINT('',(1.187662709390E1,4.558033187091E1,
-5.412705565845E-2));
#4590=CARTESIAN_POINT('',(1.193670226757E1,4.558871867140E1,
-1.533502381087E-2));
#4591=CARTESIAN_POINT('',(1.197012251067E1,4.558880380736E1,6.901879053706E-3));
#4592=CARTESIAN_POINT('',(1.145513860967E1,4.507523944655E1,
-1.412888018635E-1));
#4593=CARTESIAN_POINT('',(1.145574111975E1,4.511475459803E1,
-1.463212367063E-1));
#4594=CARTESIAN_POINT('',(1.146271552075E1,4.518548998997E1,
-1.494520450535E-1));
#4595=CARTESIAN_POINT('',(1.148951139699E1,4.528749826834E1,
-1.372705166379E-1));
#4596=CARTESIAN_POINT('',(1.152492585472E1,4.537278331968E1,
-1.141055820276E-1));
#4597=CARTESIAN_POINT('',(1.157165262317E1,4.545013773052E1,
-7.852748147533E-2));
#4598=CARTESIAN_POINT('',(1.162738243752E1,4.551497062780E1,
-3.219294609391E-2));
#4599=CARTESIAN_POINT('',(1.168881378964E1,4.556407345408E1,2.205225715702E-2));
#4600=CARTESIAN_POINT('',(1.176199591151E1,4.560102922849E1,8.971398833309E-2));
#4601=CARTESIAN_POINT('',(1.181267002986E1,4.561066676877E1,1.388072674431E-1));
#4602=CARTESIAN_POINT('',(1.184090381905E1,4.561153653413E1,1.667889533538E-1));
#4603=CARTESIAN_POINT('',(1.137880605347E1,4.509293339919E1,
-7.940699859966E-2));
#4604=CARTESIAN_POINT('',(1.137962103257E1,4.513222885852E1,
-8.365950436313E-2));
#4605=CARTESIAN_POINT('',(1.138564023529E1,4.520248513069E1,
-8.445573012699E-2));
#4606=CARTESIAN_POINT('',(1.140721536675E1,4.530373737265E1,
-6.634632467925E-2));
#4607=CARTESIAN_POINT('',(1.143527151640E1,4.538844367146E1,
-3.625784402070E-2));
#4608=CARTESIAN_POINT('',(1.147198192831E1,4.546544719362E1,7.819394422689E-3));
#4609=CARTESIAN_POINT('',(1.151556686249E1,4.553028556399E1,6.384253973171E-2));
#4610=CARTESIAN_POINT('',(1.156350559658E1,4.557981010674E1,1.284778299018E-1));
#4611=CARTESIAN_POINT('',(1.162058199185E1,4.561770146793E1,2.083374921624E-1));
#4612=CARTESIAN_POINT('',(1.166013236709E1,4.562829823755E1,2.658239920693E-1));
#4613=CARTESIAN_POINT('',(1.168219596779E1,4.562977280247E1,2.984987923747E-1));
#4614=CARTESIAN_POINT('',(1.130656617936E1,4.510371967284E1,
-4.093400717933E-2));
#4615=CARTESIAN_POINT('',(1.130731594049E1,4.514288815931E1,
-4.463236269694E-2));
#4616=CARTESIAN_POINT('',(1.131200679344E1,4.521286681483E1,
-4.387028966677E-2));
#4617=CARTESIAN_POINT('',(1.132822090821E1,4.531368057122E1,
-2.197360252862E-2));
#4618=CARTESIAN_POINT('',(1.134911654550E1,4.539805101195E1,1.246563581357E-2));
#4619=CARTESIAN_POINT('',(1.137632890637E1,4.547485051261E1,6.183089057037E-2));
#4620=CARTESIAN_POINT('',(1.140855263439E1,4.553969135619E1,1.238465606319E-1));
#4621=CARTESIAN_POINT('',(1.144394881524E1,4.558946038195E1,1.948885471187E-1));
#4622=CARTESIAN_POINT('',(1.148607479564E1,4.562789648458E1,2.822624924940E-1));
#4623=CARTESIAN_POINT('',(1.151527385295E1,4.563905438247E1,3.449232945517E-1));
#4624=CARTESIAN_POINT('',(1.153157314860E1,4.564088406144E1,3.804958873710E-1));
#4625=CARTESIAN_POINT('',(1.124512768138E1,4.510977041254E1,
-1.917411099128E-2));
#4626=CARTESIAN_POINT('',(1.124570761912E1,4.514886853640E1,
-2.254810861266E-2));
#4627=CARTESIAN_POINT('',(1.124908740362E1,4.521869356859E1,
-2.088818256437E-2));
#4628=CARTESIAN_POINT('',(1.126056173988E1,4.531926510102E1,3.164828308550E-3));
#4629=CARTESIAN_POINT('',(1.127528112419E1,4.540345018232E1,4.006983898358E-2));
#4630=CARTESIAN_POINT('',(1.129440367382E1,4.548013713805E1,9.242414878016E-2));
#4631=CARTESIAN_POINT('',(1.131701752080E1,4.554497936569E1,1.578225617058E-1));
#4632=CARTESIAN_POINT('',(1.134184161585E1,4.559488340145E1,2.324797901461E-1));
#4633=CARTESIAN_POINT('',(1.137138055424E1,4.563362064010E1,3.240956799989E-1));
#4634=CARTESIAN_POINT('',(1.139185954342E1,4.564508926906E1,3.896809743336E-1));
#4635=CARTESIAN_POINT('',(1.140329550295E1,4.564711591293E1,4.268932214858E-1));
#4636=CARTESIAN_POINT('',(1.117001756011E1,4.511492636090E1,
-5.388313254948E-4));
#4637=CARTESIAN_POINT('',(1.117033034696E1,4.515396534276E1,
-3.627934237940E-3));
#4638=CARTESIAN_POINT('',(1.117201308128E1,4.522366111718E1,
-1.188214802934E-3));
#4639=CARTESIAN_POINT('',(1.117760020303E1,4.532402872881E1,2.472150834542E-2));
#4640=CARTESIAN_POINT('',(1.118472564489E1,4.540805770961E1,6.374246091185E-2));
#4641=CARTESIAN_POINT('',(1.119395390799E1,4.548464981646E1,1.186565071702E-1));
#4642=CARTESIAN_POINT('',(1.120484827494E1,4.554949309460E1,1.869484004255E-1));
#4643=CARTESIAN_POINT('',(1.121679740103E1,4.559951076894E1,2.646963390816E-1));
#4644=CARTESIAN_POINT('',(1.123101285310E1,4.563850179532E1,3.599385684406E-1));
#4645=CARTESIAN_POINT('',(1.124087088426E1,4.565023262591E1,4.280249493645E-1));
#4646=CARTESIAN_POINT('',(1.124637847126E1,4.565242563184E1,4.666401725490E-1));
#4647=CARTESIAN_POINT('',(1.110877952221E1,4.511600100393E1,3.434775562344E-3));
#4648=CARTESIAN_POINT('',(1.110881669706E1,4.515502886978E1,4.152623279304E-4));
#4649=CARTESIAN_POINT('',(1.110902446492E1,4.522469998162E1,3.035039572539E-3));
#4650=CARTESIAN_POINT('',(1.110972205929E1,4.532502823222E1,2.935490195953E-2));
#4651=CARTESIAN_POINT('',(1.111061438030E1,4.540902689651E1,6.883476426393E-2));
#4652=CARTESIAN_POINT('',(1.111177181385E1,4.548560045222E1,1.242972916024E-1));
#4653=CARTESIAN_POINT('',(1.111313923001E1,4.555044377614E1,1.932038907908E-1));
#4654=CARTESIAN_POINT('',(1.111463933128E1,4.560048344971E1,2.716043358570E-1));
#4655=CARTESIAN_POINT('',(1.111642357473E1,4.563952390321E1,3.676085972075E-1));
#4656=CARTESIAN_POINT('',(1.111766011799E1,4.565130600752E1,4.362182758101E-1));
#4657=CARTESIAN_POINT('',(1.111835055217E1,4.565353161900E1,4.751265542104E-1));
#4658=CARTESIAN_POINT('',(1.106503457185E1,4.511512436189E1,2.152918648162E-4));
#4659=CARTESIAN_POINT('',(1.106488215932E1,4.515416113845E1,
-2.858326417658E-3));
#4660=CARTESIAN_POINT('',(1.106404781676E1,4.522385241779E1,
-3.809037226320E-4));
#4661=CARTESIAN_POINT('',(1.106126335968E1,4.532421339501E1,2.561039962493E-2));
#4662=CARTESIAN_POINT('',(1.105770739160E1,4.540823750167E1,6.472061219363E-2));
#4663=CARTESIAN_POINT('',(1.105309872025E1,4.548482680174E1,1.197396988533E-1));
#4664=CARTESIAN_POINT('',(1.104765600600E1,4.554967033872E1,1.881479165294E-1));
#4665=CARTESIAN_POINT('',(1.104168558023E1,4.559969180659E1,2.660181040517E-1));
#4666=CARTESIAN_POINT('',(1.103458309085E1,4.563869105910E1,3.614018398930E-1));
#4667=CARTESIAN_POINT('',(1.102965874475E1,4.565043034229E1,4.295844124602E-1));
#4668=CARTESIAN_POINT('',(1.102690815666E1,4.565262873964E1,4.682532146668E-1));
#4669=B_SPLINE_SURFACE_WITH_KNOTS('1937',3,3,((#4548,#4549,#4550,#4551,#4552,
#4553,#4554,#4555,#4556,#4557,#4558),(#4559,#4560,#4561,#4562,#4563,#4564,#4565,
#4566,#4567,#4568,#4569),(#4570,#4571,#4572,#4573,#4574,#4575,#4576,#4577,#4578,
#4579,#4580),(#4581,#4582,#4583,#4584,#4585,#4586,#4587,#4588,#4589,#4590,
#4591),(#4592,#4593,#4594,#4595,#4596,#4597,#4598,#4599,#4600,#4601,#4602),(
#4603,#4604,#4605,#4606,#4607,#4608,#4609,#4610,#4611,#4612,#4613),(#4614,#4615,
#4616,#4617,#4618,#4619,#4620,#4621,#4622,#4623,#4624),(#4625,#4626,#4627,#4628,
#4629,#4630,#4631,#4632,#4633,#4634,#4635),(#4636,#4637,#4638,#4639,#4640,#4641,
#4642,#4643,#4644,#4645,#4646),(#4647,#4648,#4649,#4650,#4651,#4652,#4653,#4654,
#4655,#4656,#4657),(#4658,#4659,#4660,#4661,#4662,#4663,#4664,#4665,#4666,#4667,
#4668)),.UNSPECIFIED.,.F.,.F.,.F.,(4,1,1,1,1,1,1,1,4),(4,1,1,1,1,1,1,1,4),(
6.190205125988E-4,1.081003907387E-3,1.277500814483E-3,1.473997721579E-3,
1.670494628675E-3,1.866991535771E-3,1.965239989319E-3,2.063488442867E-3,
2.330856576055E-3),(-5.923818088279E-2,1.249196677383E-1,2.499460032854E-1,
3.749723388325E-1,4.999986743796E-1,6.250250099267E-1,7.500513454738E-1,
8.750776810209E-1,1.057520965105E0),.UNSPECIFIED.);
#4670=ORIENTED_EDGE('1532',*,*,#4542,.F.);
#4672=ORIENTED_EDGE('1526',*,*,#4671,.T.);
#4674=ORIENTED_EDGE('1521',*,*,#4673,.F.);
#4675=ORIENTED_EDGE('1687',*,*,#3628,.T.);
#4676=EDGE_LOOP('1937',(#4670,#4672,#4674,#4675));
#4677=FACE_OUTER_BOUND('1937',#4676,.F.);
#4679=CARTESIAN_POINT('',(1.11E1,0.E0,-5.E-1));
#4680=DIRECTION('',(0.E0,-1.E0,0.E0));
#4681=DIRECTION('',(0.E0,0.E0,-1.E0));
#4682=AXIS2_PLACEMENT_3D('',#4679,#4680,#4681);
#4683=CYLINDRICAL_SURFACE('1950',#4682,5.E-1);
#4685=ORIENTED_EDGE('1627',*,*,#4684,.F.);
#4686=ORIENTED_EDGE('1526',*,*,#4671,.F.);
#4687=ORIENTED_EDGE('1538',*,*,#4105,.F.);
#4689=ORIENTED_EDGE('1469',*,*,#4688,.F.);
#4690=EDGE_LOOP('1950',(#4685,#4686,#4687,#4689));
#4691=FACE_OUTER_BOUND('1950',#4690,.F.);
#4693=CARTESIAN_POINT('',(1.16E1,4.7E0,5.900444229880E0));
#4694=DIRECTION('',(1.E0,0.E0,0.E0));
#4695=DIRECTION('',(0.E0,0.E0,-1.E0));
#4696=AXIS2_PLACEMENT_3D('',#4693,#4694,#4695);
#4697=PLANE('1941',#4696);
#4698=ORIENTED_EDGE('1713',*,*,#3542,.T.);
#4700=ORIENTED_EDGE('1722',*,*,#4699,.F.);
#4702=ORIENTED_EDGE('1804',*,*,#4701,.F.);
#4704=ORIENTED_EDGE('1731',*,*,#4703,.F.);
#4705=ORIENTED_EDGE('1627',*,*,#4684,.T.);
#4706=ORIENTED_EDGE('1506',*,*,#3484,.T.);
#4707=ORIENTED_EDGE('1825',*,*,#3512,.T.);
#4708=EDGE_LOOP('1941',(#4698,#4700,#4702,#4704,#4705,#4706,#4707));
#4709=FACE_OUTER_BOUND('1941',#4708,.F.);
#4711=CARTESIAN_POINT('',(1.21E1,4.384258208516E1,-1.6E1));
#4712=DIRECTION('',(1.E0,0.E0,0.E0));
#4713=DIRECTION('',(0.E0,0.E0,-1.E0));
#4714=AXIS2_PLACEMENT_3D('',#4711,#4712,#4713);
#4715=TOROIDAL_SURFACE('1896',#4714,1.E0,5.E-1);
#4717=ORIENTED_EDGE('1618',*,*,#4716,.T.);
#4718=ORIENTED_EDGE('1722',*,*,#4699,.T.);
#4719=ORIENTED_EDGE('1513',*,*,#3540,.F.);
#4721=ORIENTED_EDGE('1807',*,*,#4720,.F.);
#4722=EDGE_LOOP('1896',(#4717,#4718,#4719,#4721));
#4723=FACE_OUTER_BOUND('1896',#4722,.F.);
#4725=CARTESIAN_POINT('',(1.21E1,4.534258208516E1,-1.175735931288E1));
#4726=DIRECTION('',(1.E0,0.E0,0.E0));
#4727=DIRECTION('',(0.E0,0.E0,-1.E0));
#4728=AXIS2_PLACEMENT_3D('',#4725,#4726,#4727);
#4729=TOROIDAL_SURFACE('1881',#4728,3.5E0,5.E-1);
#4731=ORIENTED_EDGE('1552',*,*,#4730,.T.);
#4732=ORIENTED_EDGE('1804',*,*,#4701,.T.);
#4733=ORIENTED_EDGE('1618',*,*,#4716,.F.);
#4735=ORIENTED_EDGE('1783',*,*,#4734,.F.);
#4736=EDGE_LOOP('1881',(#4731,#4732,#4733,#4735));
#4737=FACE_OUTER_BOUND('1881',#4736,.F.);
#4739=CARTESIAN_POINT('',(1.21E1,4.7E0,5.900444229880E0));
#4740=DIRECTION('',(1.E0,0.E0,0.E0));
#4741=DIRECTION('',(0.E0,0.E0,-1.E0));
#4742=AXIS2_PLACEMENT_3D('',#4739,#4740,#4741);
#4743=TOROIDAL_SURFACE('1906',#4742,4.081272395716E1,5.E-1);
#4744=ORIENTED_EDGE('1521',*,*,#4673,.T.);
#4745=ORIENTED_EDGE('1731',*,*,#4703,.T.);
#4746=ORIENTED_EDGE('1552',*,*,#4730,.F.);
#4747=ORIENTED_EDGE('1497',*,*,#3630,.F.);
#4748=EDGE_LOOP('1906',(#4744,#4745,#4746,#4747));
#4749=FACE_OUTER_BOUND('1906',#4748,.F.);
#4751=CARTESIAN_POINT('',(1.16E1,4.534258208516E1,-1.175735931288E1));
#4752=DIRECTION('',(1.E0,0.E0,0.E0));
#4753=DIRECTION('',(0.E0,0.E0,-1.E0));
#4754=AXIS2_PLACEMENT_3D('',#4751,#4752,#4753);
#4755=CYLINDRICAL_SURFACE('1987',#4754,3.E0);
#4757=ORIENTED_EDGE('1549',*,*,#4756,.F.);
#4758=ORIENTED_EDGE('1485',*,*,#3598,.T.);
#4759=ORIENTED_EDGE('1762',*,*,#3632,.T.);
#4760=ORIENTED_EDGE('1783',*,*,#4734,.T.);
#4761=EDGE_LOOP('1987',(#4757,#4758,#4759,#4760));
#4762=FACE_OUTER_BOUND('1987',#4761,.F.);
#4764=CARTESIAN_POINT('',(1.16E1,4.384258208516E1,-1.6E1));
#4765=DIRECTION('',(1.E0,0.E0,0.E0));
#4766=DIRECTION('',(0.E0,0.E0,-1.E0));
#4767=AXIS2_PLACEMENT_3D('',#4764,#4765,#4766);
#4768=CYLINDRICAL_SURFACE('1956',#4767,1.5E0);
#4769=ORIENTED_EDGE('1544',*,*,#3555,.F.);
#4770=ORIENTED_EDGE('1656',*,*,#3584,.T.);
#4771=ORIENTED_EDGE('1549',*,*,#4756,.T.);
#4772=ORIENTED_EDGE('1807',*,*,#4720,.T.);
#4773=EDGE_LOOP('1956',(#4769,#4770,#4771,#4772));
#4774=FACE_OUTER_BOUND('1956',#4773,.F.);
#4776=CARTESIAN_POINT('',(1.213475581107E1,3.758676137684E1,
-5.638676041202E-1));
#4777=CARTESIAN_POINT('',(1.209334746476E1,3.758392842704E1,
-5.581127541912E-1));
#4778=CARTESIAN_POINT('',(1.201894903274E1,3.758790579261E1,
-5.489309432794E-1));
#4779=CARTESIAN_POINT('',(1.191146646667E1,3.761982978977E1,
-5.390500404012E-1));
#4780=CARTESIAN_POINT('',(1.182234369388E1,3.766666050873E1,
-5.335086693718E-1));
#4781=CARTESIAN_POINT('',(1.174255506849E1,3.773174579816E1,
-5.315800767556E-1));
#4782=CARTESIAN_POINT('',(1.167746977896E1,3.781153442365E1,
-5.335086693718E-1));
#4783=CARTESIAN_POINT('',(1.163063905969E1,3.790065719676E1,
-5.390500404013E-1));
#4784=CARTESIAN_POINT('',(1.159882187906E1,3.800778012875E1,
-5.488978819654E-1));
#4785=CARTESIAN_POINT('',(1.159477541950E1,3.808184024316E1,
-5.580266701296E-1));
#4786=CARTESIAN_POINT('',(1.159750497345E1,3.812297200581E1,
-5.637322927683E-1));
#4787=CARTESIAN_POINT('',(1.214842370494E1,3.759443244203E1,
-5.068825118017E-1));
#4788=CARTESIAN_POINT('',(1.210588233007E1,3.759011240066E1,
-5.064080715730E-1));
#4789=CARTESIAN_POINT('',(1.202922876709E1,3.759175513800E1,
-5.056325463092E-1));
#4790=CARTESIAN_POINT('',(1.191830258525E1,3.762166274288E1,
-5.047769606488E-1));
#4791=CARTESIAN_POINT('',(1.182645410950E1,3.766797272388E1,
-5.042902669100E-1));
#4792=CARTESIAN_POINT('',(1.174468417616E1,3.773387490779E1,
-5.041196605879E-1));
#4793=CARTESIAN_POINT('',(1.167878199228E1,3.781564484110E1,
-5.042902669100E-1));
#4794=CARTESIAN_POINT('',(1.163247201137E1,3.790749331676E1,
-5.047769606488E-1));
#4795=CARTESIAN_POINT('',(1.160266447695E1,3.801804834152E1,
-5.056296835358E-1));
#4796=CARTESIAN_POINT('',(1.160093751258E1,3.809435394956E1,
-5.064008003066E-1));
#4797=CARTESIAN_POINT('',(1.160514107793E1,3.813661320953E1,
-5.068713544452E-1));
#4798=CARTESIAN_POINT('',(1.214184248241E1,3.759059136889E1,
-4.311681530949E-1));
#4799=CARTESIAN_POINT('',(1.210003111927E1,3.758722865285E1,
-4.372866787350E-1));
#4800=CARTESIAN_POINT('',(1.202479063368E1,3.759041611240E1,
-4.471139062693E-1));
#4801=CARTESIAN_POINT('',(1.191594299629E1,3.762177549971E1,
-4.577656552136E-1));
#4802=CARTESIAN_POINT('',(1.182568275344E1,3.766860213162E1,
-4.637648805438E-1));
#4803=CARTESIAN_POINT('',(1.174499131730E1,3.773418204909E1,
-4.658574389942E-1));
#4804=CARTESIAN_POINT('',(1.167941139987E1,3.781487348519E1,
-4.637648805438E-1));
#4805=CARTESIAN_POINT('',(1.163258476808E1,3.790513372791E1,
-4.577656552136E-1));
#4806=CARTESIAN_POINT('',(1.160133030892E1,3.801361716294E1,
-4.471495468198E-1));
#4807=CARTESIAN_POINT('',(1.159806824400E1,3.808851599582E1,
-4.373788150970E-1));
#4808=CARTESIAN_POINT('',(1.160132251589E1,3.813004917880E1,
-4.313120225782E-1));
#4809=CARTESIAN_POINT('',(1.209750027254E1,3.756676463740E1,
-3.431847283617E-1));
#4810=CARTESIAN_POINT('',(1.205866332707E1,3.756678500639E1,
-3.550537504866E-1));
#4811=CARTESIAN_POINT('',(1.198925974103E1,3.757502082764E1,
-3.737759679816E-1));
#4812=CARTESIAN_POINT('',(1.188926220503E1,3.761013685596E1,
-3.936575498072E-1));
#4813=CARTESIAN_POINT('',(1.180609159215E1,3.765724874118E1,
-4.047147843990E-1));
#4814=CARTESIAN_POINT('',(1.173083029719E1,3.772002102848E1,
-4.085459103968E-1));
#4815=CARTESIAN_POINT('',(1.166805800990E1,3.779528232344E1,
-4.047147843991E-1));
#4816=CARTESIAN_POINT('',(1.162094612470E1,3.787845293629E1,
-3.936575498072E-1));
#4817=CARTESIAN_POINT('',(1.158594759399E1,3.797811588238E1,
-3.738424913783E-1));
#4818=CARTESIAN_POINT('',(1.157767190216E1,3.804720296778E1,
-3.552292764470E-1));
#4819=CARTESIAN_POINT('',(1.157757529070E1,3.808577702561E1,
-3.434637760101E-1));
#4820=CARTESIAN_POINT('',(1.206211267098E1,3.754797569627E1,
-2.945953546794E-1));
#4821=CARTESIAN_POINT('',(1.202552893419E1,3.755040547175E1,
-3.089005614530E-1));
#4822=CARTESIAN_POINT('',(1.196049999664E1,3.756213735060E1,
-3.312457056308E-1));
#4823=CARTESIAN_POINT('',(1.186707341427E1,3.759964901576E1,
-3.547140808113E-1));
#4824=CARTESIAN_POINT('',(1.178916949423E1,3.764668738851E1,
-3.676775457718E-1));
#4825=CARTESIAN_POINT('',(1.171800704629E1,3.770719777744E1,
-3.721529743498E-1));
#4826=CARTESIAN_POINT('',(1.165749665737E1,3.777836022538E1,
-3.676775457718E-1));
#4827=CARTESIAN_POINT('',(1.161045828461E1,3.785626414542E1,
-3.547140808113E-1));
#4828=CARTESIAN_POINT('',(1.157307213275E1,3.794937812422E1,
-3.313242303702E-1));
#4829=CARTESIAN_POINT('',(1.156132512335E1,3.801410961864E1,
-3.091100492639E-1));
#4830=CARTESIAN_POINT('',(1.155884296244E1,3.805044248881E1,
-2.949316542324E-1));
#4831=CARTESIAN_POINT('',(1.201732488771E1,3.752455513902E1,
-2.490161784421E-1));
#4832=CARTESIAN_POINT('',(1.198337328847E1,3.752955530159E1,
-2.645848953087E-1));
#4833=CARTESIAN_POINT('',(1.192340470619E1,3.754486571816E1,
-2.886220949591E-1));
#4834=CARTESIAN_POINT('',(1.183752947239E1,3.758448434789E1,
-3.135447937732E-1));
#4835=CARTESIAN_POINT('',(1.176570594290E1,3.763097266119E1,
-3.272036167060E-1));
#4836=CARTESIAN_POINT('',(1.169939014386E1,3.768858087505E1,
-3.318996018819E-1));
#4837=CARTESIAN_POINT('',(1.164178193001E1,3.775489667408E1,
-3.272036167060E-1));
#4838=CARTESIAN_POINT('',(1.159529361671E1,3.782672020357E1,
-3.135447937732E-1));
#4839=CARTESIAN_POINT('',(1.155580755017E1,3.791230810046E1,
-2.887054858378E-1));
#4840=CARTESIAN_POINT('',(1.154050847641E1,3.797200144933E1,
-2.648102412317E-1));
#4841=CARTESIAN_POINT('',(1.153548278395E1,3.800571668881E1,
-2.493821507058E-1));
#4842=CARTESIAN_POINT('',(1.194598465983E1,3.748787994690E1,
-1.925722652161E-1));
#4843=CARTESIAN_POINT('',(1.191586047318E1,3.749613644618E1,
-2.084827808771E-1));
#4844=CARTESIAN_POINT('',(1.186316895353E1,3.751571877721E1,
-2.326320029594E-1));
#4845=CARTESIAN_POINT('',(1.178808328958E1,3.755719630698E1,
-2.572107073654E-1));
#4846=CARTESIAN_POINT('',(1.172500193081E1,3.760209532943E1,
-2.705296941209E-1));
#4847=CARTESIAN_POINT('',(1.166584876438E1,3.765503949555E1,
-2.750818120654E-1));
#4848=CARTESIAN_POINT('',(1.161290459825E1,3.771419266198E1,
-2.705296941209E-1));
#4849=CARTESIAN_POINT('',(1.156800557581E1,3.777727402075E1,
-2.572107073654E-1));
#4850=CARTESIAN_POINT('',(1.152666682907E1,3.785210844949E1,
-2.327142428394E-1));
#4851=CARTESIAN_POINT('',(1.150712962935E1,3.790455690657E1,
-2.087091697761E-1));
#4852=CARTESIAN_POINT('',(1.149888405477E1,3.793446658237E1,
-1.929462263318E-1));
#4853=CARTESIAN_POINT('',(1.183639232632E1,3.743284351029E1,
-1.307604894918E-1));
#4854=CARTESIAN_POINT('',(1.181158362571E1,3.744445027653E1,
-1.448987623467E-1));
#4855=CARTESIAN_POINT('',(1.176873065942E1,3.746783400113E1,
-1.658290444764E-1));
#4856=CARTESIAN_POINT('',(1.170794726974E1,3.750938863648E1,
-1.865818742290E-1));
#4857=CARTESIAN_POINT('',(1.165649958336E1,3.755060226077E1,
-1.976527486774E-1));
#4858=CARTESIAN_POINT('',(1.160722288050E1,3.759641361168E1,
-2.014059218538E-1));
#4859=CARTESIAN_POINT('',(1.156141152959E1,3.764569031454E1,
-1.976527486774E-1));
#4860=CARTESIAN_POINT('',(1.152019790530E1,3.769713800091E1,
-1.865818742290E-1));
#4861=CARTESIAN_POINT('',(1.147878231098E1,3.775771801052E1,
-1.658984830521E-1));
#4862=CARTESIAN_POINT('',(1.145547903668E1,3.780037235875E1,
-1.450949663977E-1));
#4863=CARTESIAN_POINT('',(1.144392622126E1,3.782499937944E1,
-1.310927375229E-1));
#4864=CARTESIAN_POINT('',(1.167750187086E1,3.735596037399E1,
-7.261254377611E-2));
#4865=CARTESIAN_POINT('',(1.165890749405E1,3.736854239904E1,
-8.221541533886E-2));
#4866=CARTESIAN_POINT('',(1.162726464912E1,3.739155129766E1,
-9.604936785206E-2));
#4867=CARTESIAN_POINT('',(1.158269250883E1,3.742781599396E1,
-1.094006409823E-1));
#4868=CARTESIAN_POINT('',(1.154475498979E1,3.746139885673E1,
-1.164114297485E-1));
#4869=CARTESIAN_POINT('',(1.150774996557E1,3.749694069675E1,
-1.187691521390E-1));
#4870=CARTESIAN_POINT('',(1.147220812555E1,3.753394572097E1,
-1.164114297484E-1));
#4871=CARTESIAN_POINT('',(1.143862526279E1,3.757188324001E1,
-1.094006409822E-1));
#4872=CARTESIAN_POINT('',(1.140248190747E1,3.761630624276E1,
-9.609404095924E-2));
#4873=CARTESIAN_POINT('',(1.137956756832E1,3.764780139266E1,
-8.234509144556E-2));
#4874=CARTESIAN_POINT('',(1.136706580282E1,3.766625518172E1,
-7.283816824762E-2));
#4875=CARTESIAN_POINT('',(1.149723263018E1,3.727110160886E1,
-3.073667406625E-2));
#4876=CARTESIAN_POINT('',(1.148501788138E1,3.728182996820E1,
-3.535911759008E-2));
#4877=CARTESIAN_POINT('',(1.146444391379E1,3.730031984995E1,
-4.187376789305E-2));
#4878=CARTESIAN_POINT('',(1.143551923295E1,3.732728441221E1,
-4.803118553605E-2));
#4879=CARTESIAN_POINT('',(1.141072168125E1,3.735106793342E1,
-5.122576202662E-2));
#4880=CARTESIAN_POINT('',(1.138613020851E1,3.737532093968E1,
-5.229360613382E-2));
#4881=CARTESIAN_POINT('',(1.136187720224E1,3.739991241242E1,
-5.122576202663E-2));
#4882=CARTESIAN_POINT('',(1.133809368103E1,3.742470996412E1,
-4.803118553606E-2));
#4883=CARTESIAN_POINT('',(1.131121934169E1,3.745353786353E1,
-4.189437049602E-2));
#4884=CARTESIAN_POINT('',(1.129281269980E1,3.747401561487E1,
-3.542018229879E-2));
#4885=CARTESIAN_POINT('',(1.128216328094E1,3.748613604090E1,
-3.084526488129E-2));
#4886=CARTESIAN_POINT('',(1.130237095968E1,3.718139878890E1,
-5.585112408328E-3));
#4887=CARTESIAN_POINT('',(1.129623818903E1,3.718744320423E1,
-6.574722938503E-3));
#4888=CARTESIAN_POINT('',(1.128599736311E1,3.719756089598E1,
-7.949344771783E-3));
#4889=CARTESIAN_POINT('',(1.127166900799E1,3.721177394296E1,
-9.231303043039E-3));
#4890=CARTESIAN_POINT('',(1.125936792375E1,3.722401549522E1,
-9.891346072680E-3));
#4891=CARTESIAN_POINT('',(1.124708641705E1,3.723627714822E1,
-1.011113893331E-2));
#4892=CARTESIAN_POINT('',(1.123482476405E1,3.724855865492E1,
-9.891346072697E-3));
#4893=CARTESIAN_POINT('',(1.122258321179E1,3.726085973916E1,
-9.231303043072E-3));
#4894=CARTESIAN_POINT('',(1.120841772139E1,3.727514015188E1,
-7.953634179958E-3));
#4895=CARTESIAN_POINT('',(1.119834738364E1,3.728533285543E1,
-6.587607607832E-3));
#4896=CARTESIAN_POINT('',(1.119235023004E1,3.729141744305E1,
-5.608358207256E-3));
#4897=CARTESIAN_POINT('',(1.116746164334E1,3.711992045802E1,
3.760833615815E-13));
#4898=CARTESIAN_POINT('',(1.116543159758E1,3.712195167901E1,
-2.787725245167E-14));
#4899=CARTESIAN_POINT('',(1.116203799932E1,3.712534691597E1,
-5.911482977061E-13));
#4900=CARTESIAN_POINT('',(1.115728056430E1,3.713010588465E1,
-1.118306159937E-12));
#4901=CARTESIAN_POINT('',(1.115318960720E1,3.713419763297E1,
-1.390270187656E-12));
#4902=CARTESIAN_POINT('',(1.114909838637E1,3.713828911755E1,
-1.480920131985E-12));
#4903=CARTESIAN_POINT('',(1.114500690179E1,3.714238033838E1,
-1.390255992924E-12));
#4904=CARTESIAN_POINT('',(1.114091515347E1,3.714647129547E1,
-1.118277770475E-12));
#4905=CARTESIAN_POINT('',(1.113617210822E1,3.715121281221E1,
-5.928673153855E-13));
#4906=CARTESIAN_POINT('',(1.113279279722E1,3.715459049473E1,
-3.310039586931E-14));
#4907=CARTESIAN_POINT('',(1.113077750321E1,3.715660462576E1,
3.666577065406E-13));
#4908=CARTESIAN_POINT('',(1.11E1,3.708919073118E1,0.E0));
#4909=CARTESIAN_POINT('',(1.11E1,3.708919073118E1,0.E0));
#4910=CARTESIAN_POINT('',(1.11E1,3.708919073118E1,0.E0));
#4911=CARTESIAN_POINT('',(1.11E1,3.708919073118E1,0.E0));
#4912=CARTESIAN_POINT('',(1.11E1,3.708919073118E1,0.E0));
#4913=CARTESIAN_POINT('',(1.11E1,3.708919073118E1,0.E0));
#4914=CARTESIAN_POINT('',(1.11E1,3.708919073118E1,0.E0));
#4915=CARTESIAN_POINT('',(1.11E1,3.708919073118E1,0.E0));
#4916=CARTESIAN_POINT('',(1.11E1,3.708919073118E1,0.E0));
#4917=CARTESIAN_POINT('',(1.11E1,3.708919073118E1,0.E0));
#4918=CARTESIAN_POINT('',(1.11E1,3.708919073118E1,0.E0));
#4919=B_SPLINE_SURFACE_WITH_KNOTS('1852',3,3,((#4776,#4777,#4778,#4779,#4780,
#4781,#4782,#4783,#4784,#4785,#4786),(#4787,#4788,#4789,#4790,#4791,#4792,#4793,
#4794,#4795,#4796,#4797),(#4798,#4799,#4800,#4801,#4802,#4803,#4804,#4805,#4806,
#4807,#4808),(#4809,#4810,#4811,#4812,#4813,#4814,#4815,#4816,#4817,#4818,
#4819),(#4820,#4821,#4822,#4823,#4824,#4825,#4826,#4827,#4828,#4829,#4830),(
#4831,#4832,#4833,#4834,#4835,#4836,#4837,#4838,#4839,#4840,#4841),(#4842,#4843,
#4844,#4845,#4846,#4847,#4848,#4849,#4850,#4851,#4852),(#4853,#4854,#4855,#4856,
#4857,#4858,#4859,#4860,#4861,#4862,#4863),(#4864,#4865,#4866,#4867,#4868,#4869,
#4870,#4871,#4872,#4873,#4874),(#4875,#4876,#4877,#4878,#4879,#4880,#4881,#4882,
#4883,#4884,#4885),(#4886,#4887,#4888,#4889,#4890,#4891,#4892,#4893,#4894,#4895,
#4896),(#4897,#4898,#4899,#4900,#4901,#4902,#4903,#4904,#4905,#4906,#4907),(
#4908,#4909,#4910,#4911,#4912,#4913,#4914,#4915,#4916,#4917,#4918)),
.UNSPECIFIED.,.F.,.F.,.F.,(4,1,1,1,1,1,1,1,1,1,4),(4,1,1,1,1,1,1,1,4),(
3.024780459935E0,3.337942194439E0,3.436116964864E0,3.534291735289E0,
3.632466505713E0,3.730641276138E0,3.926990816987E0,4.123340357837E0,
4.319689898686E0,4.516039439535E0,4.712388980385E0),(-6.112121011893E-2,1.25E-1,
2.5E-1,3.75E-1,5.E-1,6.25E-1,7.5E-1,8.75E-1,1.059661956801E0),.UNSPECIFIED.);
#4920=ORIENTED_EDGE('1803',*,*,#3486,.F.);
#4921=ORIENTED_EDGE('1469',*,*,#4688,.T.);
#4923=ORIENTED_EDGE('1775',*,*,#4922,.T.);
#4924=EDGE_LOOP('1852',(#4920,#4921,#4923));
#4925=FACE_OUTER_BOUND('1852',#4924,.F.);
#4927=CARTESIAN_POINT('',(0.E0,3.708919073118E1,-5.E-1));
#4928=DIRECTION('',(-1.E0,0.E0,0.E0));
#4929=DIRECTION('',(0.E0,0.E0,1.E0));
#4930=AXIS2_PLACEMENT_3D('',#4927,#4928,#4929);
#4931=CYLINDRICAL_SURFACE('1927',#4930,5.E-1);
#4932=ORIENTED_EDGE('1557',*,*,#4103,.F.);
#4934=ORIENTED_EDGE('1727',*,*,#4933,.T.);
#4935=ORIENTED_EDGE('1738',*,*,#3469,.F.);
#4936=ORIENTED_EDGE('1775',*,*,#4922,.F.);
#4937=EDGE_LOOP('1927',(#4932,#4934,#4935,#4936));
#4938=FACE_OUTER_BOUND('1927',#4937,.F.);
#4940=CARTESIAN_POINT('',(1.91E1,3.708919073118E1,-5.E-1));
#4941=DIRECTION('',(-1.E0,0.E0,0.E0));
#4942=DIRECTION('',(0.E0,0.E0,1.E0));
#4943=AXIS2_PLACEMENT_3D('',#4940,#4941,#4942);
#4944=TOROIDAL_SURFACE('1844',#4943,1.E0,5.E-1);
#4945=ORIENTED_EDGE('1617',*,*,#3389,.T.);
#4946=ORIENTED_EDGE('1704',*,*,#3454,.F.);
#4947=ORIENTED_EDGE('1727',*,*,#4933,.F.);
#4949=ORIENTED_EDGE('1732',*,*,#4948,.F.);
#4950=EDGE_LOOP('1844',(#4945,#4946,#4947,#4949));
#4951=FACE_OUTER_BOUND('1844',#4950,.F.);
#4953=CARTESIAN_POINT('',(1.91E1,0.E0,5.E-1));
#4954=DIRECTION('',(0.E0,-1.E0,0.E0));
#4955=DIRECTION('',(0.E0,0.E0,-1.E0));
#4956=AXIS2_PLACEMENT_3D('',#4953,#4954,#4955);
#4957=CYLINDRICAL_SURFACE('2004',#4956,5.E-1);
#4958=ORIENTED_EDGE('1461',*,*,#4145,.T.);
#4959=ORIENTED_EDGE('1516',*,*,#3391,.F.);
#4960=ORIENTED_EDGE('1732',*,*,#4948,.T.);
#4961=ORIENTED_EDGE('1675',*,*,#4101,.F.);
#4962=EDGE_LOOP('2004',(#4958,#4959,#4960,#4961));
#4963=FACE_OUTER_BOUND('2004',#4962,.F.);
#4965=CARTESIAN_POINT('',(6.25E0,4.019E1,0.E0));
#4966=DIRECTION('',(1.E0,0.E0,0.E0));
#4967=DIRECTION('',(0.E0,-1.E0,0.E0));
#4968=AXIS2_PLACEMENT_3D('',#4965,#4966,#4967);
#4969=PLANE('2136',#4968);
#4970=ORIENTED_EDGE('2312',*,*,#3815,.T.);
#4972=ORIENTED_EDGE('2309',*,*,#4971,.F.);
#4973=ORIENTED_EDGE('2313',*,*,#4113,.T.);
#4975=ORIENTED_EDGE('2281',*,*,#4974,.T.);
#4976=EDGE_LOOP('2136',(#4970,#4972,#4973,#4975));
#4977=FACE_OUTER_BOUND('2136',#4976,.F.);
#4979=CARTESIAN_POINT('',(4.05E0,3.724014323750E1,0.E0));
#4980=DIRECTION('',(0.E0,0.E0,-1.E0));
#4981=DIRECTION('',(-1.E0,0.E0,0.E0));
#4982=AXIS2_PLACEMENT_3D('',#4979,#4980,#4981);
#4983=CYLINDRICAL_SURFACE('2297',#4982,2.2E0);
#4984=ORIENTED_EDGE('2303',*,*,#4115,.F.);
#4985=ORIENTED_EDGE('2309',*,*,#4971,.T.);
#4986=ORIENTED_EDGE('2306',*,*,#3813,.T.);
#4987=ORIENTED_EDGE('2310',*,*,#4086,.F.);
#4988=EDGE_LOOP('2297',(#4984,#4985,#4986,#4987));
#4989=FACE_OUTER_BOUND('2297',#4988,.F.);
#4991=CARTESIAN_POINT('',(4.05E0,4.103484081743E1,0.E0));
#4992=DIRECTION('',(0.E0,0.E0,-1.E0));
#4993=DIRECTION('',(-1.E0,0.E0,0.E0));
#4994=AXIS2_PLACEMENT_3D('',#4991,#4992,#4993);
#4995=CYLINDRICAL_SURFACE('2268',#4994,2.2E0);
#4996=ORIENTED_EDGE('2273',*,*,#4118,.F.);
#4997=ORIENTED_EDGE('2280',*,*,#4089,.T.);
#4998=ORIENTED_EDGE('2276',*,*,#3817,.T.);
#4999=ORIENTED_EDGE('2281',*,*,#4974,.F.);
#5000=EDGE_LOOP('2268',(#4996,#4997,#4998,#4999));
#5001=FACE_OUTER_BOUND('2268',#5000,.F.);
#5003=CARTESIAN_POINT('',(1.500000042526E-1,4.7E0,5.900444229880E0));
#5004=DIRECTION('',(-1.E0,0.E0,0.E0));
#5005=DIRECTION('',(0.E0,0.E0,-1.E0));
#5006=AXIS2_PLACEMENT_3D('',#5003,#5004,#5005);
#5007=CONICAL_SURFACE('2090',#5006,1.579999995747E0,4.5E1);
#5008=ORIENTED_EDGE('2097',*,*,#3697,.T.);
#5010=ORIENTED_EDGE('2105',*,*,#5009,.T.);
#5012=ORIENTED_EDGE('2098',*,*,#5011,.F.);
#5014=ORIENTED_EDGE('2106',*,*,#5013,.F.);
#5015=EDGE_LOOP('2090',(#5008,#5010,#5012,#5014));
#5016=FACE_OUTER_BOUND('2090',#5015,.F.);
#5018=CARTESIAN_POINT('',(1.500000042526E-1,4.7E0,5.900444229880E0));
#5019=DIRECTION('',(-1.E0,0.E0,0.E0));
#5020=DIRECTION('',(0.E0,0.E0,-1.E0));
#5021=AXIS2_PLACEMENT_3D('',#5018,#5019,#5020);
#5022=CONICAL_SURFACE('2085',#5021,1.579999995747E0,4.5E1);
#5023=ORIENTED_EDGE('2099',*,*,#3699,.T.);
#5024=ORIENTED_EDGE('2106',*,*,#5013,.T.);
#5026=ORIENTED_EDGE('2100',*,*,#5025,.F.);
#5027=ORIENTED_EDGE('2105',*,*,#5009,.F.);
#5028=EDGE_LOOP('2085',(#5023,#5024,#5026,#5027));
#5029=FACE_OUTER_BOUND('2085',#5028,.F.);
#5031=CARTESIAN_POINT('',(1.96E1,4.7E0,5.900444229880E0));
#5032=DIRECTION('',(1.E0,0.E0,0.E0));
#5033=DIRECTION('',(0.E0,1.E0,0.E0));
#5034=AXIS2_PLACEMENT_3D('',#5031,#5032,#5033);
#5035=CYLINDRICAL_SURFACE('2046',#5034,1.43E0);
#5037=ORIENTED_EDGE('2094',*,*,#5036,.T.);
#5039=ORIENTED_EDGE('2102',*,*,#5038,.T.);
#5040=ORIENTED_EDGE('2100',*,*,#5025,.T.);
#5042=ORIENTED_EDGE('2101',*,*,#5041,.F.);
#5043=EDGE_LOOP('2046',(#5037,#5039,#5040,#5042));
#5044=FACE_OUTER_BOUND('2046',#5043,.F.);
#5046=CARTESIAN_POINT('',(1.944999999575E1,4.7E0,5.900444229880E0));
#5047=DIRECTION('',(1.E0,0.E0,0.E0));
#5048=DIRECTION('',(0.E0,0.E0,-1.E0));
#5049=AXIS2_PLACEMENT_3D('',#5046,#5047,#5048);
#5050=CONICAL_SURFACE('2082',#5049,1.579999995747E0,4.5E1);
#5051=ORIENTED_EDGE('2093',*,*,#3440,.T.);
#5053=ORIENTED_EDGE('2103',*,*,#5052,.T.);
#5054=ORIENTED_EDGE('2094',*,*,#5036,.F.);
#5056=ORIENTED_EDGE('2104',*,*,#5055,.F.);
#5057=EDGE_LOOP('2082',(#5051,#5053,#5054,#5056));
#5058=FACE_OUTER_BOUND('2082',#5057,.F.);
#5060=CARTESIAN_POINT('',(1.944999999575E1,4.7E0,5.900444229880E0));
#5061=DIRECTION('',(1.E0,0.E0,0.E0));
#5062=DIRECTION('',(0.E0,0.E0,-1.E0));
#5063=AXIS2_PLACEMENT_3D('',#5060,#5061,#5062);
#5064=CONICAL_SURFACE('2077',#5063,1.579999995747E0,4.5E1);
#5065=ORIENTED_EDGE('2095',*,*,#3442,.T.);
#5066=ORIENTED_EDGE('2104',*,*,#5055,.T.);
#5068=ORIENTED_EDGE('2096',*,*,#5067,.F.);
#5069=ORIENTED_EDGE('2103',*,*,#5052,.F.);
#5070=EDGE_LOOP('2077',(#5065,#5066,#5068,#5069));
#5071=FACE_OUTER_BOUND('2077',#5070,.F.);
#5073=CARTESIAN_POINT('',(1.96E1,4.7E0,5.900444229880E0));
#5074=DIRECTION('',(1.E0,0.E0,0.E0));
#5075=DIRECTION('',(0.E0,1.E0,0.E0));
#5076=AXIS2_PLACEMENT_3D('',#5073,#5074,#5075);
#5077=CYLINDRICAL_SURFACE('2048',#5076,1.43E0);
#5078=ORIENTED_EDGE('2096',*,*,#5067,.T.);
#5079=ORIENTED_EDGE('2101',*,*,#5041,.T.);
#5080=ORIENTED_EDGE('2098',*,*,#5011,.T.);
#5081=ORIENTED_EDGE('2102',*,*,#5038,.F.);
#5082=EDGE_LOOP('2048',(#5078,#5079,#5080,#5081));
#5083=FACE_OUTER_BOUND('2048',#5082,.F.);
#5085=CARTESIAN_POINT('',(1.91E1,4.484258208516E1,-1.75E1));
#5086=DIRECTION('',(1.E0,0.E0,0.E0));
#5087=DIRECTION('',(0.E0,1.E0,0.E0));
#5088=AXIS2_PLACEMENT_3D('',#5085,#5086,#5087);
#5089=SPHERICAL_SURFACE('1900',#5088,5.E-1);
#5091=ORIENTED_EDGE('1515',*,*,#5090,.F.);
#5093=ORIENTED_EDGE('1569',*,*,#5092,.F.);
#5094=ORIENTED_EDGE('1572',*,*,#3572,.F.);
#5095=EDGE_LOOP('1900',(#5091,#5093,#5094));
#5096=FACE_OUTER_BOUND('1900',#5095,.F.);
#5098=CARTESIAN_POINT('',(1.16E1,4.484258208516E1,-1.75E1));
#5099=DIRECTION('',(1.E0,0.E0,0.E0));
#5100=DIRECTION('',(0.E0,0.E0,-1.E0));
#5101=AXIS2_PLACEMENT_3D('',#5098,#5099,#5100);
#5102=CYLINDRICAL_SURFACE('1949',#5101,5.E-1);
#5103=ORIENTED_EDGE('1515',*,*,#5090,.T.);
#5104=ORIENTED_EDGE('1721',*,*,#3558,.F.);
#5105=ORIENTED_EDGE('1660',*,*,#3528,.T.);
#5107=ORIENTED_EDGE('1654',*,*,#5106,.F.);
#5108=EDGE_LOOP('1949',(#5103,#5104,#5105,#5107));
#5109=FACE_OUTER_BOUND('1949',#5108,.F.);
#5111=CARTESIAN_POINT('',(1.16E1,3.758919073118E1,-1.8E1));
#5112=DIRECTION('',(0.E0,0.E0,-1.E0));
#5113=DIRECTION('',(0.E0,1.E0,0.E0));
#5114=AXIS2_PLACEMENT_3D('',#5111,#5112,#5113);
#5115=PLANE('1904',#5114);
#5117=ORIENTED_EDGE('1486',*,*,#5116,.T.);
#5118=ORIENTED_EDGE('1654',*,*,#5106,.T.);
#5119=ORIENTED_EDGE('1839',*,*,#3515,.T.);
#5121=ORIENTED_EDGE('1777',*,*,#5120,.T.);
#5122=EDGE_LOOP('1904',(#5117,#5118,#5119,#5121));
#5123=FACE_OUTER_BOUND('1904',#5122,.F.);
#5125=CARTESIAN_POINT('',(1.91E1,-1.342424286441E-14,-1.75E1));
#5126=DIRECTION('',(0.E0,-1.E0,0.E0));
#5127=DIRECTION('',(0.E0,0.E0,-1.E0));
#5128=AXIS2_PLACEMENT_3D('',#5125,#5126,#5127);
#5129=CYLINDRICAL_SURFACE('1919',#5128,5.E-1);
#5130=ORIENTED_EDGE('1569',*,*,#5092,.T.);
#5131=ORIENTED_EDGE('1486',*,*,#5116,.F.);
#5133=ORIENTED_EDGE('1676',*,*,#5132,.T.);
#5134=ORIENTED_EDGE('1720',*,*,#3436,.F.);
#5135=EDGE_LOOP('1919',(#5130,#5131,#5133,#5134));
#5136=FACE_OUTER_BOUND('1919',#5135,.F.);
#5138=CARTESIAN_POINT('',(1.91E1,3.808919073118E1,-1.75E1));
#5139=DIRECTION('',(1.E0,0.E0,0.E0));
#5140=DIRECTION('',(0.E0,1.E0,0.E0));
#5141=AXIS2_PLACEMENT_3D('',#5138,#5139,#5140);
#5142=SPHERICAL_SURFACE('1986',#5141,5.E-1);
#5143=ORIENTED_EDGE('1676',*,*,#5132,.F.);
#5145=ORIENTED_EDGE('1769',*,*,#5144,.F.);
#5146=ORIENTED_EDGE('1619',*,*,#3457,.F.);
#5147=EDGE_LOOP('1986',(#5143,#5145,#5146));
#5148=FACE_OUTER_BOUND('1986',#5147,.F.);
#5150=CARTESIAN_POINT('',(1.16E1,3.808919073118E1,-1.75E1));
#5151=DIRECTION('',(1.E0,0.E0,0.E0));
#5152=DIRECTION('',(0.E0,0.E0,-1.E0));
#5153=AXIS2_PLACEMENT_3D('',#5150,#5151,#5152);
#5154=CYLINDRICAL_SURFACE('1888',#5153,5.E-1);
#5155=ORIENTED_EDGE('1769',*,*,#5144,.T.);
#5156=ORIENTED_EDGE('1777',*,*,#5120,.F.);
#5157=ORIENTED_EDGE('1776',*,*,#3500,.T.);
#5158=ORIENTED_EDGE('1589',*,*,#3472,.F.);
#5159=EDGE_LOOP('1888',(#5155,#5156,#5157,#5158));
#5160=FACE_OUTER_BOUND('1888',#5159,.F.);
#5162=CARTESIAN_POINT('',(1.9E0,4.7E0,5.900444229880E0));
#5163=DIRECTION('',(-1.E0,0.E0,0.E0));
#5164=DIRECTION('',(0.E0,0.E0,1.E0));
#5165=AXIS2_PLACEMENT_3D('',#5162,#5163,#5164);
#5166=TOROIDAL_SURFACE('2016',#5165,4.2E0,5.E-1);
#5167=ORIENTED_EDGE('1449',*,*,#3202,.F.);
#5169=ORIENTED_EDGE('1651',*,*,#5168,.F.);
#5170=ORIENTED_EDGE('1764',*,*,#2574,.F.);
#5171=EDGE_LOOP('2016',(#5167,#5169,#5170));
#5172=FACE_OUTER_BOUND('2016',#5171,.F.);
#5174=CARTESIAN_POINT('',(1.9E0,6.5E1,1.010044422988E1));
#5175=DIRECTION('',(0.E0,1.E0,0.E0));
#5176=DIRECTION('',(0.E0,0.E0,1.E0));
#5177=AXIS2_PLACEMENT_3D('',#5174,#5175,#5176);
#5178=CYLINDRICAL_SURFACE('1933',#5177,5.E-1);
#5179=ORIENTED_EDGE('1490',*,*,#2591,.T.);
#5180=ORIENTED_EDGE('1625',*,*,#2576,.F.);
#5181=ORIENTED_EDGE('1651',*,*,#5168,.T.);
#5182=ORIENTED_EDGE('1471',*,*,#3180,.F.);
#5183=EDGE_LOOP('1933',(#5179,#5180,#5181,#5182));
#5184=FACE_OUTER_BOUND('1933',#5183,.F.);
#5186=CARTESIAN_POINT('',(3.E1,1.826710678119E1,1.2E1));
#5187=DIRECTION('',(1.E0,0.E0,0.E0));
#5188=DIRECTION('',(0.E0,0.E0,-1.E0));
#5189=AXIS2_PLACEMENT_3D('',#5186,#5187,#5188);
#5190=CYLINDRICAL_SURFACE('1973',#5189,5.E-1);
#5191=ORIENTED_EDGE('1714',*,*,#3030,.T.);
#5192=ORIENTED_EDGE('1744',*,*,#3002,.F.);
#5194=ORIENTED_EDGE('1537',*,*,#5193,.T.);
#5195=ORIENTED_EDGE('1693',*,*,#3061,.F.);
#5196=EDGE_LOOP('1973',(#5191,#5192,#5194,#5195));
#5197=FACE_OUTER_BOUND('1973',#5196,.F.);
#5199=CARTESIAN_POINT('',(1.9E0,1.826710678119E1,1.2E1));
#5200=DIRECTION('',(0.E0,-7.071067811865E-1,7.071067811865E-1));
#5201=DIRECTION('',(1.E0,0.E0,0.E0));
#5202=AXIS2_PLACEMENT_3D('',#5199,#5200,#5201);
#5203=SPHERICAL_SURFACE('1978',#5202,5.E-1);
#5204=ORIENTED_EDGE('1655',*,*,#2702,.F.);
#5205=ORIENTED_EDGE('1537',*,*,#5193,.F.);
#5206=ORIENTED_EDGE('1711',*,*,#2988,.F.);
#5207=EDGE_LOOP('1978',(#5204,#5205,#5206));
#5208=FACE_OUTER_BOUND('1978',#5207,.F.);
#5210=CARTESIAN_POINT('',(1.77E1,2.649467100176E1,1.084398785216E1));
#5211=DIRECTION('',(0.E0,5.718473526508E-1,-8.203600461177E-1));
#5212=DIRECTION('',(0.E0,8.203600461177E-1,5.718473526508E-1));
#5213=AXIS2_PLACEMENT_3D('',#5210,#5211,#5212);
#5214=CYLINDRICAL_SURFACE('1916',#5213,5.E-1);
#5215=ORIENTED_EDGE('1519',*,*,#2748,.F.);
#5216=ORIENTED_EDGE('1750',*,*,#2442,.F.);
#5218=ORIENTED_EDGE('1830',*,*,#5217,.T.);
#5219=ORIENTED_EDGE('1666',*,*,#2516,.T.);
#5220=EDGE_LOOP('1916',(#5215,#5216,#5218,#5219));
#5221=FACE_OUTER_BOUND('1916',#5220,.F.);
#5223=CARTESIAN_POINT('',(1.77E1,2.427969887724E1,9.3E0));
#5224=DIRECTION('',(1.E0,0.E0,0.E0));
#5225=DIRECTION('',(0.E0,0.E0,-1.E0));
#5226=AXIS2_PLACEMENT_3D('',#5223,#5224,#5225);
#5227=TOROIDAL_SURFACE('1914',#5226,2.7E0,5.E-1);
#5228=ORIENTED_EDGE('1830',*,*,#5217,.F.);
#5229=ORIENTED_EDGE('1707',*,*,#2465,.F.);
#5230=ORIENTED_EDGE('1527',*,*,#2495,.F.);
#5231=ORIENTED_EDGE('1699',*,*,#2518,.T.);
#5232=EDGE_LOOP('1914',(#5228,#5229,#5230,#5231));
#5233=FACE_OUTER_BOUND('1914',#5232,.F.);
#5237=PRESENTATION_LAYER_ASSIGNMENT('NONE','',(#5236));
#5240=PLANE_ANGLE_MEASURE_WITH_UNIT(PLANE_ANGLE_MEASURE(1.745329251994E-2),
#5239);
#5241=(CONVERSION_BASED_UNIT('DEGREE',#5240)NAMED_UNIT(*)PLANE_ANGLE_UNIT());
#5243=UNCERTAINTY_MEASURE_WITH_UNIT(LENGTH_MEASURE(5.856735927706E-3),#5238,
'closure',
'Maximum model space distance between geometric entities at asserted connectivities');
#5246=APPLICATION_CONTEXT('automotive design');
#5247=APPLICATION_PROTOCOL_DEFINITION('international standard',
'config_control_design',1994,#5246);
#5248=PRODUCT_DEFINITION_CONTEXT('',#5246,'design');
#5249=PRODUCT_CONTEXT('',#5246,'mechanical');
#5250=PRODUCT('_0003','_0003','NOT SPECIFIED',(#5249));
#5251=PRODUCT_DEFINITION_FORMATION_WITH_SPECIFIED_SOURCE('4','LAST_VERSION',
#5250,.MADE.);
#5259=DERIVED_UNIT_ELEMENT(#5258,2.E0);
#5260=AREA_UNIT((#5259));
#5261=MEASURE_REPRESENTATION_ITEM('surface area measure',AREA_MEASURE(
3.827722915736E3),#5260);
#5266=DERIVED_UNIT_ELEMENT(#5265,3.E0);
#5267=VOLUME_UNIT((#5266));
#5268=MEASURE_REPRESENTATION_ITEM('volume measure',VOLUME_MEASURE(
8.004886833150E3),#5267);
#5272=CARTESIAN_POINT('centre point',(1.057279460683E1,2.303104080467E1,
2.978305722808E0));
#5277=DERIVED_UNIT_ELEMENT(#5276,2.E0);
#5278=AREA_UNIT((#5277));
#5279=MEASURE_REPRESENTATION_ITEM('surface area measure',AREA_MEASURE(
3.827722915736E3),#5278);
#5284=DERIVED_UNIT_ELEMENT(#5283,3.E0);
#5285=VOLUME_UNIT((#5284));
#5286=MEASURE_REPRESENTATION_ITEM('volume measure',VOLUME_MEASURE(
8.004886833150E3),#5285);
#5290=CARTESIAN_POINT('centre point',(1.057279460683E1,2.303104080467E1,
2.978305722808E0));
#1=DRAUGHTING_PRE_DEFINED_COLOUR('green');
#2=COLOUR_RGB('',1.1E-2,1.2E-2,1.E0);
#3=COLOUR_RGB('',4.1E-1,2.61589E-1,1.12848E-1);
#4=COLOUR_RGB('',5.04854E-1,1.5455E-2,1.5455E-2);
#5=COLOUR_RGB('',6.35294E-1,6.86275E-1,7.4902E-1);
#6=COLOUR_RGB('',6.40777E-1,6.40777E-1,6.40777E-1);
#7=COLOUR_RGB('',6.69062E-1,6.69903E-1,6.55217E-1);
#8=COLOUR_RGB('',9.21569E-1,7.05882E-1,4.70588E-1);
#9=DRAUGHTING_PRE_DEFINED_COLOUR('red');
#10=DRAUGHTING_PRE_DEFINED_COLOUR('yellow');
#11=COLOUR_RGB('',1.E0,1.E0,5.3E-1);
#12=COLOUR_RGB('',1.E0,1.E0,9.49E-1);
#13=DRAUGHTING_PRE_DEFINED_COLOUR('white');
#42=CIRCLE('1427',#41,4.9E0);
#47=CIRCLE('1642',#46,4.9E0);
#56=CIRCLE('1699',#55,2.7E0);
#65=CIRCLE('1609',#64,2.E0);
#70=CIRCLE('1520',#69,2.E0);
#79=CIRCLE('1550',#78,3.5E0);
#84=CIRCLE('1563',#83,3.8E0);
#93=B_SPLINE_CURVE_WITH_KNOTS('1612',3,(#85,#86,#87,#88,#89,#90,#91,#92),
.UNSPECIFIED.,.F.,.F.,(4,1,1,1,1,4),(0.E0,2.E-1,4.E-1,6.E-1,8.E-1,1.E0),
.UNSPECIFIED.);
#100=B_SPLINE_CURVE_WITH_KNOTS('1624',3,(#94,#95,#96,#97,#98,#99),.UNSPECIFIED.,
.F.,.F.,(4,1,1,4),(0.E0,3.333333333333E-1,6.666666666667E-1,1.E0),
.UNSPECIFIED.);
#107=B_SPLINE_CURVE_WITH_KNOTS('1705',3,(#101,#102,#103,#104,#105,#106),
.UNSPECIFIED.,.F.,.F.,(4,1,1,4),(0.E0,3.333333333333E-1,6.666666666667E-1,1.E0),
.UNSPECIFIED.);
#116=B_SPLINE_CURVE_WITH_KNOTS('1758',3,(#108,#109,#110,#111,#112,#113,#114,
#115),.UNSPECIFIED.,.F.,.F.,(4,1,1,1,1,4),(0.E0,2.E-1,4.E-1,6.E-1,8.E-1,1.E0),
.UNSPECIFIED.);
#128=B_SPLINE_CURVE_WITH_KNOTS('1614',3,(#121,#122,#123,#124,#125,#126,#127),
.UNSPECIFIED.,.F.,.F.,(4,1,1,1,4),(0.E0,2.5E-1,5.E-1,7.5E-1,1.E0),
.UNSPECIFIED.);
#133=CIRCLE('1490',#132,5.E-1);
#138=CIRCLE('1710',#137,3.3E0);
#143=CIRCLE('1662',#142,5.E-1);
#148=CIRCLE('1696',#147,5.E-1);
#153=CIRCLE('1594',#152,4.E0);
#170=B_SPLINE_CURVE_WITH_KNOTS('1685',3,(#162,#163,#164,#165,#166,#167,#168,
#169),.UNSPECIFIED.,.F.,.F.,(4,1,1,1,1,4),(0.E0,2.E-1,4.E-1,6.E-1,8.E-1,1.E0),
.UNSPECIFIED.);
#187=B_SPLINE_CURVE_WITH_KNOTS('1670',3,(#179,#180,#181,#182,#183,#184,#185,
#186),.UNSPECIFIED.,.F.,.F.,(4,1,1,1,1,4),(0.E0,2.E-1,4.E-1,6.E-1,8.E-1,1.E0),
.UNSPECIFIED.);
#200=B_SPLINE_CURVE_WITH_KNOTS('1681',3,(#192,#193,#194,#195,#196,#197,#198,
#199),.UNSPECIFIED.,.F.,.F.,(4,1,1,1,1,4),(0.E0,2.E-1,4.E-1,6.E-1,8.E-1,1.E0),
.UNSPECIFIED.);
#205=CIRCLE('1708',#204,1.5E0);
#210=CIRCLE('1709',#209,1.5E0);
#223=B_SPLINE_CURVE_WITH_KNOTS('1437',3,(#215,#216,#217,#218,#219,#220,#221,
#222),.UNSPECIFIED.,.F.,.F.,(4,1,1,1,1,4),(0.E0,2.E-1,4.E-1,6.E-1,8.E-1,1.E0),
.UNSPECIFIED.);
#236=B_SPLINE_CURVE_WITH_KNOTS('1733',3,(#228,#229,#230,#231,#232,#233,#234,
#235),.UNSPECIFIED.,.F.,.F.,(4,1,1,1,1,4),(0.E0,2.E-1,4.E-1,6.E-1,8.E-1,1.E0),
.UNSPECIFIED.);
#249=CIRCLE('1832',#248,4.E0);
#254=CIRCLE('1715',#253,4.E0);
#263=CIRCLE('1463',#262,3.8E0);
#268=CIRCLE('1476',#267,3.5E0);
#277=CIRCLE('1743',#276,2.E0);
#282=CIRCLE('1742',#281,2.E0);
#291=CIRCLE('1664',#290,2.7E0);
#304=B_SPLINE_CURVE_WITH_KNOTS('1838',3,(#296,#297,#298,#299,#300,#301,#302,
#303),.UNSPECIFIED.,.F.,.F.,(4,1,1,1,1,4),(0.E0,2.E-1,4.E-1,6.E-1,8.E-1,1.E0),
.UNSPECIFIED.);
#321=B_SPLINE_CURVE_WITH_KNOTS('1536',3,(#313,#314,#315,#316,#317,#318,#319,
#320),.UNSPECIFIED.,.F.,.F.,(4,1,1,1,1,4),(0.E0,2.E-1,4.E-1,6.E-1,8.E-1,1.E0),
.UNSPECIFIED.);
#328=B_SPLINE_CURVE_WITH_KNOTS('1585',3,(#322,#323,#324,#325,#326,#327),
.UNSPECIFIED.,.F.,.F.,(4,1,1,4),(0.E0,3.333333333333E-1,6.666666666667E-1,1.E0),
.UNSPECIFIED.);
#335=B_SPLINE_CURVE_WITH_KNOTS('1678',3,(#329,#330,#331,#332,#333,#334),
.UNSPECIFIED.,.F.,.F.,(4,1,1,4),(0.E0,3.333333333333E-1,6.666666666667E-1,1.E0),
.UNSPECIFIED.);
#340=CIRCLE('1741',#339,4.600000000001E0);
#349=CIRCLE('1747',#348,1.E0);
#354=CIRCLE('1511',#353,4.600000000001E0);
#359=CIRCLE('1797',#358,4.892893218814E0);
#364=CIRCLE('1501',#363,4.892893218814E0);
#369=CIRCLE('1435',#368,4.600000000001E0);
#380=B_SPLINE_CURVE_WITH_KNOTS('1652',3,(#374,#375,#376,#377,#378,#379),
.UNSPECIFIED.,.F.,.F.,(4,1,1,4),(0.E0,3.333333333333E-1,6.666666666667E-1,1.E0),
.UNSPECIFIED.);
#387=B_SPLINE_CURVE_WITH_KNOTS('1540',3,(#381,#382,#383,#384,#385,#386),
.UNSPECIFIED.,.F.,.F.,(4,1,1,4),(0.E0,3.333333333333E-1,6.666666666667E-1,1.E0),
.UNSPECIFIED.);
#392=CIRCLE('1431',#391,5.207106781186E0);
#397=CIRCLE('1630',#396,5.5E0);
#406=CIRCLE('1680',#405,5.5E0);
#411=CIRCLE('1593',#410,6.E-1);
#416=CIRCLE('1774',#415,5.5E0);
#429=CIRCLE('1446',#428,1.000000000001E0);
#434=CIRCLE('1636',#433,5.5E0);
#439=CIRCLE('1606',#438,5.207106781186E0);
#452=CIRCLE('1760',#451,6.000000000001E-1);
#457=CIRCLE('1780',#456,4.600000000001E0);
#465=B_SPLINE_CURVE_WITH_KNOTS('1600',3,(#458,#459,#460,#461,#462,#463,#464),
.UNSPECIFIED.,.F.,.F.,(4,1,1,1,4),(0.E0,2.5E-1,5.E-1,7.5E-1,1.E0),
.UNSPECIFIED.);
#474=CIRCLE('1455',#473,5.E-1);
#479=CIRCLE('1688',#478,5.E-1);
#484=CIRCLE('1447',#483,3.2E0);
#505=CIRCLE('1438',#504,5.E-1);
#510=CIRCLE('1616',#509,5.E-1);
#515=CIRCLE('1714',#514,5.E-1);
#526=B_SPLINE_CURVE_WITH_KNOTS('1523',3,(#520,#521,#522,#523,#524,#525),
.UNSPECIFIED.,.F.,.F.,(4,1,1,4),(0.E0,3.333333333333E-1,6.666666666667E-1,1.E0),
.UNSPECIFIED.);
#536=B_SPLINE_CURVE_WITH_KNOTS('1535',3,(#531,#532,#533,#534,#535),
.UNSPECIFIED.,.F.,.F.,(4,1,4),(0.E0,5.E-1,1.E0),.UNSPECIFIED.);
#585=CIRCLE('1459',#584,4.7E0);
#600=B_SPLINE_CURVE_WITH_KNOTS('1698',3,(#586,#587,#588,#589,#590,#591,#592,
#593,#594,#595,#596,#597,#598,#599),.UNSPECIFIED.,.F.,.F.,(4,1,1,1,1,1,1,1,1,1,
1,4),(0.E0,9.090909090909E-2,1.818181818182E-1,2.727272727273E-1,
3.636363636364E-1,4.545454545455E-1,5.454545454545E-1,6.363636363636E-1,
7.272727272727E-1,8.181818181818E-1,9.090909090909E-1,1.E0),.UNSPECIFIED.);
#605=CIRCLE('1653',#604,5.E-1);
#618=CIRCLE('1684',#617,3.3E0);
#623=CIRCLE('1487',#622,5.E-1);
#631=B_SPLINE_CURVE_WITH_KNOTS('1641',3,(#624,#625,#626,#627,#628,#629,#630),
.UNSPECIFIED.,.F.,.F.,(4,1,1,1,4),(0.E0,2.5E-1,5.E-1,7.5E-1,1.E0),
.UNSPECIFIED.);
#636=CIRCLE('1531',#635,5.E-1);
#641=CIRCLE('1573',#640,4.E0);
#646=CIRCLE('1806',#645,5.E-1);
#667=B_SPLINE_CURVE_WITH_KNOTS('1752',3,(#659,#660,#661,#662,#663,#664,#665,
#666),.UNSPECIFIED.,.F.,.F.,(4,1,1,1,1,4),(0.E0,2.E-1,4.E-1,6.E-1,8.E-1,1.E0),
.UNSPECIFIED.);
#680=B_SPLINE_CURVE_WITH_KNOTS('1837',3,(#672,#673,#674,#675,#676,#677,#678,
#679),.UNSPECIFIED.,.F.,.F.,(4,1,1,1,1,4),(0.E0,2.E-1,4.E-1,6.E-1,8.E-1,1.E0),
.UNSPECIFIED.);
#689=CIRCLE('1575',#688,1.5E0);
#698=B_SPLINE_CURVE_WITH_KNOTS('1534',3,(#690,#691,#692,#693,#694,#695,#696,
#697),.UNSPECIFIED.,.F.,.F.,(4,1,1,1,1,4),(0.E0,2.E-1,4.E-1,6.E-1,8.E-1,1.E0),
.UNSPECIFIED.);
#719=B_SPLINE_CURVE_WITH_KNOTS('1672',3,(#711,#712,#713,#714,#715,#716,#717,
#718),.UNSPECIFIED.,.F.,.F.,(4,1,1,1,1,4),(0.E0,2.E-1,4.E-1,6.E-1,8.E-1,1.E0),
.UNSPECIFIED.);
#728=CIRCLE('1617',#727,1.E0);
#737=CIRCLE('1460',#736,4.2E0);
#742=CIRCLE('1610',#741,3.8E0);
#747=CIRCLE('1668',#746,3.5E0);
#756=CIRCLE('2067',#755,2.E0);
#765=CIRCLE('1772',#764,2.7E0);
#774=CIRCLE('1766',#773,5.5E0);
#779=CIRCLE('1512',#778,4.999999999999E-1);
#784=CIRCLE('1719',#783,4.081272395716E1);
#789=CIRCLE('1479',#788,3.5E0);
#794=CIRCLE('1739',#793,1.E0);
#799=CIRCLE('2093',#798,1.73E0);
#804=CIRCLE('2095',#803,1.73E0);
#825=CIRCLE('1792',#824,5.E-1);
#830=CIRCLE('1554',#829,5.E-1);
#835=CIRCLE('1776',#834,5.E-1);
#848=CIRCLE('1794',#847,5.E-1);
#853=CIRCLE('1782',#852,5.E-1);
#858=CIRCLE('1660',#857,5.E-1);
#879=CIRCLE('1656',#878,1.5E0);
#884=CIRCLE('1649',#883,5.E-1);
#889=CIRCLE('1485',#888,3.E0);
#894=CIRCLE('1494',#893,5.E-1);
#899=CIRCLE('1686',#898,4.131272395716E1);
#904=CIRCLE('1659',#903,5.E-1);
#914=B_SPLINE_CURVE_WITH_KNOTS('1687',3,(#905,#906,#907,#908,#909,#910,#911,
#912,#913),.UNSPECIFIED.,.F.,.F.,(4,1,1,1,1,1,4),(0.E0,1.666666666667E-1,
3.333333333333E-1,5.E-1,6.666666666667E-1,8.333333333333E-1,1.E0),
.UNSPECIFIED.);
#923=CIRCLE('1576',#922,5.E-1);
#928=CIRCLE('1541',#927,4.131272395716E1);
#933=CIRCLE('1514',#932,4.999999999999E-1);
#938=CIRCLE('1801',#937,5.5E0);
#947=CIRCLE('1663',#946,2.7E0);
#956=CIRCLE('1433',#955,2.E0);
#961=CIRCLE('1798',#960,2.E0);
#970=CIRCLE('1730',#969,3.5E0);
#975=CIRCLE('1724',#974,3.8E0);
#980=CIRCLE('1495',#979,4.2E0);
#989=CIRCLE('1786',#988,4.081272395716E1);
#994=CIRCLE('2097',#993,1.73E0);
#999=CIRCLE('2099',#998,1.73E0);
#1004=CIRCLE('1644',#1003,5.E-1);
#1013=B_SPLINE_CURVE_WITH_KNOTS('1488',3,(#1005,#1006,#1007,#1008,#1009,#1010,
#1011,#1012),.UNSPECIFIED.,.F.,.F.,(4,1,1,1,1,4),(0.E0,2.E-1,4.E-1,6.E-1,8.E-1,
1.E0),.UNSPECIFIED.);
#1018=CIRCLE('1524',#1017,9.999999999999E-1);
#1031=CIRCLE('1623',#1030,5.E-1);
#1036=CIRCLE('1496',#1035,5.E-1);
#1041=CIRCLE('1464',#1040,5.E0);
#1050=CIRCLE('1814',#1049,5.E-1);
#1055=CIRCLE('1605',#1054,5.E-1);
#1060=CIRCLE('1615',#1059,3.2E0);
#1073=CIRCLE('2306',#1072,2.2E0);
#1078=CIRCLE('2276',#1077,2.2E0);
#1099=CIRCLE('1601',#1098,5.E-1);
#1104=CIRCLE('1580',#1103,5.E-1);
#1109=CIRCLE('1530',#1108,5.E-1);
#1122=CIRCLE('1712',#1121,5.E-1);
#1127=CIRCLE('1561',#1126,5.E-1);
#1132=CIRCLE('1784',#1131,5.E-1);
#1145=B_SPLINE_CURVE_WITH_KNOTS('1503',3,(#1137,#1138,#1139,#1140,#1141,#1142,
#1143,#1144),.UNSPECIFIED.,.F.,.F.,(4,1,1,1,1,4),(0.E0,2.E-1,4.E-1,6.E-1,8.E-1,
1.E0),.UNSPECIFIED.);
#1154=CIRCLE('1565',#1153,5.E-1);
#1159=CIRCLE('1728',#1158,9.999999999999E-1);
#1172=CIRCLE('1770',#1171,5.E-1);
#1177=CIRCLE('1756',#1176,5.E-1);
#1182=CIRCLE('1444',#1181,5.E0);
#1191=CIRCLE('1510',#1190,5.E-1);
#1196=CIRCLE('1613',#1195,5.E-1);
#1201=CIRCLE('1691',#1200,3.2E0);
#1214=CIRCLE('1518',#1213,5.E-1);
#1219=CIRCLE('1429',#1218,5.E-1);
#1224=CIRCLE('1468',#1223,5.E-1);
#1237=CIRCLE('1529',#1236,5.E-1);
#1242=CIRCLE('1525',#1241,5.E-1);
#1247=CIRCLE('1465',#1246,5.E-1);
#1260=B_SPLINE_CURVE_WITH_KNOTS('1753',3,(#1252,#1253,#1254,#1255,#1256,#1257,
#1258,#1259),.UNSPECIFIED.,.F.,.F.,(4,1,1,1,1,4),(0.E0,2.E-1,4.E-1,6.E-1,8.E-1,
1.E0),.UNSPECIFIED.);
#1273=B_SPLINE_CURVE_WITH_KNOTS('1631',3,(#1265,#1266,#1267,#1268,#1269,#1270,
#1271,#1272),.UNSPECIFIED.,.F.,.F.,(4,1,1,1,1,4),(0.E0,2.E-1,4.E-1,6.E-1,8.E-1,
1.E0),.UNSPECIFIED.);
#1282=CIRCLE('1448',#1281,5.E-1);
#1287=CIRCLE('1835',#1286,1.5E0);
#1304=CIRCLE('2303',#1303,2.2E0);
#1309=CIRCLE('2273',#1308,2.2E0);
#1322=CIRCLE('1643',#1321,5.E-1);
#1327=CIRCLE('1461',#1326,5.E-1);
#1332=CIRCLE('1779',#1331,5.E-1);
#1341=CIRCLE('1674',#1340,5.E-1);
#1346=CIRCLE('1694',#1345,5.E-1);
#1351=CIRCLE('1789',#1350,4.7E0);
#1364=CIRCLE('1817',#1363,5.E-1);
#1369=CIRCLE('1560',#1368,3.3E0);
#1374=CIRCLE('1823',#1373,5.E-1);
#1379=CIRCLE('1598',#1378,5.E-1);
#1384=CIRCLE('1502',#1383,4.E0);
#1401=B_SPLINE_CURVE_WITH_KNOTS('1831',3,(#1393,#1394,#1395,#1396,#1397,#1398,
#1399,#1400),.UNSPECIFIED.,.F.,.F.,(4,1,1,1,1,4),(0.E0,2.E-1,4.E-1,6.E-1,8.E-1,
1.E0),.UNSPECIFIED.);
#1418=B_SPLINE_CURVE_WITH_KNOTS('1824',3,(#1410,#1411,#1412,#1413,#1414,#1415,
#1416,#1417),.UNSPECIFIED.,.F.,.F.,(4,1,1,1,1,4),(0.E0,2.E-1,4.E-1,6.E-1,8.E-1,
1.E0),.UNSPECIFIED.);
#1431=B_SPLINE_CURVE_WITH_KNOTS('1673',3,(#1423,#1424,#1425,#1426,#1427,#1428,
#1429,#1430),.UNSPECIFIED.,.F.,.F.,(4,1,1,1,1,4),(0.E0,2.E-1,4.E-1,6.E-1,8.E-1,
1.E0),.UNSPECIFIED.);
#1436=CIRCLE('1818',#1435,1.5E0);
#1441=CIRCLE('1819',#1440,1.5E0);
#1454=B_SPLINE_CURVE_WITH_KNOTS('1679',3,(#1446,#1447,#1448,#1449,#1450,#1451,
#1452,#1453),.UNSPECIFIED.,.F.,.F.,(4,1,1,1,1,4),(0.E0,2.E-1,4.E-1,6.E-1,8.E-1,
1.E0),.UNSPECIFIED.);
#1487=CIRCLE('1661',#1486,5.E-1);
#1492=CIRCLE('1454',#1491,4.7E0);
#1497=CIRCLE('1604',#1496,5.E-1);
#1510=CIRCLE('1596',#1509,3.3E0);
#1515=CIRCLE('1555',#1514,5.E-1);
#1520=CIRCLE('1508',#1519,5.E-1);
#1525=CIRCLE('1542',#1524,4.E0);
#1530=CIRCLE('1442',#1529,5.E-1);
#1544=B_SPLINE_CURVE_WITH_KNOTS('1634',3,(#1539,#1540,#1541,#1542,#1543),
.UNSPECIFIED.,.F.,.F.,(4,1,4),(0.E0,5.E-1,1.E0),.UNSPECIFIED.);
#1557=B_SPLINE_CURVE_WITH_KNOTS('1584',3,(#1549,#1550,#1551,#1552,#1553,#1554,
#1555,#1556),.UNSPECIFIED.,.F.,.F.,(4,1,1,1,1,4),(0.E0,2.E-1,4.E-1,6.E-1,8.E-1,
1.E0),.UNSPECIFIED.);
#1562=CIRCLE('1571',#1561,1.5E0);
#1573=B_SPLINE_CURVE_WITH_KNOTS('1539',3,(#1563,#1564,#1565,#1566,#1567,#1568,
#1569,#1570,#1571,#1572),.UNSPECIFIED.,.F.,.F.,(4,1,1,1,1,1,1,4),(0.E0,
1.428571428571E-1,2.857142857143E-1,4.285714285714E-1,5.714285714286E-1,
7.142857142857E-1,8.571428571429E-1,1.E0),.UNSPECIFIED.);
#1580=B_SPLINE_CURVE_WITH_KNOTS('1586',3,(#1574,#1575,#1576,#1577,#1578,#1579),
.UNSPECIFIED.,.F.,.F.,(4,1,1,4),(0.E0,3.333333333333E-1,6.666666666667E-1,1.E0),
.UNSPECIFIED.);
#1585=CIRCLE('1466',#1584,5.E-1);
#1596=B_SPLINE_CURVE_WITH_KNOTS('1725',3,(#1586,#1587,#1588,#1589,#1590,#1591,
#1592,#1593,#1594,#1595),.UNSPECIFIED.,.F.,.F.,(4,1,1,1,1,1,1,4),(0.E0,
1.428571428571E-1,2.857142857143E-1,4.285714285714E-1,5.714285714286E-1,
7.142857142857E-1,8.571428571429E-1,1.E0),.UNSPECIFIED.);
#1601=CIRCLE('1799',#1600,1.5E0);
#1606=CIRCLE('1622',#1605,5.E-1);
#1611=CIRCLE('1548',#1610,5.E-1);
#1616=CIRCLE('1528',#1615,5.E-1);
#1629=CIRCLE('1481',#1628,5.E-1);
#1634=CIRCLE('1761',#1633,5.E-1);
#1647=CIRCLE('1532',#1646,5.E-1);
#1652=CIRCLE('1521',#1651,5.E-1);
#1665=B_SPLINE_CURVE_WITH_KNOTS('1526',3,(#1657,#1658,#1659,#1660,#1661,#1662,
#1663,#1664),.UNSPECIFIED.,.F.,.F.,(4,1,1,1,1,4),(0.E0,2.E-1,4.E-1,6.E-1,8.E-1,
1.E0),.UNSPECIFIED.);
#1682=B_SPLINE_CURVE_WITH_KNOTS('1469',3,(#1670,#1671,#1672,#1673,#1674,#1675,
#1676,#1677,#1678,#1679,#1680,#1681),.UNSPECIFIED.,.F.,.F.,(4,1,1,1,1,1,1,1,1,
4),(0.E0,1.111111111111E-1,2.222222222222E-1,3.333333333333E-1,
4.444444444444E-1,5.555555555556E-1,6.666666666667E-1,7.777777777778E-1,
8.888888888889E-1,1.E0),.UNSPECIFIED.);
#1687=CIRCLE('1722',#1686,1.E0);
#1692=CIRCLE('1804',#1691,3.5E0);
#1697=CIRCLE('1731',#1696,4.081272395716E1);
#1702=CIRCLE('1513',#1701,5.E-1);
#1707=CIRCLE('1807',#1706,1.5E0);
#1712=CIRCLE('1618',#1711,5.E-1);
#1717=CIRCLE('1783',#1716,3.E0);
#1722=CIRCLE('1552',#1721,5.E-1);
#1727=CIRCLE('1497',#1726,4.131272395716E1);
#1740=CIRCLE('1803',#1739,5.E-1);
#1761=B_SPLINE_CURVE_WITH_KNOTS('1775',3,(#1749,#1750,#1751,#1752,#1753,#1754,
#1755,#1756,#1757,#1758,#1759,#1760),.UNSPECIFIED.,.F.,.F.,(4,1,1,1,1,1,1,1,1,
4),(0.E0,1.111111111111E-1,2.222222222222E-1,3.333333333333E-1,
4.444444444444E-1,5.555555555556E-1,6.666666666667E-1,7.777777777778E-1,
8.888888888889E-1,1.E0),.UNSPECIFIED.);
#1766=CIRCLE('1704',#1765,5.E-1);
#1771=CIRCLE('1727',#1770,5.E-1);
#1776=CIRCLE('1732',#1775,5.E-1);
#1817=CIRCLE('2094',#1816,1.43E0);
#1822=CIRCLE('2100',#1821,1.43E0);
#1839=CIRCLE('2096',#1838,1.43E0);
#1844=CIRCLE('2098',#1843,1.43E0);
#1853=CIRCLE('1515',#1852,5.E-1);
#1858=CIRCLE('1569',#1857,5.E-1);
#1863=CIRCLE('1572',#1862,5.E-1);
#1884=CIRCLE('1676',#1883,5.E-1);
#1889=CIRCLE('1769',#1888,5.E-1);
#1894=CIRCLE('1619',#1893,5.E-1);
#1907=CIRCLE('1449',#1906,4.7E0);
#1912=CIRCLE('1651',#1911,5.E-1);
#1926=B_SPLINE_CURVE_WITH_KNOTS('1764',3,(#1913,#1914,#1915,#1916,#1917,#1918,
#1919,#1920,#1921,#1922,#1923,#1924,#1925),.UNSPECIFIED.,.F.,.F.,(4,1,1,1,1,1,1,
1,1,1,4),(0.E0,1.E-1,2.E-1,3.E-1,4.E-1,5.E-1,6.E-1,7.E-1,8.E-1,9.E-1,1.E0),
.UNSPECIFIED.);
#1947=CIRCLE('1655',#1946,5.E-1);
#1952=CIRCLE('1537',#1951,5.E-1);
#1957=CIRCLE('1711',#1956,5.E-1);
#1965=B_SPLINE_CURVE_WITH_KNOTS('1519',3,(#1958,#1959,#1960,#1961,#1962,#1963,
#1964),.UNSPECIFIED.,.F.,.F.,(4,1,1,1,4),(0.E0,2.5E-1,5.E-1,7.5E-1,1.E0),
.UNSPECIFIED.);
#1974=CIRCLE('1830',#1973,5.E-1);
#1979=CIRCLE('1707',#1978,3.2E0);
#1984=CIRCLE('1527',#1983,5.E-1);
#2424=EDGE_CURVE('1434',#2011,#2012,#17,.T.);
#2426=EDGE_CURVE('1447',#2011,#2050,#484,.T.);
#2428=EDGE_CURVE('1639',#2302,#2050,#21,.T.);
#2430=EDGE_CURVE('1615',#2302,#2012,#1060,.T.);
#2434=ADVANCED_FACE('1841',(#2433),#2423,.T.);
#2440=EDGE_CURVE('1665',#2202,#2359,#29,.T.);
#2442=EDGE_CURVE('1750',#2359,#2219,#1969,.T.);
#2444=EDGE_CURVE('1657',#2219,#2319,#308,.T.);
#2446=EDGE_CURVE('1755',#2319,#2011,#469,.T.);
#2449=EDGE_CURVE('1808',#2012,#2097,#1045,.T.);
#2451=EDGE_CURVE('1697',#2097,#2042,#1064,.T.);
#2453=EDGE_CURVE('1736',#2042,#2202,#1186,.T.);
#2457=ADVANCED_FACE('1982',(#2456),#2439,.T.);
#2463=EDGE_CURVE('1795',#2233,#2333,#25,.T.);
#2465=EDGE_CURVE('1707',#2233,#2359,#1979,.T.);
#2468=EDGE_CURVE('1691',#2202,#2333,#1201,.T.);
#2472=ADVANCED_FACE('1915',(#2471),#2462,.T.);
#2478=EDGE_CURVE('1805',#2101,#2233,#37,.T.);
#2481=EDGE_CURVE('1787',#2333,#1995,#1205,.T.);
#2483=EDGE_CURVE('1810',#1995,#2101,#1232,.T.);
#2487=ADVANCED_FACE('1945',(#2486),#2477,.F.);
#2493=EDGE_CURVE('1473',#2120,#2102,#33,.T.);
#2495=EDGE_CURVE('1527',#2120,#2233,#1984,.T.);
#2498=EDGE_CURVE('1465',#2101,#2102,#1247,.T.);
#2502=ADVANCED_FACE('1866',(#2501),#2492,.T.);
#2508=EDGE_CURVE('1457',#2074,#1988,#120,.T.);
#2510=EDGE_CURVE('1427',#1987,#1988,#42,.T.);
#2512=EDGE_CURVE('1642',#2125,#1987,#47,.T.);
#2514=EDGE_CURVE('1477',#2125,#2126,#312,.T.);
#2516=EDGE_CURVE('1666',#2361,#2126,#51,.T.);
#2518=EDGE_CURVE('1699',#2120,#2361,#56,.T.);
#2521=EDGE_CURVE('1840',#2343,#2102,#60,.T.);
#2523=EDGE_CURVE('1628',#2343,#2325,#1277,.T.);
#2525=EDGE_CURVE('1609',#2053,#2325,#65,.T.);
#2527=EDGE_CURVE('1520',#2221,#2053,#70,.T.);
#2529=EDGE_CURVE('1551',#2221,#2266,#684,.T.);
#2531=EDGE_CURVE('1726',#2375,#2266,#74,.T.);
#2533=EDGE_CURVE('1748',#2375,#2243,#654,.T.);
#2535=EDGE_CURVE('1550',#2264,#2243,#79,.T.);
#2537=EDGE_CURVE('1563',#2074,#2264,#84,.T.);
#2541=ADVANCED_FACE('1951',(#2540),#2507,.F.);
#2547=EDGE_CURVE('1614',#2161,#2094,#128,.T.);
#2549=EDGE_CURVE('1816',#2094,#2331,#258,.T.);
#2551=EDGE_CURVE('1612',#2330,#2331,#93,.T.);
#2553=EDGE_CURVE('1813',#2330,#2016,#447,.T.);
#2555=EDGE_CURVE('1624',#2185,#2016,#100,.T.);
#2557=EDGE_CURVE('1652',#2185,#2323,#380,.T.);
#2559=EDGE_CURVE('1705',#2279,#2323,#107,.T.);
#2561=EDGE_CURVE('1558',#2279,#2280,#424,.T.);
#2563=EDGE_CURVE('1758',#1988,#2280,#116,.T.);
#2566=EDGE_CURVE('1641',#2074,#2157,#631,.T.);
#2568=EDGE_CURVE('1820',#2157,#2349,#609,.T.);
#2570=EDGE_CURVE('1698',#2349,#2081,#600,.T.);
#2572=EDGE_CURVE('1809',#2081,#2058,#568,.T.);
#2574=EDGE_CURVE('1764',#2058,#2339,#1926,.T.);
#2576=EDGE_CURVE('1625',#2339,#2161,#1930,.T.);
#2580=ADVANCED_FACE('1850',(#2579),#2546,.F.);
#2586=EDGE_CURVE('1696',#2312,#2093,#148,.T.);
#2588=EDGE_CURVE('1463',#2093,#2094,#263,.T.);
#2591=EDGE_CURVE('1490',#2114,#2161,#133,.T.);
#2593=EDGE_CURVE('1710',#2312,#2114,#138,.T.);
#2597=ADVANCED_FACE('1930',(#2596),#2585,.T.);
#2603=EDGE_CURVE('1662',#2122,#2034,#143,.T.);
#2605=EDGE_CURVE('1476',#2122,#2093,#268,.T.);
#2608=EDGE_CURVE('1594',#2034,#2312,#153,.T.);
#2612=ADVANCED_FACE('1891',(#2611),#2602,.T.);
#2618=EDGE_CURVE('1685',#2033,#2316,#170,.T.);
#2620=EDGE_CURVE('1773',#2122,#2316,#157,.T.);
#2623=EDGE_CURVE('1441',#2033,#2034,#161,.T.);
#2627=ADVANCED_FACE('2012',(#2626),#2617,.T.);
#2633=EDGE_CURVE('1670',#1992,#2065,#187,.T.);
#2635=EDGE_CURVE('1597',#2065,#2316,#272,.T.);
#2638=EDGE_CURVE('1559',#1992,#2033,#174,.T.);
#2642=ADVANCED_FACE('1960',(#2641),#2632,.T.);
#2648=EDGE_CURVE('1681',#2347,#2066,#200,.T.);
#2650=EDGE_CURVE('1453',#2065,#2066,#178,.T.);
#2653=EDGE_CURVE('1828',#2347,#1992,#191,.T.);
#2657=ADVANCED_FACE('1942',(#2656),#2647,.T.);
#2663=EDGE_CURVE('1437',#2021,#2022,#223,.T.);
#2665=EDGE_CURVE('1742',#2022,#2380,#282,.T.);
#2667=EDGE_CURVE('1743',#2380,#2066,#277,.T.);
#2670=EDGE_CURVE('1708',#2369,#2347,#205,.T.);
#2672=EDGE_CURVE('1709',#2021,#2369,#210,.T.);
#2676=ADVANCED_FACE('1854',(#2675),#2662,.T.);
#2682=EDGE_CURVE('1733',#2165,#2376,#236,.T.);
#2684=EDGE_CURVE('1833',#2022,#2376,#214,.T.);
#2687=EDGE_CURVE('1638',#2165,#2021,#227,.T.);
#2691=ADVANCED_FACE('1892',(#2690),#2681,.T.);
#2697=EDGE_CURVE('1796',#2353,#2376,#286,.T.);
#2700=EDGE_CURVE('1491',#2164,#2165,#240,.T.);
#2702=EDGE_CURVE('1655',#2164,#2353,#1947,.T.);
#2706=ADVANCED_FACE('1842',(#2705),#2696,.T.);
#2712=EDGE_CURVE('1436',#2019,#2020,#244,.T.);
#2714=EDGE_CURVE('1832',#2373,#2019,#249,.T.);
#2716=EDGE_CURVE('1715',#2331,#2373,#254,.T.);
#2728=EDGE_CURVE('1737',#2353,#2357,#492,.T.);
#2730=EDGE_CURVE('1664',#2072,#2357,#291,.T.);
#2732=EDGE_CURVE('1767',#2020,#2072,#295,.T.);
#2736=ADVANCED_FACE('1966',(#2735),#2711,.F.);
#2742=EDGE_CURVE('1838',#2019,#2378,#304,.T.);
#2745=EDGE_CURVE('1600',#2020,#2319,#465,.T.);
#2748=EDGE_CURVE('1519',#2219,#2126,#1965,.T.);
#2751=EDGE_CURVE('1536',#2141,#2125,#321,.T.);
#2753=EDGE_CURVE('1482',#2141,#2142,#401,.T.);
#2755=EDGE_CURVE('1585',#2003,#2142,#328,.T.);
#2757=EDGE_CURVE('1540',#2003,#2250,#387,.T.);
#2759=EDGE_CURVE('1678',#2204,#2250,#335,.T.);
#2761=EDGE_CURVE('1834',#2204,#2378,#344,.T.);
#2765=ADVANCED_FACE('1934',(#2764),#2741,.F.);
#2773=EDGE_CURVE('1741',#2128,#2378,#340,.T.);
#2775=EDGE_CURVE('1760',#2128,#2373,#452,.T.);
#2779=ADVANCED_FACE('2015',(#2778),#2770,.F.);
#2787=EDGE_CURVE('1511',#2204,#2015,#354,.T.);
#2789=EDGE_CURVE('1478',#2015,#2128,#443,.T.);
#2793=ADVANCED_FACE('1963',(#2792),#2784,.F.);
#2799=EDGE_CURVE('1747',#2015,#2134,#349,.T.);
#2803=EDGE_CURVE('1797',#2134,#2250,#359,.T.);
#2807=ADVANCED_FACE('1857',(#2806),#2798,.T.);
#2813=EDGE_CURVE('1501',#2185,#2134,#364,.T.);
#2816=EDGE_CURVE('1435',#2015,#2016,#369,.T.);
#2821=ADVANCED_FACE('1883',(#2820),#2812,.T.);
#2827=EDGE_CURVE('1480',#2004,#2134,#373,.T.);
#2829=EDGE_CURVE('1606',#2004,#2323,#439,.T.);
#2835=ADVANCED_FACE('1875',(#2834),#2826,.F.);
#2843=EDGE_CURVE('1431',#2003,#2004,#392,.T.);
#2848=ADVANCED_FACE('1849',(#2847),#2840,.F.);
#2856=EDGE_CURVE('1630',#2048,#2142,#397,.T.);
#2858=EDGE_CURVE('1446',#2048,#2004,#429,.T.);
#2862=ADVANCED_FACE('1954',(#2861),#2853,.F.);
#2870=EDGE_CURVE('1680',#2141,#2167,#406,.T.);
#2872=EDGE_CURVE('1492',#2167,#2048,#420,.T.);
#2876=ADVANCED_FACE('1994',(#2875),#2867,.F.);
#2885=EDGE_CURVE('1593',#1987,#2167,#411,.T.);
#2889=ADVANCED_FACE('1964',(#2888),#2881,.F.);
#2898=EDGE_CURVE('1774',#2167,#2280,#416,.T.);
#2902=ADVANCED_FACE('2013',(#2901),#2894,.F.);
#2911=EDGE_CURVE('1636',#2279,#2048,#434,.T.);
#2915=ADVANCED_FACE('1943',(#2914),#2907,.F.);
#2927=ADVANCED_FACE('1959',(#2926),#2920,.F.);
#2936=EDGE_CURVE('1780',#2330,#2128,#457,.T.);
#2940=ADVANCED_FACE('1862',(#2939),#2932,.F.);
#2952=ADVANCED_FACE('1989',(#2951),#2945,.F.);
#2960=EDGE_CURVE('1455',#2072,#2011,#474,.T.);
#2965=ADVANCED_FACE('1902',(#2964),#2957,.T.);
#2973=EDGE_CURVE('1688',#2050,#2357,#479,.T.);
#2978=ADVANCED_FACE('1851',(#2977),#2970,.T.);
#2984=EDGE_CURVE('1749',#2050,#2247,#488,.T.);
#2988=EDGE_CURVE('1711',#2353,#2247,#1957,.T.);
#2992=ADVANCED_FACE('2017',(#2991),#2983,.T.);
#2998=EDGE_CURVE('1578',#2301,#2302,#500,.T.);
#3002=EDGE_CURVE('1744',#2247,#2301,#1938,.T.);
#3006=ADVANCED_FACE('1894',(#3005),#2997,.F.);
#3012=EDGE_CURVE('1616',#2301,#2025,#510,.T.);
#3014=EDGE_CURVE('1579',#2304,#2025,#496,.T.);
#3016=EDGE_CURVE('1814',#2304,#2302,#1050,.T.);
#3021=ADVANCED_FACE('2008',(#3020),#3011,.T.);
#3027=EDGE_CURVE('1438',#2025,#2026,#505,.T.);
#3030=EDGE_CURVE('1714',#2026,#2301,#515,.T.);
#3034=ADVANCED_FACE('1865',(#3033),#3026,.T.);
#3040=EDGE_CURVE('1608',#2225,#2026,#519,.T.);
#3042=EDGE_CURVE('1535',#2225,#2226,#536,.T.);
#3044=EDGE_CURVE('1523',#2008,#2226,#526,.T.);
#3046=EDGE_CURVE('1489',#2008,#2025,#951,.T.);
#3051=ADVANCED_FACE('1845',(#3050),#3039,.T.);
#3058=EDGE_CURVE('1522',#2225,#2165,#530,.T.);
#3061=EDGE_CURVE('1693',#2026,#2164,#1942,.T.);
#3065=ADVANCED_FACE('1983',(#3064),#3056,.T.);
#3071=EDGE_CURVE('1640',#2021,#2345,#544,.T.);
#3073=EDGE_CURVE('1725',#2345,#2226,#1596,.T.);
#3080=ADVANCED_FACE('1932',(#3079),#3070,.T.);
#3086=EDGE_CURVE('1647',#2249,#2347,#540,.T.);
#3088=EDGE_CURVE('1571',#2249,#2104,#1562,.T.);
#3090=EDGE_CURVE('1799',#2104,#2345,#1601,.T.);
#3097=ADVANCED_FACE('1871',(#3096),#3085,.F.);
#3103=EDGE_CURVE('1428',#1991,#1992,#548,.T.);
#3105=EDGE_CURVE('1634',#1991,#2248,#1544,.T.);
#3107=EDGE_CURVE('1539',#2248,#2249,#1573,.T.);
#3113=ADVANCED_FACE('1898',(#3112),#3102,.T.);
#3119=EDGE_CURVE('1583',#2046,#2033,#552,.T.);
#3121=EDGE_CURVE('1462',#2046,#1991,#1548,.T.);
#3127=ADVANCED_FACE('1984',(#3126),#3118,.T.);
#3133=EDGE_CURVE('1505',#2034,#2045,#560,.T.);
#3135=EDGE_CURVE('1445',#2045,#2046,#1534,.T.);
#3141=ADVANCED_FACE('1939',(#3140),#3132,.F.);
#3147=EDGE_CURVE('1735',#2038,#2312,#556,.T.);
#3149=EDGE_CURVE('1542',#2038,#2045,#1525,.T.);
#3155=ADVANCED_FACE('1928',(#3154),#3146,.T.);
#3161=EDGE_CURVE('1692',#2274,#2114,#564,.T.);
#3163=EDGE_CURVE('1596',#2274,#2038,#1510,.T.);
#3169=ADVANCED_FACE('2018',(#3168),#3160,.F.);
#3175=EDGE_CURVE('1456',#2057,#2070,#580,.T.);
#3177=EDGE_CURVE('1700',#2070,#2274,#1501,.T.);
#3180=EDGE_CURVE('1471',#2114,#2057,#1934,.T.);
#3184=ADVANCED_FACE('1975',(#3183),#3174,.T.);
#3191=EDGE_CURVE('1459',#2081,#2082,#585,.T.);
#3193=EDGE_CURVE('1467',#2106,#2082,#572,.T.);
#3195=EDGE_CURVE('1789',#2106,#2341,#1351,.T.);
#3197=EDGE_CURVE('1626',#2069,#2341,#576,.T.);
#3199=EDGE_CURVE('1454',#2069,#2070,#1492,.T.);
#3202=EDGE_CURVE('1449',#2057,#2058,#1907,.T.);
#3206=ADVANCED_FACE('1859',(#3205),#3189,.T.);
#3214=EDGE_CURVE('1653',#2082,#2349,#605,.T.);
#3218=ADVANCED_FACE('1856',(#3217),#3211,.T.);
#3226=EDGE_CURVE('1487',#2157,#2158,#623,.T.);
#3228=EDGE_CURVE('1800',#2082,#2158,#613,.T.);
#3232=ADVANCED_FACE('1955',(#3231),#3223,.T.);
#3239=EDGE_CURVE('1806',#2264,#2294,#646,.T.);
#3241=EDGE_CURVE('1684',#2158,#2294,#618,.T.);
#3247=ADVANCED_FACE('1920',(#3246),#3237,.T.);
#3253=EDGE_CURVE('1531',#2242,#2243,#636,.T.);
#3255=EDGE_CURVE('1573',#2294,#2242,#641,.T.);
#3261=ADVANCED_FACE('1988',(#3260),#3252,.T.);
#3267=EDGE_CURVE('1752',#2375,#2306,#667,.T.);
#3269=EDGE_CURVE('1669',#2242,#2306,#650,.T.);
#3275=ADVANCED_FACE('1944',(#3274),#3266,.T.);
#3281=EDGE_CURVE('1837',#2266,#1999,#680,.T.);
#3283=EDGE_CURVE('1587',#2306,#1999,#658,.T.);
#3289=ADVANCED_FACE('1979',(#3288),#3280,.T.);
#3295=EDGE_CURVE('1534',#2221,#2000,#698,.T.);
#3297=EDGE_CURVE('1430',#1999,#2000,#671,.T.);
#3303=ADVANCED_FACE('1878',(#3302),#3294,.T.);
#3309=EDGE_CURVE('1575',#2000,#2054,#689,.T.);
#3313=EDGE_CURVE('1448',#2053,#2054,#1282,.T.);
#3317=ADVANCED_FACE('1909',(#3316),#3308,.T.);
#3323=EDGE_CURVE('1637',#2062,#2256,#702,.T.);
#3325=EDGE_CURVE('1819',#2062,#2386,#1441,.T.);
#3327=EDGE_CURVE('1818',#2386,#2112,#1436,.T.);
#3329=EDGE_CURVE('1470',#2000,#2112,#706,.T.);
#3332=EDGE_CURVE('1835',#2054,#2256,#1287,.T.);
#3336=ADVANCED_FACE('1965',(#3335),#3322,.F.);
#3342=EDGE_CURVE('1498',#2181,#2061,#710,.T.);
#3344=EDGE_CURVE('1452',#2061,#2062,#1458,.T.);
#3347=EDGE_CURVE('1543',#2256,#2181,#1264,.T.);
#3351=ADVANCED_FACE('1890',(#3350),#3341,.T.);
#3357=EDGE_CURVE('1567',#1996,#2061,#723,.T.);
#3360=EDGE_CURVE('1603',#2181,#2230,#1251,.T.);
#3362=EDGE_CURVE('1793',#2230,#1996,#1228,.T.);
#3366=ADVANCED_FACE('2010',(#3365),#3356,.T.);
#3372=EDGE_CURVE('1564',#2108,#2218,#760,.T.);
#3374=EDGE_CURVE('1672',#2061,#2218,#719,.T.);
#3377=EDGE_CURVE('1518',#1996,#2108,#1214,.T.);
#3381=ADVANCED_FACE('1848',(#3380),#3371,.T.);
#3387=EDGE_CURVE('1577',#2297,#2298,#812,.T.);
#3389=EDGE_CURVE('1617',#2214,#2298,#728,.T.);
#3391=EDGE_CURVE('1516',#2214,#2090,#1780,.T.);
#3393=EDGE_CURVE('1632',#2086,#2090,#732,.T.);
#3395=EDGE_CURVE('1460',#2085,#2086,#737,.T.);
#3397=EDGE_CURVE('1592',#2085,#2310,#1355,.T.);
#3399=EDGE_CURVE('1610',#2318,#2310,#742,.T.);
#3401=EDGE_CURVE('1668',#2170,#2318,#747,.T.);
#3403=EDGE_CURVE('1493',#2170,#2171,#1388,.T.);
#3405=EDGE_CURVE('1821',#2328,#2171,#751,.T.);
#3407=EDGE_CURVE('1611',#2328,#2329,#1409,.T.);
#3409=EDGE_CURVE('2067',#2329,#2217,#756,.T.);
#3411=EDGE_CURVE('1517',#2217,#2218,#1445,.T.);
#3414=EDGE_CURVE('1595',#2108,#2314,#1209,.T.);
#3416=EDGE_CURVE('1772',#2201,#2314,#765,.T.);
#3418=EDGE_CURVE('1815',#2382,#2201,#769,.T.);
#3420=EDGE_CURVE('1766',#2308,#2382,#774,.T.);
#3422=EDGE_CURVE('1588',#2308,#2206,#1163,.T.);
#3424=EDGE_CURVE('1512',#2190,#2206,#779,.T.);
#3426=EDGE_CURVE('1826',#2190,#2284,#1136,.T.);
#3428=EDGE_CURVE('1719',#2132,#2284,#784,.T.);
#3430=EDGE_CURVE('1479',#2131,#2132,#789,.T.);
#3432=EDGE_CURVE('1739',#2287,#2131,#794,.T.);
#3434=EDGE_CURVE('1562',#2287,#2288,#870,.T.);
#3436=EDGE_CURVE('1720',#2288,#2297,#1879,.T.);
#3440=EDGE_CURVE('2093',#2389,#2390,#799,.T.);
#3442=EDGE_CURVE('2095',#2390,#2389,#804,.T.);
#3446=ADVANCED_FACE('1957',(#3439,#3445),#3386,.F.);
#3452=EDGE_CURVE('1507',#2197,#2198,#808,.T.);
#3454=EDGE_CURVE('1704',#2197,#2298,#1766,.T.);
#3457=EDGE_CURVE('1619',#2297,#2198,#1894,.T.);
#3461=ADVANCED_FACE('1971',(#3460),#3451,.T.);
#3467=EDGE_CURVE('1701',#2270,#2367,#820,.T.);
#3469=EDGE_CURVE('1738',#2367,#2197,#1748,.T.);
#3472=EDGE_CURVE('1589',#2198,#2270,#1902,.T.);
#3476=ADVANCED_FACE('1929',(#3475),#3466,.T.);
#3482=EDGE_CURVE('1554',#2270,#2194,#830,.T.);
#3484=EDGE_CURVE('1506',#2109,#2194,#816,.T.);
#3486=EDGE_CURVE('1803',#2109,#2367,#1740,.T.);
#3491=ADVANCED_FACE('1876',(#3490),#3481,.T.);
#3497=EDGE_CURVE('1792',#2194,#2384,#825,.T.);
#3500=EDGE_CURVE('1776',#2384,#2270,#835,.T.);
#3504=ADVANCED_FACE('1846',(#3503),#3496,.T.);
#3510=EDGE_CURVE('1782',#2351,#2371,#853,.T.);
#3512=EDGE_CURVE('1825',#2194,#2371,#839,.T.);
#3515=EDGE_CURVE('1839',#2351,#2384,#843,.T.);
#3519=ADVANCED_FACE('1870',(#3518),#3509,.T.);
#3525=EDGE_CURVE('1794',#2371,#2355,#848,.T.);
#3528=EDGE_CURVE('1660',#2355,#2351,#858,.T.);
#3532=ADVANCED_FACE('1938',(#3531),#3524,.T.);
#3538=EDGE_CURVE('1718',#2209,#2355,#862,.T.);
#3540=EDGE_CURVE('1513',#2209,#2210,#1702,.T.);
#3542=EDGE_CURVE('1713',#2371,#2210,#866,.T.);
#3547=ADVANCED_FACE('1926',(#3546),#3537,.T.);
#3553=EDGE_CURVE('1556',#2212,#2258,#874,.T.);
#3555=EDGE_CURVE('1544',#2258,#2209,#1735,.T.);
#3558=EDGE_CURVE('1721',#2355,#2212,#1867,.T.);
#3562=ADVANCED_FACE('1936',(#3561),#3552,.T.);
#3569=EDGE_CURVE('1649',#2287,#2258,#884,.T.);
#3572=EDGE_CURVE('1572',#2212,#2288,#1863,.T.);
#3576=ADVANCED_FACE('1908',(#3575),#3567,.T.);
#3582=EDGE_CURVE('1494',#2131,#2149,#894,.T.);
#3584=EDGE_CURVE('1656',#2258,#2149,#879,.T.);
#3590=ADVANCED_FACE('1968',(#3589),#3581,.T.);
#3596=EDGE_CURVE('1659',#2132,#2150,#904,.T.);
#3598=EDGE_CURVE('1485',#2149,#2150,#889,.T.);
#3604=ADVANCED_FACE('1996',(#3603),#3595,.T.);
#3610=EDGE_CURVE('1686',#2150,#2365,#899,.T.);
#3614=EDGE_CURVE('1712',#2284,#2365,#1122,.T.);
#3618=ADVANCED_FACE('1901',(#3617),#3609,.T.);
#3624=EDGE_CURVE('1541',#2253,#2254,#928,.T.);
#3626=EDGE_CURVE('1607',#2254,#2245,#1642,.T.);
#3628=EDGE_CURVE('1687',#2178,#2245,#914,.T.);
#3630=EDGE_CURVE('1497',#2178,#2179,#1727,.T.);
#3632=EDGE_CURVE('1762',#2150,#2179,#918,.T.);
#3635=EDGE_CURVE('1702',#2365,#2253,#1117,.T.);
#3639=ADVANCED_FACE('1867',(#3638),#3623,.T.);
#3645=EDGE_CURVE('1786',#2238,#2138,#989,.T.);
#3647=EDGE_CURVE('1576',#2254,#2138,#923,.T.);
#3650=EDGE_CURVE('1601',#2253,#2238,#1099,.T.);
#3654=ADVANCED_FACE('1923',(#3653),#3644,.T.);
#3660=EDGE_CURVE('1514',#2029,#2159,#933,.T.);
#3662=EDGE_CURVE('1440',#2029,#2030,#1022,.T.);
#3664=EDGE_CURVE('1801',#2337,#2030,#938,.T.);
#3666=EDGE_CURVE('1829',#2321,#2337,#942,.T.);
#3668=EDGE_CURVE('1663',#2304,#2321,#947,.T.);
#3672=EDGE_CURVE('1433',#2007,#2008,#956,.T.);
#3674=EDGE_CURVE('1798',#2192,#2007,#961,.T.);
#3676=EDGE_CURVE('1504',#2145,#2192,#965,.T.);
#3678=EDGE_CURVE('1483',#2145,#2146,#1538,.T.);
#3680=EDGE_CURVE('1730',#2037,#2146,#970,.T.);
#3682=EDGE_CURVE('1724',#2273,#2037,#975,.T.);
#3684=EDGE_CURVE('1582',#2273,#2175,#1505,.T.);
#3686=EDGE_CURVE('1495',#2174,#2175,#980,.T.);
#3688=EDGE_CURVE('1771',#2235,#2174,#984,.T.);
#3690=EDGE_CURVE('1827',#2235,#2138,#1624,.T.);
#3693=EDGE_CURVE('1811',#2238,#2159,#1094,.T.);
#3697=EDGE_CURVE('2097',#2397,#2398,#994,.T.);
#3699=EDGE_CURVE('2099',#2398,#2397,#999,.T.);
#3703=ADVANCED_FACE('1882',(#3696,#3702),#3659,.F.);
#3721=EDGE_CURVE('1644',#2029,#2228,#1004,.T.);
#3724=EDGE_CURVE('1488',#2118,#2159,#1013,.T.);
#3726=EDGE_CURVE('1524',#2228,#2118,#1018,.T.);
#3730=ADVANCED_FACE('1873',(#3729),#3720,.T.);
#3736=EDGE_CURVE('1496',#2098,#2030,#1036,.T.);
#3740=EDGE_CURVE('1633',#2098,#2228,#1026,.T.);
#3744=ADVANCED_FACE('1991',(#3743),#3735,.T.);
#3750=EDGE_CURVE('1623',#2337,#2097,#1031,.T.);
#3754=EDGE_CURVE('1464',#2097,#2098,#1041,.T.);
#3758=ADVANCED_FACE('2014',(#3757),#3749,.T.);
#3764=EDGE_CURVE('1605',#2012,#2321,#1055,.T.);
#3771=ADVANCED_FACE('1910',(#3770),#3763,.T.);
#3783=ADVANCED_FACE('1985',(#3782),#3776,.T.);
#3791=EDGE_CURVE('1812',#2041,#2098,#1068,.T.);
#3793=EDGE_CURVE('1444',#2041,#2042,#1182,.T.);
#3797=ADVANCED_FACE('1899',(#3796),#3788,.F.);
#3805=EDGE_CURVE('1599',#2228,#2290,#1082,.T.);
#3807=EDGE_CURVE('1763',#2290,#2041,#1167,.T.);
#3811=EDGE_CURVE('2315',#2418,#2409,#1299,.T.);
#3813=EDGE_CURVE('2306',#2417,#2418,#1073,.T.);
#3815=EDGE_CURVE('2312',#2410,#2417,#1788,.T.);
#3817=EDGE_CURVE('2276',#2409,#2410,#1078,.T.);
#3821=ADVANCED_FACE('1980',(#3810,#3820),#3802,.T.);
#3829=EDGE_CURVE('1472',#2117,#2118,#1086,.T.);
#3831=EDGE_CURVE('1728',#2117,#2290,#1159,.T.);
#3835=ADVANCED_FACE('1977',(#3834),#3826,.T.);
#3842=EDGE_CURVE('1746',#2118,#2239,#1090,.T.);
#3844=EDGE_CURVE('1754',#2239,#2283,#1113,.T.);
#3846=EDGE_CURVE('1621',#2283,#2117,#1149,.T.);
#3850=ADVANCED_FACE('1913',(#3849),#3840,.F.);
#3856=EDGE_CURVE('1530',#2238,#2239,#1109,.T.);
#3863=ADVANCED_FACE('1897',(#3862),#3855,.T.);
#3870=EDGE_CURVE('1580',#2239,#2253,#1104,.T.);
#3875=ADVANCED_FACE('1858',(#3874),#3868,.T.);
#3881=EDGE_CURVE('1784',#2365,#2283,#1132,.T.);
#3888=ADVANCED_FACE('1884',(#3887),#3880,.T.);
#3895=EDGE_CURVE('1561',#2283,#2284,#1127,.T.);
#3900=ADVANCED_FACE('1853',(#3899),#3893,.T.);
#3908=EDGE_CURVE('1503',#2117,#2190,#1145,.T.);
#3913=ADVANCED_FACE('1924',(#3912),#3905,.T.);
#3933=EDGE_CURVE('1565',#2290,#2206,#1154,.T.);
#3938=ADVANCED_FACE('1864',(#3937),#3930,.T.);
#3946=EDGE_CURVE('1770',#2308,#2041,#1172,.T.);
#3951=ADVANCED_FACE('1931',(#3950),#3943,.T.);
#3959=EDGE_CURVE('1756',#2042,#2382,#1177,.T.);
#3964=ADVANCED_FACE('1970',(#3963),#3956,.T.);
#3972=EDGE_CURVE('1510',#2201,#2202,#1191,.T.);
#3977=ADVANCED_FACE('1998',(#3976),#3969,.T.);
#3985=EDGE_CURVE('1613',#2333,#2314,#1196,.T.);
#3990=ADVANCED_FACE('1918',(#3989),#3982,.T.);
#3996=EDGE_CURVE('1468',#2108,#1995,#1224,.T.);
#4003=ADVANCED_FACE('1999',(#4002),#3995,.T.);
#4010=EDGE_CURVE('1429',#1995,#1996,#1219,.T.);
#4015=ADVANCED_FACE('2005',(#4014),#4008,.T.);
#4023=EDGE_CURVE('1529',#2230,#2101,#1237,.T.);
#4028=ADVANCED_FACE('1974',(#4027),#4020,.T.);
#4035=EDGE_CURVE('1525',#2102,#2230,#1242,.T.);
#4040=ADVANCED_FACE('1861',(#4039),#4033,.T.);
#4047=EDGE_CURVE('1753',#2343,#2181,#1260,.T.);
#4053=ADVANCED_FACE('1885',(#4052),#4045,.T.);
#4061=EDGE_CURVE('1631',#2325,#2256,#1273,.T.);
#4066=ADVANCED_FACE('1912',(#4065),#4058,.T.);
#4078=ADVANCED_FACE('1887',(#4077),#4071,.T.);
#4084=EDGE_CURVE('2314',#2405,#2414,#1291,.T.);
#4086=EDGE_CURVE('2310',#2414,#2418,#1295,.T.);
#4089=EDGE_CURVE('2280',#2405,#2409,#1804,.T.);
#4093=ADVANCED_FACE('2140',(#4092),#4083,.F.);
#4099=EDGE_CURVE('1590',#2260,#2089,#1313,.T.);
#4101=EDGE_CURVE('1675',#2089,#2276,#1784,.T.);
#4103=EDGE_CURVE('1557',#2276,#2110,#1744,.T.);
#4105=EDGE_CURVE('1538',#2110,#2231,#1669,.T.);
#4107=EDGE_CURVE('1574',#2231,#2137,#1638,.T.);
#4109=EDGE_CURVE('1568',#2137,#2260,#1620,.T.);
#4113=EDGE_CURVE('2313',#2413,#2406,#1792,.T.);
#4115=EDGE_CURVE('2303',#2413,#2414,#1304,.T.);
#4118=EDGE_CURVE('2273',#2405,#2406,#1309,.T.);
#4122=ADVANCED_FACE('1872',(#4112,#4121),#4098,.T.);
#4128=EDGE_CURVE('1779',#2077,#2089,#1332,.T.);
#4131=EDGE_CURVE('1622',#2260,#2078,#1606,.T.);
#4133=EDGE_CURVE('1458',#2077,#2078,#1317,.T.);
#4137=ADVANCED_FACE('1976',(#4136),#4127,.T.);
#4143=EDGE_CURVE('1643',#2090,#2077,#1322,.T.);
#4145=EDGE_CURVE('1461',#2089,#2090,#1327,.T.);
#4150=ADVANCED_FACE('1990',(#4149),#4142,.T.);
#4156=EDGE_CURVE('1694',#2341,#2086,#1346,.T.);
#4160=EDGE_CURVE('1778',#2341,#2077,#1336,.T.);
#4164=ADVANCED_FACE('1948',(#4163),#4155,.T.);
#4170=EDGE_CURVE('1674',#2085,#2106,#1341,.T.);
#4177=ADVANCED_FACE('2011',(#4176),#4169,.T.);
#4183=EDGE_CURVE('1817',#2183,#2310,#1364,.T.);
#4187=EDGE_CURVE('1509',#2183,#2106,#1359,.T.);
#4191=ADVANCED_FACE('1940',(#4190),#4182,.T.);
#4197=EDGE_CURVE('1598',#2189,#2318,#1379,.T.);
#4201=EDGE_CURVE('1560',#2189,#2183,#1369,.T.);
#4205=ADVANCED_FACE('1962',(#4204),#4196,.T.);
#4211=EDGE_CURVE('1823',#2170,#2188,#1374,.T.);
#4215=EDGE_CURVE('1502',#2188,#2189,#1384,.T.);
#4219=ADVANCED_FACE('1952',(#4218),#4210,.T.);
#4225=EDGE_CURVE('1831',#2363,#2171,#1401,.T.);
#4229=EDGE_CURVE('1683',#2363,#2188,#1392,.T.);
#4233=ADVANCED_FACE('1911',(#4232),#4224,.T.);
#4239=EDGE_CURVE('1824',#2292,#2328,#1418,.T.);
#4243=EDGE_CURVE('1729',#2292,#2363,#1405,.T.);
#4247=ADVANCED_FACE('1922',(#4246),#4238,.T.);
#4253=EDGE_CURVE('1673',#2112,#2329,#1431,.T.);
#4257=EDGE_CURVE('1570',#2112,#2292,#1422,.T.);
#4261=ADVANCED_FACE('2001',(#4260),#4252,.T.);
#4267=EDGE_CURVE('1679',#2062,#2217,#1454,.T.);
#4275=ADVANCED_FACE('2003',(#4274),#4266,.T.);
#4287=ADVANCED_FACE('1961',(#4286),#4280,.T.);
#4295=EDGE_CURVE('1690',#1999,#2292,#1462,.T.);
#4300=ADVANCED_FACE('1886',(#4299),#4292,.T.);
#4308=EDGE_CURVE('1765',#2306,#2363,#1466,.T.);
#4313=ADVANCED_FACE('1905',(#4312),#4305,.T.);
#4319=EDGE_CURVE('1734',#2188,#2242,#1470,.T.);
#4326=ADVANCED_FACE('1889',(#4325),#4318,.F.);
#4334=EDGE_CURVE('1682',#2294,#2189,#1474,.T.);
#4339=ADVANCED_FACE('1847',(#4338),#4331,.T.);
#4347=EDGE_CURVE('1499',#2158,#2183,#1478,.T.);
#4352=ADVANCED_FACE('1921',(#4351),#4344,.F.);
#4364=ADVANCED_FACE('1843',(#4363),#4357,.T.);
#4371=EDGE_CURVE('1667',#2078,#2069,#1482,.T.);
#4377=ADVANCED_FACE('1993',(#4376),#4369,.T.);
#4383=EDGE_CURVE('1604',#2174,#2069,#1497,.T.);
#4386=EDGE_CURVE('1528',#2078,#2235,#1616,.T.);
#4391=ADVANCED_FACE('1925',(#4390),#4382,.T.);
#4397=EDGE_CURVE('1661',#2070,#2175,#1487,.T.);
#4404=ADVANCED_FACE('1969',(#4403),#4396,.T.);
#4410=EDGE_CURVE('1555',#2273,#2274,#1515,.T.);
#4417=ADVANCED_FACE('1895',(#4416),#4409,.T.);
#4423=EDGE_CURVE('1442',#2037,#2038,#1530,.T.);
#4430=ADVANCED_FACE('1946',(#4429),#4422,.T.);
#4436=EDGE_CURVE('1508',#2045,#2146,#1520,.T.);
#4443=ADVANCED_FACE('1967',(#4442),#4435,.T.);
#4449=EDGE_CURVE('1584',#2145,#2046,#1557,.T.);
#4456=ADVANCED_FACE('1893',(#4455),#4448,.T.);
#4462=EDGE_CURVE('1586',#2192,#2248,#1580,.T.);
#4470=ADVANCED_FACE('1880',(#4469),#4461,.T.);
#4480=EDGE_CURVE('1466',#2007,#2104,#1585,.T.);
#4484=ADVANCED_FACE('1860',(#4483),#4475,.T.);
#4497=ADVANCED_FACE('1935',(#4496),#4489,.T.);
#4504=EDGE_CURVE('1548',#2235,#2260,#1611,.T.);
#4509=ADVANCED_FACE('1981',(#4508),#4502,.T.);
#4517=EDGE_CURVE('1481',#2137,#2138,#1629,.T.);
#4522=ADVANCED_FACE('1879',(#4521),#4514,.T.);
#4529=EDGE_CURVE('1761',#2254,#2137,#1634,.T.);
#4534=ADVANCED_FACE('1855',(#4533),#4527,.T.);
#4542=EDGE_CURVE('1532',#2231,#2245,#1647,.T.);
#4547=ADVANCED_FACE('1958',(#4546),#4539,.T.);
#4671=EDGE_CURVE('1526',#2231,#2223,#1665,.T.);
#4673=EDGE_CURVE('1521',#2178,#2223,#1652,.T.);
#4678=ADVANCED_FACE('1937',(#4677),#4669,.T.);
#4684=EDGE_CURVE('1627',#2223,#2109,#1656,.T.);
#4688=EDGE_CURVE('1469',#2109,#2110,#1682,.T.);
#4692=ADVANCED_FACE('1950',(#4691),#4683,.F.);
#4699=EDGE_CURVE('1722',#2335,#2210,#1687,.T.);
#4701=EDGE_CURVE('1804',#2268,#2335,#1692,.T.);
#4703=EDGE_CURVE('1731',#2223,#2268,#1697,.T.);
#4710=ADVANCED_FACE('1941',(#4709),#4697,.F.);
#4716=EDGE_CURVE('1618',#2262,#2335,#1712,.T.);
#4720=EDGE_CURVE('1807',#2262,#2209,#1707,.T.);
#4724=ADVANCED_FACE('1896',(#4723),#4715,.T.);
#4730=EDGE_CURVE('1552',#2179,#2268,#1722,.T.);
#4734=EDGE_CURVE('1783',#2179,#2262,#1717,.T.);
#4738=ADVANCED_FACE('1881',(#4737),#4729,.T.);
#4750=ADVANCED_FACE('1906',(#4749),#4743,.T.);
#4756=EDGE_CURVE('1549',#2149,#2262,#1731,.T.);
#4763=ADVANCED_FACE('1987',(#4762),#4755,.F.);
#4775=ADVANCED_FACE('1956',(#4774),#4768,.T.);
#4922=EDGE_CURVE('1775',#2110,#2367,#1761,.T.);
#4926=ADVANCED_FACE('1852',(#4925),#4919,.T.);
#4933=EDGE_CURVE('1727',#2276,#2197,#1771,.T.);
#4939=ADVANCED_FACE('1927',(#4938),#4931,.F.);
#4948=EDGE_CURVE('1732',#2214,#2276,#1776,.T.);
#4952=ADVANCED_FACE('1844',(#4951),#4944,.T.);
#4964=ADVANCED_FACE('2004',(#4963),#4957,.T.);
#4971=EDGE_CURVE('2309',#2413,#2417,#1800,.T.);
#4974=EDGE_CURVE('2281',#2406,#2410,#1796,.T.);
#4978=ADVANCED_FACE('2136',(#4977),#4969,.F.);
#4990=ADVANCED_FACE('2297',(#4989),#4983,.F.);
#5002=ADVANCED_FACE('2268',(#5001),#4995,.F.);
#5009=EDGE_CURVE('2105',#2398,#2402,#1812,.T.);
#5011=EDGE_CURVE('2098',#2401,#2402,#1844,.T.);
#5013=EDGE_CURVE('2106',#2397,#2401,#1808,.T.);
#5017=ADVANCED_FACE('2090',(#5016),#5007,.F.);
#5025=EDGE_CURVE('2100',#2402,#2401,#1822,.T.);
#5030=ADVANCED_FACE('2085',(#5029),#5022,.F.);
#5036=EDGE_CURVE('2094',#2393,#2394,#1817,.T.);
#5038=EDGE_CURVE('2102',#2394,#2402,#1848,.T.);
#5041=EDGE_CURVE('2101',#2393,#2401,#1826,.T.);
#5045=ADVANCED_FACE('2046',(#5044),#5035,.F.);
#5052=EDGE_CURVE('2103',#2390,#2394,#1834,.T.);
#5055=EDGE_CURVE('2104',#2389,#2393,#1830,.T.);
#5059=ADVANCED_FACE('2082',(#5058),#5050,.F.);
#5067=EDGE_CURVE('2096',#2394,#2393,#1839,.T.);
#5072=ADVANCED_FACE('2077',(#5071),#5064,.F.);
#5084=ADVANCED_FACE('2048',(#5083),#5077,.F.);
#5090=EDGE_CURVE('1515',#2154,#2212,#1853,.T.);
#5092=EDGE_CURVE('1569',#2288,#2154,#1858,.T.);
#5097=ADVANCED_FACE('1900',(#5096),#5089,.T.);
#5106=EDGE_CURVE('1654',#2154,#2351,#1871,.T.);
#5110=ADVANCED_FACE('1949',(#5109),#5102,.T.);
#5116=EDGE_CURVE('1486',#2153,#2154,#1875,.T.);
#5120=EDGE_CURVE('1777',#2384,#2153,#1898,.T.);
#5124=ADVANCED_FACE('1904',(#5123),#5115,.T.);
#5132=EDGE_CURVE('1676',#2153,#2297,#1884,.T.);
#5137=ADVANCED_FACE('1919',(#5136),#5129,.T.);
#5144=EDGE_CURVE('1769',#2198,#2153,#1889,.T.);
#5149=ADVANCED_FACE('1986',(#5148),#5142,.T.);
#5161=ADVANCED_FACE('1888',(#5160),#5154,.T.);
#5168=EDGE_CURVE('1651',#2339,#2057,#1912,.T.);
#5173=ADVANCED_FACE('2016',(#5172),#5166,.T.);
#5185=ADVANCED_FACE('1933',(#5184),#5178,.T.);
#5193=EDGE_CURVE('1537',#2247,#2164,#1952,.T.);
#5198=ADVANCED_FACE('1973',(#5197),#5190,.T.);
#5209=ADVANCED_FACE('1978',(#5208),#5203,.T.);
#5217=EDGE_CURVE('1830',#2359,#2361,#1974,.T.);
#5222=ADVANCED_FACE('1916',(#5221),#5214,.T.);
#5234=ADVANCED_FACE('1914',(#5233),#5227,.T.);
#5235=CLOSED_SHELL('',(#2434,#2457,#2472,#2487,#2502,#2541,#2580,#2597,#2612,
#2627,#2642,#2657,#2676,#2691,#2706,#2736,#2765,#2779,#2793,#2807,#2821,#2835,
#2848,#2862,#2876,#2889,#2902,#2915,#2927,#2940,#2952,#2965,#2978,#2992,#3006,
#3021,#3034,#3051,#3065,#3080,#3097,#3113,#3127,#3141,#3155,#3169,#3184,#3206,
#3218,#3232,#3247,#3261,#3275,#3289,#3303,#3317,#3336,#3351,#3366,#3381,#3446,
#3461,#3476,#3491,#3504,#3519,#3532,#3547,#3562,#3576,#3590,#3604,#3618,#3639,
#3654,#3703,#3730,#3744,#3758,#3771,#3783,#3797,#3821,#3835,#3850,#3863,#3875,
#3888,#3900,#3913,#3938,#3951,#3964,#3977,#3990,#4003,#4015,#4028,#4040,#4053,
#4066,#4078,#4093,#4122,#4137,#4150,#4164,#4177,#4191,#4205,#4219,#4233,#4247,
#4261,#4275,#4287,#4300,#4313,#4326,#4339,#4352,#4364,#4377,#4391,#4404,#4417,
#4430,#4443,#4456,#4470,#4484,#4497,#4509,#4522,#4534,#4547,#4678,#4692,#4710,
#4724,#4738,#4750,#4763,#4775,#4926,#4939,#4952,#4964,#4978,#4990,#5002,#5017,
#5030,#5045,#5059,#5072,#5084,#5097,#5110,#5124,#5137,#5149,#5161,#5173,#5185,
#5198,#5209,#5222,#5234));
#5236=MANIFOLD_SOLID_BREP('',#5235);
#5238=(LENGTH_UNIT()NAMED_UNIT(*)SI_UNIT(.MILLI.,.METRE.));
#5239=(NAMED_UNIT(*)PLANE_ANGLE_UNIT()SI_UNIT($,.RADIAN.));
#5242=(NAMED_UNIT(*)SI_UNIT($,.STERADIAN.)SOLID_ANGLE_UNIT());
#5244=(GEOMETRIC_REPRESENTATION_CONTEXT(3)GLOBAL_UNCERTAINTY_ASSIGNED_CONTEXT((
#5243))GLOBAL_UNIT_ASSIGNED_CONTEXT((#5238,#5241,#5242))REPRESENTATION_CONTEXT(
'ID1','3'));
#5245=ADVANCED_BREP_SHAPE_REPRESENTATION('',(#5236),#5244);
#5252=PRODUCT_DEFINITION('design','',#5251,#5248);
#5253=PRODUCT_DEFINITION_SHAPE('','SHAPE FOR _0003.',#5252);
#5254=SHAPE_ASPECT('','solid data associated with _0003',#5253,.F.);
#5255=PROPERTY_DEFINITION('',
'shape for solid data with which properties are associated',#5254);
#5256=SHAPE_REPRESENTATION('',(#5236),#5244);
#5257=SHAPE_DEFINITION_REPRESENTATION(#5255,#5256);
#5258=(LENGTH_UNIT()NAMED_UNIT(*)SI_UNIT(.MILLI.,.METRE.));
#5262=PROPERTY_DEFINITION('geometric validation property','area of _0003',
#5254);
#5263=REPRESENTATION('surface area',(#5261),#5244);
#5264=PROPERTY_DEFINITION_REPRESENTATION(#5262,#5263);
#5265=(LENGTH_UNIT()NAMED_UNIT(*)SI_UNIT(.MILLI.,.METRE.));
#5269=PROPERTY_DEFINITION('geometric validation property','volume of _0003',
#5254);
#5270=REPRESENTATION('volume',(#5268),#5244);
#5271=PROPERTY_DEFINITION_REPRESENTATION(#5269,#5270);
#5273=PROPERTY_DEFINITION('geometric validation property','centroid of _0003',
#5254);
#5274=REPRESENTATION('centroid',(#5272),#5244);
#5275=PROPERTY_DEFINITION_REPRESENTATION(#5273,#5274);
#5276=(LENGTH_UNIT()NAMED_UNIT(*)SI_UNIT(.MILLI.,.METRE.));
#5280=PROPERTY_DEFINITION('geometric validation property','area of _0003',
#5253);
#5281=REPRESENTATION('surface area',(#5279),#5244);
#5282=PROPERTY_DEFINITION_REPRESENTATION(#5280,#5281);
#5283=(LENGTH_UNIT()NAMED_UNIT(*)SI_UNIT(.MILLI.,.METRE.));
#5287=PROPERTY_DEFINITION('geometric validation property','volume of _0003',
#5253);
#5288=REPRESENTATION('volume',(#5286),#5244);
#5289=PROPERTY_DEFINITION_REPRESENTATION(#5287,#5288);
#5291=PROPERTY_DEFINITION('geometric validation property','centroid of _0003',
#5253);
#5292=REPRESENTATION('centroid',(#5290),#5244);
#5293=PROPERTY_DEFINITION_REPRESENTATION(#5291,#5292);
#5294=SHAPE_DEFINITION_REPRESENTATION(#5253,#5245);
ENDSEC;
END-ISO-10303-21;
