ISO-10303-21;
HEADER;
/* Generated by software containing ST-Developer
 * from STEP Tools, Inc. (www.steptools.com) 
 */

FILE_DESCRIPTION(
/* description */ (''),
/* implementation_level */ '2;1');

FILE_NAME(
/* name */ '',
/* time_stamp */ '2026-01-15T02:48:08+08:00',
/* author */ ('ACE'),
/* organization */ (''),
/* preprocessor_version */ 'ST-DEVELOPER v20',
/* originating_system */ 'Autodesk Inventor 2025',
/* authorisation */ '');

FILE_SCHEMA (('AUTOMOTIVE_DESIGN { 1 0 10303 214 3 1 1 }'));
ENDSEC;

DATA;
#10=MECHANICAL_DESIGN_GEOMETRIC_PRESENTATION_REPRESENTATION('',(#13),#2921);
#11=SHAPE_REPRESENTATION_RELATIONSHIP('SRR','None',#2928,#12);
#12=ADVANCED_BREP_SHAPE_REPRESENTATION('',(#14),#2920);
#13=STYLED_ITEM('',(#2937),#14);
#14=MANIFOLD_SOLID_BREP('\X2\5B9E4F53\X0\1',#1610);
#15=SPHERICAL_SURFACE('',#1740,11.75);
#16=(
BOUNDED_SURFACE()
B_SPLINE_SURFACE(2,2,((#2533,#2534,#2535),(#2536,#2537,#2538),(#2539,#2540,
#2541)),.UNSPECIFIED.,.F.,.F.,.F.)
B_SPLINE_SURFACE_WITH_KNOTS((3,3),(3,3),(-1.41710504039335E-18,1.5707963267949),
(-3.14159265358917,-1.5707963267949),.UNSPECIFIED.)
GEOMETRIC_REPRESENTATION_ITEM()
RATIONAL_B_SPLINE_SURFACE(((1.,0.707106781186767,1.),(0.707106781186546,
0.500000000000154,0.707106781186546),(1.,0.707106781186767,1.)))
REPRESENTATION_ITEM('')
SURFACE()
);
#17=(
BOUNDED_SURFACE()
B_SPLINE_SURFACE(2,2,((#2549,#2550,#2551),(#2552,#2553,#2554),(#2555,#2556,
#2557)),.UNSPECIFIED.,.F.,.F.,.F.)
B_SPLINE_SURFACE_WITH_KNOTS((3,3),(3,3),(-1.41710493559025E-18,1.5707963267949),
(-1.5707963267949,-5.32907051820076E-14),.UNSPECIFIED.)
GEOMETRIC_REPRESENTATION_ITEM()
RATIONAL_B_SPLINE_SURFACE(((1.,0.707106781186566,1.),(0.707106781186546,
0.500000000000012,0.707106781186546),(1.,0.707106781186566,1.)))
REPRESENTATION_ITEM('')
SURFACE()
);
#18=(
BOUNDED_SURFACE()
B_SPLINE_SURFACE(2,2,((#2773,#2774,#2775),(#2776,#2777,#2778),(#2779,#2780,
#2781)),.UNSPECIFIED.,.F.,.F.,.F.)
B_SPLINE_SURFACE_WITH_KNOTS((3,3),(3,3),(-1.30839883155852E-15,1.57079632679499),
(-1.57079632679498,0.),.UNSPECIFIED.)
GEOMETRIC_REPRESENTATION_ITEM()
RATIONAL_B_SPLINE_SURFACE(((1.,0.707106781186517,1.),(0.707106781186534,
0.499999999999969,0.707106781186534),(1.,0.707106781186517,1.)))
REPRESENTATION_ITEM('')
SURFACE()
);
#19=(
BOUNDED_SURFACE()
B_SPLINE_SURFACE(2,2,((#2785,#2786,#2787),(#2788,#2789,#2790),(#2791,#2792,
#2793)),.UNSPECIFIED.,.F.,.F.,.F.)
B_SPLINE_SURFACE_WITH_KNOTS((3,3),(3,3),(-1.30839883155852E-15,1.57079632679499),
(0.,1.57079632679498),.UNSPECIFIED.)
GEOMETRIC_REPRESENTATION_ITEM()
RATIONAL_B_SPLINE_SURFACE(((1.,0.707106781186517,1.),(0.707106781186534,
0.499999999999969,0.707106781186534),(1.,0.707106781186517,1.)))
REPRESENTATION_ITEM('')
SURFACE()
);
#20=ELLIPSE('',#1676,0.707106781186108,0.5);
#21=ELLIPSE('',#1679,0.707106781186987,0.5);
#22=B_SPLINE_CURVE_WITH_KNOTS('',3,(#2479,#2480,#2481,#2482,#2483,#2484,
#2485,#2486,#2487,#2488,#2489,#2490,#2491,#2492),.UNSPECIFIED.,.F.,.F.,
(4,2,2,2,2,2,4),(-0.00035989488289498,0.,0.0138733616246009,0.0275899636004614,
0.0485224148614068,0.0669043309674861,0.0841507539040642),.UNSPECIFIED.);
#23=B_SPLINE_CURVE_WITH_KNOTS('',3,(#2495,#2496,#2497,#2498,#2499,#2500,
#2501,#2502,#2503,#2504,#2505,#2506,#2507,#2508),.UNSPECIFIED.,.F.,.F.,
(4,2,2,2,2,2,4),(-0.0841579316783609,-0.0837995388675034,-0.0699840796737697,
-0.0563247258702789,-0.0354796391461178,-0.0171744425587271,0.),
 .UNSPECIFIED.);
#24=B_SPLINE_CURVE_WITH_KNOTS('',3,(#2669,#2670,#2671,#2672,#2673,#2674),
 .UNSPECIFIED.,.F.,.F.,(4,2,4),(-8.43769498715358E-14,0.430600790207809,
0.451498745476221),.UNSPECIFIED.);
#25=B_SPLINE_CURVE_WITH_KNOTS('',3,(#2678,#2679,#2680,#2681,#2682,#2683),
 .UNSPECIFIED.,.F.,.F.,(4,2,4),(1.93024984279312,1.95114779806118,2.38174858826908),
 .UNSPECIFIED.);
#26=TOROIDAL_SURFACE('',#1672,10.1525903259185,0.5);
#27=TOROIDAL_SURFACE('',#1680,3.5,0.5);
#28=TOROIDAL_SURFACE('',#1683,1.,0.5);
#29=TOROIDAL_SURFACE('',#1697,4.5,0.5);
#30=TOROIDAL_SURFACE('',#1702,4.5,0.5);
#31=TOROIDAL_SURFACE('',#1706,4.5,0.5);
#32=TOROIDAL_SURFACE('',#1711,4.5,0.5);
#33=TOROIDAL_SURFACE('',#1761,1.,0.5);
#34=TOROIDAL_SURFACE('',#1765,3.5,0.5);
#35=CONICAL_SURFACE('',#1642,2.2,0.78539816339745);
#36=CONICAL_SURFACE('',#1651,11.4831538290775,0.436332312998629);
#37=CONICAL_SURFACE('',#1795,1.85,0.785398163397448);
#38=CONICAL_SURFACE('',#1799,1.85,0.785398163397448);
#39=CONICAL_SURFACE('',#1803,3.4,0.785398163397448);
#40=CONICAL_SURFACE('',#1812,1.85,0.785398163397448);
#41=CONICAL_SURFACE('',#1820,0.85,0.785398163397448);
#42=CONICAL_SURFACE('',#1825,0.85,0.785398163397448);
#43=CONICAL_SURFACE('',#1833,0.6,0.785398163397448);
#44=CONICAL_SURFACE('',#1838,0.6,0.785398163397448);
#45=CONICAL_SURFACE('',#1843,11.4,0.785398163397448);
#46=CONICAL_SURFACE('',#1846,4.2,0.785398163397448);
#47=LINE('',#2392,#152);
#48=LINE('',#2396,#153);
#49=LINE('',#2403,#154);
#50=LINE('',#2410,#155);
#51=LINE('',#2415,#156);
#52=LINE('',#2420,#157);
#53=LINE('',#2427,#158);
#54=LINE('',#2433,#159);
#55=LINE('',#2437,#160);
#56=LINE('',#2441,#161);
#57=LINE('',#2443,#162);
#58=LINE('',#2447,#163);
#59=LINE('',#2451,#164);
#60=LINE('',#2455,#165);
#61=LINE('',#2459,#166);
#62=LINE('',#2462,#167);
#63=LINE('',#2476,#168);
#64=LINE('',#2512,#169);
#65=LINE('',#2518,#170);
#66=LINE('',#2532,#171);
#67=LINE('',#2548,#172);
#68=LINE('',#2562,#173);
#69=LINE('',#2565,#174);
#70=LINE('',#2574,#175);
#71=LINE('',#2580,#176);
#72=LINE('',#2588,#177);
#73=LINE('',#2594,#178);
#74=LINE('',#2597,#179);
#75=LINE('',#2600,#180);
#76=LINE('',#2603,#181);
#77=LINE('',#2606,#182);
#78=LINE('',#2609,#183);
#79=LINE('',#2610,#184);
#80=LINE('',#2613,#185);
#81=LINE('',#2617,#186);
#82=LINE('',#2618,#187);
#83=LINE('',#2621,#188);
#84=LINE('',#2625,#189);
#85=LINE('',#2626,#190);
#86=LINE('',#2629,#191);
#87=LINE('',#2633,#192);
#88=LINE('',#2637,#193);
#89=LINE('',#2638,#194);
#90=LINE('',#2641,#195);
#91=LINE('',#2644,#196);
#92=LINE('',#2647,#197);
#93=LINE('',#2650,#198);
#94=LINE('',#2653,#199);
#95=LINE('',#2654,#200);
#96=LINE('',#2657,#201);
#97=LINE('',#2662,#202);
#98=LINE('',#2687,#203);
#99=LINE('',#2688,#204);
#100=LINE('',#2691,#205);
#101=LINE('',#2694,#206);
#102=LINE('',#2700,#207);
#103=LINE('',#2703,#208);
#104=LINE('',#2717,#209);
#105=LINE('',#2730,#210);
#106=LINE('',#2733,#211);
#107=LINE('',#2737,#212);
#108=LINE('',#2740,#213);
#109=LINE('',#2757,#214);
#110=LINE('',#2761,#215);
#111=LINE('',#2765,#216);
#112=LINE('',#2769,#217);
#113=LINE('',#2797,#218);
#114=LINE('',#2799,#219);
#115=LINE('',#2806,#220);
#116=LINE('',#2809,#221);
#117=LINE('',#2814,#222);
#118=LINE('',#2817,#223);
#119=LINE('',#2821,#224);
#120=LINE('',#2825,#225);
#121=LINE('',#2830,#226);
#122=LINE('',#2833,#227);
#123=LINE('',#2837,#228);
#124=LINE('',#2843,#229);
#125=LINE('',#2846,#230);
#126=LINE('',#2848,#231);
#127=LINE('',#2849,#232);
#128=LINE('',#2853,#233);
#129=LINE('',#2858,#234);
#130=LINE('',#2859,#235);
#131=LINE('',#2862,#236);
#132=LINE('',#2865,#237);
#133=LINE('',#2867,#238);
#134=LINE('',#2870,#239);
#135=LINE('',#2873,#240);
#136=LINE('',#2875,#241);
#137=LINE('',#2879,#242);
#138=LINE('',#2881,#243);
#139=LINE('',#2882,#244);
#140=LINE('',#2886,#245);
#141=LINE('',#2891,#246);
#142=LINE('',#2892,#247);
#143=LINE('',#2895,#248);
#144=LINE('',#2898,#249);
#145=LINE('',#2900,#250);
#146=LINE('',#2903,#251);
#147=LINE('',#2906,#252);
#148=LINE('',#2908,#253);
#149=LINE('',#2911,#254);
#150=LINE('',#2914,#255);
#151=LINE('',#2917,#256);
#152=VECTOR('',#1859,2.1);
#153=VECTOR('',#1864,3.78376423647233);
#154=VECTOR('',#1873,2.20000000000001);
#155=VECTOR('',#1882,1.7);
#156=VECTOR('',#1889,3.53864238040984);
#157=VECTOR('',#1894,11.4831538290777);
#158=VECTOR('',#1901,10.);
#159=VECTOR('',#1906,10.);
#160=VECTOR('',#1909,10.);
#161=VECTOR('',#1912,10.);
#162=VECTOR('',#1913,10.);
#163=VECTOR('',#1916,10.);
#164=VECTOR('',#1919,10.);
#165=VECTOR('',#1922,10.);
#166=VECTOR('',#1925,10.);
#167=VECTOR('',#1928,10.);
#168=VECTOR('',#1943,11.25);
#169=VECTOR('',#1950,10.);
#170=VECTOR('',#1957,10.);
#171=VECTOR('',#1978,10.);
#172=VECTOR('',#1987,10.);
#173=VECTOR('',#1994,10.);
#174=VECTOR('',#1997,10.);
#175=VECTOR('',#2010,10.);
#176=VECTOR('',#2019,10.);
#177=VECTOR('',#2030,10.);
#178=VECTOR('',#2039,10.);
#179=VECTOR('',#2042,7.2);
#180=VECTOR('',#2045,10.);
#181=VECTOR('',#2048,6.7);
#182=VECTOR('',#2051,38.5);
#183=VECTOR('',#2054,6.7);
#184=VECTOR('',#2055,11.);
#185=VECTOR('',#2058,6.7);
#186=VECTOR('',#2063,6.7);
#187=VECTOR('',#2064,6.);
#188=VECTOR('',#2067,6.7);
#189=VECTOR('',#2072,6.7);
#190=VECTOR('',#2073,1.);
#191=VECTOR('',#2076,6.7);
#192=VECTOR('',#2081,6.7);
#193=VECTOR('',#2086,6.7);
#194=VECTOR('',#2087,6.258342613226);
#195=VECTOR('',#2090,10.);
#196=VECTOR('',#2093,10.);
#197=VECTOR('',#2096,7.2);
#198=VECTOR('',#2099,10.);
#199=VECTOR('',#2102,10.);
#200=VECTOR('',#2103,32.);
#201=VECTOR('',#2106,7.2);
#202=VECTOR('',#2113,1.956535426246);
#203=VECTOR('',#2126,10.);
#204=VECTOR('',#2127,21.82460503795);
#205=VECTOR('',#2130,7.2);
#206=VECTOR('',#2135,32.);
#207=VECTOR('',#2140,4.5);
#208=VECTOR('',#2143,4.5);
#209=VECTOR('',#2160,1.5);
#210=VECTOR('',#2179,6.258342613226);
#211=VECTOR('',#2182,11.);
#212=VECTOR('',#2185,6.);
#213=VECTOR('',#2188,1.);
#214=VECTOR('',#2205,10.);
#215=VECTOR('',#2208,10.);
#216=VECTOR('',#2211,8.);
#217=VECTOR('',#2214,8.);
#218=VECTOR('',#2233,4.5);
#219=VECTOR('',#2236,4.5);
#220=VECTOR('',#2245,1.85);
#221=VECTOR('',#2250,1.7);
#222=VECTOR('',#2255,1.85);
#223=VECTOR('',#2260,1.7);
#224=VECTOR('',#2265,3.4);
#225=VECTOR('',#2270,3.25);
#226=VECTOR('',#2277,1.7);
#227=VECTOR('',#2280,1.7);
#228=VECTOR('',#2285,1.85);
#229=VECTOR('',#2294,2.35);
#230=VECTOR('',#2297,2.2);
#231=VECTOR('',#2298,10.);
#232=VECTOR('',#2299,2.2);
#233=VECTOR('',#2304,2.2);
#234=VECTOR('',#2309,0.424264068711901);
#235=VECTOR('',#2310,0.424264068711901);
#236=VECTOR('',#2313,10.);
#237=VECTOR('',#2316,10.);
#238=VECTOR('',#2319,0.424264068711901);
#239=VECTOR('',#2322,0.424264068711901);
#240=VECTOR('',#2327,2.2);
#241=VECTOR('',#2330,10.);
#242=VECTOR('',#2335,2.2);
#243=VECTOR('',#2336,8.);
#244=VECTOR('',#2337,2.2);
#245=VECTOR('',#2342,2.2);
#246=VECTOR('',#2347,0.424264068711901);
#247=VECTOR('',#2348,0.424264068711901);
#248=VECTOR('',#2351,8.);
#249=VECTOR('',#2354,8.);
#250=VECTOR('',#2357,0.424264068711872);
#251=VECTOR('',#2360,0.424264068711901);
#252=VECTOR('',#2365,2.2);
#253=VECTOR('',#2368,8.);
#254=VECTOR('',#2373,11.4);
#255=VECTOR('',#2376,4.05);
#256=VECTOR('',#2381,4.2);
#257=CYLINDRICAL_SURFACE('',#1636,2.1);
#258=CYLINDRICAL_SURFACE('',#1639,3.78376423647233);
#259=CYLINDRICAL_SURFACE('',#1647,1.7);
#260=CYLINDRICAL_SURFACE('',#1649,3.53864238040984);
#261=CYLINDRICAL_SURFACE('',#1669,11.25);
#262=CYLINDRICAL_SURFACE('',#1674,0.5);
#263=CYLINDRICAL_SURFACE('',#1677,0.5);
#264=CYLINDRICAL_SURFACE('',#1686,0.5);
#265=CYLINDRICAL_SURFACE('',#1690,0.5);
#266=CYLINDRICAL_SURFACE('',#1694,0.5);
#267=CYLINDRICAL_SURFACE('',#1695,0.5);
#268=CYLINDRICAL_SURFACE('',#1700,0.5);
#269=CYLINDRICAL_SURFACE('',#1705,0.5);
#270=CYLINDRICAL_SURFACE('',#1709,0.5);
#271=CYLINDRICAL_SURFACE('',#1714,0.5);
#272=CYLINDRICAL_SURFACE('',#1715,5.);
#273=CYLINDRICAL_SURFACE('',#1720,1.);
#274=CYLINDRICAL_SURFACE('',#1723,1.);
#275=CYLINDRICAL_SURFACE('',#1726,1.5);
#276=CYLINDRICAL_SURFACE('',#1728,3.);
#277=CYLINDRICAL_SURFACE('',#1731,9.65259032591851);
#278=CYLINDRICAL_SURFACE('',#1733,5.);
#279=CYLINDRICAL_SURFACE('',#1736,5.);
#280=CYLINDRICAL_SURFACE('',#1746,5.);
#281=CYLINDRICAL_SURFACE('',#1749,2.);
#282=CYLINDRICAL_SURFACE('',#1768,0.5);
#283=CYLINDRICAL_SURFACE('',#1784,0.5);
#284=CYLINDRICAL_SURFACE('',#1787,0.5);
#285=CYLINDRICAL_SURFACE('',#1790,0.5);
#286=CYLINDRICAL_SURFACE('',#1791,13.75);
#287=CYLINDRICAL_SURFACE('',#1792,2.);
#288=CYLINDRICAL_SURFACE('',#1793,13.7);
#289=CYLINDRICAL_SURFACE('',#1794,13.75);
#290=CYLINDRICAL_SURFACE('',#1798,1.7);
#291=CYLINDRICAL_SURFACE('',#1802,1.7);
#292=CYLINDRICAL_SURFACE('',#1805,3.25);
#293=CYLINDRICAL_SURFACE('',#1809,1.7);
#294=CYLINDRICAL_SURFACE('',#1810,1.7);
#295=CYLINDRICAL_SURFACE('',#1816,2.35);
#296=CYLINDRICAL_SURFACE('',#1818,1.);
#297=CYLINDRICAL_SURFACE('',#1827,1.);
#298=CYLINDRICAL_SURFACE('',#1831,0.75);
#299=CYLINDRICAL_SURFACE('',#1840,0.75);
#300=CYLINDRICAL_SURFACE('',#1844,4.05);
#301=FACE_BOUND('',#421,.T.);
#302=FACE_BOUND('',#425,.T.);
#303=FACE_BOUND('',#428,.T.);
#304=FACE_BOUND('',#433,.T.);
#305=FACE_BOUND('',#434,.T.);
#306=FACE_BOUND('',#435,.T.);
#307=FACE_BOUND('',#436,.T.);
#308=FACE_BOUND('',#437,.T.);
#309=FACE_BOUND('',#438,.T.);
#310=FACE_BOUND('',#439,.T.);
#311=FACE_BOUND('',#481,.T.);
#312=FACE_BOUND('',#482,.T.);
#313=FACE_BOUND('',#488,.T.);
#314=FACE_BOUND('',#489,.T.);
#315=FACE_BOUND('',#490,.T.);
#316=FACE_BOUND('',#491,.T.);
#317=FACE_BOUND('',#492,.T.);
#318=FACE_BOUND('',#493,.T.);
#319=FACE_BOUND('',#494,.T.);
#320=FACE_BOUND('',#511,.T.);
#321=FACE_BOUND('',#516,.T.);
#322=FACE_OUTER_BOUND('',#420,.T.);
#323=FACE_OUTER_BOUND('',#422,.T.);
#324=FACE_OUTER_BOUND('',#423,.T.);
#325=FACE_OUTER_BOUND('',#424,.T.);
#326=FACE_OUTER_BOUND('',#426,.T.);
#327=FACE_OUTER_BOUND('',#427,.T.);
#328=FACE_OUTER_BOUND('',#429,.T.);
#329=FACE_OUTER_BOUND('',#430,.T.);
#330=FACE_OUTER_BOUND('',#431,.T.);
#331=FACE_OUTER_BOUND('',#432,.T.);
#332=FACE_OUTER_BOUND('',#440,.T.);
#333=FACE_OUTER_BOUND('',#441,.T.);
#334=FACE_OUTER_BOUND('',#442,.T.);
#335=FACE_OUTER_BOUND('',#443,.T.);
#336=FACE_OUTER_BOUND('',#444,.T.);
#337=FACE_OUTER_BOUND('',#445,.T.);
#338=FACE_OUTER_BOUND('',#446,.T.);
#339=FACE_OUTER_BOUND('',#447,.T.);
#340=FACE_OUTER_BOUND('',#448,.T.);
#341=FACE_OUTER_BOUND('',#449,.T.);
#342=FACE_OUTER_BOUND('',#450,.T.);
#343=FACE_OUTER_BOUND('',#451,.T.);
#344=FACE_OUTER_BOUND('',#452,.T.);
#345=FACE_OUTER_BOUND('',#453,.T.);
#346=FACE_OUTER_BOUND('',#454,.T.);
#347=FACE_OUTER_BOUND('',#455,.T.);
#348=FACE_OUTER_BOUND('',#456,.T.);
#349=FACE_OUTER_BOUND('',#457,.T.);
#350=FACE_OUTER_BOUND('',#458,.T.);
#351=FACE_OUTER_BOUND('',#459,.T.);
#352=FACE_OUTER_BOUND('',#460,.T.);
#353=FACE_OUTER_BOUND('',#461,.T.);
#354=FACE_OUTER_BOUND('',#462,.T.);
#355=FACE_OUTER_BOUND('',#463,.T.);
#356=FACE_OUTER_BOUND('',#464,.T.);
#357=FACE_OUTER_BOUND('',#465,.T.);
#358=FACE_OUTER_BOUND('',#466,.T.);
#359=FACE_OUTER_BOUND('',#467,.T.);
#360=FACE_OUTER_BOUND('',#468,.T.);
#361=FACE_OUTER_BOUND('',#469,.T.);
#362=FACE_OUTER_BOUND('',#470,.T.);
#363=FACE_OUTER_BOUND('',#471,.T.);
#364=FACE_OUTER_BOUND('',#472,.T.);
#365=FACE_OUTER_BOUND('',#473,.T.);
#366=FACE_OUTER_BOUND('',#474,.T.);
#367=FACE_OUTER_BOUND('',#475,.T.);
#368=FACE_OUTER_BOUND('',#476,.T.);
#369=FACE_OUTER_BOUND('',#477,.T.);
#370=FACE_OUTER_BOUND('',#478,.T.);
#371=FACE_OUTER_BOUND('',#479,.T.);
#372=FACE_OUTER_BOUND('',#480,.T.);
#373=FACE_OUTER_BOUND('',#483,.T.);
#374=FACE_OUTER_BOUND('',#484,.T.);
#375=FACE_OUTER_BOUND('',#485,.T.);
#376=FACE_OUTER_BOUND('',#486,.T.);
#377=FACE_OUTER_BOUND('',#487,.T.);
#378=FACE_OUTER_BOUND('',#495,.T.);
#379=FACE_OUTER_BOUND('',#496,.T.);
#380=FACE_OUTER_BOUND('',#497,.T.);
#381=FACE_OUTER_BOUND('',#498,.T.);
#382=FACE_OUTER_BOUND('',#499,.T.);
#383=FACE_OUTER_BOUND('',#500,.T.);
#384=FACE_OUTER_BOUND('',#501,.T.);
#385=FACE_OUTER_BOUND('',#502,.T.);
#386=FACE_OUTER_BOUND('',#503,.T.);
#387=FACE_OUTER_BOUND('',#504,.T.);
#388=FACE_OUTER_BOUND('',#505,.T.);
#389=FACE_OUTER_BOUND('',#506,.T.);
#390=FACE_OUTER_BOUND('',#507,.T.);
#391=FACE_OUTER_BOUND('',#508,.T.);
#392=FACE_OUTER_BOUND('',#509,.T.);
#393=FACE_OUTER_BOUND('',#510,.T.);
#394=FACE_OUTER_BOUND('',#512,.T.);
#395=FACE_OUTER_BOUND('',#513,.T.);
#396=FACE_OUTER_BOUND('',#514,.T.);
#397=FACE_OUTER_BOUND('',#515,.T.);
#398=FACE_OUTER_BOUND('',#517,.T.);
#399=FACE_OUTER_BOUND('',#518,.T.);
#400=FACE_OUTER_BOUND('',#519,.T.);
#401=FACE_OUTER_BOUND('',#520,.T.);
#402=FACE_OUTER_BOUND('',#521,.T.);
#403=FACE_OUTER_BOUND('',#522,.T.);
#404=FACE_OUTER_BOUND('',#523,.T.);
#405=FACE_OUTER_BOUND('',#524,.T.);
#406=FACE_OUTER_BOUND('',#525,.T.);
#407=FACE_OUTER_BOUND('',#526,.T.);
#408=FACE_OUTER_BOUND('',#527,.T.);
#409=FACE_OUTER_BOUND('',#528,.T.);
#410=FACE_OUTER_BOUND('',#529,.T.);
#411=FACE_OUTER_BOUND('',#530,.T.);
#412=FACE_OUTER_BOUND('',#531,.T.);
#413=FACE_OUTER_BOUND('',#532,.T.);
#414=FACE_OUTER_BOUND('',#533,.T.);
#415=FACE_OUTER_BOUND('',#534,.T.);
#416=FACE_OUTER_BOUND('',#535,.T.);
#417=FACE_OUTER_BOUND('',#536,.T.);
#418=FACE_OUTER_BOUND('',#537,.T.);
#419=FACE_OUTER_BOUND('',#538,.T.);
#420=EDGE_LOOP('',(#1026));
#421=EDGE_LOOP('',(#1027));
#422=EDGE_LOOP('',(#1028,#1029,#1030,#1031));
#423=EDGE_LOOP('',(#1032,#1033,#1034,#1035));
#424=EDGE_LOOP('',(#1036));
#425=EDGE_LOOP('',(#1037));
#426=EDGE_LOOP('',(#1038,#1039,#1040,#1041));
#427=EDGE_LOOP('',(#1042));
#428=EDGE_LOOP('',(#1043));
#429=EDGE_LOOP('',(#1044,#1045,#1046,#1047));
#430=EDGE_LOOP('',(#1048,#1049,#1050,#1051));
#431=EDGE_LOOP('',(#1052,#1053,#1054,#1055,#1056));
#432=EDGE_LOOP('',(#1057,#1058,#1059,#1060,#1061,#1062,#1063,#1064,#1065,
#1066,#1067,#1068,#1069,#1070,#1071,#1072,#1073,#1074,#1075));
#433=EDGE_LOOP('',(#1076));
#434=EDGE_LOOP('',(#1077));
#435=EDGE_LOOP('',(#1078));
#436=EDGE_LOOP('',(#1079));
#437=EDGE_LOOP('',(#1080));
#438=EDGE_LOOP('',(#1081));
#439=EDGE_LOOP('',(#1082));
#440=EDGE_LOOP('',(#1083,#1084,#1085,#1086,#1087,#1088));
#441=EDGE_LOOP('',(#1089,#1090,#1091,#1092));
#442=EDGE_LOOP('',(#1093,#1094,#1095,#1096));
#443=EDGE_LOOP('',(#1097,#1098,#1099,#1100));
#444=EDGE_LOOP('',(#1101,#1102,#1103,#1104));
#445=EDGE_LOOP('',(#1105,#1106,#1107,#1108));
#446=EDGE_LOOP('',(#1109,#1110,#1111,#1112));
#447=EDGE_LOOP('',(#1113,#1114,#1115,#1116));
#448=EDGE_LOOP('',(#1117,#1118,#1119,#1120));
#449=EDGE_LOOP('',(#1121,#1122,#1123,#1124));
#450=EDGE_LOOP('',(#1125,#1126,#1127,#1128));
#451=EDGE_LOOP('',(#1129,#1130,#1131,#1132));
#452=EDGE_LOOP('',(#1133,#1134,#1135,#1136));
#453=EDGE_LOOP('',(#1137,#1138,#1139,#1140));
#454=EDGE_LOOP('',(#1141,#1142,#1143,#1144));
#455=EDGE_LOOP('',(#1145,#1146,#1147,#1148));
#456=EDGE_LOOP('',(#1149,#1150,#1151,#1152));
#457=EDGE_LOOP('',(#1153,#1154,#1155,#1156));
#458=EDGE_LOOP('',(#1157,#1158,#1159,#1160));
#459=EDGE_LOOP('',(#1161,#1162,#1163,#1164));
#460=EDGE_LOOP('',(#1165,#1166,#1167,#1168));
#461=EDGE_LOOP('',(#1169,#1170,#1171,#1172,#1173));
#462=EDGE_LOOP('',(#1174,#1175,#1176,#1177));
#463=EDGE_LOOP('',(#1178,#1179,#1180,#1181));
#464=EDGE_LOOP('',(#1182,#1183,#1184,#1185));
#465=EDGE_LOOP('',(#1186,#1187,#1188,#1189));
#466=EDGE_LOOP('',(#1190,#1191,#1192,#1193));
#467=EDGE_LOOP('',(#1194,#1195,#1196,#1197));
#468=EDGE_LOOP('',(#1198,#1199,#1200,#1201));
#469=EDGE_LOOP('',(#1202,#1203,#1204,#1205));
#470=EDGE_LOOP('',(#1206,#1207,#1208,#1209));
#471=EDGE_LOOP('',(#1210,#1211,#1212,#1213));
#472=EDGE_LOOP('',(#1214,#1215,#1216,#1217));
#473=EDGE_LOOP('',(#1218,#1219,#1220,#1221));
#474=EDGE_LOOP('',(#1222,#1223,#1224,#1225,#1226));
#475=EDGE_LOOP('',(#1227,#1228,#1229,#1230,#1231,#1232,#1233,#1234));
#476=EDGE_LOOP('',(#1235,#1236,#1237,#1238,#1239));
#477=EDGE_LOOP('',(#1240,#1241,#1242,#1243));
#478=EDGE_LOOP('',(#1244,#1245,#1246,#1247));
#479=EDGE_LOOP('',(#1248,#1249,#1250,#1251));
#480=EDGE_LOOP('',(#1252,#1253,#1254,#1255,#1256,#1257));
#481=EDGE_LOOP('',(#1258));
#482=EDGE_LOOP('',(#1259));
#483=EDGE_LOOP('',(#1260,#1261,#1262,#1263,#1264));
#484=EDGE_LOOP('',(#1265,#1266,#1267,#1268));
#485=EDGE_LOOP('',(#1269,#1270,#1271,#1272));
#486=EDGE_LOOP('',(#1273,#1274,#1275,#1276));
#487=EDGE_LOOP('',(#1277,#1278,#1279,#1280,#1281,#1282,#1283,#1284,#1285,
#1286,#1287,#1288,#1289,#1290,#1291,#1292,#1293,#1294,#1295,#1296,#1297,
#1298,#1299,#1300,#1301));
#488=EDGE_LOOP('',(#1302));
#489=EDGE_LOOP('',(#1303));
#490=EDGE_LOOP('',(#1304));
#491=EDGE_LOOP('',(#1305));
#492=EDGE_LOOP('',(#1306));
#493=EDGE_LOOP('',(#1307,#1308,#1309,#1310));
#494=EDGE_LOOP('',(#1311,#1312,#1313,#1314));
#495=EDGE_LOOP('',(#1315,#1316,#1317,#1318));
#496=EDGE_LOOP('',(#1319,#1320,#1321,#1322));
#497=EDGE_LOOP('',(#1323,#1324,#1325,#1326));
#498=EDGE_LOOP('',(#1327,#1328,#1329,#1330));
#499=EDGE_LOOP('',(#1331,#1332,#1333,#1334));
#500=EDGE_LOOP('',(#1335,#1336,#1337,#1338));
#501=EDGE_LOOP('',(#1339,#1340,#1341,#1342));
#502=EDGE_LOOP('',(#1343,#1344,#1345,#1346));
#503=EDGE_LOOP('',(#1347,#1348,#1349,#1350));
#504=EDGE_LOOP('',(#1351,#1352,#1353,#1354,#1355));
#505=EDGE_LOOP('',(#1356,#1357,#1358,#1359,#1360));
#506=EDGE_LOOP('',(#1361,#1362,#1363,#1364,#1365));
#507=EDGE_LOOP('',(#1366,#1367,#1368,#1369,#1370));
#508=EDGE_LOOP('',(#1371,#1372,#1373,#1374));
#509=EDGE_LOOP('',(#1375,#1376,#1377,#1378));
#510=EDGE_LOOP('',(#1379));
#511=EDGE_LOOP('',(#1380));
#512=EDGE_LOOP('',(#1381,#1382,#1383,#1384));
#513=EDGE_LOOP('',(#1385,#1386,#1387,#1388));
#514=EDGE_LOOP('',(#1389,#1390,#1391,#1392));
#515=EDGE_LOOP('',(#1393));
#516=EDGE_LOOP('',(#1394));
#517=EDGE_LOOP('',(#1395,#1396,#1397,#1398));
#518=EDGE_LOOP('',(#1399,#1400,#1401,#1402));
#519=EDGE_LOOP('',(#1403,#1404,#1405,#1406));
#520=EDGE_LOOP('',(#1407,#1408,#1409,#1410));
#521=EDGE_LOOP('',(#1411,#1412,#1413,#1414));
#522=EDGE_LOOP('',(#1415,#1416,#1417,#1418));
#523=EDGE_LOOP('',(#1419,#1420,#1421,#1422));
#524=EDGE_LOOP('',(#1423,#1424,#1425,#1426));
#525=EDGE_LOOP('',(#1427,#1428,#1429,#1430));
#526=EDGE_LOOP('',(#1431,#1432,#1433,#1434));
#527=EDGE_LOOP('',(#1435,#1436,#1437,#1438));
#528=EDGE_LOOP('',(#1439,#1440,#1441,#1442));
#529=EDGE_LOOP('',(#1443,#1444,#1445,#1446));
#530=EDGE_LOOP('',(#1447,#1448,#1449,#1450));
#531=EDGE_LOOP('',(#1451,#1452,#1453,#1454));
#532=EDGE_LOOP('',(#1455,#1456,#1457,#1458));
#533=EDGE_LOOP('',(#1459,#1460,#1461,#1462));
#534=EDGE_LOOP('',(#1463,#1464,#1465,#1466));
#535=EDGE_LOOP('',(#1467,#1468,#1469,#1470));
#536=EDGE_LOOP('',(#1471,#1472,#1473,#1474,#1475));
#537=EDGE_LOOP('',(#1476,#1477,#1478,#1479));
#538=EDGE_LOOP('',(#1480,#1481,#1482,#1483));
#539=CIRCLE('',#1634,4.05);
#540=CIRCLE('',#1635,3.78376423647233);
#541=CIRCLE('',#1637,2.1);
#542=CIRCLE('',#1638,2.1);
#543=CIRCLE('',#1640,3.78376423647233);
#544=CIRCLE('',#1643,1.7);
#545=CIRCLE('',#1644,2.70000000000001);
#546=CIRCLE('',#1646,3.53864238040984);
#547=CIRCLE('',#1648,1.7);
#548=CIRCLE('',#1650,3.53864238040984);
#549=CIRCLE('',#1652,11.716307658155);
#550=CIRCLE('',#1653,11.25);
#551=CIRCLE('',#1654,11.25);
#552=CIRCLE('',#1656,3.5);
#553=CIRCLE('',#1657,1.);
#554=CIRCLE('',#1658,0.5);
#555=CIRCLE('',#1659,0.5);
#556=CIRCLE('',#1660,4.5);
#557=CIRCLE('',#1661,4.5);
#558=CIRCLE('',#1662,10.1525903259185);
#559=CIRCLE('',#1663,4.5);
#560=CIRCLE('',#1664,4.5);
#561=CIRCLE('',#1665,1.7);
#562=CIRCLE('',#1666,2.35);
#563=CIRCLE('',#1667,1.7);
#564=CIRCLE('',#1668,1.7);
#565=CIRCLE('',#1670,11.25);
#566=CIRCLE('',#1671,11.25);
#567=CIRCLE('',#1673,9.65259032591851);
#568=CIRCLE('',#1675,0.50000000000062);
#569=CIRCLE('',#1678,0.499999999999998);
#570=CIRCLE('',#1681,0.499999999997038);
#571=CIRCLE('',#1682,3.);
#572=CIRCLE('',#1684,0.500000000000003);
#573=CIRCLE('',#1685,1.5);
#574=CIRCLE('',#1687,0.499999999999998);
#575=CIRCLE('',#1688,0.500000000000052);
#576=CIRCLE('',#1689,1.);
#577=CIRCLE('',#1691,0.50000000000062);
#578=CIRCLE('',#1692,0.499999999999998);
#579=CIRCLE('',#1693,1.);
#580=CIRCLE('',#1696,0.499999999999372);
#581=CIRCLE('',#1698,0.499999999999998);
#582=CIRCLE('',#1699,5.);
#583=CIRCLE('',#1701,0.499999999999998);
#584=CIRCLE('',#1703,0.499999999999985);
#585=CIRCLE('',#1704,5.);
#586=CIRCLE('',#1707,0.499999999999998);
#587=CIRCLE('',#1708,5.);
#588=CIRCLE('',#1710,0.499999999999998);
#589=CIRCLE('',#1712,0.499999999999006);
#590=CIRCLE('',#1713,5.);
#591=CIRCLE('',#1716,5.);
#592=CIRCLE('',#1718,0.5);
#593=CIRCLE('',#1721,1.);
#594=CIRCLE('',#1724,1.);
#595=CIRCLE('',#1727,1.5);
#596=CIRCLE('',#1729,3.);
#597=CIRCLE('',#1732,9.65259032591851);
#598=CIRCLE('',#1734,5.);
#599=CIRCLE('',#1737,5.);
#600=CIRCLE('',#1739,10.6094297679);
#601=CIRCLE('',#1741,10.6094297679);
#602=CIRCLE('',#1742,11.75);
#603=CIRCLE('',#1743,10.85414667305);
#604=CIRCLE('',#1744,11.75);
#605=CIRCLE('',#1747,5.);
#606=CIRCLE('',#1750,2.);
#607=CIRCLE('',#1751,2.);
#608=CIRCLE('',#1753,13.75);
#609=CIRCLE('',#1754,2.);
#610=CIRCLE('',#1755,13.7);
#611=CIRCLE('',#1756,13.75);
#612=CIRCLE('',#1757,11.55);
#613=CIRCLE('',#1758,4.35);
#614=CIRCLE('',#1760,0.5);
#615=CIRCLE('',#1762,0.5);
#616=CIRCLE('',#1763,1.);
#617=CIRCLE('',#1764,0.5);
#618=CIRCLE('',#1766,0.5);
#619=CIRCLE('',#1767,3.5);
#620=CIRCLE('',#1770,0.5);
#621=CIRCLE('',#1771,0.5);
#622=CIRCLE('',#1772,13.75);
#623=CIRCLE('',#1773,13.7);
#624=CIRCLE('',#1774,2.);
#625=CIRCLE('',#1775,13.75);
#626=CIRCLE('',#1776,2.);
#627=CIRCLE('',#1777,2.);
#628=CIRCLE('',#1778,3.55);
#629=CIRCLE('',#1779,1.7);
#630=CIRCLE('',#1780,1.);
#631=CIRCLE('',#1781,1.);
#632=CIRCLE('',#1782,0.75);
#633=CIRCLE('',#1783,0.75);
#634=CIRCLE('',#1785,0.5);
#635=CIRCLE('',#1786,0.5);
#636=CIRCLE('',#1788,0.5);
#637=CIRCLE('',#1789,0.5);
#638=CIRCLE('',#1796,1.7);
#639=CIRCLE('',#1797,1.7);
#640=CIRCLE('',#1800,1.7);
#641=CIRCLE('',#1801,1.7);
#642=CIRCLE('',#1804,3.25);
#643=CIRCLE('',#1806,3.25);
#644=CIRCLE('',#1808,1.70000000000003);
#645=CIRCLE('',#1811,1.7);
#646=CIRCLE('',#1813,2.);
#647=CIRCLE('',#1815,2.35);
#648=CIRCLE('',#1819,1.);
#649=CIRCLE('',#1821,0.7);
#650=CIRCLE('',#1823,0.7);
#651=CIRCLE('',#1826,1.);
#652=CIRCLE('',#1832,0.75);
#653=CIRCLE('',#1834,0.45);
#654=CIRCLE('',#1836,0.45);
#655=CIRCLE('',#1839,0.75);
#656=CIRCLE('',#1845,4.05);
#657=VERTEX_POINT('',#2384);
#658=VERTEX_POINT('',#2386);
#659=VERTEX_POINT('',#2389);
#660=VERTEX_POINT('',#2391);
#661=VERTEX_POINT('',#2395);
#662=VERTEX_POINT('',#2400);
#663=VERTEX_POINT('',#2402);
#664=VERTEX_POINT('',#2406);
#665=VERTEX_POINT('',#2409);
#666=VERTEX_POINT('',#2413);
#667=VERTEX_POINT('',#2417);
#668=VERTEX_POINT('',#2419);
#669=VERTEX_POINT('',#2421);
#670=VERTEX_POINT('',#2425);
#671=VERTEX_POINT('',#2426);
#672=VERTEX_POINT('',#2428);
#673=VERTEX_POINT('',#2430);
#674=VERTEX_POINT('',#2432);
#675=VERTEX_POINT('',#2434);
#676=VERTEX_POINT('',#2436);
#677=VERTEX_POINT('',#2438);
#678=VERTEX_POINT('',#2440);
#679=VERTEX_POINT('',#2442);
#680=VERTEX_POINT('',#2444);
#681=VERTEX_POINT('',#2446);
#682=VERTEX_POINT('',#2448);
#683=VERTEX_POINT('',#2450);
#684=VERTEX_POINT('',#2452);
#685=VERTEX_POINT('',#2454);
#686=VERTEX_POINT('',#2456);
#687=VERTEX_POINT('',#2458);
#688=VERTEX_POINT('',#2460);
#689=VERTEX_POINT('',#2463);
#690=VERTEX_POINT('',#2465);
#691=VERTEX_POINT('',#2467);
#692=VERTEX_POINT('',#2469);
#693=VERTEX_POINT('',#2472);
#694=VERTEX_POINT('',#2473);
#695=VERTEX_POINT('',#2478);
#696=VERTEX_POINT('',#2493);
#697=VERTEX_POINT('',#2510);
#698=VERTEX_POINT('',#2511);
#699=VERTEX_POINT('',#2516);
#700=VERTEX_POINT('',#2517);
#701=VERTEX_POINT('',#2522);
#702=VERTEX_POINT('',#2526);
#703=VERTEX_POINT('',#2530);
#704=VERTEX_POINT('',#2542);
#705=VERTEX_POINT('',#2546);
#706=VERTEX_POINT('',#2558);
#707=VERTEX_POINT('',#2564);
#708=VERTEX_POINT('',#2568);
#709=VERTEX_POINT('',#2572);
#710=VERTEX_POINT('',#2576);
#711=VERTEX_POINT('',#2582);
#712=VERTEX_POINT('',#2586);
#713=VERTEX_POINT('',#2590);
#714=VERTEX_POINT('',#2596);
#715=VERTEX_POINT('',#2598);
#716=VERTEX_POINT('',#2602);
#717=VERTEX_POINT('',#2604);
#718=VERTEX_POINT('',#2608);
#719=VERTEX_POINT('',#2612);
#720=VERTEX_POINT('',#2616);
#721=VERTEX_POINT('',#2620);
#722=VERTEX_POINT('',#2624);
#723=VERTEX_POINT('',#2628);
#724=VERTEX_POINT('',#2632);
#725=VERTEX_POINT('',#2636);
#726=VERTEX_POINT('',#2640);
#727=VERTEX_POINT('',#2642);
#728=VERTEX_POINT('',#2646);
#729=VERTEX_POINT('',#2648);
#730=VERTEX_POINT('',#2652);
#731=VERTEX_POINT('',#2656);
#732=VERTEX_POINT('',#2660);
#733=VERTEX_POINT('',#2664);
#734=VERTEX_POINT('',#2666);
#735=VERTEX_POINT('',#2668);
#736=VERTEX_POINT('',#2675);
#737=VERTEX_POINT('',#2677);
#738=VERTEX_POINT('',#2686);
#739=VERTEX_POINT('',#2690);
#740=VERTEX_POINT('',#2696);
#741=VERTEX_POINT('',#2697);
#742=VERTEX_POINT('',#2699);
#743=VERTEX_POINT('',#2701);
#744=VERTEX_POINT('',#2705);
#745=VERTEX_POINT('',#2707);
#746=VERTEX_POINT('',#2711);
#747=VERTEX_POINT('',#2713);
#748=VERTEX_POINT('',#2716);
#749=VERTEX_POINT('',#2720);
#750=VERTEX_POINT('',#2722);
#751=VERTEX_POINT('',#2726);
#752=VERTEX_POINT('',#2732);
#753=VERTEX_POINT('',#2734);
#754=VERTEX_POINT('',#2736);
#755=VERTEX_POINT('',#2738);
#756=VERTEX_POINT('',#2742);
#757=VERTEX_POINT('',#2744);
#758=VERTEX_POINT('',#2747);
#759=VERTEX_POINT('',#2749);
#760=VERTEX_POINT('',#2751);
#761=VERTEX_POINT('',#2753);
#762=VERTEX_POINT('',#2755);
#763=VERTEX_POINT('',#2756);
#764=VERTEX_POINT('',#2758);
#765=VERTEX_POINT('',#2760);
#766=VERTEX_POINT('',#2763);
#767=VERTEX_POINT('',#2764);
#768=VERTEX_POINT('',#2766);
#769=VERTEX_POINT('',#2768);
#770=VERTEX_POINT('',#2803);
#771=VERTEX_POINT('',#2804);
#772=VERTEX_POINT('',#2811);
#773=VERTEX_POINT('',#2812);
#774=VERTEX_POINT('',#2819);
#775=VERTEX_POINT('',#2823);
#776=VERTEX_POINT('',#2827);
#777=VERTEX_POINT('',#2832);
#778=VERTEX_POINT('',#2836);
#779=VERTEX_POINT('',#2840);
#780=VERTEX_POINT('',#2845);
#781=VERTEX_POINT('',#2847);
#782=VERTEX_POINT('',#2851);
#783=VERTEX_POINT('',#2855);
#784=VERTEX_POINT('',#2856);
#785=VERTEX_POINT('',#2861);
#786=VERTEX_POINT('',#2863);
#787=VERTEX_POINT('',#2869);
#788=VERTEX_POINT('',#2878);
#789=VERTEX_POINT('',#2880);
#790=VERTEX_POINT('',#2884);
#791=VERTEX_POINT('',#2888);
#792=VERTEX_POINT('',#2889);
#793=VERTEX_POINT('',#2894);
#794=VERTEX_POINT('',#2896);
#795=VERTEX_POINT('',#2902);
#796=VERTEX_POINT('',#2913);
#797=EDGE_CURVE('',#657,#657,#539,.T.);
#798=EDGE_CURVE('',#658,#658,#540,.T.);
#799=EDGE_CURVE('',#659,#659,#541,.T.);
#800=EDGE_CURVE('',#659,#660,#47,.T.);
#801=EDGE_CURVE('',#660,#660,#542,.T.);
#802=EDGE_CURVE('',#658,#661,#48,.T.);
#803=EDGE_CURVE('',#661,#661,#543,.T.);
#804=EDGE_CURVE('',#662,#662,#544,.T.);
#805=EDGE_CURVE('',#662,#663,#49,.T.);
#806=EDGE_CURVE('',#663,#663,#545,.T.);
#807=EDGE_CURVE('',#664,#664,#546,.T.);
#808=EDGE_CURVE('',#662,#665,#50,.T.);
#809=EDGE_CURVE('',#665,#665,#547,.T.);
#810=EDGE_CURVE('',#666,#666,#548,.T.);
#811=EDGE_CURVE('',#666,#664,#51,.T.);
#812=EDGE_CURVE('',#667,#667,#549,.T.);
#813=EDGE_CURVE('',#667,#668,#52,.T.);
#814=EDGE_CURVE('',#668,#669,#550,.T.);
#815=EDGE_CURVE('',#669,#668,#551,.T.);
#816=EDGE_CURVE('',#670,#671,#53,.T.);
#817=EDGE_CURVE('',#672,#670,#552,.T.);
#818=EDGE_CURVE('',#673,#672,#553,.T.);
#819=EDGE_CURVE('',#674,#673,#54,.T.);
#820=EDGE_CURVE('',#675,#674,#554,.T.);
#821=EDGE_CURVE('',#676,#675,#55,.T.);
#822=EDGE_CURVE('',#677,#676,#555,.T.);
#823=EDGE_CURVE('',#678,#677,#56,.T.);
#824=EDGE_CURVE('',#679,#678,#57,.T.);
#825=EDGE_CURVE('',#680,#679,#556,.T.);
#826=EDGE_CURVE('',#681,#680,#58,.T.);
#827=EDGE_CURVE('',#682,#681,#557,.T.);
#828=EDGE_CURVE('',#683,#682,#59,.T.);
#829=EDGE_CURVE('',#684,#683,#558,.T.);
#830=EDGE_CURVE('',#685,#684,#60,.T.);
#831=EDGE_CURVE('',#686,#685,#559,.T.);
#832=EDGE_CURVE('',#687,#686,#61,.T.);
#833=EDGE_CURVE('',#688,#687,#560,.T.);
#834=EDGE_CURVE('',#671,#688,#62,.T.);
#835=EDGE_CURVE('',#689,#689,#561,.T.);
#836=EDGE_CURVE('',#690,#690,#562,.T.);
#837=EDGE_CURVE('',#691,#691,#563,.T.);
#838=EDGE_CURVE('',#692,#692,#564,.T.);
#839=EDGE_CURVE('',#693,#694,#565,.T.);
#840=EDGE_CURVE('',#694,#693,#566,.T.);
#841=EDGE_CURVE('',#694,#669,#63,.T.);
#842=EDGE_CURVE('',#683,#695,#22,.T.);
#843=EDGE_CURVE('',#695,#696,#567,.T.);
#844=EDGE_CURVE('',#684,#696,#23,.T.);
#845=EDGE_CURVE('',#697,#698,#64,.T.);
#846=EDGE_CURVE('',#698,#679,#568,.T.);
#847=EDGE_CURVE('',#678,#697,#20,.T.);
#848=EDGE_CURVE('',#699,#700,#65,.T.);
#849=EDGE_CURVE('',#700,#670,#569,.T.);
#850=EDGE_CURVE('',#671,#699,#21,.T.);
#851=EDGE_CURVE('',#701,#672,#570,.T.);
#852=EDGE_CURVE('',#700,#701,#571,.T.);
#853=EDGE_CURVE('',#702,#673,#572,.T.);
#854=EDGE_CURVE('',#701,#702,#573,.T.);
#855=EDGE_CURVE('',#703,#674,#574,.T.);
#856=EDGE_CURVE('',#702,#703,#66,.T.);
#857=EDGE_CURVE('',#704,#675,#575,.T.);
#858=EDGE_CURVE('',#703,#704,#576,.T.);
#859=EDGE_CURVE('',#705,#676,#577,.T.);
#860=EDGE_CURVE('',#704,#705,#67,.T.);
#861=EDGE_CURVE('',#706,#677,#578,.T.);
#862=EDGE_CURVE('',#705,#706,#579,.T.);
#863=EDGE_CURVE('',#706,#697,#68,.T.);
#864=EDGE_CURVE('',#696,#707,#69,.T.);
#865=EDGE_CURVE('',#707,#685,#580,.T.);
#866=EDGE_CURVE('',#708,#686,#581,.T.);
#867=EDGE_CURVE('',#707,#708,#582,.T.);
#868=EDGE_CURVE('',#709,#687,#583,.T.);
#869=EDGE_CURVE('',#708,#709,#70,.T.);
#870=EDGE_CURVE('',#710,#688,#584,.T.);
#871=EDGE_CURVE('',#709,#710,#585,.T.);
#872=EDGE_CURVE('',#710,#699,#71,.T.);
#873=EDGE_CURVE('',#711,#680,#586,.T.);
#874=EDGE_CURVE('',#698,#711,#587,.T.);
#875=EDGE_CURVE('',#712,#681,#588,.T.);
#876=EDGE_CURVE('',#711,#712,#72,.T.);
#877=EDGE_CURVE('',#713,#682,#589,.T.);
#878=EDGE_CURVE('',#712,#713,#590,.T.);
#879=EDGE_CURVE('',#713,#695,#73,.T.);
#880=EDGE_CURVE('',#698,#714,#74,.T.);
#881=EDGE_CURVE('',#715,#714,#591,.T.);
#882=EDGE_CURVE('',#715,#711,#75,.T.);
#883=EDGE_CURVE('',#697,#716,#76,.T.);
#884=EDGE_CURVE('',#716,#717,#592,.T.);
#885=EDGE_CURVE('',#717,#714,#77,.T.);
#886=EDGE_CURVE('',#718,#706,#78,.T.);
#887=EDGE_CURVE('',#716,#718,#79,.T.);
#888=EDGE_CURVE('',#705,#719,#80,.T.);
#889=EDGE_CURVE('',#718,#719,#593,.T.);
#890=EDGE_CURVE('',#720,#704,#81,.T.);
#891=EDGE_CURVE('',#719,#720,#82,.T.);
#892=EDGE_CURVE('',#703,#721,#83,.T.);
#893=EDGE_CURVE('',#720,#721,#594,.T.);
#894=EDGE_CURVE('',#722,#702,#84,.T.);
#895=EDGE_CURVE('',#721,#722,#85,.T.);
#896=EDGE_CURVE('',#701,#723,#86,.T.);
#897=EDGE_CURVE('',#722,#723,#595,.T.);
#898=EDGE_CURVE('',#700,#724,#87,.T.);
#899=EDGE_CURVE('',#723,#724,#596,.T.);
#900=EDGE_CURVE('',#699,#725,#88,.T.);
#901=EDGE_CURVE('',#724,#725,#89,.T.);
#902=EDGE_CURVE('',#726,#695,#90,.T.);
#903=EDGE_CURVE('',#727,#726,#597,.T.);
#904=EDGE_CURVE('',#727,#696,#91,.T.);
#905=EDGE_CURVE('',#709,#728,#92,.T.);
#906=EDGE_CURVE('',#729,#728,#598,.T.);
#907=EDGE_CURVE('',#729,#710,#93,.T.);
#908=EDGE_CURVE('',#730,#708,#94,.T.);
#909=EDGE_CURVE('',#730,#728,#95,.T.);
#910=EDGE_CURVE('',#707,#731,#96,.T.);
#911=EDGE_CURVE('',#730,#731,#599,.T.);
#912=EDGE_CURVE('',#732,#727,#600,.T.);
#913=EDGE_CURVE('',#732,#731,#97,.T.);
#914=EDGE_CURVE('',#726,#733,#601,.T.);
#915=EDGE_CURVE('',#734,#733,#602,.T.);
#916=EDGE_CURVE('',#734,#735,#24,.T.);
#917=EDGE_CURVE('',#736,#735,#603,.T.);
#918=EDGE_CURVE('',#736,#737,#25,.T.);
#919=EDGE_CURVE('',#732,#737,#604,.T.);
#920=EDGE_CURVE('',#738,#713,#98,.T.);
#921=EDGE_CURVE('',#738,#733,#99,.T.);
#922=EDGE_CURVE('',#712,#739,#100,.T.);
#923=EDGE_CURVE('',#738,#739,#605,.T.);
#924=EDGE_CURVE('',#715,#739,#101,.T.);
#925=EDGE_CURVE('',#740,#741,#606,.T.);
#926=EDGE_CURVE('',#740,#742,#102,.T.);
#927=EDGE_CURVE('',#743,#742,#607,.T.);
#928=EDGE_CURVE('',#743,#741,#103,.T.);
#929=EDGE_CURVE('',#735,#744,#608,.T.);
#930=EDGE_CURVE('',#744,#745,#609,.T.);
#931=EDGE_CURVE('',#745,#740,#610,.T.);
#932=EDGE_CURVE('',#741,#736,#611,.T.);
#933=EDGE_CURVE('',#746,#746,#612,.T.);
#934=EDGE_CURVE('',#747,#747,#613,.T.);
#935=EDGE_CURVE('',#729,#748,#104,.T.);
#936=EDGE_CURVE('',#748,#725,#614,.T.);
#937=EDGE_CURVE('',#749,#723,#615,.T.);
#938=EDGE_CURVE('',#750,#749,#616,.T.);
#939=EDGE_CURVE('',#750,#722,#617,.T.);
#940=EDGE_CURVE('',#724,#751,#618,.T.);
#941=EDGE_CURVE('',#749,#751,#619,.T.);
#942=EDGE_CURVE('',#748,#751,#105,.T.);
#943=EDGE_CURVE('',#752,#717,#106,.T.);
#944=EDGE_CURVE('',#752,#753,#620,.T.);
#945=EDGE_CURVE('',#754,#753,#107,.T.);
#946=EDGE_CURVE('',#754,#755,#621,.T.);
#947=EDGE_CURVE('',#750,#755,#108,.T.);
#948=EDGE_CURVE('',#737,#743,#622,.T.);
#949=EDGE_CURVE('',#742,#756,#623,.T.);
#950=EDGE_CURVE('',#756,#757,#624,.T.);
#951=EDGE_CURVE('',#757,#734,#625,.T.);
#952=EDGE_CURVE('',#758,#758,#626,.T.);
#953=EDGE_CURVE('',#759,#759,#627,.T.);
#954=EDGE_CURVE('',#760,#760,#628,.T.);
#955=EDGE_CURVE('',#761,#761,#629,.T.);
#956=EDGE_CURVE('',#762,#763,#109,.T.);
#957=EDGE_CURVE('',#763,#764,#630,.T.);
#958=EDGE_CURVE('',#764,#765,#110,.T.);
#959=EDGE_CURVE('',#765,#762,#631,.T.);
#960=EDGE_CURVE('',#766,#767,#111,.T.);
#961=EDGE_CURVE('',#767,#768,#632,.T.);
#962=EDGE_CURVE('',#768,#769,#112,.T.);
#963=EDGE_CURVE('',#769,#766,#633,.T.);
#964=EDGE_CURVE('',#752,#718,#634,.T.);
#965=EDGE_CURVE('',#719,#753,#635,.T.);
#966=EDGE_CURVE('',#754,#720,#636,.T.);
#967=EDGE_CURVE('',#721,#755,#637,.T.);
#968=EDGE_CURVE('',#744,#757,#113,.T.);
#969=EDGE_CURVE('',#756,#745,#114,.T.);
#970=EDGE_CURVE('',#770,#771,#638,.T.);
#971=EDGE_CURVE('',#771,#758,#115,.T.);
#972=EDGE_CURVE('',#771,#770,#639,.T.);
#973=EDGE_CURVE('',#770,#692,#116,.T.);
#974=EDGE_CURVE('',#772,#773,#640,.T.);
#975=EDGE_CURVE('',#773,#759,#117,.T.);
#976=EDGE_CURVE('',#773,#772,#641,.T.);
#977=EDGE_CURVE('',#772,#691,#118,.T.);
#978=EDGE_CURVE('',#774,#774,#642,.T.);
#979=EDGE_CURVE('',#774,#760,#119,.T.);
#980=EDGE_CURVE('',#775,#775,#643,.T.);
#981=EDGE_CURVE('',#775,#774,#120,.T.);
#982=EDGE_CURVE('',#776,#776,#644,.T.);
#983=EDGE_CURVE('',#776,#689,#121,.T.);
#984=EDGE_CURVE('',#761,#777,#122,.T.);
#985=EDGE_CURVE('',#777,#777,#645,.T.);
#986=EDGE_CURVE('',#777,#778,#123,.T.);
#987=EDGE_CURVE('',#778,#778,#646,.T.);
#988=EDGE_CURVE('',#779,#779,#647,.T.);
#989=EDGE_CURVE('',#779,#690,#124,.T.);
#990=EDGE_CURVE('',#780,#762,#125,.T.);
#991=EDGE_CURVE('',#781,#780,#126,.T.);
#992=EDGE_CURVE('',#763,#781,#127,.T.);
#993=EDGE_CURVE('',#780,#782,#648,.T.);
#994=EDGE_CURVE('',#765,#782,#128,.T.);
#995=EDGE_CURVE('',#783,#784,#649,.T.);
#996=EDGE_CURVE('',#783,#780,#129,.T.);
#997=EDGE_CURVE('',#782,#784,#130,.T.);
#998=EDGE_CURVE('',#785,#784,#131,.T.);
#999=EDGE_CURVE('',#785,#786,#650,.T.);
#1000=EDGE_CURVE('',#783,#786,#132,.T.);
#1001=EDGE_CURVE('',#781,#786,#133,.T.);
#1002=EDGE_CURVE('',#785,#787,#134,.T.);
#1003=EDGE_CURVE('',#787,#781,#651,.T.);
#1004=EDGE_CURVE('',#787,#764,#135,.T.);
#1005=EDGE_CURVE('',#782,#787,#136,.T.);
#1006=EDGE_CURVE('',#788,#766,#137,.T.);
#1007=EDGE_CURVE('',#789,#788,#138,.T.);
#1008=EDGE_CURVE('',#767,#789,#139,.T.);
#1009=EDGE_CURVE('',#788,#790,#652,.T.);
#1010=EDGE_CURVE('',#769,#790,#140,.T.);
#1011=EDGE_CURVE('',#791,#792,#653,.T.);
#1012=EDGE_CURVE('',#791,#788,#141,.T.);
#1013=EDGE_CURVE('',#790,#792,#142,.T.);
#1014=EDGE_CURVE('',#793,#792,#143,.T.);
#1015=EDGE_CURVE('',#793,#794,#654,.T.);
#1016=EDGE_CURVE('',#791,#794,#144,.T.);
#1017=EDGE_CURVE('',#789,#794,#145,.T.);
#1018=EDGE_CURVE('',#793,#795,#146,.T.);
#1019=EDGE_CURVE('',#795,#789,#655,.T.);
#1020=EDGE_CURVE('',#795,#768,#147,.T.);
#1021=EDGE_CURVE('',#790,#795,#148,.T.);
#1022=EDGE_CURVE('',#693,#746,#149,.T.);
#1023=EDGE_CURVE('',#657,#796,#150,.T.);
#1024=EDGE_CURVE('',#796,#796,#656,.T.);
#1025=EDGE_CURVE('',#796,#747,#151,.T.);
#1026=ORIENTED_EDGE('',*,*,#797,.F.);
#1027=ORIENTED_EDGE('',*,*,#798,.F.);
#1028=ORIENTED_EDGE('',*,*,#799,.F.);
#1029=ORIENTED_EDGE('',*,*,#800,.T.);
#1030=ORIENTED_EDGE('',*,*,#801,.F.);
#1031=ORIENTED_EDGE('',*,*,#800,.F.);
#1032=ORIENTED_EDGE('',*,*,#798,.T.);
#1033=ORIENTED_EDGE('',*,*,#802,.T.);
#1034=ORIENTED_EDGE('',*,*,#803,.T.);
#1035=ORIENTED_EDGE('',*,*,#802,.F.);
#1036=ORIENTED_EDGE('',*,*,#803,.F.);
#1037=ORIENTED_EDGE('',*,*,#799,.T.);
#1038=ORIENTED_EDGE('',*,*,#804,.T.);
#1039=ORIENTED_EDGE('',*,*,#805,.T.);
#1040=ORIENTED_EDGE('',*,*,#806,.T.);
#1041=ORIENTED_EDGE('',*,*,#805,.F.);
#1042=ORIENTED_EDGE('',*,*,#807,.F.);
#1043=ORIENTED_EDGE('',*,*,#806,.F.);
#1044=ORIENTED_EDGE('',*,*,#804,.F.);
#1045=ORIENTED_EDGE('',*,*,#808,.T.);
#1046=ORIENTED_EDGE('',*,*,#809,.F.);
#1047=ORIENTED_EDGE('',*,*,#808,.F.);
#1048=ORIENTED_EDGE('',*,*,#810,.F.);
#1049=ORIENTED_EDGE('',*,*,#811,.T.);
#1050=ORIENTED_EDGE('',*,*,#807,.T.);
#1051=ORIENTED_EDGE('',*,*,#811,.F.);
#1052=ORIENTED_EDGE('',*,*,#812,.T.);
#1053=ORIENTED_EDGE('',*,*,#813,.T.);
#1054=ORIENTED_EDGE('',*,*,#814,.T.);
#1055=ORIENTED_EDGE('',*,*,#815,.T.);
#1056=ORIENTED_EDGE('',*,*,#813,.F.);
#1057=ORIENTED_EDGE('',*,*,#816,.F.);
#1058=ORIENTED_EDGE('',*,*,#817,.F.);
#1059=ORIENTED_EDGE('',*,*,#818,.F.);
#1060=ORIENTED_EDGE('',*,*,#819,.F.);
#1061=ORIENTED_EDGE('',*,*,#820,.F.);
#1062=ORIENTED_EDGE('',*,*,#821,.F.);
#1063=ORIENTED_EDGE('',*,*,#822,.F.);
#1064=ORIENTED_EDGE('',*,*,#823,.F.);
#1065=ORIENTED_EDGE('',*,*,#824,.F.);
#1066=ORIENTED_EDGE('',*,*,#825,.F.);
#1067=ORIENTED_EDGE('',*,*,#826,.F.);
#1068=ORIENTED_EDGE('',*,*,#827,.F.);
#1069=ORIENTED_EDGE('',*,*,#828,.F.);
#1070=ORIENTED_EDGE('',*,*,#829,.F.);
#1071=ORIENTED_EDGE('',*,*,#830,.F.);
#1072=ORIENTED_EDGE('',*,*,#831,.F.);
#1073=ORIENTED_EDGE('',*,*,#832,.F.);
#1074=ORIENTED_EDGE('',*,*,#833,.F.);
#1075=ORIENTED_EDGE('',*,*,#834,.F.);
#1076=ORIENTED_EDGE('',*,*,#801,.T.);
#1077=ORIENTED_EDGE('',*,*,#810,.T.);
#1078=ORIENTED_EDGE('',*,*,#835,.T.);
#1079=ORIENTED_EDGE('',*,*,#836,.T.);
#1080=ORIENTED_EDGE('',*,*,#837,.T.);
#1081=ORIENTED_EDGE('',*,*,#838,.T.);
#1082=ORIENTED_EDGE('',*,*,#812,.F.);
#1083=ORIENTED_EDGE('',*,*,#839,.F.);
#1084=ORIENTED_EDGE('',*,*,#840,.F.);
#1085=ORIENTED_EDGE('',*,*,#841,.T.);
#1086=ORIENTED_EDGE('',*,*,#814,.F.);
#1087=ORIENTED_EDGE('',*,*,#815,.F.);
#1088=ORIENTED_EDGE('',*,*,#841,.F.);
#1089=ORIENTED_EDGE('',*,*,#829,.T.);
#1090=ORIENTED_EDGE('',*,*,#842,.T.);
#1091=ORIENTED_EDGE('',*,*,#843,.T.);
#1092=ORIENTED_EDGE('',*,*,#844,.F.);
#1093=ORIENTED_EDGE('',*,*,#845,.T.);
#1094=ORIENTED_EDGE('',*,*,#846,.T.);
#1095=ORIENTED_EDGE('',*,*,#824,.T.);
#1096=ORIENTED_EDGE('',*,*,#847,.T.);
#1097=ORIENTED_EDGE('',*,*,#848,.T.);
#1098=ORIENTED_EDGE('',*,*,#849,.T.);
#1099=ORIENTED_EDGE('',*,*,#816,.T.);
#1100=ORIENTED_EDGE('',*,*,#850,.T.);
#1101=ORIENTED_EDGE('',*,*,#851,.T.);
#1102=ORIENTED_EDGE('',*,*,#817,.T.);
#1103=ORIENTED_EDGE('',*,*,#849,.F.);
#1104=ORIENTED_EDGE('',*,*,#852,.T.);
#1105=ORIENTED_EDGE('',*,*,#853,.T.);
#1106=ORIENTED_EDGE('',*,*,#818,.T.);
#1107=ORIENTED_EDGE('',*,*,#851,.F.);
#1108=ORIENTED_EDGE('',*,*,#854,.T.);
#1109=ORIENTED_EDGE('',*,*,#855,.T.);
#1110=ORIENTED_EDGE('',*,*,#819,.T.);
#1111=ORIENTED_EDGE('',*,*,#853,.F.);
#1112=ORIENTED_EDGE('',*,*,#856,.T.);
#1113=ORIENTED_EDGE('',*,*,#857,.T.);
#1114=ORIENTED_EDGE('',*,*,#820,.T.);
#1115=ORIENTED_EDGE('',*,*,#855,.F.);
#1116=ORIENTED_EDGE('',*,*,#858,.T.);
#1117=ORIENTED_EDGE('',*,*,#859,.T.);
#1118=ORIENTED_EDGE('',*,*,#821,.T.);
#1119=ORIENTED_EDGE('',*,*,#857,.F.);
#1120=ORIENTED_EDGE('',*,*,#860,.T.);
#1121=ORIENTED_EDGE('',*,*,#861,.T.);
#1122=ORIENTED_EDGE('',*,*,#822,.T.);
#1123=ORIENTED_EDGE('',*,*,#859,.F.);
#1124=ORIENTED_EDGE('',*,*,#862,.T.);
#1125=ORIENTED_EDGE('',*,*,#823,.T.);
#1126=ORIENTED_EDGE('',*,*,#861,.F.);
#1127=ORIENTED_EDGE('',*,*,#863,.T.);
#1128=ORIENTED_EDGE('',*,*,#847,.F.);
#1129=ORIENTED_EDGE('',*,*,#864,.T.);
#1130=ORIENTED_EDGE('',*,*,#865,.T.);
#1131=ORIENTED_EDGE('',*,*,#830,.T.);
#1132=ORIENTED_EDGE('',*,*,#844,.T.);
#1133=ORIENTED_EDGE('',*,*,#866,.T.);
#1134=ORIENTED_EDGE('',*,*,#831,.T.);
#1135=ORIENTED_EDGE('',*,*,#865,.F.);
#1136=ORIENTED_EDGE('',*,*,#867,.T.);
#1137=ORIENTED_EDGE('',*,*,#868,.T.);
#1138=ORIENTED_EDGE('',*,*,#832,.T.);
#1139=ORIENTED_EDGE('',*,*,#866,.F.);
#1140=ORIENTED_EDGE('',*,*,#869,.T.);
#1141=ORIENTED_EDGE('',*,*,#870,.T.);
#1142=ORIENTED_EDGE('',*,*,#833,.T.);
#1143=ORIENTED_EDGE('',*,*,#868,.F.);
#1144=ORIENTED_EDGE('',*,*,#871,.T.);
#1145=ORIENTED_EDGE('',*,*,#834,.T.);
#1146=ORIENTED_EDGE('',*,*,#870,.F.);
#1147=ORIENTED_EDGE('',*,*,#872,.T.);
#1148=ORIENTED_EDGE('',*,*,#850,.F.);
#1149=ORIENTED_EDGE('',*,*,#873,.T.);
#1150=ORIENTED_EDGE('',*,*,#825,.T.);
#1151=ORIENTED_EDGE('',*,*,#846,.F.);
#1152=ORIENTED_EDGE('',*,*,#874,.T.);
#1153=ORIENTED_EDGE('',*,*,#875,.T.);
#1154=ORIENTED_EDGE('',*,*,#826,.T.);
#1155=ORIENTED_EDGE('',*,*,#873,.F.);
#1156=ORIENTED_EDGE('',*,*,#876,.T.);
#1157=ORIENTED_EDGE('',*,*,#877,.T.);
#1158=ORIENTED_EDGE('',*,*,#827,.T.);
#1159=ORIENTED_EDGE('',*,*,#875,.F.);
#1160=ORIENTED_EDGE('',*,*,#878,.T.);
#1161=ORIENTED_EDGE('',*,*,#828,.T.);
#1162=ORIENTED_EDGE('',*,*,#877,.F.);
#1163=ORIENTED_EDGE('',*,*,#879,.T.);
#1164=ORIENTED_EDGE('',*,*,#842,.F.);
#1165=ORIENTED_EDGE('',*,*,#874,.F.);
#1166=ORIENTED_EDGE('',*,*,#880,.T.);
#1167=ORIENTED_EDGE('',*,*,#881,.F.);
#1168=ORIENTED_EDGE('',*,*,#882,.T.);
#1169=ORIENTED_EDGE('',*,*,#845,.F.);
#1170=ORIENTED_EDGE('',*,*,#883,.T.);
#1171=ORIENTED_EDGE('',*,*,#884,.T.);
#1172=ORIENTED_EDGE('',*,*,#885,.T.);
#1173=ORIENTED_EDGE('',*,*,#880,.F.);
#1174=ORIENTED_EDGE('',*,*,#863,.F.);
#1175=ORIENTED_EDGE('',*,*,#886,.F.);
#1176=ORIENTED_EDGE('',*,*,#887,.F.);
#1177=ORIENTED_EDGE('',*,*,#883,.F.);
#1178=ORIENTED_EDGE('',*,*,#862,.F.);
#1179=ORIENTED_EDGE('',*,*,#888,.T.);
#1180=ORIENTED_EDGE('',*,*,#889,.F.);
#1181=ORIENTED_EDGE('',*,*,#886,.T.);
#1182=ORIENTED_EDGE('',*,*,#860,.F.);
#1183=ORIENTED_EDGE('',*,*,#890,.F.);
#1184=ORIENTED_EDGE('',*,*,#891,.F.);
#1185=ORIENTED_EDGE('',*,*,#888,.F.);
#1186=ORIENTED_EDGE('',*,*,#858,.F.);
#1187=ORIENTED_EDGE('',*,*,#892,.T.);
#1188=ORIENTED_EDGE('',*,*,#893,.F.);
#1189=ORIENTED_EDGE('',*,*,#890,.T.);
#1190=ORIENTED_EDGE('',*,*,#856,.F.);
#1191=ORIENTED_EDGE('',*,*,#894,.F.);
#1192=ORIENTED_EDGE('',*,*,#895,.F.);
#1193=ORIENTED_EDGE('',*,*,#892,.F.);
#1194=ORIENTED_EDGE('',*,*,#854,.F.);
#1195=ORIENTED_EDGE('',*,*,#896,.T.);
#1196=ORIENTED_EDGE('',*,*,#897,.F.);
#1197=ORIENTED_EDGE('',*,*,#894,.T.);
#1198=ORIENTED_EDGE('',*,*,#852,.F.);
#1199=ORIENTED_EDGE('',*,*,#898,.T.);
#1200=ORIENTED_EDGE('',*,*,#899,.F.);
#1201=ORIENTED_EDGE('',*,*,#896,.F.);
#1202=ORIENTED_EDGE('',*,*,#848,.F.);
#1203=ORIENTED_EDGE('',*,*,#900,.T.);
#1204=ORIENTED_EDGE('',*,*,#901,.F.);
#1205=ORIENTED_EDGE('',*,*,#898,.F.);
#1206=ORIENTED_EDGE('',*,*,#843,.F.);
#1207=ORIENTED_EDGE('',*,*,#902,.F.);
#1208=ORIENTED_EDGE('',*,*,#903,.F.);
#1209=ORIENTED_EDGE('',*,*,#904,.T.);
#1210=ORIENTED_EDGE('',*,*,#871,.F.);
#1211=ORIENTED_EDGE('',*,*,#905,.T.);
#1212=ORIENTED_EDGE('',*,*,#906,.F.);
#1213=ORIENTED_EDGE('',*,*,#907,.T.);
#1214=ORIENTED_EDGE('',*,*,#869,.F.);
#1215=ORIENTED_EDGE('',*,*,#908,.F.);
#1216=ORIENTED_EDGE('',*,*,#909,.T.);
#1217=ORIENTED_EDGE('',*,*,#905,.F.);
#1218=ORIENTED_EDGE('',*,*,#867,.F.);
#1219=ORIENTED_EDGE('',*,*,#910,.T.);
#1220=ORIENTED_EDGE('',*,*,#911,.F.);
#1221=ORIENTED_EDGE('',*,*,#908,.T.);
#1222=ORIENTED_EDGE('',*,*,#864,.F.);
#1223=ORIENTED_EDGE('',*,*,#904,.F.);
#1224=ORIENTED_EDGE('',*,*,#912,.F.);
#1225=ORIENTED_EDGE('',*,*,#913,.T.);
#1226=ORIENTED_EDGE('',*,*,#910,.F.);
#1227=ORIENTED_EDGE('',*,*,#903,.T.);
#1228=ORIENTED_EDGE('',*,*,#914,.T.);
#1229=ORIENTED_EDGE('',*,*,#915,.F.);
#1230=ORIENTED_EDGE('',*,*,#916,.T.);
#1231=ORIENTED_EDGE('',*,*,#917,.F.);
#1232=ORIENTED_EDGE('',*,*,#918,.T.);
#1233=ORIENTED_EDGE('',*,*,#919,.F.);
#1234=ORIENTED_EDGE('',*,*,#912,.T.);
#1235=ORIENTED_EDGE('',*,*,#879,.F.);
#1236=ORIENTED_EDGE('',*,*,#920,.F.);
#1237=ORIENTED_EDGE('',*,*,#921,.T.);
#1238=ORIENTED_EDGE('',*,*,#914,.F.);
#1239=ORIENTED_EDGE('',*,*,#902,.T.);
#1240=ORIENTED_EDGE('',*,*,#878,.F.);
#1241=ORIENTED_EDGE('',*,*,#922,.T.);
#1242=ORIENTED_EDGE('',*,*,#923,.F.);
#1243=ORIENTED_EDGE('',*,*,#920,.T.);
#1244=ORIENTED_EDGE('',*,*,#876,.F.);
#1245=ORIENTED_EDGE('',*,*,#882,.F.);
#1246=ORIENTED_EDGE('',*,*,#924,.T.);
#1247=ORIENTED_EDGE('',*,*,#922,.F.);
#1248=ORIENTED_EDGE('',*,*,#925,.F.);
#1249=ORIENTED_EDGE('',*,*,#926,.T.);
#1250=ORIENTED_EDGE('',*,*,#927,.F.);
#1251=ORIENTED_EDGE('',*,*,#928,.T.);
#1252=ORIENTED_EDGE('',*,*,#917,.T.);
#1253=ORIENTED_EDGE('',*,*,#929,.T.);
#1254=ORIENTED_EDGE('',*,*,#930,.T.);
#1255=ORIENTED_EDGE('',*,*,#931,.T.);
#1256=ORIENTED_EDGE('',*,*,#925,.T.);
#1257=ORIENTED_EDGE('',*,*,#932,.T.);
#1258=ORIENTED_EDGE('',*,*,#933,.T.);
#1259=ORIENTED_EDGE('',*,*,#934,.T.);
#1260=ORIENTED_EDGE('',*,*,#872,.F.);
#1261=ORIENTED_EDGE('',*,*,#907,.F.);
#1262=ORIENTED_EDGE('',*,*,#935,.T.);
#1263=ORIENTED_EDGE('',*,*,#936,.T.);
#1264=ORIENTED_EDGE('',*,*,#900,.F.);
#1265=ORIENTED_EDGE('',*,*,#937,.F.);
#1266=ORIENTED_EDGE('',*,*,#938,.F.);
#1267=ORIENTED_EDGE('',*,*,#939,.T.);
#1268=ORIENTED_EDGE('',*,*,#897,.T.);
#1269=ORIENTED_EDGE('',*,*,#940,.T.);
#1270=ORIENTED_EDGE('',*,*,#941,.F.);
#1271=ORIENTED_EDGE('',*,*,#937,.T.);
#1272=ORIENTED_EDGE('',*,*,#899,.T.);
#1273=ORIENTED_EDGE('',*,*,#936,.F.);
#1274=ORIENTED_EDGE('',*,*,#942,.T.);
#1275=ORIENTED_EDGE('',*,*,#940,.F.);
#1276=ORIENTED_EDGE('',*,*,#901,.T.);
#1277=ORIENTED_EDGE('',*,*,#885,.F.);
#1278=ORIENTED_EDGE('',*,*,#943,.F.);
#1279=ORIENTED_EDGE('',*,*,#944,.T.);
#1280=ORIENTED_EDGE('',*,*,#945,.F.);
#1281=ORIENTED_EDGE('',*,*,#946,.T.);
#1282=ORIENTED_EDGE('',*,*,#947,.F.);
#1283=ORIENTED_EDGE('',*,*,#938,.T.);
#1284=ORIENTED_EDGE('',*,*,#941,.T.);
#1285=ORIENTED_EDGE('',*,*,#942,.F.);
#1286=ORIENTED_EDGE('',*,*,#935,.F.);
#1287=ORIENTED_EDGE('',*,*,#906,.T.);
#1288=ORIENTED_EDGE('',*,*,#909,.F.);
#1289=ORIENTED_EDGE('',*,*,#911,.T.);
#1290=ORIENTED_EDGE('',*,*,#913,.F.);
#1291=ORIENTED_EDGE('',*,*,#919,.T.);
#1292=ORIENTED_EDGE('',*,*,#948,.T.);
#1293=ORIENTED_EDGE('',*,*,#927,.T.);
#1294=ORIENTED_EDGE('',*,*,#949,.T.);
#1295=ORIENTED_EDGE('',*,*,#950,.T.);
#1296=ORIENTED_EDGE('',*,*,#951,.T.);
#1297=ORIENTED_EDGE('',*,*,#915,.T.);
#1298=ORIENTED_EDGE('',*,*,#921,.F.);
#1299=ORIENTED_EDGE('',*,*,#923,.T.);
#1300=ORIENTED_EDGE('',*,*,#924,.F.);
#1301=ORIENTED_EDGE('',*,*,#881,.T.);
#1302=ORIENTED_EDGE('',*,*,#952,.T.);
#1303=ORIENTED_EDGE('',*,*,#953,.T.);
#1304=ORIENTED_EDGE('',*,*,#954,.T.);
#1305=ORIENTED_EDGE('',*,*,#955,.T.);
#1306=ORIENTED_EDGE('',*,*,#809,.T.);
#1307=ORIENTED_EDGE('',*,*,#956,.T.);
#1308=ORIENTED_EDGE('',*,*,#957,.T.);
#1309=ORIENTED_EDGE('',*,*,#958,.T.);
#1310=ORIENTED_EDGE('',*,*,#959,.T.);
#1311=ORIENTED_EDGE('',*,*,#960,.T.);
#1312=ORIENTED_EDGE('',*,*,#961,.T.);
#1313=ORIENTED_EDGE('',*,*,#962,.T.);
#1314=ORIENTED_EDGE('',*,*,#963,.T.);
#1315=ORIENTED_EDGE('',*,*,#884,.F.);
#1316=ORIENTED_EDGE('',*,*,#887,.T.);
#1317=ORIENTED_EDGE('',*,*,#964,.F.);
#1318=ORIENTED_EDGE('',*,*,#943,.T.);
#1319=ORIENTED_EDGE('',*,*,#965,.T.);
#1320=ORIENTED_EDGE('',*,*,#944,.F.);
#1321=ORIENTED_EDGE('',*,*,#964,.T.);
#1322=ORIENTED_EDGE('',*,*,#889,.T.);
#1323=ORIENTED_EDGE('',*,*,#966,.F.);
#1324=ORIENTED_EDGE('',*,*,#945,.T.);
#1325=ORIENTED_EDGE('',*,*,#965,.F.);
#1326=ORIENTED_EDGE('',*,*,#891,.T.);
#1327=ORIENTED_EDGE('',*,*,#967,.T.);
#1328=ORIENTED_EDGE('',*,*,#946,.F.);
#1329=ORIENTED_EDGE('',*,*,#966,.T.);
#1330=ORIENTED_EDGE('',*,*,#893,.T.);
#1331=ORIENTED_EDGE('',*,*,#939,.F.);
#1332=ORIENTED_EDGE('',*,*,#947,.T.);
#1333=ORIENTED_EDGE('',*,*,#967,.F.);
#1334=ORIENTED_EDGE('',*,*,#895,.T.);
#1335=ORIENTED_EDGE('',*,*,#929,.F.);
#1336=ORIENTED_EDGE('',*,*,#916,.F.);
#1337=ORIENTED_EDGE('',*,*,#951,.F.);
#1338=ORIENTED_EDGE('',*,*,#968,.F.);
#1339=ORIENTED_EDGE('',*,*,#930,.F.);
#1340=ORIENTED_EDGE('',*,*,#968,.T.);
#1341=ORIENTED_EDGE('',*,*,#950,.F.);
#1342=ORIENTED_EDGE('',*,*,#969,.T.);
#1343=ORIENTED_EDGE('',*,*,#931,.F.);
#1344=ORIENTED_EDGE('',*,*,#969,.F.);
#1345=ORIENTED_EDGE('',*,*,#949,.F.);
#1346=ORIENTED_EDGE('',*,*,#926,.F.);
#1347=ORIENTED_EDGE('',*,*,#932,.F.);
#1348=ORIENTED_EDGE('',*,*,#928,.F.);
#1349=ORIENTED_EDGE('',*,*,#948,.F.);
#1350=ORIENTED_EDGE('',*,*,#918,.F.);
#1351=ORIENTED_EDGE('',*,*,#970,.T.);
#1352=ORIENTED_EDGE('',*,*,#971,.T.);
#1353=ORIENTED_EDGE('',*,*,#952,.F.);
#1354=ORIENTED_EDGE('',*,*,#971,.F.);
#1355=ORIENTED_EDGE('',*,*,#972,.T.);
#1356=ORIENTED_EDGE('',*,*,#970,.F.);
#1357=ORIENTED_EDGE('',*,*,#973,.T.);
#1358=ORIENTED_EDGE('',*,*,#838,.F.);
#1359=ORIENTED_EDGE('',*,*,#973,.F.);
#1360=ORIENTED_EDGE('',*,*,#972,.F.);
#1361=ORIENTED_EDGE('',*,*,#974,.T.);
#1362=ORIENTED_EDGE('',*,*,#975,.T.);
#1363=ORIENTED_EDGE('',*,*,#953,.F.);
#1364=ORIENTED_EDGE('',*,*,#975,.F.);
#1365=ORIENTED_EDGE('',*,*,#976,.T.);
#1366=ORIENTED_EDGE('',*,*,#974,.F.);
#1367=ORIENTED_EDGE('',*,*,#977,.T.);
#1368=ORIENTED_EDGE('',*,*,#837,.F.);
#1369=ORIENTED_EDGE('',*,*,#977,.F.);
#1370=ORIENTED_EDGE('',*,*,#976,.F.);
#1371=ORIENTED_EDGE('',*,*,#978,.T.);
#1372=ORIENTED_EDGE('',*,*,#979,.T.);
#1373=ORIENTED_EDGE('',*,*,#954,.F.);
#1374=ORIENTED_EDGE('',*,*,#979,.F.);
#1375=ORIENTED_EDGE('',*,*,#980,.F.);
#1376=ORIENTED_EDGE('',*,*,#981,.T.);
#1377=ORIENTED_EDGE('',*,*,#978,.F.);
#1378=ORIENTED_EDGE('',*,*,#981,.F.);
#1379=ORIENTED_EDGE('',*,*,#980,.T.);
#1380=ORIENTED_EDGE('',*,*,#982,.T.);
#1381=ORIENTED_EDGE('',*,*,#982,.F.);
#1382=ORIENTED_EDGE('',*,*,#983,.T.);
#1383=ORIENTED_EDGE('',*,*,#835,.F.);
#1384=ORIENTED_EDGE('',*,*,#983,.F.);
#1385=ORIENTED_EDGE('',*,*,#955,.F.);
#1386=ORIENTED_EDGE('',*,*,#984,.T.);
#1387=ORIENTED_EDGE('',*,*,#985,.F.);
#1388=ORIENTED_EDGE('',*,*,#984,.F.);
#1389=ORIENTED_EDGE('',*,*,#985,.T.);
#1390=ORIENTED_EDGE('',*,*,#986,.T.);
#1391=ORIENTED_EDGE('',*,*,#987,.F.);
#1392=ORIENTED_EDGE('',*,*,#986,.F.);
#1393=ORIENTED_EDGE('',*,*,#988,.T.);
#1394=ORIENTED_EDGE('',*,*,#987,.T.);
#1395=ORIENTED_EDGE('',*,*,#988,.F.);
#1396=ORIENTED_EDGE('',*,*,#989,.T.);
#1397=ORIENTED_EDGE('',*,*,#836,.F.);
#1398=ORIENTED_EDGE('',*,*,#989,.F.);
#1399=ORIENTED_EDGE('',*,*,#990,.F.);
#1400=ORIENTED_EDGE('',*,*,#991,.F.);
#1401=ORIENTED_EDGE('',*,*,#992,.F.);
#1402=ORIENTED_EDGE('',*,*,#956,.F.);
#1403=ORIENTED_EDGE('',*,*,#993,.F.);
#1404=ORIENTED_EDGE('',*,*,#990,.T.);
#1405=ORIENTED_EDGE('',*,*,#959,.F.);
#1406=ORIENTED_EDGE('',*,*,#994,.T.);
#1407=ORIENTED_EDGE('',*,*,#995,.F.);
#1408=ORIENTED_EDGE('',*,*,#996,.T.);
#1409=ORIENTED_EDGE('',*,*,#993,.T.);
#1410=ORIENTED_EDGE('',*,*,#997,.T.);
#1411=ORIENTED_EDGE('',*,*,#995,.T.);
#1412=ORIENTED_EDGE('',*,*,#998,.F.);
#1413=ORIENTED_EDGE('',*,*,#999,.T.);
#1414=ORIENTED_EDGE('',*,*,#1000,.F.);
#1415=ORIENTED_EDGE('',*,*,#1001,.F.);
#1416=ORIENTED_EDGE('',*,*,#991,.T.);
#1417=ORIENTED_EDGE('',*,*,#996,.F.);
#1418=ORIENTED_EDGE('',*,*,#1000,.T.);
#1419=ORIENTED_EDGE('',*,*,#1001,.T.);
#1420=ORIENTED_EDGE('',*,*,#999,.F.);
#1421=ORIENTED_EDGE('',*,*,#1002,.T.);
#1422=ORIENTED_EDGE('',*,*,#1003,.T.);
#1423=ORIENTED_EDGE('',*,*,#992,.T.);
#1424=ORIENTED_EDGE('',*,*,#1003,.F.);
#1425=ORIENTED_EDGE('',*,*,#1004,.T.);
#1426=ORIENTED_EDGE('',*,*,#957,.F.);
#1427=ORIENTED_EDGE('',*,*,#1004,.F.);
#1428=ORIENTED_EDGE('',*,*,#1005,.F.);
#1429=ORIENTED_EDGE('',*,*,#994,.F.);
#1430=ORIENTED_EDGE('',*,*,#958,.F.);
#1431=ORIENTED_EDGE('',*,*,#997,.F.);
#1432=ORIENTED_EDGE('',*,*,#1005,.T.);
#1433=ORIENTED_EDGE('',*,*,#1002,.F.);
#1434=ORIENTED_EDGE('',*,*,#998,.T.);
#1435=ORIENTED_EDGE('',*,*,#1006,.F.);
#1436=ORIENTED_EDGE('',*,*,#1007,.F.);
#1437=ORIENTED_EDGE('',*,*,#1008,.F.);
#1438=ORIENTED_EDGE('',*,*,#960,.F.);
#1439=ORIENTED_EDGE('',*,*,#1009,.F.);
#1440=ORIENTED_EDGE('',*,*,#1006,.T.);
#1441=ORIENTED_EDGE('',*,*,#963,.F.);
#1442=ORIENTED_EDGE('',*,*,#1010,.T.);
#1443=ORIENTED_EDGE('',*,*,#1011,.F.);
#1444=ORIENTED_EDGE('',*,*,#1012,.T.);
#1445=ORIENTED_EDGE('',*,*,#1009,.T.);
#1446=ORIENTED_EDGE('',*,*,#1013,.T.);
#1447=ORIENTED_EDGE('',*,*,#1011,.T.);
#1448=ORIENTED_EDGE('',*,*,#1014,.F.);
#1449=ORIENTED_EDGE('',*,*,#1015,.T.);
#1450=ORIENTED_EDGE('',*,*,#1016,.F.);
#1451=ORIENTED_EDGE('',*,*,#1017,.F.);
#1452=ORIENTED_EDGE('',*,*,#1007,.T.);
#1453=ORIENTED_EDGE('',*,*,#1012,.F.);
#1454=ORIENTED_EDGE('',*,*,#1016,.T.);
#1455=ORIENTED_EDGE('',*,*,#1017,.T.);
#1456=ORIENTED_EDGE('',*,*,#1015,.F.);
#1457=ORIENTED_EDGE('',*,*,#1018,.T.);
#1458=ORIENTED_EDGE('',*,*,#1019,.T.);
#1459=ORIENTED_EDGE('',*,*,#1008,.T.);
#1460=ORIENTED_EDGE('',*,*,#1019,.F.);
#1461=ORIENTED_EDGE('',*,*,#1020,.T.);
#1462=ORIENTED_EDGE('',*,*,#961,.F.);
#1463=ORIENTED_EDGE('',*,*,#1020,.F.);
#1464=ORIENTED_EDGE('',*,*,#1021,.F.);
#1465=ORIENTED_EDGE('',*,*,#1010,.F.);
#1466=ORIENTED_EDGE('',*,*,#962,.F.);
#1467=ORIENTED_EDGE('',*,*,#1013,.F.);
#1468=ORIENTED_EDGE('',*,*,#1021,.T.);
#1469=ORIENTED_EDGE('',*,*,#1018,.F.);
#1470=ORIENTED_EDGE('',*,*,#1014,.T.);
#1471=ORIENTED_EDGE('',*,*,#839,.T.);
#1472=ORIENTED_EDGE('',*,*,#840,.T.);
#1473=ORIENTED_EDGE('',*,*,#1022,.T.);
#1474=ORIENTED_EDGE('',*,*,#933,.F.);
#1475=ORIENTED_EDGE('',*,*,#1022,.F.);
#1476=ORIENTED_EDGE('',*,*,#797,.T.);
#1477=ORIENTED_EDGE('',*,*,#1023,.T.);
#1478=ORIENTED_EDGE('',*,*,#1024,.F.);
#1479=ORIENTED_EDGE('',*,*,#1023,.F.);
#1480=ORIENTED_EDGE('',*,*,#1024,.T.);
#1481=ORIENTED_EDGE('',*,*,#1025,.T.);
#1482=ORIENTED_EDGE('',*,*,#934,.F.);
#1483=ORIENTED_EDGE('',*,*,#1025,.F.);
#1484=PLANE('',#1633);
#1485=PLANE('',#1641);
#1486=PLANE('',#1645);
#1487=PLANE('',#1655);
#1488=PLANE('',#1717);
#1489=PLANE('',#1719);
#1490=PLANE('',#1722);
#1491=PLANE('',#1725);
#1492=PLANE('',#1730);
#1493=PLANE('',#1735);
#1494=PLANE('',#1738);
#1495=PLANE('',#1745);
#1496=PLANE('',#1748);
#1497=PLANE('',#1752);
#1498=PLANE('',#1759);
#1499=PLANE('',#1769);
#1500=PLANE('',#1807);
#1501=PLANE('',#1814);
#1502=PLANE('',#1817);
#1503=PLANE('',#1822);
#1504=PLANE('',#1824);
#1505=PLANE('',#1828);
#1506=PLANE('',#1829);
#1507=PLANE('',#1830);
#1508=PLANE('',#1835);
#1509=PLANE('',#1837);
#1510=PLANE('',#1841);
#1511=PLANE('',#1842);
#1512=ADVANCED_FACE('',(#322,#301),#1484,.T.);
#1513=ADVANCED_FACE('',(#323),#257,.F.);
#1514=ADVANCED_FACE('',(#324),#258,.F.);
#1515=ADVANCED_FACE('',(#325,#302),#1485,.T.);
#1516=ADVANCED_FACE('',(#326),#35,.F.);
#1517=ADVANCED_FACE('',(#327,#303),#1486,.T.);
#1518=ADVANCED_FACE('',(#328),#259,.F.);
#1519=ADVANCED_FACE('',(#329),#260,.F.);
#1520=ADVANCED_FACE('',(#330),#36,.F.);
#1521=ADVANCED_FACE('',(#331,#304,#305,#306,#307,#308,#309,#310),#1487,
 .T.);
#1522=ADVANCED_FACE('',(#332),#261,.F.);
#1523=ADVANCED_FACE('',(#333),#26,.T.);
#1524=ADVANCED_FACE('',(#334),#262,.T.);
#1525=ADVANCED_FACE('',(#335),#263,.T.);
#1526=ADVANCED_FACE('',(#336),#27,.T.);
#1527=ADVANCED_FACE('',(#337),#28,.T.);
#1528=ADVANCED_FACE('',(#338),#264,.T.);
#1529=ADVANCED_FACE('',(#339),#16,.F.);
#1530=ADVANCED_FACE('',(#340),#265,.T.);
#1531=ADVANCED_FACE('',(#341),#17,.F.);
#1532=ADVANCED_FACE('',(#342),#266,.T.);
#1533=ADVANCED_FACE('',(#343),#267,.T.);
#1534=ADVANCED_FACE('',(#344),#29,.T.);
#1535=ADVANCED_FACE('',(#345),#268,.T.);
#1536=ADVANCED_FACE('',(#346),#30,.T.);
#1537=ADVANCED_FACE('',(#347),#269,.T.);
#1538=ADVANCED_FACE('',(#348),#31,.T.);
#1539=ADVANCED_FACE('',(#349),#270,.T.);
#1540=ADVANCED_FACE('',(#350),#32,.T.);
#1541=ADVANCED_FACE('',(#351),#271,.T.);
#1542=ADVANCED_FACE('',(#352),#272,.T.);
#1543=ADVANCED_FACE('',(#353),#1488,.F.);
#1544=ADVANCED_FACE('',(#354),#1489,.F.);
#1545=ADVANCED_FACE('',(#355),#273,.T.);
#1546=ADVANCED_FACE('',(#356),#1490,.F.);
#1547=ADVANCED_FACE('',(#357),#274,.T.);
#1548=ADVANCED_FACE('',(#358),#1491,.F.);
#1549=ADVANCED_FACE('',(#359),#275,.T.);
#1550=ADVANCED_FACE('',(#360),#276,.F.);
#1551=ADVANCED_FACE('',(#361),#1492,.F.);
#1552=ADVANCED_FACE('',(#362),#277,.F.);
#1553=ADVANCED_FACE('',(#363),#278,.T.);
#1554=ADVANCED_FACE('',(#364),#1493,.F.);
#1555=ADVANCED_FACE('',(#365),#279,.T.);
#1556=ADVANCED_FACE('',(#366),#1494,.F.);
#1557=ADVANCED_FACE('',(#367),#15,.F.);
#1558=ADVANCED_FACE('',(#368),#1495,.F.);
#1559=ADVANCED_FACE('',(#369),#280,.T.);
#1560=ADVANCED_FACE('',(#370),#1496,.F.);
#1561=ADVANCED_FACE('',(#371),#281,.T.);
#1562=ADVANCED_FACE('',(#372,#311,#312),#1497,.T.);
#1563=ADVANCED_FACE('',(#373),#1498,.F.);
#1564=ADVANCED_FACE('',(#374),#33,.T.);
#1565=ADVANCED_FACE('',(#375),#34,.T.);
#1566=ADVANCED_FACE('',(#376),#282,.T.);
#1567=ADVANCED_FACE('',(#377,#313,#314,#315,#316,#317,#318,#319),#1499,
 .T.);
#1568=ADVANCED_FACE('',(#378),#283,.T.);
#1569=ADVANCED_FACE('',(#379),#18,.F.);
#1570=ADVANCED_FACE('',(#380),#284,.T.);
#1571=ADVANCED_FACE('',(#381),#19,.F.);
#1572=ADVANCED_FACE('',(#382),#285,.T.);
#1573=ADVANCED_FACE('',(#383),#286,.F.);
#1574=ADVANCED_FACE('',(#384),#287,.T.);
#1575=ADVANCED_FACE('',(#385),#288,.F.);
#1576=ADVANCED_FACE('',(#386),#289,.F.);
#1577=ADVANCED_FACE('',(#387),#37,.F.);
#1578=ADVANCED_FACE('',(#388),#290,.F.);
#1579=ADVANCED_FACE('',(#389),#38,.F.);
#1580=ADVANCED_FACE('',(#390),#291,.F.);
#1581=ADVANCED_FACE('',(#391),#39,.F.);
#1582=ADVANCED_FACE('',(#392),#292,.F.);
#1583=ADVANCED_FACE('',(#393,#320),#1500,.T.);
#1584=ADVANCED_FACE('',(#394),#293,.F.);
#1585=ADVANCED_FACE('',(#395),#294,.F.);
#1586=ADVANCED_FACE('',(#396),#40,.F.);
#1587=ADVANCED_FACE('',(#397,#321),#1501,.T.);
#1588=ADVANCED_FACE('',(#398),#295,.F.);
#1589=ADVANCED_FACE('',(#399),#1502,.F.);
#1590=ADVANCED_FACE('',(#400),#296,.T.);
#1591=ADVANCED_FACE('',(#401),#41,.T.);
#1592=ADVANCED_FACE('',(#402),#1503,.T.);
#1593=ADVANCED_FACE('',(#403),#1504,.T.);
#1594=ADVANCED_FACE('',(#404),#42,.T.);
#1595=ADVANCED_FACE('',(#405),#297,.T.);
#1596=ADVANCED_FACE('',(#406),#1505,.F.);
#1597=ADVANCED_FACE('',(#407),#1506,.T.);
#1598=ADVANCED_FACE('',(#408),#1507,.F.);
#1599=ADVANCED_FACE('',(#409),#298,.T.);
#1600=ADVANCED_FACE('',(#410),#43,.T.);
#1601=ADVANCED_FACE('',(#411),#1508,.T.);
#1602=ADVANCED_FACE('',(#412),#1509,.T.);
#1603=ADVANCED_FACE('',(#413),#44,.T.);
#1604=ADVANCED_FACE('',(#414),#299,.T.);
#1605=ADVANCED_FACE('',(#415),#1510,.F.);
#1606=ADVANCED_FACE('',(#416),#1511,.T.);
#1607=ADVANCED_FACE('',(#417),#45,.F.);
#1608=ADVANCED_FACE('',(#418),#300,.F.);
#1609=ADVANCED_FACE('',(#419),#46,.F.);
#1610=CLOSED_SHELL('',(#1512,#1513,#1514,#1515,#1516,#1517,#1518,#1519,
#1520,#1521,#1522,#1523,#1524,#1525,#1526,#1527,#1528,#1529,#1530,#1531,
#1532,#1533,#1534,#1535,#1536,#1537,#1538,#1539,#1540,#1541,#1542,#1543,
#1544,#1545,#1546,#1547,#1548,#1549,#1550,#1551,#1552,#1553,#1554,#1555,
#1556,#1557,#1558,#1559,#1560,#1561,#1562,#1563,#1564,#1565,#1566,#1567,
#1568,#1569,#1570,#1571,#1572,#1573,#1574,#1575,#1576,#1577,#1578,#1579,
#1580,#1581,#1582,#1583,#1584,#1585,#1586,#1587,#1588,#1589,#1590,#1591,
#1592,#1593,#1594,#1595,#1596,#1597,#1598,#1599,#1600,#1601,#1602,#1603,
#1604,#1605,#1606,#1607,#1608,#1609));
#1611=DERIVED_UNIT_ELEMENT(#1614,1.);
#1612=DERIVED_UNIT_ELEMENT(#2923,-3.);
#1613=DIMENSIONAL_EXPONENTS(0.,1.,0.,0.,0.,0.,0.);
#1614=(
CONVERSION_BASED_UNIT('gram',#1616)
MASS_UNIT()
NAMED_UNIT(#1613)
);
#1615=(
MASS_UNIT()
NAMED_UNIT(*)
SI_UNIT(.KILO.,.GRAM.)
);
#1616=MASS_MEASURE_WITH_UNIT(MASS_MEASURE(0.001),#1615);
#1617=DERIVED_UNIT((#1611,#1612));
#1618=MEASURE_REPRESENTATION_ITEM('density measure',
POSITIVE_RATIO_MEASURE(1.06),#1617);
#1619=PROPERTY_DEFINITION_REPRESENTATION(#1624,#1621);
#1620=PROPERTY_DEFINITION_REPRESENTATION(#1625,#1622);
#1621=REPRESENTATION('material name',(#1623),#2920);
#1622=REPRESENTATION('density',(#1618),#2920);
#1623=DESCRIPTIVE_REPRESENTATION_ITEM('ABS \X2\58516599\X0\',
'ABS \X2\58516599\X0\');
#1624=PROPERTY_DEFINITION('material property','material name',#2930);
#1625=PROPERTY_DEFINITION('material property','density of part',#2930);
#1626=DATE_TIME_ROLE('creation_date');
#1627=APPLIED_DATE_AND_TIME_ASSIGNMENT(#1628,#1626,(#2930));
#1628=DATE_AND_TIME(#1629,#1630);
#1629=CALENDAR_DATE(2026,2,1);
#1630=LOCAL_TIME(23,27,50.,#1631);
#1631=COORDINATED_UNIVERSAL_TIME_OFFSET(0,0,.BEHIND.);
#1632=AXIS2_PLACEMENT_3D('',#2382,#1847,#1848);
#1633=AXIS2_PLACEMENT_3D('',#2383,#1849,#1850);
#1634=AXIS2_PLACEMENT_3D('',#2385,#1851,#1852);
#1635=AXIS2_PLACEMENT_3D('',#2387,#1853,#1854);
#1636=AXIS2_PLACEMENT_3D('',#2388,#1855,#1856);
#1637=AXIS2_PLACEMENT_3D('',#2390,#1857,#1858);
#1638=AXIS2_PLACEMENT_3D('',#2393,#1860,#1861);
#1639=AXIS2_PLACEMENT_3D('',#2394,#1862,#1863);
#1640=AXIS2_PLACEMENT_3D('',#2397,#1865,#1866);
#1641=AXIS2_PLACEMENT_3D('',#2398,#1867,#1868);
#1642=AXIS2_PLACEMENT_3D('',#2399,#1869,#1870);
#1643=AXIS2_PLACEMENT_3D('',#2401,#1871,#1872);
#1644=AXIS2_PLACEMENT_3D('',#2404,#1874,#1875);
#1645=AXIS2_PLACEMENT_3D('',#2405,#1876,#1877);
#1646=AXIS2_PLACEMENT_3D('',#2407,#1878,#1879);
#1647=AXIS2_PLACEMENT_3D('',#2408,#1880,#1881);
#1648=AXIS2_PLACEMENT_3D('',#2411,#1883,#1884);
#1649=AXIS2_PLACEMENT_3D('',#2412,#1885,#1886);
#1650=AXIS2_PLACEMENT_3D('',#2414,#1887,#1888);
#1651=AXIS2_PLACEMENT_3D('',#2416,#1890,#1891);
#1652=AXIS2_PLACEMENT_3D('',#2418,#1892,#1893);
#1653=AXIS2_PLACEMENT_3D('',#2422,#1895,#1896);
#1654=AXIS2_PLACEMENT_3D('',#2423,#1897,#1898);
#1655=AXIS2_PLACEMENT_3D('',#2424,#1899,#1900);
#1656=AXIS2_PLACEMENT_3D('',#2429,#1902,#1903);
#1657=AXIS2_PLACEMENT_3D('',#2431,#1904,#1905);
#1658=AXIS2_PLACEMENT_3D('',#2435,#1907,#1908);
#1659=AXIS2_PLACEMENT_3D('',#2439,#1910,#1911);
#1660=AXIS2_PLACEMENT_3D('',#2445,#1914,#1915);
#1661=AXIS2_PLACEMENT_3D('',#2449,#1917,#1918);
#1662=AXIS2_PLACEMENT_3D('',#2453,#1920,#1921);
#1663=AXIS2_PLACEMENT_3D('',#2457,#1923,#1924);
#1664=AXIS2_PLACEMENT_3D('',#2461,#1926,#1927);
#1665=AXIS2_PLACEMENT_3D('',#2464,#1929,#1930);
#1666=AXIS2_PLACEMENT_3D('',#2466,#1931,#1932);
#1667=AXIS2_PLACEMENT_3D('',#2468,#1933,#1934);
#1668=AXIS2_PLACEMENT_3D('',#2470,#1935,#1936);
#1669=AXIS2_PLACEMENT_3D('',#2471,#1937,#1938);
#1670=AXIS2_PLACEMENT_3D('',#2474,#1939,#1940);
#1671=AXIS2_PLACEMENT_3D('',#2475,#1941,#1942);
#1672=AXIS2_PLACEMENT_3D('',#2477,#1944,#1945);
#1673=AXIS2_PLACEMENT_3D('',#2494,#1946,#1947);
#1674=AXIS2_PLACEMENT_3D('',#2509,#1948,#1949);
#1675=AXIS2_PLACEMENT_3D('',#2513,#1951,#1952);
#1676=AXIS2_PLACEMENT_3D('',#2514,#1953,#1954);
#1677=AXIS2_PLACEMENT_3D('',#2515,#1955,#1956);
#1678=AXIS2_PLACEMENT_3D('',#2519,#1958,#1959);
#1679=AXIS2_PLACEMENT_3D('',#2520,#1960,#1961);
#1680=AXIS2_PLACEMENT_3D('',#2521,#1962,#1963);
#1681=AXIS2_PLACEMENT_3D('',#2523,#1964,#1965);
#1682=AXIS2_PLACEMENT_3D('',#2524,#1966,#1967);
#1683=AXIS2_PLACEMENT_3D('',#2525,#1968,#1969);
#1684=AXIS2_PLACEMENT_3D('',#2527,#1970,#1971);
#1685=AXIS2_PLACEMENT_3D('',#2528,#1972,#1973);
#1686=AXIS2_PLACEMENT_3D('',#2529,#1974,#1975);
#1687=AXIS2_PLACEMENT_3D('',#2531,#1976,#1977);
#1688=AXIS2_PLACEMENT_3D('',#2543,#1979,#1980);
#1689=AXIS2_PLACEMENT_3D('',#2544,#1981,#1982);
#1690=AXIS2_PLACEMENT_3D('',#2545,#1983,#1984);
#1691=AXIS2_PLACEMENT_3D('',#2547,#1985,#1986);
#1692=AXIS2_PLACEMENT_3D('',#2559,#1988,#1989);
#1693=AXIS2_PLACEMENT_3D('',#2560,#1990,#1991);
#1694=AXIS2_PLACEMENT_3D('',#2561,#1992,#1993);
#1695=AXIS2_PLACEMENT_3D('',#2563,#1995,#1996);
#1696=AXIS2_PLACEMENT_3D('',#2566,#1998,#1999);
#1697=AXIS2_PLACEMENT_3D('',#2567,#2000,#2001);
#1698=AXIS2_PLACEMENT_3D('',#2569,#2002,#2003);
#1699=AXIS2_PLACEMENT_3D('',#2570,#2004,#2005);
#1700=AXIS2_PLACEMENT_3D('',#2571,#2006,#2007);
#1701=AXIS2_PLACEMENT_3D('',#2573,#2008,#2009);
#1702=AXIS2_PLACEMENT_3D('',#2575,#2011,#2012);
#1703=AXIS2_PLACEMENT_3D('',#2577,#2013,#2014);
#1704=AXIS2_PLACEMENT_3D('',#2578,#2015,#2016);
#1705=AXIS2_PLACEMENT_3D('',#2579,#2017,#2018);
#1706=AXIS2_PLACEMENT_3D('',#2581,#2020,#2021);
#1707=AXIS2_PLACEMENT_3D('',#2583,#2022,#2023);
#1708=AXIS2_PLACEMENT_3D('',#2584,#2024,#2025);
#1709=AXIS2_PLACEMENT_3D('',#2585,#2026,#2027);
#1710=AXIS2_PLACEMENT_3D('',#2587,#2028,#2029);
#1711=AXIS2_PLACEMENT_3D('',#2589,#2031,#2032);
#1712=AXIS2_PLACEMENT_3D('',#2591,#2033,#2034);
#1713=AXIS2_PLACEMENT_3D('',#2592,#2035,#2036);
#1714=AXIS2_PLACEMENT_3D('',#2593,#2037,#2038);
#1715=AXIS2_PLACEMENT_3D('',#2595,#2040,#2041);
#1716=AXIS2_PLACEMENT_3D('',#2599,#2043,#2044);
#1717=AXIS2_PLACEMENT_3D('',#2601,#2046,#2047);
#1718=AXIS2_PLACEMENT_3D('',#2605,#2049,#2050);
#1719=AXIS2_PLACEMENT_3D('',#2607,#2052,#2053);
#1720=AXIS2_PLACEMENT_3D('',#2611,#2056,#2057);
#1721=AXIS2_PLACEMENT_3D('',#2614,#2059,#2060);
#1722=AXIS2_PLACEMENT_3D('',#2615,#2061,#2062);
#1723=AXIS2_PLACEMENT_3D('',#2619,#2065,#2066);
#1724=AXIS2_PLACEMENT_3D('',#2622,#2068,#2069);
#1725=AXIS2_PLACEMENT_3D('',#2623,#2070,#2071);
#1726=AXIS2_PLACEMENT_3D('',#2627,#2074,#2075);
#1727=AXIS2_PLACEMENT_3D('',#2630,#2077,#2078);
#1728=AXIS2_PLACEMENT_3D('',#2631,#2079,#2080);
#1729=AXIS2_PLACEMENT_3D('',#2634,#2082,#2083);
#1730=AXIS2_PLACEMENT_3D('',#2635,#2084,#2085);
#1731=AXIS2_PLACEMENT_3D('',#2639,#2088,#2089);
#1732=AXIS2_PLACEMENT_3D('',#2643,#2091,#2092);
#1733=AXIS2_PLACEMENT_3D('',#2645,#2094,#2095);
#1734=AXIS2_PLACEMENT_3D('',#2649,#2097,#2098);
#1735=AXIS2_PLACEMENT_3D('',#2651,#2100,#2101);
#1736=AXIS2_PLACEMENT_3D('',#2655,#2104,#2105);
#1737=AXIS2_PLACEMENT_3D('',#2658,#2107,#2108);
#1738=AXIS2_PLACEMENT_3D('',#2659,#2109,#2110);
#1739=AXIS2_PLACEMENT_3D('',#2661,#2111,#2112);
#1740=AXIS2_PLACEMENT_3D('',#2663,#2114,#2115);
#1741=AXIS2_PLACEMENT_3D('',#2665,#2116,#2117);
#1742=AXIS2_PLACEMENT_3D('',#2667,#2118,#2119);
#1743=AXIS2_PLACEMENT_3D('',#2676,#2120,#2121);
#1744=AXIS2_PLACEMENT_3D('',#2684,#2122,#2123);
#1745=AXIS2_PLACEMENT_3D('',#2685,#2124,#2125);
#1746=AXIS2_PLACEMENT_3D('',#2689,#2128,#2129);
#1747=AXIS2_PLACEMENT_3D('',#2692,#2131,#2132);
#1748=AXIS2_PLACEMENT_3D('',#2693,#2133,#2134);
#1749=AXIS2_PLACEMENT_3D('',#2695,#2136,#2137);
#1750=AXIS2_PLACEMENT_3D('',#2698,#2138,#2139);
#1751=AXIS2_PLACEMENT_3D('',#2702,#2141,#2142);
#1752=AXIS2_PLACEMENT_3D('',#2704,#2144,#2145);
#1753=AXIS2_PLACEMENT_3D('',#2706,#2146,#2147);
#1754=AXIS2_PLACEMENT_3D('',#2708,#2148,#2149);
#1755=AXIS2_PLACEMENT_3D('',#2709,#2150,#2151);
#1756=AXIS2_PLACEMENT_3D('',#2710,#2152,#2153);
#1757=AXIS2_PLACEMENT_3D('',#2712,#2154,#2155);
#1758=AXIS2_PLACEMENT_3D('',#2714,#2156,#2157);
#1759=AXIS2_PLACEMENT_3D('',#2715,#2158,#2159);
#1760=AXIS2_PLACEMENT_3D('',#2718,#2161,#2162);
#1761=AXIS2_PLACEMENT_3D('',#2719,#2163,#2164);
#1762=AXIS2_PLACEMENT_3D('',#2721,#2165,#2166);
#1763=AXIS2_PLACEMENT_3D('',#2723,#2167,#2168);
#1764=AXIS2_PLACEMENT_3D('',#2724,#2169,#2170);
#1765=AXIS2_PLACEMENT_3D('',#2725,#2171,#2172);
#1766=AXIS2_PLACEMENT_3D('',#2727,#2173,#2174);
#1767=AXIS2_PLACEMENT_3D('',#2728,#2175,#2176);
#1768=AXIS2_PLACEMENT_3D('',#2729,#2177,#2178);
#1769=AXIS2_PLACEMENT_3D('',#2731,#2180,#2181);
#1770=AXIS2_PLACEMENT_3D('',#2735,#2183,#2184);
#1771=AXIS2_PLACEMENT_3D('',#2739,#2186,#2187);
#1772=AXIS2_PLACEMENT_3D('',#2741,#2189,#2190);
#1773=AXIS2_PLACEMENT_3D('',#2743,#2191,#2192);
#1774=AXIS2_PLACEMENT_3D('',#2745,#2193,#2194);
#1775=AXIS2_PLACEMENT_3D('',#2746,#2195,#2196);
#1776=AXIS2_PLACEMENT_3D('',#2748,#2197,#2198);
#1777=AXIS2_PLACEMENT_3D('',#2750,#2199,#2200);
#1778=AXIS2_PLACEMENT_3D('',#2752,#2201,#2202);
#1779=AXIS2_PLACEMENT_3D('',#2754,#2203,#2204);
#1780=AXIS2_PLACEMENT_3D('',#2759,#2206,#2207);
#1781=AXIS2_PLACEMENT_3D('',#2762,#2209,#2210);
#1782=AXIS2_PLACEMENT_3D('',#2767,#2212,#2213);
#1783=AXIS2_PLACEMENT_3D('',#2770,#2215,#2216);
#1784=AXIS2_PLACEMENT_3D('',#2771,#2217,#2218);
#1785=AXIS2_PLACEMENT_3D('',#2772,#2219,#2220);
#1786=AXIS2_PLACEMENT_3D('',#2782,#2221,#2222);
#1787=AXIS2_PLACEMENT_3D('',#2783,#2223,#2224);
#1788=AXIS2_PLACEMENT_3D('',#2784,#2225,#2226);
#1789=AXIS2_PLACEMENT_3D('',#2794,#2227,#2228);
#1790=AXIS2_PLACEMENT_3D('',#2795,#2229,#2230);
#1791=AXIS2_PLACEMENT_3D('',#2796,#2231,#2232);
#1792=AXIS2_PLACEMENT_3D('',#2798,#2234,#2235);
#1793=AXIS2_PLACEMENT_3D('',#2800,#2237,#2238);
#1794=AXIS2_PLACEMENT_3D('',#2801,#2239,#2240);
#1795=AXIS2_PLACEMENT_3D('',#2802,#2241,#2242);
#1796=AXIS2_PLACEMENT_3D('',#2805,#2243,#2244);
#1797=AXIS2_PLACEMENT_3D('',#2807,#2246,#2247);
#1798=AXIS2_PLACEMENT_3D('',#2808,#2248,#2249);
#1799=AXIS2_PLACEMENT_3D('',#2810,#2251,#2252);
#1800=AXIS2_PLACEMENT_3D('',#2813,#2253,#2254);
#1801=AXIS2_PLACEMENT_3D('',#2815,#2256,#2257);
#1802=AXIS2_PLACEMENT_3D('',#2816,#2258,#2259);
#1803=AXIS2_PLACEMENT_3D('',#2818,#2261,#2262);
#1804=AXIS2_PLACEMENT_3D('',#2820,#2263,#2264);
#1805=AXIS2_PLACEMENT_3D('',#2822,#2266,#2267);
#1806=AXIS2_PLACEMENT_3D('',#2824,#2268,#2269);
#1807=AXIS2_PLACEMENT_3D('',#2826,#2271,#2272);
#1808=AXIS2_PLACEMENT_3D('',#2828,#2273,#2274);
#1809=AXIS2_PLACEMENT_3D('',#2829,#2275,#2276);
#1810=AXIS2_PLACEMENT_3D('',#2831,#2278,#2279);
#1811=AXIS2_PLACEMENT_3D('',#2834,#2281,#2282);
#1812=AXIS2_PLACEMENT_3D('',#2835,#2283,#2284);
#1813=AXIS2_PLACEMENT_3D('',#2838,#2286,#2287);
#1814=AXIS2_PLACEMENT_3D('',#2839,#2288,#2289);
#1815=AXIS2_PLACEMENT_3D('',#2841,#2290,#2291);
#1816=AXIS2_PLACEMENT_3D('',#2842,#2292,#2293);
#1817=AXIS2_PLACEMENT_3D('',#2844,#2295,#2296);
#1818=AXIS2_PLACEMENT_3D('',#2850,#2300,#2301);
#1819=AXIS2_PLACEMENT_3D('',#2852,#2302,#2303);
#1820=AXIS2_PLACEMENT_3D('',#2854,#2305,#2306);
#1821=AXIS2_PLACEMENT_3D('',#2857,#2307,#2308);
#1822=AXIS2_PLACEMENT_3D('',#2860,#2311,#2312);
#1823=AXIS2_PLACEMENT_3D('',#2864,#2314,#2315);
#1824=AXIS2_PLACEMENT_3D('',#2866,#2317,#2318);
#1825=AXIS2_PLACEMENT_3D('',#2868,#2320,#2321);
#1826=AXIS2_PLACEMENT_3D('',#2871,#2323,#2324);
#1827=AXIS2_PLACEMENT_3D('',#2872,#2325,#2326);
#1828=AXIS2_PLACEMENT_3D('',#2874,#2328,#2329);
#1829=AXIS2_PLACEMENT_3D('',#2876,#2331,#2332);
#1830=AXIS2_PLACEMENT_3D('',#2877,#2333,#2334);
#1831=AXIS2_PLACEMENT_3D('',#2883,#2338,#2339);
#1832=AXIS2_PLACEMENT_3D('',#2885,#2340,#2341);
#1833=AXIS2_PLACEMENT_3D('',#2887,#2343,#2344);
#1834=AXIS2_PLACEMENT_3D('',#2890,#2345,#2346);
#1835=AXIS2_PLACEMENT_3D('',#2893,#2349,#2350);
#1836=AXIS2_PLACEMENT_3D('',#2897,#2352,#2353);
#1837=AXIS2_PLACEMENT_3D('',#2899,#2355,#2356);
#1838=AXIS2_PLACEMENT_3D('',#2901,#2358,#2359);
#1839=AXIS2_PLACEMENT_3D('',#2904,#2361,#2362);
#1840=AXIS2_PLACEMENT_3D('',#2905,#2363,#2364);
#1841=AXIS2_PLACEMENT_3D('',#2907,#2366,#2367);
#1842=AXIS2_PLACEMENT_3D('',#2909,#2369,#2370);
#1843=AXIS2_PLACEMENT_3D('',#2910,#2371,#2372);
#1844=AXIS2_PLACEMENT_3D('',#2912,#2374,#2375);
#1845=AXIS2_PLACEMENT_3D('',#2915,#2377,#2378);
#1846=AXIS2_PLACEMENT_3D('',#2916,#2379,#2380);
#1847=DIRECTION('axis',(0.,0.,1.));
#1848=DIRECTION('refdir',(1.,0.,0.));
#1849=DIRECTION('center_axis',(-8.88178419700124E-14,1.,0.));
#1850=DIRECTION('ref_axis',(0.,0.,1.));
#1851=DIRECTION('center_axis',(8.88178419700124E-14,-1.,0.));
#1852=DIRECTION('ref_axis',(1.,8.88178419700124E-14,0.));
#1853=DIRECTION('center_axis',(-8.88178419700124E-14,1.,0.));
#1854=DIRECTION('ref_axis',(1.,8.88178419700125E-14,0.));
#1855=DIRECTION('center_axis',(8.88178419700125E-14,-1.,0.));
#1856=DIRECTION('ref_axis',(1.,8.88178419700125E-14,0.));
#1857=DIRECTION('center_axis',(8.88178419700124E-14,-1.,0.));
#1858=DIRECTION('ref_axis',(1.,8.88178419700125E-14,0.));
#1859=DIRECTION('',(8.88178419700125E-14,-1.,0.));
#1860=DIRECTION('center_axis',(-8.88178419700124E-14,1.,0.));
#1861=DIRECTION('ref_axis',(1.,8.88178419700125E-14,0.));
#1862=DIRECTION('center_axis',(8.88178419700125E-14,-1.,0.));
#1863=DIRECTION('ref_axis',(1.,8.88178419700125E-14,0.));
#1864=DIRECTION('',(8.88178419700125E-14,-1.,0.));
#1865=DIRECTION('center_axis',(8.88178419700124E-14,-1.,0.));
#1866=DIRECTION('ref_axis',(1.,8.88178419700124E-14,0.));
#1867=DIRECTION('center_axis',(-8.88178419700124E-14,1.,0.));
#1868=DIRECTION('ref_axis',(0.,0.,1.));
#1869=DIRECTION('center_axis',(8.88178419700121E-14,-1.,0.));
#1870=DIRECTION('ref_axis',(-1.,-8.81252667640733E-14,0.));
#1871=DIRECTION('center_axis',(-8.88178419700124E-14,1.,0.));
#1872=DIRECTION('ref_axis',(-1.,-8.702529437817E-14,0.));
#1873=DIRECTION('',(0.70710678118661,-0.707106781186485,-8.65956056235493E-17));
#1874=DIRECTION('center_axis',(8.88178419700124E-14,-1.,0.));
#1875=DIRECTION('ref_axis',(-1.,-8.88178419700125E-14,0.));
#1876=DIRECTION('center_axis',(8.88178419700124E-14,-1.,0.));
#1877=DIRECTION('ref_axis',(0.,0.,-1.));
#1878=DIRECTION('center_axis',(-8.88178419700124E-14,1.,0.));
#1879=DIRECTION('ref_axis',(1.,8.88178419700124E-14,0.));
#1880=DIRECTION('center_axis',(-8.702529437817E-14,1.,0.));
#1881=DIRECTION('ref_axis',(-1.,-8.702529437817E-14,0.));
#1882=DIRECTION('',(-8.702529437817E-14,1.,0.));
#1883=DIRECTION('center_axis',(8.702529437817E-14,-1.,0.));
#1884=DIRECTION('ref_axis',(1.,8.702529437817E-14,0.));
#1885=DIRECTION('center_axis',(-8.88178419700125E-14,1.,0.));
#1886=DIRECTION('ref_axis',(1.,8.88178419700125E-14,0.));
#1887=DIRECTION('center_axis',(-8.88178419700124E-14,1.,0.));
#1888=DIRECTION('ref_axis',(1.,8.88178419700125E-14,0.));
#1889=DIRECTION('',(-8.88178419700125E-14,1.,0.));
#1890=DIRECTION('center_axis',(8.88178419700134E-14,-1.,0.));
#1891=DIRECTION('ref_axis',(-1.,-8.79273757066913E-14,0.));
#1892=DIRECTION('center_axis',(8.88178419700124E-14,-1.,0.));
#1893=DIRECTION('ref_axis',(-1.,-8.88178419700124E-14,0.));
#1894=DIRECTION('',(-0.422618261740815,0.906307787036596,-5.17558101502009E-17));
#1895=DIRECTION('center_axis',(-8.88178419700124E-14,1.,0.));
#1896=DIRECTION('ref_axis',(-1.,-8.7E-14,0.));
#1897=DIRECTION('center_axis',(-8.88178419700124E-14,1.,0.));
#1898=DIRECTION('ref_axis',(-1.,-8.7E-14,0.));
#1899=DIRECTION('center_axis',(8.88178419700124E-14,-1.,0.));
#1900=DIRECTION('ref_axis',(0.,0.,-1.));
#1901=DIRECTION('',(1.,8.88178419700124E-14,0.));
#1902=DIRECTION('center_axis',(8.88178419700124E-14,-1.,0.));
#1903=DIRECTION('ref_axis',(-0.471404520790823,-4.18691322315488E-14,-0.881917103688308));
#1904=DIRECTION('center_axis',(-8.88178419700124E-14,1.,0.));
#1905=DIRECTION('ref_axis',(0.471404520790975,4.18691322315623E-14,0.881917103688227));
#1906=DIRECTION('',(1.,8.88178419700124E-14,0.));
#1907=DIRECTION('center_axis',(-8.88178419700124E-14,1.,0.));
#1908=DIRECTION('ref_axis',(-0.707106781186763,-6.28036983473701E-14,0.707106781186332));
#1909=DIRECTION('',(0.,0.,1.));
#1910=DIRECTION('center_axis',(-8.88178419700124E-14,1.,0.));
#1911=DIRECTION('ref_axis',(-0.707106781186559,-6.2803698347352E-14,-0.707106781186536));
#1912=DIRECTION('',(-1.,-8.88178419700124E-14,0.));
#1913=DIRECTION('',(0.,0.,1.));
#1914=DIRECTION('center_axis',(-8.88178419700124E-14,1.,0.));
#1915=DIRECTION('ref_axis',(-0.707106781186547,-6.28036983473509E-14,-0.707106781186548));
#1916=DIRECTION('',(-1.,-8.88178419700124E-14,0.));
#1917=DIRECTION('center_axis',(-8.88178419700124E-14,1.,0.));
#1918=DIRECTION('ref_axis',(0.707106781186574,6.28036983473533E-14,-0.707106781186521));
#1919=DIRECTION('',(0.,0.,-1.));
#1920=DIRECTION('center_axis',(8.88178419700124E-14,-1.,0.));
#1921=DIRECTION('ref_axis',(-1.,-8.88178419700125E-14,0.));
#1922=DIRECTION('',(0.,0.,-1.));
#1923=DIRECTION('center_axis',(-8.88178419700124E-14,1.,0.));
#1924=DIRECTION('ref_axis',(0.707106781186548,6.2803698347351E-14,0.707106781186547));
#1925=DIRECTION('',(1.,8.88178419700124E-14,0.));
#1926=DIRECTION('center_axis',(-8.88178419700124E-14,1.,0.));
#1927=DIRECTION('ref_axis',(-0.707106781186592,-6.28036983473549E-14,0.707106781186504));
#1928=DIRECTION('',(0.,0.,1.));
#1929=DIRECTION('center_axis',(-8.88178419700124E-14,1.,0.));
#1930=DIRECTION('ref_axis',(-1.,-8.88178419700124E-14,0.));
#1931=DIRECTION('center_axis',(-8.88178419700124E-14,1.,0.));
#1932=DIRECTION('ref_axis',(-1.,-8.88178419700125E-14,0.));
#1933=DIRECTION('center_axis',(-8.88178419700124E-14,1.,0.));
#1934=DIRECTION('ref_axis',(-1.,-8.88178419700124E-14,0.));
#1935=DIRECTION('center_axis',(-8.88178419700124E-14,1.,0.));
#1936=DIRECTION('ref_axis',(-1.,-8.88178419700124E-14,0.));
#1937=DIRECTION('center_axis',(8.7E-14,-1.,0.));
#1938=DIRECTION('ref_axis',(1.,8.7E-14,0.));
#1939=DIRECTION('center_axis',(8.673617379882E-14,-1.,0.));
#1940=DIRECTION('ref_axis',(1.,8.673617379882E-14,0.));
#1941=DIRECTION('center_axis',(8.673617379882E-14,-1.,0.));
#1942=DIRECTION('ref_axis',(1.,8.673617379882E-14,0.));
#1943=DIRECTION('',(8.7E-14,-1.,0.));
#1944=DIRECTION('center_axis',(-8.88178419700124E-14,1.,0.));
#1945=DIRECTION('ref_axis',(0.,0.,1.));
#1946=DIRECTION('center_axis',(-8.88178419700124E-14,1.,0.));
#1947=DIRECTION('ref_axis',(-1.,-8.88155731136513E-14,0.));
#1948=DIRECTION('center_axis',(0.,0.,-1.));
#1949=DIRECTION('ref_axis',(-0.707106781186485,-0.70710678118661,0.));
#1950=DIRECTION('',(0.,0.,-1.));
#1951=DIRECTION('center_axis',(0.,0.,1.));
#1952=DIRECTION('ref_axis',(-1.,-8.65973959206548E-14,0.));
#1953=DIRECTION('center_axis',(0.707106781186108,6.28036983473119E-14,-0.707106781186987));
#1954=DIRECTION('ref_axis',(0.707106781186987,6.280369834739E-14,0.707106781186108));
#1955=DIRECTION('center_axis',(-1.,-8.88178419700124E-14,0.));
#1956=DIRECTION('ref_axis',(6.28036983473511E-14,-0.707106781186549,0.707106781186546));
#1957=DIRECTION('',(-1.,-8.88178419700124E-14,0.));
#1958=DIRECTION('center_axis',(1.,8.88178419700124E-14,0.));
#1959=DIRECTION('ref_axis',(0.,0.,1.));
#1960=DIRECTION('center_axis',(-0.707106781186108,-6.28036983473119E-14,
-0.707106781186987));
#1961=DIRECTION('ref_axis',(0.707106781186987,6.280369834739E-14,-0.707106781186108));
#1962=DIRECTION('center_axis',(-8.88178419700124E-14,1.,0.));
#1963=DIRECTION('ref_axis',(0.,0.,1.));
#1964=DIRECTION('center_axis',(0.555555555556118,4.93432455389419E-14,-0.831479419282722));
#1965=DIRECTION('ref_axis',(0.831479419282722,7.1054273576431E-14,0.555555555556118));
#1966=DIRECTION('center_axis',(-8.88178419700124E-14,1.,0.));
#1967=DIRECTION('ref_axis',(-0.471404520790823,-4.18646598869069E-14,-0.881917103688308));
#1968=DIRECTION('center_axis',(8.88178419700124E-14,-1.,0.));
#1969=DIRECTION('ref_axis',(0.,0.,-1.));
#1970=DIRECTION('center_axis',(1.,8.88178419700044E-14,3.55271367880048E-14));
#1971=DIRECTION('ref_axis',(-3.55271367880048E-14,0.,1.));
#1972=DIRECTION('center_axis',(8.88178419700124E-14,-1.,0.));
#1973=DIRECTION('ref_axis',(0.471404520790975,4.18646598869067E-14,0.881917103688227));
#1974=DIRECTION('center_axis',(-1.,-8.88178419700124E-14,0.));
#1975=DIRECTION('ref_axis',(6.28036983473511E-14,-0.707106781186549,0.707106781186546));
#1976=DIRECTION('center_axis',(1.,8.88178419700124E-14,0.));
#1977=DIRECTION('ref_axis',(0.,0.,1.));
#1978=DIRECTION('',(-1.,-8.88178419700124E-14,0.));
#1979=DIRECTION('center_axis',(0.,0.,1.));
#1980=DIRECTION('ref_axis',(-1.,-8.88178419700034E-14,0.));
#1981=DIRECTION('center_axis',(8.88178419700124E-14,-1.,0.));
#1982=DIRECTION('ref_axis',(-0.707106781186763,-6.27969898303607E-14,0.707106781186332));
#1983=DIRECTION('center_axis',(0.,0.,-1.));
#1984=DIRECTION('ref_axis',(-0.707106781186485,-0.70710678118661,0.));
#1985=DIRECTION('center_axis',(0.,0.,1.));
#1986=DIRECTION('ref_axis',(-1.,-8.65973959206548E-14,0.));
#1987=DIRECTION('',(0.,0.,-1.));
#1988=DIRECTION('center_axis',(-1.,-8.8817841970004E-14,5.32907051820077E-14));
#1989=DIRECTION('ref_axis',(-5.32907051820077E-14,0.,-1.));
#1990=DIRECTION('center_axis',(8.88178419700124E-14,-1.,0.));
#1991=DIRECTION('ref_axis',(-0.707106781186559,-6.27969898303607E-14,-0.707106781186536));
#1992=DIRECTION('center_axis',(1.,8.88178419700124E-14,0.));
#1993=DIRECTION('ref_axis',(6.28036983473511E-14,-0.707106781186549,-0.707106781186546));
#1994=DIRECTION('',(1.,8.88178419700124E-14,0.));
#1995=DIRECTION('center_axis',(0.,0.,1.));
#1996=DIRECTION('ref_axis',(0.70710678118661,-0.707106781186485,0.));
#1997=DIRECTION('',(0.,0.,1.));
#1998=DIRECTION('center_axis',(0.,0.,-1.));
#1999=DIRECTION('ref_axis',(1.,8.6597395920871E-14,0.));
#2000=DIRECTION('center_axis',(8.88178419700124E-14,-1.,0.));
#2001=DIRECTION('ref_axis',(0.,0.,-1.));
#2002=DIRECTION('center_axis',(1.,8.88178419700195E-14,0.));
#2003=DIRECTION('ref_axis',(0.,0.,1.));
#2004=DIRECTION('center_axis',(8.88178419700124E-14,-1.,0.));
#2005=DIRECTION('ref_axis',(0.707106781186548,6.27969898303604E-14,0.707106781186547));
#2006=DIRECTION('center_axis',(-1.,-8.88178419700124E-14,0.));
#2007=DIRECTION('ref_axis',(6.28036983473511E-14,-0.707106781186549,0.707106781186546));
#2008=DIRECTION('center_axis',(1.,8.88178419700124E-14,0.));
#2009=DIRECTION('ref_axis',(0.,0.,1.));
#2010=DIRECTION('',(-1.,-8.88178419700124E-14,0.));
#2011=DIRECTION('center_axis',(8.88178419700124E-14,-1.,0.));
#2012=DIRECTION('ref_axis',(0.,0.,-1.));
#2013=DIRECTION('center_axis',(0.,0.,1.));
#2014=DIRECTION('ref_axis',(-1.,-8.88178419700152E-14,0.));
#2015=DIRECTION('center_axis',(8.88178419700124E-14,-1.,0.));
#2016=DIRECTION('ref_axis',(-0.707106781186592,-6.27969898303604E-14,0.707106781186504));
#2017=DIRECTION('center_axis',(0.,0.,-1.));
#2018=DIRECTION('ref_axis',(-0.707106781186485,-0.70710678118661,0.));
#2019=DIRECTION('',(0.,0.,-1.));
#2020=DIRECTION('center_axis',(8.88178419700124E-14,-1.,0.));
#2021=DIRECTION('ref_axis',(0.,0.,-1.));
#2022=DIRECTION('center_axis',(-1.,-8.88178419700093E-14,-8.88178419700128E-15));
#2023=DIRECTION('ref_axis',(8.88178419700128E-15,0.,-1.));
#2024=DIRECTION('center_axis',(8.88178419700124E-14,-1.,0.));
#2025=DIRECTION('ref_axis',(-0.707106781186547,-6.27969898303605E-14,-0.707106781186548));
#2026=DIRECTION('center_axis',(1.,8.88178419700124E-14,0.));
#2027=DIRECTION('ref_axis',(6.28036983473511E-14,-0.707106781186549,-0.707106781186546));
#2028=DIRECTION('center_axis',(-1.,-8.88178419700124E-14,-2.22044604925032E-15));
#2029=DIRECTION('ref_axis',(2.22044604925032E-15,0.,-1.));
#2030=DIRECTION('',(1.,8.88178419700124E-14,0.));
#2031=DIRECTION('center_axis',(8.88178419700124E-14,-1.,0.));
#2032=DIRECTION('ref_axis',(0.,0.,-1.));
#2033=DIRECTION('center_axis',(0.,0.,-1.));
#2034=DIRECTION('ref_axis',(1.,8.88178419701892E-14,0.));
#2035=DIRECTION('center_axis',(8.88178419700124E-14,-1.,0.));
#2036=DIRECTION('ref_axis',(0.707106781186575,6.27969898303604E-14,-0.707106781186521));
#2037=DIRECTION('center_axis',(0.,0.,1.));
#2038=DIRECTION('ref_axis',(0.70710678118661,-0.707106781186485,0.));
#2039=DIRECTION('',(0.,0.,1.));
#2040=DIRECTION('center_axis',(8.7E-14,-1.,0.));
#2041=DIRECTION('ref_axis',(1.,8.7E-14,0.));
#2042=DIRECTION('',(-8.783097705923E-14,1.,0.));
#2043=DIRECTION('center_axis',(-8.7E-14,1.,0.));
#2044=DIRECTION('ref_axis',(0.,0.,-1.));
#2045=DIRECTION('',(8.88178419700125E-14,-1.,0.));
#2046=DIRECTION('center_axis',(1.,8.7E-14,0.));
#2047=DIRECTION('ref_axis',(-8.7E-14,1.,0.));
#2048=DIRECTION('',(-8.802245831058E-14,1.,0.));
#2049=DIRECTION('center_axis',(1.,8.7E-14,0.));
#2050=DIRECTION('ref_axis',(0.,0.,-1.));
#2051=DIRECTION('',(0.,0.,-1.));
#2052=DIRECTION('center_axis',(0.,0.,1.));
#2053=DIRECTION('ref_axis',(0.,-1.,0.));
#2054=DIRECTION('',(8.590143521876E-14,-1.,0.));
#2055=DIRECTION('',(-1.,-8.687999814521E-14,0.));
#2056=DIRECTION('center_axis',(8.7E-14,-1.,0.));
#2057=DIRECTION('ref_axis',(1.,8.7E-14,0.));
#2058=DIRECTION('',(-8.696194676467E-14,1.,0.));
#2059=DIRECTION('center_axis',(-8.7E-14,1.,0.));
#2060=DIRECTION('ref_axis',(0.,0.,-1.));
#2061=DIRECTION('center_axis',(1.,8.7E-14,0.));
#2062=DIRECTION('ref_axis',(-8.7E-14,1.,0.));
#2063=DIRECTION('',(8.696194676467E-14,-1.,0.));
#2064=DIRECTION('',(0.,0.,1.));
#2065=DIRECTION('center_axis',(8.7E-14,-1.,0.));
#2066=DIRECTION('ref_axis',(1.,8.7E-14,0.));
#2067=DIRECTION('',(-8.590143521876E-14,1.,0.));
#2068=DIRECTION('center_axis',(-8.7E-14,1.,0.));
#2069=DIRECTION('ref_axis',(-1.,-8.7E-14,0.));
#2070=DIRECTION('center_axis',(0.,0.,-1.));
#2071=DIRECTION('ref_axis',(0.,1.,0.));
#2072=DIRECTION('',(8.590143521876E-14,-1.,0.));
#2073=DIRECTION('',(1.,8.526512829121E-14,0.));
#2074=DIRECTION('center_axis',(8.7E-14,-1.,0.));
#2075=DIRECTION('ref_axis',(1.,8.7E-14,0.));
#2076=DIRECTION('',(-8.590143521876E-14,1.,0.));
#2077=DIRECTION('center_axis',(-8.7E-14,1.,0.));
#2078=DIRECTION('ref_axis',(0.,0.,1.));
#2079=DIRECTION('center_axis',(8.7E-14,-1.,0.));
#2080=DIRECTION('ref_axis',(1.,8.7E-14,0.));
#2081=DIRECTION('',(-8.802245831058E-14,1.,0.));
#2082=DIRECTION('center_axis',(8.7E-14,-1.,0.));
#2083=DIRECTION('ref_axis',(-0.831479419283078,-7.23387094776278E-14,-0.555555555555585));
#2084=DIRECTION('center_axis',(0.,0.,-1.));
#2085=DIRECTION('ref_axis',(0.,1.,0.));
#2086=DIRECTION('',(-8.802245831058E-14,1.,0.));
#2087=DIRECTION('',(1.,8.685449590243E-14,0.));
#2088=DIRECTION('center_axis',(8.88178419700125E-14,-1.,0.));
#2089=DIRECTION('ref_axis',(0.523175627420981,4.64673301988388E-14,-0.852224889845787));
#2090=DIRECTION('',(8.88178419700125E-14,-1.,0.));
#2091=DIRECTION('center_axis',(8.88178419700124E-14,-1.,0.));
#2092=DIRECTION('ref_axis',(0.,0.,-1.));
#2093=DIRECTION('',(8.88178419700125E-14,-1.,0.));
#2094=DIRECTION('center_axis',(8.7E-14,-1.,0.));
#2095=DIRECTION('ref_axis',(1.,8.7E-14,0.));
#2096=DIRECTION('',(-8.832440951462E-14,1.,0.));
#2097=DIRECTION('center_axis',(-8.7E-14,1.,0.));
#2098=DIRECTION('ref_axis',(-1.,-8.7E-14,0.));
#2099=DIRECTION('',(8.88178419700125E-14,-1.,0.));
#2100=DIRECTION('center_axis',(0.,0.,-1.));
#2101=DIRECTION('ref_axis',(0.,1.,0.));
#2102=DIRECTION('',(8.88178419700125E-14,-1.,0.));
#2103=DIRECTION('',(-1.,-8.704148513061E-14,0.));
#2104=DIRECTION('center_axis',(8.7E-14,-1.,0.));
#2105=DIRECTION('ref_axis',(1.,8.7E-14,0.));
#2106=DIRECTION('',(-8.684411214846E-14,1.,0.));
#2107=DIRECTION('center_axis',(-8.7E-14,1.,0.));
#2108=DIRECTION('ref_axis',(0.,0.,1.));
#2109=DIRECTION('center_axis',(-1.,-8.7E-14,0.));
#2110=DIRECTION('ref_axis',(8.7E-14,-1.,0.));
#2111=DIRECTION('center_axis',(1.,8.7E-14,0.));
#2112=DIRECTION('ref_axis',(0.,0.,1.));
#2113=DIRECTION('',(0.,0.,1.));
#2114=DIRECTION('center_axis',(-8.72304592624634E-14,1.,0.));
#2115=DIRECTION('ref_axis',(-1.,-8.70792799569825E-14,0.));
#2116=DIRECTION('center_axis',(1.,8.7E-14,0.));
#2117=DIRECTION('ref_axis',(5.66319459391784E-14,-0.650941907346878,-0.759127547425074));
#2118=DIRECTION('center_axis',(8.7E-14,-1.,0.));
#2119=DIRECTION('ref_axis',(-0.823394450436329,-7.16353171879606E-14,-0.56746945203302));
#2120=DIRECTION('center_axis',(8.7E-14,-1.,0.));
#2121=DIRECTION('ref_axis',(-0.848366546744967,-7.38078895668122E-14,0.52940929569098));
#2122=DIRECTION('center_axis',(8.7E-14,-1.,0.));
#2123=DIRECTION('ref_axis',(-0.429787234042492,-3.73914893616968E-14,0.902930193012784));
#2124=DIRECTION('center_axis',(-1.,-8.7E-14,0.));
#2125=DIRECTION('ref_axis',(8.7E-14,-1.,0.));
#2126=DIRECTION('',(8.88178419700125E-14,-1.,0.));
#2127=DIRECTION('',(0.,0.,1.));
#2128=DIRECTION('center_axis',(8.7E-14,-1.,0.));
#2129=DIRECTION('ref_axis',(1.,8.7E-14,0.));
#2130=DIRECTION('',(-8.684411214846E-14,1.,0.));
#2131=DIRECTION('center_axis',(-8.7E-14,1.,0.));
#2132=DIRECTION('ref_axis',(1.,8.7E-14,1.492139745096E-14));
#2133=DIRECTION('center_axis',(0.,0.,1.));
#2134=DIRECTION('ref_axis',(0.,-1.,0.));
#2135=DIRECTION('',(1.,8.704148513061E-14,0.));
#2136=DIRECTION('center_axis',(-8.698399143826E-14,1.,0.));
#2137=DIRECTION('ref_axis',(0.967338142807107,8.41429327318357E-14,-0.253489481972128));
#2138=DIRECTION('center_axis',(8.698399143826E-14,-1.,0.));
#2139=DIRECTION('ref_axis',(1.,8.698399143826E-14,0.));
#2140=DIRECTION('',(-8.210716057672E-14,1.,0.));
#2141=DIRECTION('center_axis',(-8.698399143826E-14,1.,0.));
#2142=DIRECTION('ref_axis',(1.,8.698399143826E-14,0.));
#2143=DIRECTION('',(8.526512829121E-14,-1.,1.026339507209E-14));
#2144=DIRECTION('center_axis',(-8.7E-14,1.,0.));
#2145=DIRECTION('ref_axis',(-1.,-8.7E-14,0.));
#2146=DIRECTION('center_axis',(-8.698399143826E-14,1.,0.));
#2147=DIRECTION('ref_axis',(0.90848764139088,7.90238812205093E-14,-0.417911719672991));
#2148=DIRECTION('center_axis',(8.698399143826E-14,-1.,0.));
#2149=DIRECTION('ref_axis',(-1.,-8.698399143826E-14,3.10862446895E-14));
#2150=DIRECTION('center_axis',(-8.698399143826E-14,1.,0.));
#2151=DIRECTION('ref_axis',(-1.,-8.698399143826E-14,0.));
#2152=DIRECTION('center_axis',(-8.698399143826E-14,1.,0.));
#2153=DIRECTION('ref_axis',(-1.,-8.698399143826E-14,0.));
#2154=DIRECTION('center_axis',(8.673617379882E-14,-1.,0.));
#2155=DIRECTION('ref_axis',(-1.,-8.673617379882E-14,0.));
#2156=DIRECTION('center_axis',(8.673617379885E-14,-1.,0.));
#2157=DIRECTION('ref_axis',(-1.,-8.673617379885E-14,0.));
#2158=DIRECTION('center_axis',(1.,8.7E-14,0.));
#2159=DIRECTION('ref_axis',(-8.7E-14,1.,0.));
#2160=DIRECTION('',(0.,0.,-1.));
#2161=DIRECTION('center_axis',(1.,8.7E-14,0.));
#2162=DIRECTION('ref_axis',(-8.7E-14,1.,0.));
#2163=DIRECTION('center_axis',(-8.7E-14,1.,0.));
#2164=DIRECTION('ref_axis',(-1.,-8.5265128291212E-14,0.));
#2165=DIRECTION('center_axis',(0.555555555555585,4.25129773983489E-14,-0.831479419283078));
#2166=DIRECTION('ref_axis',(-8.25670514473251E-14,1.,-4.03811166120195E-15));
#2167=DIRECTION('center_axis',(-8.7E-14,1.,0.));
#2168=DIRECTION('ref_axis',(0.,0.,1.));
#2169=DIRECTION('center_axis',(1.,8.7E-14,0.));
#2170=DIRECTION('ref_axis',(-8.7E-14,1.,-1.42108547152E-14));
#2171=DIRECTION('center_axis',(-8.7E-14,1.,0.));
#2172=DIRECTION('ref_axis',(-1.,-8.70414851306123E-14,0.));
#2173=DIRECTION('center_axis',(-1.,-8.7E-14,0.));
#2174=DIRECTION('ref_axis',(0.,0.,1.));
#2175=DIRECTION('center_axis',(8.7E-14,-1.,0.));
#2176=DIRECTION('ref_axis',(-0.831479419283078,-7.23387094776278E-14,-0.555555555555585));
#2177=DIRECTION('center_axis',(-1.,-8.7E-14,0.));
#2178=DIRECTION('ref_axis',(8.7E-14,-1.,0.));
#2179=DIRECTION('',(-1.,-8.628681945863E-14,0.));
#2180=DIRECTION('center_axis',(-8.7E-14,1.,0.));
#2181=DIRECTION('ref_axis',(-1.,-8.7E-14,0.));
#2182=DIRECTION('',(1.,8.720297211601E-14,0.));
#2183=DIRECTION('center_axis',(-8.7E-14,1.,0.));
#2184=DIRECTION('ref_axis',(5.684341886081E-14,4.94537744089047E-27,-1.));
#2185=DIRECTION('',(0.,0.,-1.));
#2186=DIRECTION('center_axis',(-8.7E-14,1.,0.));
#2187=DIRECTION('ref_axis',(-1.,-8.7E-14,0.));
#2188=DIRECTION('',(-1.,-8.526512829121E-14,0.));
#2189=DIRECTION('center_axis',(8.698399143826E-14,-1.,0.));
#2190=DIRECTION('ref_axis',(-1.,-8.698399143826E-14,0.));
#2191=DIRECTION('center_axis',(8.698399143826E-14,-1.,0.));
#2192=DIRECTION('ref_axis',(1.,8.698399143826E-14,0.));
#2193=DIRECTION('center_axis',(-8.698399143826E-14,1.,0.));
#2194=DIRECTION('ref_axis',(-1.,-8.698399143826E-14,0.));
#2195=DIRECTION('center_axis',(8.698399143826E-14,-1.,0.));
#2196=DIRECTION('ref_axis',(0.67316763442121,5.85548077490082E-14,-0.739489916069011));
#2197=DIRECTION('center_axis',(8.673617379883E-14,-1.,1.156482317318E-14));
#2198=DIRECTION('ref_axis',(-1.,-8.673617379883E-14,-3.53087156480368E-30));
#2199=DIRECTION('center_axis',(9.251858538542E-14,-1.,1.156482317318E-14));
#2200=DIRECTION('ref_axis',(-1.,-9.251858538542E-14,1.7119377282671E-30));
#2201=DIRECTION('center_axis',(8.095376221224E-14,-1.,0.));
#2202=DIRECTION('ref_axis',(-1.,-8.095376221224E-14,0.));
#2203=DIRECTION('center_axis',(8.7E-14,-1.,0.));
#2204=DIRECTION('ref_axis',(-1.,-8.7E-14,0.));
#2205=DIRECTION('',(-1.,-8.739675649849E-14,0.));
#2206=DIRECTION('center_axis',(8.7E-14,-1.,0.));
#2207=DIRECTION('ref_axis',(0.,0.,1.));
#2208=DIRECTION('',(1.,8.704148513061E-14,0.));
#2209=DIRECTION('center_axis',(8.7E-14,-1.,0.));
#2210=DIRECTION('ref_axis',(1.,8.7E-14,0.));
#2211=DIRECTION('',(-1.,-8.704148513061E-14,0.));
#2212=DIRECTION('center_axis',(8.7E-14,-1.,0.));
#2213=DIRECTION('ref_axis',(-3.079018521627E-14,-2.67874611381549E-27,1.));
#2214=DIRECTION('',(1.,8.704148513061E-14,0.));
#2215=DIRECTION('center_axis',(8.7E-14,-1.,0.));
#2216=DIRECTION('ref_axis',(1.,8.7E-14,0.));
#2217=DIRECTION('center_axis',(1.,8.7E-14,0.));
#2218=DIRECTION('ref_axis',(-8.7E-14,1.,0.));
#2219=DIRECTION('center_axis',(-1.,-8.7E-14,0.));
#2220=DIRECTION('ref_axis',(-8.7E-14,1.,0.));
#2221=DIRECTION('center_axis',(0.,0.,-1.));
#2222=DIRECTION('ref_axis',(-1.,-9.947598300641E-14,0.));
#2223=DIRECTION('center_axis',(0.,0.,-1.));
#2224=DIRECTION('ref_axis',(0.,1.,0.));
#2225=DIRECTION('center_axis',(0.,0.,1.));
#2226=DIRECTION('ref_axis',(0.,1.,0.));
#2227=DIRECTION('center_axis',(-1.,-8.7E-14,0.));
#2228=DIRECTION('ref_axis',(1.07561959339349E-40,-1.2363443602224E-27,1.));
#2229=DIRECTION('center_axis',(-1.,-8.7E-14,0.));
#2230=DIRECTION('ref_axis',(8.7E-14,-1.,0.));
#2231=DIRECTION('center_axis',(-8.698399143826E-14,1.,0.));
#2232=DIRECTION('ref_axis',(-1.,-8.698399143826E-14,0.));
#2233=DIRECTION('',(-5.970532710206E-14,1.,1.973729821556E-14));
#2234=DIRECTION('center_axis',(-8.698399143826E-14,1.,0.));
#2235=DIRECTION('ref_axis',(-1.,-8.698399143826E-14,0.));
#2236=DIRECTION('',(8.595593372876E-14,-1.,0.));
#2237=DIRECTION('center_axis',(-8.698399143826E-14,1.,0.));
#2238=DIRECTION('ref_axis',(-0.255882352940937,-2.22576683974163E-14,-0.966707929756144));
#2239=DIRECTION('center_axis',(-8.698399143826E-14,1.,0.));
#2240=DIRECTION('ref_axis',(-1.,-8.698399143826E-14,0.));
#2241=DIRECTION('center_axis',(-8.673617379883E-14,1.,-1.156482317318E-14));
#2242=DIRECTION('ref_axis',(-1.,-8.673617379883E-14,0.));
#2243=DIRECTION('center_axis',(8.673617379883E-14,-1.,1.156482317318E-14));
#2244=DIRECTION('ref_axis',(-1.,-8.673617379883E-14,-1.19898579872374E-29));
#2245=DIRECTION('',(0.707106781186486,0.707106781186609,-8.26416049460245E-15));
#2246=DIRECTION('center_axis',(8.673617379883E-14,-1.,1.156482317318E-14));
#2247=DIRECTION('ref_axis',(-1.,-8.673617379883E-14,-1.19898579872374E-29));
#2248=DIRECTION('center_axis',(8.7E-14,-1.,0.));
#2249=DIRECTION('ref_axis',(1.,8.7E-14,0.));
#2250=DIRECTION('',(8.7E-14,-1.,0.));
#2251=DIRECTION('center_axis',(-9.251858538542E-14,1.,-1.156482317318E-14));
#2252=DIRECTION('ref_axis',(-1.,-9.251858538542E-14,0.));
#2253=DIRECTION('center_axis',(9.251858538542E-14,-1.,1.156482317318E-14));
#2254=DIRECTION('ref_axis',(-1.,-9.251858538542E-14,6.54564425532246E-30));
#2255=DIRECTION('',(0.707106781186482,0.707106781186613,-8.26416049460245E-15));
#2256=DIRECTION('center_axis',(9.251858538542E-14,-1.,1.156482317318E-14));
#2257=DIRECTION('ref_axis',(-1.,-9.251858538542E-14,6.54564425532246E-30));
#2258=DIRECTION('center_axis',(8.7E-14,-1.,0.));
#2259=DIRECTION('ref_axis',(1.,8.7E-14,0.));
#2260=DIRECTION('',(8.7E-14,-1.,0.));
#2261=DIRECTION('center_axis',(-8.095376221224E-14,1.,0.));
#2262=DIRECTION('ref_axis',(-1.,-8.095376221224E-14,0.));
#2263=DIRECTION('center_axis',(8.095376221224E-14,-1.,0.));
#2264=DIRECTION('ref_axis',(-1.,-8.095376221224E-14,0.));
#2265=DIRECTION('',(0.70710678118649,0.707106781186605,-8.65956056235493E-17));
#2266=DIRECTION('center_axis',(-8.7E-14,1.,0.));
#2267=DIRECTION('ref_axis',(-1.,-8.7E-14,0.));
#2268=DIRECTION('center_axis',(-8.7E-14,1.,0.));
#2269=DIRECTION('ref_axis',(1.,8.7E-14,0.));
#2270=DIRECTION('',(-8.7E-14,1.,0.));
#2271=DIRECTION('center_axis',(-8.7E-14,1.,0.));
#2272=DIRECTION('ref_axis',(-1.,-8.7E-14,0.));
#2273=DIRECTION('center_axis',(8.7E-14,-1.,0.));
#2274=DIRECTION('ref_axis',(-1.,-8.7E-14,0.));
#2275=DIRECTION('center_axis',(8.7E-14,-1.,0.));
#2276=DIRECTION('ref_axis',(1.,8.7E-14,0.));
#2277=DIRECTION('',(8.7E-14,-1.,0.));
#2278=DIRECTION('center_axis',(8.7E-14,-1.,0.));
#2279=DIRECTION('ref_axis',(1.,8.7E-14,0.));
#2280=DIRECTION('',(8.7E-14,-1.,0.));
#2281=DIRECTION('center_axis',(-8.673617379885E-14,1.,0.));
#2282=DIRECTION('ref_axis',(1.,8.673617379885E-14,0.));
#2283=DIRECTION('center_axis',(8.673617379885E-14,-1.,0.));
#2284=DIRECTION('ref_axis',(1.,8.673617379885E-14,0.));
#2285=DIRECTION('',(-0.707106781186486,-0.707106781186609,-8.65956056235493E-17));
#2286=DIRECTION('center_axis',(-8.673617379885E-14,1.,0.));
#2287=DIRECTION('ref_axis',(1.,8.673617379885E-14,0.));
#2288=DIRECTION('center_axis',(8.7E-14,-1.,0.));
#2289=DIRECTION('ref_axis',(1.,8.7E-14,0.));
#2290=DIRECTION('center_axis',(8.7E-14,-1.,0.));
#2291=DIRECTION('ref_axis',(1.,8.7E-14,0.));
#2292=DIRECTION('center_axis',(8.7E-14,-1.,0.));
#2293=DIRECTION('ref_axis',(1.,8.7E-14,0.));
#2294=DIRECTION('',(8.7E-14,-1.,0.));
#2295=DIRECTION('center_axis',(0.,0.,-1.));
#2296=DIRECTION('ref_axis',(0.,1.,0.));
#2297=DIRECTION('',(8.922155943351E-14,-1.,0.));
#2298=DIRECTION('',(1.,8.704148513061E-14,0.));
#2299=DIRECTION('',(-8.801040704301E-14,1.,0.));
#2300=DIRECTION('center_axis',(8.7E-14,-1.,0.));
#2301=DIRECTION('ref_axis',(1.,8.7E-14,0.));
#2302=DIRECTION('center_axis',(-8.673617379884E-14,1.,-1.156482317318E-14));
#2303=DIRECTION('ref_axis',(-7.86421393960539E-29,1.156482317318E-14,1.));
#2304=DIRECTION('',(-8.922155943351E-14,1.,0.));
#2305=DIRECTION('center_axis',(8.673617379884E-14,-1.,1.156482317318E-14));
#2306=DIRECTION('ref_axis',(1.,8.673617379884E-14,0.));
#2307=DIRECTION('center_axis',(-8.673617379884E-14,1.,-1.156482317318E-14));
#2308=DIRECTION('ref_axis',(1.,8.673617379884E-14,-5.27337960960374E-30));
#2309=DIRECTION('',(4.39625888431498E-14,-0.707106781186498,0.707106781186598));
#2310=DIRECTION('',(-4.39625888431398E-14,0.707106781186598,0.707106781186498));
#2311=DIRECTION('center_axis',(-8.7E-14,1.,0.));
#2312=DIRECTION('ref_axis',(-1.,-8.7E-14,0.));
#2313=DIRECTION('',(1.,8.704148513061E-14,0.));
#2314=DIRECTION('center_axis',(-8.673617379884E-14,1.,-1.156482317318E-14));
#2315=DIRECTION('ref_axis',(-3.29894841602899E-14,-1.15648231731829E-14,
-1.));
#2316=DIRECTION('',(-1.,-8.739675649849E-14,0.));
#2317=DIRECTION('center_axis',(-6.15182899632298E-14,0.707106781186598,
0.707106781186498));
#2318=DIRECTION('ref_axis',(-1.,-8.6999999999997E-14,2.966117003631E-27));
#2319=DIRECTION('',(-7.53644380168197E-14,0.707106781186498,-0.707106781186598));
#2320=DIRECTION('center_axis',(8.673617379884E-14,-1.,1.156482317318E-14));
#2321=DIRECTION('ref_axis',(-1.,-8.673617379884E-14,-3.21624529935327E-16));
#2322=DIRECTION('',(7.53644380168197E-14,-0.707106781186598,-0.707106781186498));
#2323=DIRECTION('center_axis',(-8.673617379884E-14,1.,-1.156482317318E-14));
#2324=DIRECTION('ref_axis',(7.86421393960539E-29,-1.156482317318E-14,-1.));
#2325=DIRECTION('center_axis',(8.7E-14,-1.,0.));
#2326=DIRECTION('ref_axis',(-1.,-8.7E-14,-7.6571373978539E-16));
#2327=DIRECTION('',(8.801040704301E-14,-1.,0.));
#2328=DIRECTION('center_axis',(0.,0.,1.));
#2329=DIRECTION('ref_axis',(0.,-1.,0.));
#2330=DIRECTION('',(-1.,-8.704148513061E-14,0.));
#2331=DIRECTION('center_axis',(-6.15182899632298E-14,0.707106781186498,
-0.707106781186598));
#2332=DIRECTION('ref_axis',(1.,8.70000000000032E-14,-3.18068716985112E-27));
#2333=DIRECTION('center_axis',(0.,0.,-1.));
#2334=DIRECTION('ref_axis',(0.,1.,0.));
#2335=DIRECTION('',(9.285501660501E-14,-1.,0.));
#2336=DIRECTION('',(1.,8.704148513061E-14,0.));
#2337=DIRECTION('',(-8.316579748101E-14,1.,0.));
#2338=DIRECTION('center_axis',(8.7E-14,-1.,0.));
#2339=DIRECTION('ref_axis',(1.,8.7E-14,0.));
#2340=DIRECTION('center_axis',(-8.673617379884E-14,1.,-1.156482317318E-14));
#2341=DIRECTION('ref_axis',(-1.00308851270179E-27,1.156482317318E-14,1.));
#2342=DIRECTION('',(-8.841412450651E-14,1.,0.));
#2343=DIRECTION('center_axis',(8.673617379884E-14,-1.,1.156482317318E-14));
#2344=DIRECTION('ref_axis',(1.,8.673617379884E-14,0.));
#2345=DIRECTION('center_axis',(-8.673617379884E-14,1.,-1.156482317318E-14));
#2346=DIRECTION('ref_axis',(1.,8.673617379884E-14,1.24828792696014E-30));
#2347=DIRECTION('',(1.256073966947E-14,-0.707106781186498,0.707106781186598));
#2348=DIRECTION('',(-4.55326813018299E-14,0.707106781186598,0.707106781186498));
#2349=DIRECTION('center_axis',(-8.7E-14,1.,0.));
#2350=DIRECTION('ref_axis',(-1.,-8.7E-14,0.));
#2351=DIRECTION('',(1.,8.704148513061E-14,0.));
#2352=DIRECTION('center_axis',(-8.673617379884E-14,1.,-1.156482317318E-14));
#2353=DIRECTION('ref_axis',(1.00308851270179E-27,-1.156482317318E-14,-1.));
#2354=DIRECTION('',(-1.,-8.704148513061E-14,0.));
#2355=DIRECTION('center_axis',(-6.15182899632341E-14,0.707106781186548,
0.707106781186548));
#2356=DIRECTION('ref_axis',(-1.,-8.70000000000032E-14,-3.17437628260935E-27));
#2357=DIRECTION('',(-9.21120909094562E-14,0.707106781186548,-0.707106781186548));
#2358=DIRECTION('center_axis',(8.673617379884E-14,-1.,1.156482317318E-14));
#2359=DIRECTION('ref_axis',(-1.,-8.673617379884E-14,1.22464679914735E-16));
#2360=DIRECTION('',(6.28036983473498E-14,-0.707106781186598,-0.707106781186498));
#2361=DIRECTION('center_axis',(-8.673617379884E-14,1.,-1.156482317318E-14));
#2362=DIRECTION('ref_axis',(1.00308851270179E-27,-1.156482317318E-14,-1.));
#2363=DIRECTION('center_axis',(8.7E-14,-1.,0.));
#2364=DIRECTION('ref_axis',(-1.,-8.7E-14,-3.21624529935327E-16));
#2365=DIRECTION('',(8.720297211601E-14,-1.,0.));
#2366=DIRECTION('center_axis',(0.,0.,1.));
#2367=DIRECTION('ref_axis',(0.,-1.,0.));
#2368=DIRECTION('',(-1.,-8.704148513061E-14,0.));
#2369=DIRECTION('center_axis',(-6.15182899632298E-14,0.707106781186498,
-0.707106781186598));
#2370=DIRECTION('ref_axis',(1.,8.70000000000032E-14,-3.18068716985112E-27));
#2371=DIRECTION('center_axis',(-8.673617379882E-14,1.,0.));
#2372=DIRECTION('ref_axis',(-1.,-8.673617379882E-14,0.));
#2373=DIRECTION('',(0.707106781186486,0.707106781186609,-8.65956056235493E-17));
#2374=DIRECTION('center_axis',(-8.702529437817E-14,1.,0.));
#2375=DIRECTION('ref_axis',(-1.,-8.702529437817E-14,0.));
#2376=DIRECTION('',(-8.702529437817E-14,1.,0.));
#2377=DIRECTION('center_axis',(8.673617379885E-14,-1.,0.));
#2378=DIRECTION('ref_axis',(-1.,-8.673617379885E-14,0.));
#2379=DIRECTION('center_axis',(-8.673617379885E-14,1.,0.));
#2380=DIRECTION('ref_axis',(-1.,-8.673617379885E-14,0.));
#2381=DIRECTION('',(0.707106781186486,0.707106781186609,-8.65956056235493E-17));
#2382=CARTESIAN_POINT('',(0.,0.,0.));
#2383=CARTESIAN_POINT('Origin',(-5.782435400699,9.95398000276923,15.58528480585));
#2384=CARTESIAN_POINT('',(-1.732435400699,9.95398000276959,15.58528480585));
#2385=CARTESIAN_POINT('Origin',(-5.782435400699,9.95398000276923,15.58528480585));
#2386=CARTESIAN_POINT('',(-9.56619963717133,9.9539800027689,15.58528480585));
#2387=CARTESIAN_POINT('Origin',(-5.782435400699,9.95398000276923,15.58528480585));
#2388=CARTESIAN_POINT('Origin',(-5.78243540069896,9.45398000276923,15.58528480585));
#2389=CARTESIAN_POINT('',(-7.88243540069896,9.45398000276905,15.58528480585));
#2390=CARTESIAN_POINT('Origin',(-5.78243540069896,9.45398000276923,15.58528480585));
#2391=CARTESIAN_POINT('',(-7.88243540069884,8.15398000276905,15.58528480585));
#2392=CARTESIAN_POINT('',(-7.88243540069896,9.45398000276905,15.58528480585));
#2393=CARTESIAN_POINT('Origin',(-5.78243540069884,8.15398000276923,15.58528480585));
#2394=CARTESIAN_POINT('Origin',(-5.78243540069905,10.4539800027692,15.58528480585));
#2395=CARTESIAN_POINT('',(-9.56619963717129,9.4539800027689,15.58528480585));
#2396=CARTESIAN_POINT('',(-9.56619963717138,10.4539800027689,15.58528480585));
#2397=CARTESIAN_POINT('Origin',(-5.78243540069896,9.45398000276923,15.58528480585));
#2398=CARTESIAN_POINT('Origin',(-5.78243540069896,9.45398000276923,15.58528480585));
#2399=CARTESIAN_POINT('Origin',(-19.4324354007007,15.153980002768,26.94528480585));
#2400=CARTESIAN_POINT('',(-17.7324354007007,15.6539800027682,26.94528480585));
#2401=CARTESIAN_POINT('Origin',(-19.4324354007007,15.653980002768,26.94528480585));
#2402=CARTESIAN_POINT('',(-16.7324354007006,14.6539800027683,26.94528480585));
#2403=CARTESIAN_POINT('',(-17.2324354007007,15.1539800027682,26.94528480585));
#2404=CARTESIAN_POINT('Origin',(-19.4324354007006,14.653980002768,26.94528480585));
#2405=CARTESIAN_POINT('Origin',(-19.4324354006997,14.653980002768,26.94528480585));
#2406=CARTESIAN_POINT('',(-22.9710777811096,14.6539800027677,26.94528480585));
#2407=CARTESIAN_POINT('Origin',(-19.4324354006997,14.653980002768,26.94528480585));
#2408=CARTESIAN_POINT('Origin',(-19.4324354007,7.553980002768,26.94528480585));
#2409=CARTESIAN_POINT('',(-17.7324354007009,17.5539800027701,26.94528480585));
#2410=CARTESIAN_POINT('',(-17.7324354007,7.55398000276815,26.94528480585));
#2411=CARTESIAN_POINT('Origin',(-19.4324354007,17.55398000277,26.94528480585));
#2412=CARTESIAN_POINT('Origin',(-19.4324354006992,8.15398000276802,26.94528480585));
#2413=CARTESIAN_POINT('',(-22.971077781109,8.1539800027677,26.94528480585));
#2414=CARTESIAN_POINT('Origin',(-19.4324354006992,8.15398000276802,26.94528480585));
#2415=CARTESIAN_POINT('',(-22.971077781109,8.1539800027677,26.94528480585));
#2416=CARTESIAN_POINT('Origin',(-10.1324354006992,8.65398000276884,-0.8487499999999));
#2417=CARTESIAN_POINT('',(1.58387225745583,8.15398000276989,-0.848749999999899));
#2418=CARTESIAN_POINT('Origin',(-10.1324354006992,8.15398000276885,-0.8487499999999));
#2419=CARTESIAN_POINT('',(1.11756459930073,9.15398000276982,-0.848749999999901));
#2420=CARTESIAN_POINT('',(1.35071842837828,8.65398000276985,-0.848749999999899));
#2421=CARTESIAN_POINT('',(-21.3824354006993,9.15398000276786,-0.848749999999901));
#2422=CARTESIAN_POINT('Origin',(-10.1324354006993,9.15398000276884,-0.8487499999999));
#2423=CARTESIAN_POINT('Origin',(-10.1324354006993,9.15398000276884,-0.8487499999999));
#2424=CARTESIAN_POINT('Origin',(-16.132435400699,8.15398000276831,5.65125));
#2425=CARTESIAN_POINT('',(-37.3907780139298,8.15398000276642,26.65125));
#2426=CARTESIAN_POINT('',(-30.6324354006992,8.15398000276702,26.65125));
#2427=CARTESIAN_POINT('',(-23.6324354006991,8.15398000276765,26.65125));
#2428=CARTESIAN_POINT('',(-40.3009559814187,8.15398000276617,28.2068055555536));
#2429=CARTESIAN_POINT('Origin',(-37.3907780139292,8.15398000276642,30.15125));
#2430=CARTESIAN_POINT('',(-41.1324354006992,8.15398000276609,28.65125));
#2431=CARTESIAN_POINT('Origin',(-41.1324354006992,8.15398000276609,27.65125));
#2432=CARTESIAN_POINT('',(-42.1324354006998,8.153980002766,28.65125));
#2433=CARTESIAN_POINT('',(-28.6324354006991,8.1539800027672,28.65125));
#2434=CARTESIAN_POINT('',(-42.6324354006992,8.15398000276596,28.15125));
#2435=CARTESIAN_POINT('Origin',(-42.1324354006992,8.153980002766,28.15125));
#2436=CARTESIAN_POINT('',(-42.6324354006992,8.15398000276596,22.15125));
#2437=CARTESIAN_POINT('',(-42.6324354006992,8.15398000276596,13.90125));
#2438=CARTESIAN_POINT('',(-42.1324354006992,8.153980002766,21.65125));
#2439=CARTESIAN_POINT('Origin',(-42.1324354006992,8.153980002766,22.15125));
#2440=CARTESIAN_POINT('',(-30.6324354006992,8.15398000276702,21.65125));
#2441=CARTESIAN_POINT('',(-23.6324354006991,8.15398000276765,21.65125));
#2442=CARTESIAN_POINT('',(-30.6324354006992,8.15398000276702,-16.84875));
#2443=CARTESIAN_POINT('',(-30.6324354006992,8.15398000276702,-8.09875));
#2444=CARTESIAN_POINT('',(-26.1324354006992,8.15398000276742,-21.34875));
#2445=CARTESIAN_POINT('Origin',(-26.1324354006992,8.15398000276742,-16.84875));
#2446=CARTESIAN_POINT('',(5.86756459930219,8.15398000277027,-21.34875));
#2447=CARTESIAN_POINT('',(-23.6324354006991,8.15398000276765,-21.34875));
#2448=CARTESIAN_POINT('',(10.3675645993018,8.15398000277067,-16.84875));
#2449=CARTESIAN_POINT('Origin',(5.86756459930182,8.15398000277027,-16.84875));
#2450=CARTESIAN_POINT('',(10.3675645993008,8.15398000277067,7.08395606700371));
#2451=CARTESIAN_POINT('',(10.3675645993008,8.15398000277067,-8.09875));
#2452=CARTESIAN_POINT('',(10.3675645993008,8.15398000277067,24.0866135446963));
#2453=CARTESIAN_POINT('Origin',(15.9175645993008,8.15398000277116,15.58528480585));
#2454=CARTESIAN_POINT('',(10.3675645993008,8.15398000277067,28.15125));
#2455=CARTESIAN_POINT('',(10.3675645993008,8.15398000277067,-8.09875));
#2456=CARTESIAN_POINT('',(5.86756459930182,8.15398000277027,32.65125));
#2457=CARTESIAN_POINT('Origin',(5.86756459930182,8.15398000277027,28.15125));
#2458=CARTESIAN_POINT('',(-26.1324354006998,8.15398000276742,32.65125));
#2459=CARTESIAN_POINT('',(-23.6324354006991,8.15398000276765,32.65125));
#2460=CARTESIAN_POINT('',(-30.6324354006992,8.15398000276702,28.15125));
#2461=CARTESIAN_POINT('Origin',(-26.1324354006992,8.15398000276742,28.15125));
#2462=CARTESIAN_POINT('',(-30.6324354006992,8.15398000276702,16.40125));
#2463=CARTESIAN_POINT('',(-27.3324354006992,8.15398000276732,14.65125));
#2464=CARTESIAN_POINT('Origin',(-25.6324354006992,8.15398000276747,14.65125));
#2465=CARTESIAN_POINT('',(3.51756459930158,8.15398000277006,28.15125));
#2466=CARTESIAN_POINT('Origin',(5.86756459930159,8.15398000277027,28.15125));
#2467=CARTESIAN_POINT('',(-27.3324354006992,8.15398000276732,-16.34875));
#2468=CARTESIAN_POINT('Origin',(-25.6324354006992,8.15398000276747,-16.34875));
#2469=CARTESIAN_POINT('',(3.66756459929982,8.15398000277007,-16.34875));
#2470=CARTESIAN_POINT('Origin',(5.36756459929983,8.15398000277022,-16.34875));
#2471=CARTESIAN_POINT('Origin',(-10.1324354007,17.55398000277,-0.8487499999999));
#2472=CARTESIAN_POINT('',(1.117564599301,12.75398000277,-0.8487499999999));
#2473=CARTESIAN_POINT('',(-21.3824354006996,12.753980002769,-0.848749999999901));
#2474=CARTESIAN_POINT('Origin',(-10.1324354007,12.75398000277,-0.8487499999999));
#2475=CARTESIAN_POINT('Origin',(-10.1324354007,12.75398000277,-0.8487499999999));
#2476=CARTESIAN_POINT('',(-21.3824354007,17.553980002769,-0.848749999999901));
#2477=CARTESIAN_POINT('Origin',(15.9175645993008,8.65398000277116,15.58528480585));
#2478=CARTESIAN_POINT('',(10.8675645993008,8.65398000277071,7.35910707861774));
#2479=CARTESIAN_POINT('Ctrl Pts',(10.3675645993008,8.15398000277067,7.08395606700371));
#2480=CARTESIAN_POINT('Ctrl Pts',(10.368619560868,8.15398000277067,7.08452721959083));
#2481=CARTESIAN_POINT('Ctrl Pts',(10.3696744980816,8.15398334160238,7.08509841655199));
#2482=CARTESIAN_POINT('Ctrl Pts',(10.4113939570533,8.154247414029,7.10768974271573));
#2483=CARTESIAN_POINT('Ctrl Pts',(10.4519825386698,8.1594654325067,7.12975555045908));
#2484=CARTESIAN_POINT('Ctrl Pts',(10.5307371210774,8.17962968209241,7.17273380537504));
#2485=CARTESIAN_POINT('Ctrl Pts',(10.5688857056835,8.19445590129136,7.19363483020862));
#2486=CARTESIAN_POINT('Ctrl Pts',(10.6603356629215,8.24382522964125,7.24391187565567));
#2487=CARTESIAN_POINT('Ctrl Pts',(10.7107524456435,8.28448256265891,7.27180031711845));
#2488=CARTESIAN_POINT('Ctrl Pts',(10.7893755093383,8.37939605413719,7.31545039210922));
#2489=CARTESIAN_POINT('Ctrl Pts',(10.8189666458882,8.43073486865946,7.33195349428424));
#2490=CARTESIAN_POINT('Ctrl Pts',(10.8577412468444,8.54041167503676,7.35360602263351));
#2491=CARTESIAN_POINT('Ctrl Pts',(10.8675645993008,8.5967318609083,7.35910707861755));
#2492=CARTESIAN_POINT('Ctrl Pts',(10.8675645993008,8.65398000277071,7.35910707861755));
#2493=CARTESIAN_POINT('',(10.8675645993008,8.65398000277071,23.8114625330823));
#2494=CARTESIAN_POINT('Origin',(15.9175645993008,8.65398000277116,15.58528480585));
#2495=CARTESIAN_POINT('Ctrl Pts',(10.3675645993008,8.15398000277067,24.0866135446963));
#2496=CARTESIAN_POINT('Ctrl Pts',(10.368619560868,8.15398000277067,24.0860423921092));
#2497=CARTESIAN_POINT('Ctrl Pts',(10.3696744980816,8.15398334160238,24.085471195148));
#2498=CARTESIAN_POINT('Ctrl Pts',(10.4113939570533,8.154247414029,24.0628798689843));
#2499=CARTESIAN_POINT('Ctrl Pts',(10.4519825386698,8.1594654325067,24.0408140612409));
#2500=CARTESIAN_POINT('Ctrl Pts',(10.5307371210774,8.17962968209241,23.997835806325));
#2501=CARTESIAN_POINT('Ctrl Pts',(10.5688857056835,8.19445590129136,23.9769347814914));
#2502=CARTESIAN_POINT('Ctrl Pts',(10.6603356629215,8.24382522964125,23.9266577360443));
#2503=CARTESIAN_POINT('Ctrl Pts',(10.7107524456435,8.28448256265891,23.8987692945815));
#2504=CARTESIAN_POINT('Ctrl Pts',(10.7893755093383,8.3793960541372,23.8551192195908));
#2505=CARTESIAN_POINT('Ctrl Pts',(10.8189666458882,8.43073486865947,23.8386161174158));
#2506=CARTESIAN_POINT('Ctrl Pts',(10.8577412468444,8.54041167503673,23.8169635890665));
#2507=CARTESIAN_POINT('Ctrl Pts',(10.8675645993008,8.59673186090829,23.8114625330825));
#2508=CARTESIAN_POINT('Ctrl Pts',(10.8675645993008,8.65398000277071,23.8114625330825));
#2509=CARTESIAN_POINT('Origin',(-30.6324354006992,8.65398000276702,-8.09875));
#2510=CARTESIAN_POINT('',(-31.1324354006998,8.65398000276698,21.15125));
#2511=CARTESIAN_POINT('',(-31.1324354006998,8.65398000276698,-16.84875));
#2512=CARTESIAN_POINT('',(-31.1324354006992,8.65398000276698,-8.09875));
#2513=CARTESIAN_POINT('Origin',(-30.6324354006992,8.65398000276702,-16.84875));
#2514=CARTESIAN_POINT('Origin',(-30.6324354006992,8.65398000276702,21.65125));
#2515=CARTESIAN_POINT('Origin',(-23.6324354006991,8.65398000276765,26.65125));
#2516=CARTESIAN_POINT('',(-31.1324354006998,8.65398000276698,27.15125));
#2517=CARTESIAN_POINT('',(-37.3907780139299,8.65398000276642,27.15125));
#2518=CARTESIAN_POINT('',(-23.6324354006991,8.65398000276765,27.15125));
#2519=CARTESIAN_POINT('Origin',(-37.3907780139299,8.65398000276642,26.65125));
#2520=CARTESIAN_POINT('Origin',(-30.6324354006992,8.65398000276702,26.65125));
#2521=CARTESIAN_POINT('Origin',(-37.3907780139292,8.65398000276646,30.15125));
#2522=CARTESIAN_POINT('',(-39.8852162717799,8.65398000276624,28.48458333333));
#2523=CARTESIAN_POINT('Origin',(-40.3009559814188,8.65398000276621,28.2068055555536));
#2524=CARTESIAN_POINT('Origin',(-37.3907780139292,8.65398000276646,30.15125));
#2525=CARTESIAN_POINT('Origin',(-41.1324354006992,8.65398000276614,27.65125));
#2526=CARTESIAN_POINT('',(-41.1324354006993,8.65398000276614,29.15125));
#2527=CARTESIAN_POINT('Origin',(-41.1324354006993,8.65398000276614,28.65125));
#2528=CARTESIAN_POINT('Origin',(-41.1324354006992,8.65398000276614,27.65125));
#2529=CARTESIAN_POINT('Origin',(-28.6324354006991,8.6539800027672,28.65125));
#2530=CARTESIAN_POINT('',(-42.1324354006999,8.653980002766,29.15125));
#2531=CARTESIAN_POINT('Origin',(-42.1324354006999,8.653980002766,28.65125));
#2532=CARTESIAN_POINT('',(-28.6324354006991,8.6539800027672,29.15125));
#2533=CARTESIAN_POINT('Ctrl Pts',(-42.1324354006992,8.65398000276605,29.15125));
#2534=CARTESIAN_POINT('Ctrl Pts',(-43.1324354006989,8.65398000276596,29.1512499999997));
#2535=CARTESIAN_POINT('Ctrl Pts',(-43.1324354006992,8.65398000276596,28.15125));
#2536=CARTESIAN_POINT('Ctrl Pts',(-42.1324354006992,8.15398000276605,29.15125));
#2537=CARTESIAN_POINT('Ctrl Pts',(-43.1324354006989,8.15398000276596,29.1512499999997));
#2538=CARTESIAN_POINT('Ctrl Pts',(-43.1324354006992,8.15398000276596,28.15125));
#2539=CARTESIAN_POINT('Ctrl Pts',(-42.1324354006992,8.15398000276605,28.65125));
#2540=CARTESIAN_POINT('Ctrl Pts',(-42.632435400699,8.15398000276601,28.6512499999998));
#2541=CARTESIAN_POINT('Ctrl Pts',(-42.6324354006992,8.15398000276601,28.15125));
#2542=CARTESIAN_POINT('',(-43.1324354006993,8.65398000276596,28.15125));
#2543=CARTESIAN_POINT('Origin',(-42.6324354006992,8.65398000276601,28.15125));
#2544=CARTESIAN_POINT('Origin',(-42.1324354006992,8.65398000276605,28.15125));
#2545=CARTESIAN_POINT('Origin',(-42.6324354006992,8.65398000276596,13.90125));
#2546=CARTESIAN_POINT('',(-43.1324354006998,8.65398000276592,22.15125));
#2547=CARTESIAN_POINT('Origin',(-42.6324354006992,8.65398000276596,22.15125));
#2548=CARTESIAN_POINT('',(-43.1324354006992,8.65398000276592,13.90125));
#2549=CARTESIAN_POINT('Ctrl Pts',(-43.1324354006992,8.65398000276596,22.15125));
#2550=CARTESIAN_POINT('Ctrl Pts',(-43.1324354006992,8.65398000276596,21.15125));
#2551=CARTESIAN_POINT('Ctrl Pts',(-42.1324354006992,8.65398000276605,21.15125));
#2552=CARTESIAN_POINT('Ctrl Pts',(-43.1324354006992,8.15398000276596,22.15125));
#2553=CARTESIAN_POINT('Ctrl Pts',(-43.1324354006992,8.15398000276596,21.15125));
#2554=CARTESIAN_POINT('Ctrl Pts',(-42.1324354006992,8.15398000276605,21.15125));
#2555=CARTESIAN_POINT('Ctrl Pts',(-42.6324354006992,8.15398000276601,22.15125));
#2556=CARTESIAN_POINT('Ctrl Pts',(-42.6324354006992,8.15398000276601,21.65125));
#2557=CARTESIAN_POINT('Ctrl Pts',(-42.1324354006992,8.15398000276605,21.65125));
#2558=CARTESIAN_POINT('',(-42.1324354006993,8.65398000276605,21.15125));
#2559=CARTESIAN_POINT('Origin',(-42.1324354006993,8.65398000276605,21.65125));
#2560=CARTESIAN_POINT('Origin',(-42.1324354006992,8.65398000276605,22.15125));
#2561=CARTESIAN_POINT('Origin',(-23.6324354006991,8.65398000276765,21.65125));
#2562=CARTESIAN_POINT('',(-23.6324354006991,8.65398000276765,21.15125));
#2563=CARTESIAN_POINT('Origin',(10.3675645993008,8.65398000277067,-8.09875));
#2564=CARTESIAN_POINT('',(10.8675645993001,8.65398000277071,28.15125));
#2565=CARTESIAN_POINT('',(10.8675645993008,8.65398000277071,-8.09875));
#2566=CARTESIAN_POINT('Origin',(10.3675645993008,8.65398000277067,28.15125));
#2567=CARTESIAN_POINT('Origin',(5.86756459930177,8.65398000277023,28.15125));
#2568=CARTESIAN_POINT('',(5.86756459930178,8.65398000277023,33.15125));
#2569=CARTESIAN_POINT('Origin',(5.86756459930178,8.65398000277023,32.65125));
#2570=CARTESIAN_POINT('Origin',(5.86756459930177,8.65398000277023,28.15125));
#2571=CARTESIAN_POINT('Origin',(-23.6324354006991,8.65398000276765,32.65125));
#2572=CARTESIAN_POINT('',(-26.1324354006998,8.65398000276743,33.15125));
#2573=CARTESIAN_POINT('Origin',(-26.1324354006998,8.65398000276743,32.65125));
#2574=CARTESIAN_POINT('',(-23.6324354006991,8.65398000276765,33.15125));
#2575=CARTESIAN_POINT('Origin',(-26.1324354006992,8.65398000276744,28.15125));
#2576=CARTESIAN_POINT('',(-31.1324354006992,8.653980002767,28.15125));
#2577=CARTESIAN_POINT('Origin',(-30.6324354006992,8.65398000276704,28.15125));
#2578=CARTESIAN_POINT('Origin',(-26.1324354006992,8.65398000276744,28.15125));
#2579=CARTESIAN_POINT('Origin',(-30.6324354006992,8.65398000276702,16.40125));
#2580=CARTESIAN_POINT('',(-31.1324354006992,8.65398000276698,16.40125));
#2581=CARTESIAN_POINT('Origin',(-26.1324354006992,8.65398000276744,-16.84875));
#2582=CARTESIAN_POINT('',(-26.1324354006992,8.65398000276744,-21.84875));
#2583=CARTESIAN_POINT('Origin',(-26.1324354006992,8.65398000276744,-21.34875));
#2584=CARTESIAN_POINT('Origin',(-26.1324354006992,8.65398000276744,-16.84875));
#2585=CARTESIAN_POINT('Origin',(-23.6324354006991,8.65398000276765,-21.34875));
#2586=CARTESIAN_POINT('',(5.86756459930215,8.65398000277027,-21.84875));
#2587=CARTESIAN_POINT('Origin',(5.86756459930215,8.65398000277027,-21.34875));
#2588=CARTESIAN_POINT('',(-23.6324354006991,8.65398000276765,-21.84875));
#2589=CARTESIAN_POINT('Origin',(5.86756459930177,8.65398000277023,-16.84875));
#2590=CARTESIAN_POINT('',(10.8675645993008,8.65398000277067,-16.84875));
#2591=CARTESIAN_POINT('Origin',(10.3675645993018,8.65398000277063,-16.84875));
#2592=CARTESIAN_POINT('Origin',(5.86756459930177,8.65398000277023,-16.84875));
#2593=CARTESIAN_POINT('Origin',(10.3675645993008,8.65398000277067,-8.09875));
#2594=CARTESIAN_POINT('',(10.8675645993008,8.65398000277071,-8.09875));
#2595=CARTESIAN_POINT('Origin',(-26.1324354007,17.55398000277,-16.84875));
#2596=CARTESIAN_POINT('',(-31.1324354007,17.55398000277,-16.84875));
#2597=CARTESIAN_POINT('',(-31.1324354007,10.35398000277,-16.84875));
#2598=CARTESIAN_POINT('',(-26.1324354007,17.55398000277,-21.84875));
#2599=CARTESIAN_POINT('Origin',(-26.1324354007,17.55398000277,-16.84875));
#2600=CARTESIAN_POINT('',(-26.1324354006994,10.8539800027674,-21.84875));
#2601=CARTESIAN_POINT('Origin',(-31.1324354007,17.55398000277,-21.84875));
#2602=CARTESIAN_POINT('',(-31.1324354007,17.05398000277,21.15125));
#2603=CARTESIAN_POINT('',(-31.1324354007,10.35398000277,21.15125));
#2604=CARTESIAN_POINT('',(-31.1324354007,17.55398000277,21.65125));
#2605=CARTESIAN_POINT('Origin',(-31.1324354007,17.05398000277,21.65125));
#2606=CARTESIAN_POINT('',(-31.1324354007,17.55398000277,21.65125));
#2607=CARTESIAN_POINT('Origin',(-31.1324354007,17.55398000277,21.15125));
#2608=CARTESIAN_POINT('',(-42.1324354007,17.05398000277,21.15125));
#2609=CARTESIAN_POINT('',(-42.1324354007,17.05398000277,21.15125));
#2610=CARTESIAN_POINT('',(-31.1324354007,17.05398000277,21.15125));
#2611=CARTESIAN_POINT('Origin',(-42.1324354007,17.55398000277,22.15125));
#2612=CARTESIAN_POINT('',(-43.1324354007,17.05398000277,22.15125));
#2613=CARTESIAN_POINT('',(-43.1324354007,10.35398000277,22.15125));
#2614=CARTESIAN_POINT('Origin',(-42.1324354007,17.05398000277,22.15125));
#2615=CARTESIAN_POINT('Origin',(-43.1324354007,17.55398000277,22.15125));
#2616=CARTESIAN_POINT('',(-43.1324354007,17.05398000277,28.15125));
#2617=CARTESIAN_POINT('',(-43.1324354007,17.05398000277,28.15125));
#2618=CARTESIAN_POINT('',(-43.1324354007,17.05398000277,22.15125));
#2619=CARTESIAN_POINT('Origin',(-42.1324354007,17.55398000277,28.15125));
#2620=CARTESIAN_POINT('',(-42.1324354007,17.05398000277,29.15125));
#2621=CARTESIAN_POINT('',(-42.1324354007,10.35398000277,29.15125));
#2622=CARTESIAN_POINT('Origin',(-42.1324354007,17.05398000277,28.15125));
#2623=CARTESIAN_POINT('Origin',(-41.1324354007,17.55398000277,29.15125));
#2624=CARTESIAN_POINT('',(-41.1324354007,17.05398000277,29.15125));
#2625=CARTESIAN_POINT('',(-41.1324354007,17.05398000277,29.15125));
#2626=CARTESIAN_POINT('',(-42.1324354007,17.05398000277,29.15125));
#2627=CARTESIAN_POINT('Origin',(-41.1324354007,17.55398000277,27.65125));
#2628=CARTESIAN_POINT('',(-39.88521627178,17.05398000277,28.48458333333));
#2629=CARTESIAN_POINT('',(-39.88521627178,10.35398000277,28.48458333333));
#2630=CARTESIAN_POINT('Origin',(-41.1324354007,17.05398000277,27.65125));
#2631=CARTESIAN_POINT('Origin',(-37.39077801393,17.55398000277,30.15125));
#2632=CARTESIAN_POINT('',(-37.39077801393,17.05398000277,27.15125));
#2633=CARTESIAN_POINT('',(-37.39077801393,10.35398000277,27.15125));
#2634=CARTESIAN_POINT('Origin',(-37.39077801393,17.05398000277,30.15125));
#2635=CARTESIAN_POINT('Origin',(-31.1324354007,17.55398000277,27.15125));
#2636=CARTESIAN_POINT('',(-31.1324354007,17.05398000277,27.15125));
#2637=CARTESIAN_POINT('',(-31.1324354007,10.35398000277,27.15125));
#2638=CARTESIAN_POINT('',(-37.39077801393,17.05398000277,27.15125));
#2639=CARTESIAN_POINT('Origin',(15.9175645993006,10.8539800027712,15.58528480585));
#2640=CARTESIAN_POINT('',(10.8675645993006,10.8539800027707,7.35910707861774));
#2641=CARTESIAN_POINT('',(10.8675645993006,10.8539800027707,7.35910707861774));
#2642=CARTESIAN_POINT('',(10.8675645993006,10.8539800027707,23.8114625330823));
#2643=CARTESIAN_POINT('Origin',(15.9175645993006,10.8539800027712,15.58528480585));
#2644=CARTESIAN_POINT('',(10.8675645993006,10.8539800027707,23.8114625330823));
#2645=CARTESIAN_POINT('Origin',(-26.1324354007,17.55398000277,28.15125));
#2646=CARTESIAN_POINT('',(-26.1324354007,17.55398000277,33.15125));
#2647=CARTESIAN_POINT('',(-26.1324354007,10.35398000277,33.15125));
#2648=CARTESIAN_POINT('',(-31.1324354007,17.55398000277,28.15125));
#2649=CARTESIAN_POINT('Origin',(-26.1324354007,17.55398000277,28.15125));
#2650=CARTESIAN_POINT('',(-31.1324354006994,10.853980002767,28.15125));
#2651=CARTESIAN_POINT('Origin',(-31.1324354007,17.55398000277,33.15125));
#2652=CARTESIAN_POINT('',(5.867564599301,17.55398000277,33.15125));
#2653=CARTESIAN_POINT('',(5.86756459930158,10.8539800027703,33.15125));
#2654=CARTESIAN_POINT('',(5.867564599301,17.55398000277,33.15125));
#2655=CARTESIAN_POINT('Origin',(5.867564599301,17.55398000277,28.15125));
#2656=CARTESIAN_POINT('',(10.8675645993,17.55398000277,28.15125));
#2657=CARTESIAN_POINT('',(10.8675645993,10.35398000277,28.15125));
#2658=CARTESIAN_POINT('Origin',(5.867564599301,17.55398000277,28.15125));
#2659=CARTESIAN_POINT('Origin',(10.8675645993,17.55398000277,-21.84875));
#2660=CARTESIAN_POINT('',(10.8675645993,17.55398000277,26.19471457375));
#2661=CARTESIAN_POINT('Origin',(10.8675645993,17.55398000277,15.58528480585));
#2662=CARTESIAN_POINT('',(10.8675645993,17.55398000277,26.19471457375));
#2663=CARTESIAN_POINT('Origin',(15.9175645993,17.55398000277,15.58528480585));
#2664=CARTESIAN_POINT('',(10.8675645993,17.55398000277,4.975855037953));
#2665=CARTESIAN_POINT('Origin',(10.8675645993,17.55398000277,15.58528480585));
#2666=CARTESIAN_POINT('',(6.242679806674,17.55398000277,8.917518744465));
#2667=CARTESIAN_POINT('Origin',(15.9175645993,17.55398000277,15.58528480585));
#2668=CARTESIAN_POINT('',(6.709269668425,13.05398000277,9.838998660349));
#2669=CARTESIAN_POINT('Ctrl Pts',(6.24267980667361,17.5539800027692,8.91751874446132));
#2670=CARTESIAN_POINT('Ctrl Pts',(6.24267980667374,16.1186440354098,8.91751874446133));
#2671=CARTESIAN_POINT('Ctrl Pts',(6.40228308709192,14.5969888309365,9.18273202657365));
#2672=CARTESIAN_POINT('Ctrl Pts',(6.68267650859789,13.1836098094726,9.78145655001877));
#2673=CARTESIAN_POINT('Ctrl Pts',(6.69587238007277,13.1185847043796,9.80987463648265));
#2674=CARTESIAN_POINT('Ctrl Pts',(6.7092696684253,13.0539800027686,9.83899866034572));
#2675=CARTESIAN_POINT('',(6.709269668425,13.05398000277,21.33157095136));
#2676=CARTESIAN_POINT('Origin',(15.9175645993,13.05398000277,15.58528480585));
#2677=CARTESIAN_POINT('',(6.242679806674,17.55398000277,22.25305086724));
#2678=CARTESIAN_POINT('Ctrl Pts',(6.70926966842462,13.0539800027718,21.3315709513558));
#2679=CARTESIAN_POINT('Ctrl Pts',(6.69587238007233,13.1185847043818,21.3606949752183));
#2680=CARTESIAN_POINT('Ctrl Pts',(6.68267650859767,13.1836098094737,21.3891130616817));
#2681=CARTESIAN_POINT('Ctrl Pts',(6.40228308709192,14.5969888309365,21.9878375851264));
#2682=CARTESIAN_POINT('Ctrl Pts',(6.24267980667374,16.1186440354098,22.2530508672387));
#2683=CARTESIAN_POINT('Ctrl Pts',(6.24267980667361,17.5539800027692,22.2530508672387));
#2684=CARTESIAN_POINT('Origin',(15.9175645993,17.55398000277,15.58528480585));
#2685=CARTESIAN_POINT('Origin',(10.8675645993,17.55398000277,-21.84875));
#2686=CARTESIAN_POINT('',(10.8675645993,17.55398000277,-16.84875));
#2687=CARTESIAN_POINT('',(10.8675645993006,10.8539800027707,-16.84875));
#2688=CARTESIAN_POINT('',(10.8675645993,17.55398000277,-16.84875));
#2689=CARTESIAN_POINT('Origin',(5.867564599301,17.55398000277,-16.84875));
#2690=CARTESIAN_POINT('',(5.867564599301,17.55398000277,-21.84875));
#2691=CARTESIAN_POINT('',(5.867564599302,10.35398000277,-21.84875));
#2692=CARTESIAN_POINT('Origin',(5.867564599301,17.55398000277,-16.84875));
#2693=CARTESIAN_POINT('Origin',(-31.1324354007,17.55398000277,-21.84875));
#2694=CARTESIAN_POINT('',(-26.1324354007,17.55398000277,-21.84875));
#2695=CARTESIAN_POINT('Origin',(-20.75849476048,-44.34056318048,10.70879569459));
#2696=CARTESIAN_POINT('',(-19.40485662548,13.05398000277,9.236496879988));
#2697=CARTESIAN_POINT('',(-18.85677293702,13.05398000277,11.32803240713));
#2698=CARTESIAN_POINT('Origin',(-20.75849476048,13.05398000277,10.70879569458));
#2699=CARTESIAN_POINT('',(-19.40485662548,17.55398000277,9.236496879988));
#2700=CARTESIAN_POINT('',(-19.40485662548,13.05398000277,9.236496879988));
#2701=CARTESIAN_POINT('',(-18.85677293702,17.55398000277,11.32803240713));
#2702=CARTESIAN_POINT('Origin',(-20.75849476048,17.55398000277,10.70879569458));
#2703=CARTESIAN_POINT('',(-18.85677293702,17.55398000277,11.32803240713));
#2704=CARTESIAN_POINT('Origin',(-42.1324354007,13.05398000277,22.15125));
#2705=CARTESIAN_POINT('',(3.473619572592,13.05398000277,5.417298459904));
#2706=CARTESIAN_POINT('Origin',(-5.782435400699,13.05398000277,15.58528480585));
#2707=CARTESIAN_POINT('',(2.915191753265,13.05398000277,3.328500968178));
#2708=CARTESIAN_POINT('Origin',(4.819954841434,13.05398000277,3.938318627766));
#2709=CARTESIAN_POINT('Origin',(-10.1324354007,13.05398000277,-0.8487499999999));
#2710=CARTESIAN_POINT('Origin',(-5.782435400699,13.05398000277,15.58528480585));
#2711=CARTESIAN_POINT('',(1.41756459929999,13.053980002771,-0.848749999999901));
#2712=CARTESIAN_POINT('Origin',(-10.1324354007,13.05398000277,-0.8487499999999));
#2713=CARTESIAN_POINT('',(-1.43243540069901,13.0539800027704,15.58528480585));
#2714=CARTESIAN_POINT('Origin',(-5.782435400699,13.05398000277,15.58528480585));
#2715=CARTESIAN_POINT('Origin',(-31.1324354007,17.55398000277,27.15125));
#2716=CARTESIAN_POINT('',(-31.1324354007,17.55398000277,26.65125));
#2717=CARTESIAN_POINT('',(-31.1324354007,17.55398000277,28.15125));
#2718=CARTESIAN_POINT('Origin',(-31.1324354007,17.05398000277,26.65125));
#2719=CARTESIAN_POINT('Origin',(-41.1324354007,17.05398000277,27.65125));
#2720=CARTESIAN_POINT('',(-40.30095598142,17.55398000277,28.20680555555));
#2721=CARTESIAN_POINT('Origin',(-40.30095598142,17.05398000277,28.20680555555));
#2722=CARTESIAN_POINT('',(-41.1324354007,17.55398000277,28.65125));
#2723=CARTESIAN_POINT('Origin',(-41.1324354007,17.55398000277,27.65125));
#2724=CARTESIAN_POINT('Origin',(-41.1324354007,17.05398000277,28.65125));
#2725=CARTESIAN_POINT('Origin',(-37.39077801393,17.05398000277,30.15125));
#2726=CARTESIAN_POINT('',(-37.39077801393,17.55398000277,26.65125));
#2727=CARTESIAN_POINT('Origin',(-37.39077801393,17.05398000277,26.65125));
#2728=CARTESIAN_POINT('Origin',(-37.39077801393,17.55398000277,30.15125));
#2729=CARTESIAN_POINT('Origin',(-42.1324354007,17.05398000277,26.65125));
#2730=CARTESIAN_POINT('',(-31.1324354007,17.55398000277,26.65125));
#2731=CARTESIAN_POINT('Origin',(-42.1324354007,17.55398000277,22.15125));
#2732=CARTESIAN_POINT('',(-42.1324354007,17.55398000277,21.65125));
#2733=CARTESIAN_POINT('',(-42.1324354007,17.55398000277,21.65125));
#2734=CARTESIAN_POINT('',(-42.6324354007,17.55398000277,22.15125));
#2735=CARTESIAN_POINT('Origin',(-42.1324354007,17.55398000277,22.15125));
#2736=CARTESIAN_POINT('',(-42.6324354007,17.55398000277,28.15125));
#2737=CARTESIAN_POINT('',(-42.6324354007,17.55398000277,28.15125));
#2738=CARTESIAN_POINT('',(-42.1324354007,17.55398000277,28.65125));
#2739=CARTESIAN_POINT('Origin',(-42.1324354007,17.55398000277,28.15125));
#2740=CARTESIAN_POINT('',(-41.1324354007,17.55398000277,28.65125));
#2741=CARTESIAN_POINT('Origin',(-5.7824354007,17.55398000277,15.58528480585));
#2742=CARTESIAN_POINT('',(2.915191753264,17.55398000277,3.328500968178));
#2743=CARTESIAN_POINT('Origin',(-10.1324354007,17.55398000277,-0.8487499999999));
#2744=CARTESIAN_POINT('',(3.473619572592,17.55398000277,5.417298459904));
#2745=CARTESIAN_POINT('Origin',(4.819954841434,17.55398000277,3.938318627766));
#2746=CARTESIAN_POINT('Origin',(-5.7824354007,17.55398000277,15.58528480585));
#2747=CARTESIAN_POINT('',(7.367564599299,17.5539800027702,-16.34875));
#2748=CARTESIAN_POINT('Origin',(5.367564599299,17.55398000277,-16.34875));
#2749=CARTESIAN_POINT('',(-23.6324354007,17.5539800027702,-16.34875));
#2750=CARTESIAN_POINT('Origin',(-25.6324354007,17.55398000277,-16.34875));
#2751=CARTESIAN_POINT('',(-22.0824354007,17.5539800027703,14.65125));
#2752=CARTESIAN_POINT('Origin',(-25.6324354007,17.55398000277,14.65125));
#2753=CARTESIAN_POINT('',(4.16756459930146,17.5539800027699,28.15125));
#2754=CARTESIAN_POINT('Origin',(5.867564599301,17.55398000277,28.15125));
#2755=CARTESIAN_POINT('',(-5.1324354007,17.55398000277,-15.84875));
#2756=CARTESIAN_POINT('',(-15.1324354007,17.55398000277,-15.84875));
#2757=CARTESIAN_POINT('',(-5.1324354007,17.55398000277,-15.84875));
#2758=CARTESIAN_POINT('',(-15.1324354007,17.55398000277,-17.84875));
#2759=CARTESIAN_POINT('Origin',(-15.1324354007,17.55398000277,-16.84875));
#2760=CARTESIAN_POINT('',(-5.1324354007,17.55398000277,-17.84875));
#2761=CARTESIAN_POINT('',(-15.1324354007,17.55398000277,-17.84875));
#2762=CARTESIAN_POINT('Origin',(-5.1324354007,17.55398000277,-16.84875));
#2763=CARTESIAN_POINT('',(-1.7824354007,17.55398000277,31.99326740293));
#2764=CARTESIAN_POINT('',(-9.7824354007,17.55398000277,31.99326740293));
#2765=CARTESIAN_POINT('',(-1.7824354007,17.55398000277,31.99326740293));
#2766=CARTESIAN_POINT('',(-9.7824354007,17.55398000277,30.49326740293));
#2767=CARTESIAN_POINT('Origin',(-9.7824354007,17.55398000277,31.24326740293));
#2768=CARTESIAN_POINT('',(-1.7824354007,17.55398000277,30.49326740293));
#2769=CARTESIAN_POINT('',(-9.7824354007,17.55398000277,30.49326740293));
#2770=CARTESIAN_POINT('Origin',(-1.7824354007,17.55398000277,31.24326740293));
#2771=CARTESIAN_POINT('Origin',(-42.1324354007,17.05398000277,21.65125));
#2772=CARTESIAN_POINT('Origin',(-42.1324354007,17.05398000277,21.65125));
#2773=CARTESIAN_POINT('Ctrl Pts',(-42.1324354007,17.05398000277,21.15125));
#2774=CARTESIAN_POINT('Ctrl Pts',(-43.1324354007,17.0539800027699,21.15125));
#2775=CARTESIAN_POINT('Ctrl Pts',(-43.1324354007,17.0539800027699,22.15125));
#2776=CARTESIAN_POINT('Ctrl Pts',(-42.1324354007,17.55398000277,21.15125));
#2777=CARTESIAN_POINT('Ctrl Pts',(-43.1324354007001,17.55398000277,21.15125));
#2778=CARTESIAN_POINT('Ctrl Pts',(-43.1324354007,17.55398000277,22.15125));
#2779=CARTESIAN_POINT('Ctrl Pts',(-42.1324354007,17.55398000277,21.65125));
#2780=CARTESIAN_POINT('Ctrl Pts',(-42.6324354007,17.55398000277,21.65125));
#2781=CARTESIAN_POINT('Ctrl Pts',(-42.6324354007,17.55398000277,22.15125));
#2782=CARTESIAN_POINT('Origin',(-42.6324354007,17.05398000277,22.15125));
#2783=CARTESIAN_POINT('Origin',(-42.6324354007,17.05398000277,22.15125));
#2784=CARTESIAN_POINT('Origin',(-42.6324354007,17.05398000277,28.15125));
#2785=CARTESIAN_POINT('Ctrl Pts',(-43.1324354007,17.0539800027699,28.15125));
#2786=CARTESIAN_POINT('Ctrl Pts',(-43.1324354007,17.0539800027699,29.15125));
#2787=CARTESIAN_POINT('Ctrl Pts',(-42.1324354007,17.05398000277,29.15125));
#2788=CARTESIAN_POINT('Ctrl Pts',(-43.1324354007,17.55398000277,28.15125));
#2789=CARTESIAN_POINT('Ctrl Pts',(-43.1324354007001,17.55398000277,29.15125));
#2790=CARTESIAN_POINT('Ctrl Pts',(-42.1324354007,17.55398000277,29.15125));
#2791=CARTESIAN_POINT('Ctrl Pts',(-42.6324354007,17.55398000277,28.15125));
#2792=CARTESIAN_POINT('Ctrl Pts',(-42.6324354007,17.55398000277,28.65125));
#2793=CARTESIAN_POINT('Ctrl Pts',(-42.1324354007,17.55398000277,28.65125));
#2794=CARTESIAN_POINT('Origin',(-42.1324354007,17.05398000277,28.65125));
#2795=CARTESIAN_POINT('Origin',(-42.1324354007,17.05398000277,28.65125));
#2796=CARTESIAN_POINT('Origin',(-5.782435400694,-44.34056318048,15.58528480585));
#2797=CARTESIAN_POINT('',(3.473619572592,13.05398000277,5.417298459904));
#2798=CARTESIAN_POINT('Origin',(4.819954841439,-44.34056318048,3.938318627767));
#2799=CARTESIAN_POINT('',(2.915191753264,17.55398000277,3.328500968178));
#2800=CARTESIAN_POINT('Origin',(-10.13243540069,-44.34056318048,-0.8487499999995));
#2801=CARTESIAN_POINT('Origin',(-5.782435400694,-44.34056318048,15.58528480585));
#2802=CARTESIAN_POINT('Origin',(5.367564599299,17.40398000277,-16.34875));
#2803=CARTESIAN_POINT('',(3.667564599299,17.25398000277,-16.34875));
#2804=CARTESIAN_POINT('',(7.06756459929901,17.2539800027701,-16.34875));
#2805=CARTESIAN_POINT('Origin',(5.367564599299,17.25398000277,-16.34875));
#2806=CARTESIAN_POINT('',(7.217564599299,17.4039800027702,-16.34875));
#2807=CARTESIAN_POINT('Origin',(5.367564599299,17.25398000277,-16.34875));
#2808=CARTESIAN_POINT('Origin',(5.367564599299,17.55398000277,-16.34875));
#2809=CARTESIAN_POINT('',(3.667564599299,17.5539800027699,-16.34875));
#2810=CARTESIAN_POINT('Origin',(-25.6324354007,17.40398000277,-16.34875));
#2811=CARTESIAN_POINT('',(-27.3324354007,17.25398000277,-16.34875));
#2812=CARTESIAN_POINT('',(-23.9324354007,17.2539800027701,-16.34875));
#2813=CARTESIAN_POINT('Origin',(-25.6324354007,17.25398000277,-16.34875));
#2814=CARTESIAN_POINT('',(-23.7824354007,17.4039800027702,-16.34875));
#2815=CARTESIAN_POINT('Origin',(-25.6324354007,17.25398000277,-16.34875));
#2816=CARTESIAN_POINT('Origin',(-25.6324354007,17.55398000277,-16.34875));
#2817=CARTESIAN_POINT('',(-27.3324354007,17.5539800027699,-16.34875));
#2818=CARTESIAN_POINT('Origin',(-25.6324354007,17.40398000277,14.65125));
#2819=CARTESIAN_POINT('',(-22.3824354007,17.2539800027703,14.65125));
#2820=CARTESIAN_POINT('Origin',(-25.6324354007,17.25398000277,14.65125));
#2821=CARTESIAN_POINT('',(-22.2324354007,17.4039800027703,14.65125));
#2822=CARTESIAN_POINT('Origin',(-25.6324354007,14.55398000277,14.65125));
#2823=CARTESIAN_POINT('',(-22.3824354007,14.5539800027703,14.65125));
#2824=CARTESIAN_POINT('Origin',(-25.6324354007,14.55398000277,14.65125));
#2825=CARTESIAN_POINT('',(-22.3824354007,14.5539800027703,14.65125));
#2826=CARTESIAN_POINT('Origin',(-25.6324354007,14.55398000277,14.65125));
#2827=CARTESIAN_POINT('',(-27.3324354006997,14.5539800027699,14.65125));
#2828=CARTESIAN_POINT('Origin',(-25.6324354007,14.55398000277,14.65125));
#2829=CARTESIAN_POINT('Origin',(-25.6324354007,17.55398000277,14.65125));
#2830=CARTESIAN_POINT('',(-27.3324354007,17.5539800027699,14.65125));
#2831=CARTESIAN_POINT('Origin',(5.867564599301,22.85398000277,28.15125));
#2832=CARTESIAN_POINT('',(4.16756459930167,15.1539800027699,28.15125));
#2833=CARTESIAN_POINT('',(4.167564599301,22.8539800027699,28.15125));
#2834=CARTESIAN_POINT('Origin',(5.867564599301,15.15398000277,28.15125));
#2835=CARTESIAN_POINT('Origin',(5.867564599301,15.00398000277,28.15125));
#2836=CARTESIAN_POINT('',(3.86756459930101,14.8539800027698,28.15125));
#2837=CARTESIAN_POINT('',(4.017564599301,15.0039800027698,28.15125));
#2838=CARTESIAN_POINT('Origin',(5.867564599301,14.85398000277,28.15125));
#2839=CARTESIAN_POINT('Origin',(5.867564599301,14.85398000277,28.15125));
#2840=CARTESIAN_POINT('',(3.517564599301,14.8539800027698,28.15125));
#2841=CARTESIAN_POINT('Origin',(5.867564599301,14.85398000277,28.15125));
#2842=CARTESIAN_POINT('Origin',(5.867564599301,14.85398000277,28.15125));
#2843=CARTESIAN_POINT('',(3.517564599301,14.8539800027698,28.15125));
#2844=CARTESIAN_POINT('Origin',(-15.1324354007,20.05398000277,-15.84875));
#2845=CARTESIAN_POINT('',(-5.1324354007,19.75398000277,-15.84875));
#2846=CARTESIAN_POINT('',(-5.1324354007,19.75398000277,-15.84875));
#2847=CARTESIAN_POINT('',(-15.1324354007,19.75398000277,-15.84875));
#2848=CARTESIAN_POINT('',(-15.1324354007,19.75398000277,-15.84875));
#2849=CARTESIAN_POINT('',(-15.1324354007,17.55398000277,-15.84875));
#2850=CARTESIAN_POINT('Origin',(-5.1324354007,20.05398000277,-16.84875));
#2851=CARTESIAN_POINT('',(-5.1324354007,19.75398000277,-17.84875));
#2852=CARTESIAN_POINT('Origin',(-5.1324354007,19.75398000277,-16.84875));
#2853=CARTESIAN_POINT('',(-5.1324354007,17.55398000277,-17.84875));
#2854=CARTESIAN_POINT('Origin',(-5.1324354007,19.90398000277,-16.84875));
#2855=CARTESIAN_POINT('',(-5.1324354007,20.05398000277,-16.14875));
#2856=CARTESIAN_POINT('',(-5.1324354007,20.05398000277,-17.54875));
#2857=CARTESIAN_POINT('Origin',(-5.1324354007,20.05398000277,-16.84875));
#2858=CARTESIAN_POINT('',(-5.1324354007,20.05398000277,-16.14875));
#2859=CARTESIAN_POINT('',(-5.1324354007,19.75398000277,-17.84875));
#2860=CARTESIAN_POINT('Origin',(-15.1324354007,20.05398000277,-16.84875));
#2861=CARTESIAN_POINT('',(-15.1324354007,20.05398000277,-17.54875));
#2862=CARTESIAN_POINT('',(-15.1324354007,20.05398000277,-17.54875));
#2863=CARTESIAN_POINT('',(-15.1324354007,20.05398000277,-16.14875));
#2864=CARTESIAN_POINT('Origin',(-15.1324354007,20.05398000277,-16.84875));
#2865=CARTESIAN_POINT('',(-5.1324354007,20.05398000277,-16.14875));
#2866=CARTESIAN_POINT('Origin',(-15.1324354007,20.05398000277,-16.14875));
#2867=CARTESIAN_POINT('',(-15.1324354007,19.75398000277,-15.84875));
#2868=CARTESIAN_POINT('Origin',(-15.1324354007,19.90398000277,-16.84875));
#2869=CARTESIAN_POINT('',(-15.1324354007,19.75398000277,-17.84875));
#2870=CARTESIAN_POINT('',(-15.1324354007,20.05398000277,-17.54875));
#2871=CARTESIAN_POINT('Origin',(-15.1324354007,19.75398000277,-16.84875));
#2872=CARTESIAN_POINT('Origin',(-15.1324354007,20.05398000277,-16.84875));
#2873=CARTESIAN_POINT('',(-15.1324354007,19.75398000277,-17.84875));
#2874=CARTESIAN_POINT('Origin',(-15.1324354007,20.05398000277,-17.84875));
#2875=CARTESIAN_POINT('',(-5.1324354007,19.75398000277,-17.84875));
#2876=CARTESIAN_POINT('Origin',(-15.1324354007,20.05398000277,-17.54875));
#2877=CARTESIAN_POINT('Origin',(-9.7824354007,20.05398000277,31.99326740293));
#2878=CARTESIAN_POINT('',(-1.7824354007,19.75398000277,31.99326740293));
#2879=CARTESIAN_POINT('',(-1.7824354007,19.75398000277,31.99326740293));
#2880=CARTESIAN_POINT('',(-9.7824354007,19.75398000277,31.99326740293));
#2881=CARTESIAN_POINT('',(-9.7824354007,19.75398000277,31.99326740293));
#2882=CARTESIAN_POINT('',(-9.7824354007,17.55398000277,31.99326740293));
#2883=CARTESIAN_POINT('Origin',(-1.7824354007,20.05398000277,31.24326740293));
#2884=CARTESIAN_POINT('',(-1.7824354007,19.75398000277,30.49326740293));
#2885=CARTESIAN_POINT('Origin',(-1.7824354007,19.75398000277,31.24326740293));
#2886=CARTESIAN_POINT('',(-1.7824354007,17.55398000277,30.49326740293));
#2887=CARTESIAN_POINT('Origin',(-1.7824354007,19.90398000277,31.24326740293));
#2888=CARTESIAN_POINT('',(-1.7824354007,20.05398000277,31.69326740293));
#2889=CARTESIAN_POINT('',(-1.7824354007,20.05398000277,30.79326740293));
#2890=CARTESIAN_POINT('Origin',(-1.7824354007,20.05398000277,31.24326740293));
#2891=CARTESIAN_POINT('',(-1.7824354007,20.05398000277,31.69326740293));
#2892=CARTESIAN_POINT('',(-1.7824354007,19.75398000277,30.49326740293));
#2893=CARTESIAN_POINT('Origin',(-9.7824354007,20.05398000277,31.24326740293));
#2894=CARTESIAN_POINT('',(-9.7824354007,20.05398000277,30.79326740293));
#2895=CARTESIAN_POINT('',(-9.7824354007,20.05398000277,30.79326740293));
#2896=CARTESIAN_POINT('',(-9.7824354007,20.05398000277,31.69326740293));
#2897=CARTESIAN_POINT('Origin',(-9.7824354007,20.05398000277,31.24326740293));
#2898=CARTESIAN_POINT('',(-1.7824354007,20.05398000277,31.69326740293));
#2899=CARTESIAN_POINT('Origin',(-9.7824354007,20.05398000277,31.69326740293));
#2900=CARTESIAN_POINT('',(-9.7824354007,19.75398000277,31.99326740293));
#2901=CARTESIAN_POINT('Origin',(-9.7824354007,19.90398000277,31.24326740293));
#2902=CARTESIAN_POINT('',(-9.7824354007,19.75398000277,30.49326740293));
#2903=CARTESIAN_POINT('',(-9.7824354007,20.05398000277,30.79326740293));
#2904=CARTESIAN_POINT('Origin',(-9.7824354007,19.75398000277,31.24326740293));
#2905=CARTESIAN_POINT('Origin',(-9.7824354007,20.05398000277,31.24326740293));
#2906=CARTESIAN_POINT('',(-9.7824354007,19.75398000277,30.49326740293));
#2907=CARTESIAN_POINT('Origin',(-9.7824354007,20.05398000277,30.49326740293));
#2908=CARTESIAN_POINT('',(-1.7824354007,19.75398000277,30.49326740293));
#2909=CARTESIAN_POINT('Origin',(-9.7824354007,20.05398000277,30.79326740293));
#2910=CARTESIAN_POINT('Origin',(-10.1324354007,12.90398000277,-0.8487499999999));
#2911=CARTESIAN_POINT('',(1.2675645993,12.903980002771,-0.848749999999901));
#2912=CARTESIAN_POINT('Origin',(-5.782435400698,-1.601149852453,15.58528480585));
#2913=CARTESIAN_POINT('',(-1.73243540069925,12.7539800027704,15.58528480585));
#2914=CARTESIAN_POINT('',(-1.732435400698,-1.60114985245265,15.58528480585));
#2915=CARTESIAN_POINT('Origin',(-5.782435400699,12.75398000277,15.58528480585));
#2916=CARTESIAN_POINT('Origin',(-5.782435400699,12.90398000277,15.58528480585));
#2917=CARTESIAN_POINT('',(-1.582435400699,12.9039800027704,15.58528480585));
#2918=UNCERTAINTY_MEASURE_WITH_UNIT(LENGTH_MEASURE(0.01),#2922,
'DISTANCE_ACCURACY_VALUE',
'Maximum model space distance between geometric entities at asserted c
onnectivities');
#2919=UNCERTAINTY_MEASURE_WITH_UNIT(LENGTH_MEASURE(0.01),#2922,
'DISTANCE_ACCURACY_VALUE',
'Maximum model space distance between geometric entities at asserted c
onnectivities');
#2920=(
GEOMETRIC_REPRESENTATION_CONTEXT(3)
GLOBAL_UNCERTAINTY_ASSIGNED_CONTEXT((#2918))
GLOBAL_UNIT_ASSIGNED_CONTEXT((#2922,#2924,#2925))
REPRESENTATION_CONTEXT('','3D')
);
#2921=(
GEOMETRIC_REPRESENTATION_CONTEXT(3)
GLOBAL_UNCERTAINTY_ASSIGNED_CONTEXT((#2919))
GLOBAL_UNIT_ASSIGNED_CONTEXT((#2922,#2924,#2925))
REPRESENTATION_CONTEXT('','3D')
);
#2922=(
LENGTH_UNIT()
NAMED_UNIT(*)
SI_UNIT(.MILLI.,.METRE.)
);
#2923=(
LENGTH_UNIT()
NAMED_UNIT(*)
SI_UNIT(.CENTI.,.METRE.)
);
#2924=(
NAMED_UNIT(*)
PLANE_ANGLE_UNIT()
SI_UNIT($,.RADIAN.)
);
#2925=(
NAMED_UNIT(*)
SI_UNIT($,.STERADIAN.)
SOLID_ANGLE_UNIT()
);
#2926=SHAPE_DEFINITION_REPRESENTATION(#2927,#2928);
#2927=PRODUCT_DEFINITION_SHAPE('',$,#2930);
#2928=SHAPE_REPRESENTATION('',(#1632),#2920);
#2929=PRODUCT_DEFINITION_CONTEXT('part definition',#2934,'design');
#2930=PRODUCT_DEFINITION('\X2\632451FA673A\X0\-\X2\4E0B58F3\X0\',
'\X2\632451FA673A\X0\-\X2\4E0B58F3\X0\',#2931,#2929);
#2931=PRODUCT_DEFINITION_FORMATION('3LAST_VERSION',$,#2936);
#2932=PRODUCT_RELATED_PRODUCT_CATEGORY('\X2\632451FA673A\X0\-\X2\4E0B58F3\X0\',
'\X2\632451FA673A\X0\-\X2\4E0B58F3\X0\',(#2936));
#2933=APPLICATION_PROTOCOL_DEFINITION('international standard',
'automotive_design',2009,#2934);
#2934=APPLICATION_CONTEXT(
'Core Data for Automotive Mechanical Design Process');
#2935=PRODUCT_CONTEXT('part definition',#2934,'mechanical');
#2936=PRODUCT('\X2\632451FA673A\X0\-\X2\4E0B58F3\X0\',
'\X2\632451FA673A\X0\-\X2\4E0B58F3\X0\',$,(#2935));
#2937=PRESENTATION_STYLE_ASSIGNMENT((#2938));
#2938=SURFACE_STYLE_USAGE(.BOTH.,#2941);
#2939=SURFACE_STYLE_RENDERING_WITH_PROPERTIES($,#2945,(#2940));
#2940=SURFACE_STYLE_TRANSPARENT(0.);
#2941=SURFACE_SIDE_STYLE('',(#2942,#2939));
#2942=SURFACE_STYLE_FILL_AREA(#2943);
#2943=FILL_AREA_STYLE('',(#2944));
#2944=FILL_AREA_STYLE_COLOUR('',#2945);
#2945=COLOUR_RGB('',0.501960784313725,0.501960784313725,0.501960784313725);
ENDSEC;
END-ISO-10303-21;
