ISO-10303-21;
HEADER;
/* Generated by software containing ST-Developer
 * from STEP Tools, Inc. (www.steptools.com) 
 */

FILE_DESCRIPTION(
/* description */ (''),
/* implementation_level */ '2;1');

FILE_NAME(
/* name */ '',
/* time_stamp */ '2026-01-17T00:35:43+08:00',
/* author */ (''),
/* organization */ (''),
/* preprocessor_version */ 'ST-DEVELOPER v20.1',
/* originating_system */ 'Autodesk Translation Framework v14.21.0.0',
/* authorisation */ '');

FILE_SCHEMA (('AUTOMOTIVE_DESIGN { 1 0 10303 214 3 1 1 }'));
ENDSEC;

DATA;
#10=MECHANICAL_DESIGN_GEOMETRIC_PRESENTATION_REPRESENTATION('',(#13,#14,
#15),#5446);
#11=SHAPE_REPRESENTATION_RELATIONSHIP('SRR','None',#5453,#12);
#12=ADVANCED_BREP_SHAPE_REPRESENTATION('',(#16,#17,#18),#5445);
#13=STYLED_ITEM('',(#5462),#16);
#14=STYLED_ITEM('',(#5462),#17);
#15=STYLED_ITEM('',(#5462),#18);
#16=MANIFOLD_SOLID_BREP('\X2\5B9E4F53\X0\1',#1994);
#17=MANIFOLD_SOLID_BREP('\X2\5B9E4F53\X0\2',#1995);
#18=MANIFOLD_SOLID_BREP('\X2\5B9E4F53\X0\3',#1996);
#19=ELLIPSE('',#2055,7.07106781186548,5.);
#20=CONICAL_SURFACE('',#2049,4.75,0.78539816339745);
#21=CONICAL_SURFACE('',#2061,0.8,0.785398163397448);
#22=CONICAL_SURFACE('',#2064,2.2,0.785398163397448);
#23=CONICAL_SURFACE('',#2068,3.55,0.785398163397448);
#24=CONICAL_SURFACE('',#2098,6.55,0.785398163397448);
#25=CONICAL_SURFACE('',#2114,1.75,0.785398163397448);
#26=CONICAL_SURFACE('',#2143,0.8,0.785398163397448);
#27=CONICAL_SURFACE('',#2144,2.2,0.785398163397448);
#28=CONICAL_SURFACE('',#2146,3.55,0.785398163397448);
#29=CONICAL_SURFACE('',#2148,2.2,0.785398163397448);
#30=CONICAL_SURFACE('',#2150,6.55,0.785398163397448);
#31=CONICAL_SURFACE('',#2151,2.2,0.785398163397448);
#32=CONICAL_SURFACE('',#2153,3.55,0.785398163397448);
#33=CONICAL_SURFACE('',#2155,2.2,0.785398163397448);
#34=CONICAL_SURFACE('',#2156,0.8,0.785398163397448);
#35=CONICAL_SURFACE('',#2160,2.2,0.785398163397448);
#36=CONICAL_SURFACE('',#2161,1.75,0.785398163397448);
#37=CONICAL_SURFACE('',#2166,1.75,0.785398163397448);
#38=CONICAL_SURFACE('',#2171,1.75,0.785398163397448);
#39=CONICAL_SURFACE('',#2176,1.75,0.785398163397448);
#40=CONICAL_SURFACE('',#2181,2.2,0.785398163397448);
#41=CONICAL_SURFACE('',#2183,3.55,0.785398163397448);
#42=CONICAL_SURFACE('',#2185,2.2,0.785398163397448);
#43=CONICAL_SURFACE('',#2186,0.8,0.785398163397448);
#44=B_SPLINE_SURFACE_WITH_KNOTS('',3,3,((#4045,#4046,#4047,#4048,#4049,
#4050,#4051,#4052,#4053,#4054,#4055,#4056,#4057,#4058,#4059,#4060,#4061,
#4062,#4063,#4064,#4065,#4066,#4067,#4068,#4069,#4070,#4071,#4072,#4073,
#4074,#4075,#4076,#4077,#4078,#4079,#4080,#4081,#4082,#4083,#4084,#4085,
#4086,#4087,#4088,#4089,#4090,#4091,#4092,#4093,#4094,#4095,#4096,#4097,
#4098,#4099,#4100,#4101,#4102,#4103,#4104,#4105,#4106,#4107,#4108,#4109,
#4110,#4111,#4112,#4113,#4114,#4115,#4116,#4117,#4118,#4119,#4120,#4121,
#4122,#4123,#4124,#4125,#4126,#4127,#4128,#4129,#4130,#4131,#4132,#4133,
#4134,#4135,#4136,#4137,#4138,#4139,#4140,#4141,#4142,#4143,#4144),(#4145,
#4146,#4147,#4148,#4149,#4150,#4151,#4152,#4153,#4154,#4155,#4156,#4157,
#4158,#4159,#4160,#4161,#4162,#4163,#4164,#4165,#4166,#4167,#4168,#4169,
#4170,#4171,#4172,#4173,#4174,#4175,#4176,#4177,#4178,#4179,#4180,#4181,
#4182,#4183,#4184,#4185,#4186,#4187,#4188,#4189,#4190,#4191,#4192,#4193,
#4194,#4195,#4196,#4197,#4198,#4199,#4200,#4201,#4202,#4203,#4204,#4205,
#4206,#4207,#4208,#4209,#4210,#4211,#4212,#4213,#4214,#4215,#4216,#4217,
#4218,#4219,#4220,#4221,#4222,#4223,#4224,#4225,#4226,#4227,#4228,#4229,
#4230,#4231,#4232,#4233,#4234,#4235,#4236,#4237,#4238,#4239,#4240,#4241,
#4242,#4243,#4244),(#4245,#4246,#4247,#4248,#4249,#4250,#4251,#4252,#4253,
#4254,#4255,#4256,#4257,#4258,#4259,#4260,#4261,#4262,#4263,#4264,#4265,
#4266,#4267,#4268,#4269,#4270,#4271,#4272,#4273,#4274,#4275,#4276,#4277,
#4278,#4279,#4280,#4281,#4282,#4283,#4284,#4285,#4286,#4287,#4288,#4289,
#4290,#4291,#4292,#4293,#4294,#4295,#4296,#4297,#4298,#4299,#4300,#4301,
#4302,#4303,#4304,#4305,#4306,#4307,#4308,#4309,#4310,#4311,#4312,#4313,
#4314,#4315,#4316,#4317,#4318,#4319,#4320,#4321,#4322,#4323,#4324,#4325,
#4326,#4327,#4328,#4329,#4330,#4331,#4332,#4333,#4334,#4335,#4336,#4337,
#4338,#4339,#4340,#4341,#4342,#4343,#4344),(#4345,#4346,#4347,#4348,#4349,
#4350,#4351,#4352,#4353,#4354,#4355,#4356,#4357,#4358,#4359,#4360,#4361,
#4362,#4363,#4364,#4365,#4366,#4367,#4368,#4369,#4370,#4371,#4372,#4373,
#4374,#4375,#4376,#4377,#4378,#4379,#4380,#4381,#4382,#4383,#4384,#4385,
#4386,#4387,#4388,#4389,#4390,#4391,#4392,#4393,#4394,#4395,#4396,#4397,
#4398,#4399,#4400,#4401,#4402,#4403,#4404,#4405,#4406,#4407,#4408,#4409,
#4410,#4411,#4412,#4413,#4414,#4415,#4416,#4417,#4418,#4419,#4420,#4421,
#4422,#4423,#4424,#4425,#4426,#4427,#4428,#4429,#4430,#4431,#4432,#4433,
#4434,#4435,#4436,#4437,#4438,#4439,#4440,#4441,#4442,#4443,#4444)),
 .UNSPECIFIED.,.F.,.F.,.F.,(4,4),(4,1,1,1,1,1,1,1,1,1,1,1,1,1,1,1,1,1,1,
1,1,1,1,1,1,1,1,1,1,1,1,1,1,1,1,1,1,1,1,1,1,1,1,1,1,1,1,1,1,1,1,1,1,1,1,
1,1,1,1,1,1,1,1,1,1,1,1,1,1,1,1,1,1,1,1,1,1,1,1,1,1,1,1,1,1,1,1,1,1,1,1,
1,1,1,1,1,1,4),(0.,0.0642013499338863),(89.796623813127,90.7890436533406,
91.7814634935542,92.7738833337679,93.7663031739815,94.7587230141951,95.7511428544088,
96.7435626946224,97.735982534836,98.7284023750497,99.7208222152633,100.713242055477,
101.705661895691,102.698081735904,103.690501576118,104.682921416331,105.675341256545,
106.667761096759,107.660180936972,108.652600777186,109.6450206174,110.637440457613,
111.629860297827,112.62228013804,113.614699978254,114.607119818468,115.599539658681,
116.591959498895,117.584379339109,118.576799179322,119.569219019536,120.56163885975,
121.554058699963,122.546478540177,123.53889838039,124.531318220604,125.523738060818,
126.516157901031,127.508577741245,128.500997581459,129.493417421672,130.485837261886,
131.478257102099,132.470676942313,133.463096782527,134.45551662274,135.447936462954,
136.440356303168,137.432776143381,138.425195983595,139.417615823809,140.410035664022,
141.402455504236,142.394875344449,143.387295184663,144.379715024877,145.37213486509,
146.364554705304,147.356974545518,148.349394385731,149.341814225945,150.334234066158,
151.326653906372,152.319073746586,153.311493586799,154.303913427013,155.296333267227,
156.28875310744,157.281172947654,158.273592787868,159.266012628081,160.258432468295,
161.250852308508,162.243272148722,163.235691988936,164.228111829149,165.220531669363,
166.212951509577,167.20537134979,168.197791190004,169.190211030217,170.182630870431,
171.175050710645,172.167470550858,173.159890391072,174.152310231286,175.144730071499,
176.137149911713,177.129569751927,178.12198959214,179.114409432354,180.106829272567,
181.099249112781,182.091668952995,183.084088793208,184.076508633422,185.068928473636,
186.061348313849),.UNSPECIFIED.);
#45=B_SPLINE_SURFACE_WITH_KNOTS('',3,3,((#4671,#4672,#4673,#4674,#4675,
#4676,#4677,#4678,#4679,#4680,#4681,#4682,#4683,#4684,#4685,#4686,#4687,
#4688,#4689,#4690,#4691,#4692,#4693,#4694,#4695,#4696,#4697,#4698,#4699,
#4700,#4701,#4702,#4703,#4704,#4705,#4706,#4707,#4708,#4709,#4710,#4711,
#4712,#4713,#4714,#4715,#4716,#4717,#4718,#4719,#4720,#4721,#4722,#4723,
#4724,#4725,#4726,#4727,#4728,#4729,#4730,#4731,#4732,#4733,#4734,#4735,
#4736,#4737,#4738,#4739,#4740,#4741,#4742,#4743,#4744,#4745,#4746,#4747,
#4748,#4749,#4750,#4751,#4752,#4753,#4754,#4755,#4756,#4757,#4758,#4759,
#4760,#4761,#4762,#4763,#4764,#4765,#4766,#4767,#4768,#4769,#4770),(#4771,
#4772,#4773,#4774,#4775,#4776,#4777,#4778,#4779,#4780,#4781,#4782,#4783,
#4784,#4785,#4786,#4787,#4788,#4789,#4790,#4791,#4792,#4793,#4794,#4795,
#4796,#4797,#4798,#4799,#4800,#4801,#4802,#4803,#4804,#4805,#4806,#4807,
#4808,#4809,#4810,#4811,#4812,#4813,#4814,#4815,#4816,#4817,#4818,#4819,
#4820,#4821,#4822,#4823,#4824,#4825,#4826,#4827,#4828,#4829,#4830,#4831,
#4832,#4833,#4834,#4835,#4836,#4837,#4838,#4839,#4840,#4841,#4842,#4843,
#4844,#4845,#4846,#4847,#4848,#4849,#4850,#4851,#4852,#4853,#4854,#4855,
#4856,#4857,#4858,#4859,#4860,#4861,#4862,#4863,#4864,#4865,#4866,#4867,
#4868,#4869,#4870),(#4871,#4872,#4873,#4874,#4875,#4876,#4877,#4878,#4879,
#4880,#4881,#4882,#4883,#4884,#4885,#4886,#4887,#4888,#4889,#4890,#4891,
#4892,#4893,#4894,#4895,#4896,#4897,#4898,#4899,#4900,#4901,#4902,#4903,
#4904,#4905,#4906,#4907,#4908,#4909,#4910,#4911,#4912,#4913,#4914,#4915,
#4916,#4917,#4918,#4919,#4920,#4921,#4922,#4923,#4924,#4925,#4926,#4927,
#4928,#4929,#4930,#4931,#4932,#4933,#4934,#4935,#4936,#4937,#4938,#4939,
#4940,#4941,#4942,#4943,#4944,#4945,#4946,#4947,#4948,#4949,#4950,#4951,
#4952,#4953,#4954,#4955,#4956,#4957,#4958,#4959,#4960,#4961,#4962,#4963,
#4964,#4965,#4966,#4967,#4968,#4969,#4970),(#4971,#4972,#4973,#4974,#4975,
#4976,#4977,#4978,#4979,#4980,#4981,#4982,#4983,#4984,#4985,#4986,#4987,
#4988,#4989,#4990,#4991,#4992,#4993,#4994,#4995,#4996,#4997,#4998,#4999,
#5000,#5001,#5002,#5003,#5004,#5005,#5006,#5007,#5008,#5009,#5010,#5011,
#5012,#5013,#5014,#5015,#5016,#5017,#5018,#5019,#5020,#5021,#5022,#5023,
#5024,#5025,#5026,#5027,#5028,#5029,#5030,#5031,#5032,#5033,#5034,#5035,
#5036,#5037,#5038,#5039,#5040,#5041,#5042,#5043,#5044,#5045,#5046,#5047,
#5048,#5049,#5050,#5051,#5052,#5053,#5054,#5055,#5056,#5057,#5058,#5059,
#5060,#5061,#5062,#5063,#5064,#5065,#5066,#5067,#5068,#5069,#5070)),
 .UNSPECIFIED.,.F.,.F.,.F.,(4,4),(4,1,1,1,1,1,1,1,1,1,1,1,1,1,1,1,1,1,1,
1,1,1,1,1,1,1,1,1,1,1,1,1,1,1,1,1,1,1,1,1,1,1,1,1,1,1,1,1,1,1,1,1,1,1,1,
1,1,1,1,1,1,1,1,1,1,1,1,1,1,1,1,1,1,1,1,1,1,1,1,1,1,1,1,1,1,1,1,1,1,1,1,
1,1,1,1,1,1,4),(0.,0.0642013499338863),(87.257212548463,88.2496323886766,
89.2420522288902,90.2344720691039,91.2268919093175,92.2193117495311,93.2117315897448,
94.2041514299584,95.196571270172,96.1889911103857,97.1814109505993,98.1738307908129,
99.1662506310266,100.15867047124,101.151090311454,102.143510151667,103.135929991881,
104.128349832095,105.120769672308,106.113189512522,107.105609352736,108.098029192949,
109.090449033163,110.082868873376,111.07528871359,112.067708553804,113.060128394017,
114.052548234231,115.044968074445,116.037387914658,117.029807754872,118.022227595086,
119.014647435299,120.007067275513,120.999487115726,121.99190695594,122.984326796154,
123.976746636367,124.969166476581,125.961586316795,126.954006157008,127.946425997222,
128.938845837436,129.931265677649,130.923685517863,131.916105358076,132.90852519829,
133.900945038504,134.893364878717,135.885784718931,136.878204559145,137.870624399358,
138.863044239572,139.855464079785,140.847883919999,141.840303760213,142.832723600426,
143.82514344064,144.817563280854,145.809983121067,146.802402961281,147.794822801494,
148.787242641708,149.779662481922,150.772082322135,151.764502162349,152.756922002563,
153.749341842776,154.74176168299,155.734181523204,156.726601363417,157.719021203631,
158.711441043844,159.703860884058,160.696280724272,161.688700564485,162.681120404699,
163.673540244913,164.665960085126,165.65837992534,166.650799765554,167.643219605767,
168.635639445981,169.628059286194,170.620479126408,171.612898966622,172.605318806835,
173.597738647049,174.590158487263,175.582578327476,176.57499816769,177.567418007903,
178.559837848117,179.552257688331,180.544677528544,181.537097368758,182.529517208972,
183.521937049185),.UNSPECIFIED.);
#46=FACE_BOUND('',#250,.T.);
#47=FACE_BOUND('',#256,.T.);
#48=FACE_BOUND('',#281,.T.);
#49=FACE_BOUND('',#285,.T.);
#50=FACE_BOUND('',#286,.T.);
#51=FACE_BOUND('',#287,.T.);
#52=FACE_BOUND('',#323,.T.);
#53=FACE_BOUND('',#329,.T.);
#54=FACE_BOUND('',#338,.T.);
#55=FACE_BOUND('',#342,.T.);
#56=FACE_BOUND('',#344,.T.);
#57=FACE_BOUND('',#348,.T.);
#58=PLANE('',#2047);
#59=PLANE('',#2058);
#60=PLANE('',#2060);
#61=PLANE('',#2067);
#62=PLANE('',#2071);
#63=PLANE('',#2072);
#64=PLANE('',#2075);
#65=PLANE('',#2080);
#66=PLANE('',#2087);
#67=PLANE('',#2091);
#68=PLANE('',#2100);
#69=PLANE('',#2110);
#70=PLANE('',#2116);
#71=PLANE('',#2128);
#72=PLANE('',#2129);
#73=PLANE('',#2130);
#74=PLANE('',#2131);
#75=PLANE('',#2132);
#76=PLANE('',#2133);
#77=PLANE('',#2134);
#78=PLANE('',#2135);
#79=PLANE('',#2136);
#80=PLANE('',#2137);
#81=PLANE('',#2138);
#82=PLANE('',#2139);
#83=PLANE('',#2140);
#84=PLANE('',#2141);
#85=PLANE('',#2142);
#86=PLANE('',#2145);
#87=PLANE('',#2147);
#88=PLANE('',#2152);
#89=PLANE('',#2154);
#90=PLANE('',#2157);
#91=PLANE('',#2168);
#92=PLANE('',#2178);
#93=PLANE('',#2182);
#94=PLANE('',#2184);
#95=PLANE('',#2187);
#96=PLANE('',#2194);
#97=PLANE('',#2195);
#98=PLANE('',#2202);
#99=FACE_OUTER_BOUND('',#218,.T.);
#100=FACE_OUTER_BOUND('',#219,.T.);
#101=FACE_OUTER_BOUND('',#220,.T.);
#102=FACE_OUTER_BOUND('',#221,.T.);
#103=FACE_OUTER_BOUND('',#222,.T.);
#104=FACE_OUTER_BOUND('',#223,.T.);
#105=FACE_OUTER_BOUND('',#224,.T.);
#106=FACE_OUTER_BOUND('',#225,.T.);
#107=FACE_OUTER_BOUND('',#226,.T.);
#108=FACE_OUTER_BOUND('',#227,.T.);
#109=FACE_OUTER_BOUND('',#228,.T.);
#110=FACE_OUTER_BOUND('',#229,.T.);
#111=FACE_OUTER_BOUND('',#230,.T.);
#112=FACE_OUTER_BOUND('',#231,.T.);
#113=FACE_OUTER_BOUND('',#232,.T.);
#114=FACE_OUTER_BOUND('',#233,.T.);
#115=FACE_OUTER_BOUND('',#234,.T.);
#116=FACE_OUTER_BOUND('',#235,.T.);
#117=FACE_OUTER_BOUND('',#236,.T.);
#118=FACE_OUTER_BOUND('',#237,.T.);
#119=FACE_OUTER_BOUND('',#238,.T.);
#120=FACE_OUTER_BOUND('',#239,.T.);
#121=FACE_OUTER_BOUND('',#240,.T.);
#122=FACE_OUTER_BOUND('',#241,.T.);
#123=FACE_OUTER_BOUND('',#242,.T.);
#124=FACE_OUTER_BOUND('',#243,.T.);
#125=FACE_OUTER_BOUND('',#244,.T.);
#126=FACE_OUTER_BOUND('',#245,.T.);
#127=FACE_OUTER_BOUND('',#246,.T.);
#128=FACE_OUTER_BOUND('',#247,.T.);
#129=FACE_OUTER_BOUND('',#248,.T.);
#130=FACE_OUTER_BOUND('',#249,.T.);
#131=FACE_OUTER_BOUND('',#251,.T.);
#132=FACE_OUTER_BOUND('',#252,.T.);
#133=FACE_OUTER_BOUND('',#253,.T.);
#134=FACE_OUTER_BOUND('',#254,.T.);
#135=FACE_OUTER_BOUND('',#255,.T.);
#136=FACE_OUTER_BOUND('',#257,.T.);
#137=FACE_OUTER_BOUND('',#258,.T.);
#138=FACE_OUTER_BOUND('',#259,.T.);
#139=FACE_OUTER_BOUND('',#260,.T.);
#140=FACE_OUTER_BOUND('',#261,.T.);
#141=FACE_OUTER_BOUND('',#262,.T.);
#142=FACE_OUTER_BOUND('',#263,.T.);
#143=FACE_OUTER_BOUND('',#264,.T.);
#144=FACE_OUTER_BOUND('',#265,.T.);
#145=FACE_OUTER_BOUND('',#266,.T.);
#146=FACE_OUTER_BOUND('',#267,.T.);
#147=FACE_OUTER_BOUND('',#268,.T.);
#148=FACE_OUTER_BOUND('',#269,.T.);
#149=FACE_OUTER_BOUND('',#270,.T.);
#150=FACE_OUTER_BOUND('',#271,.T.);
#151=FACE_OUTER_BOUND('',#272,.T.);
#152=FACE_OUTER_BOUND('',#273,.T.);
#153=FACE_OUTER_BOUND('',#274,.T.);
#154=FACE_OUTER_BOUND('',#275,.T.);
#155=FACE_OUTER_BOUND('',#276,.T.);
#156=FACE_OUTER_BOUND('',#277,.T.);
#157=FACE_OUTER_BOUND('',#278,.T.);
#158=FACE_OUTER_BOUND('',#279,.T.);
#159=FACE_OUTER_BOUND('',#280,.T.);
#160=FACE_OUTER_BOUND('',#282,.T.);
#161=FACE_OUTER_BOUND('',#283,.T.);
#162=FACE_OUTER_BOUND('',#284,.T.);
#163=FACE_OUTER_BOUND('',#288,.T.);
#164=FACE_OUTER_BOUND('',#289,.T.);
#165=FACE_OUTER_BOUND('',#290,.T.);
#166=FACE_OUTER_BOUND('',#291,.T.);
#167=FACE_OUTER_BOUND('',#292,.T.);
#168=FACE_OUTER_BOUND('',#293,.T.);
#169=FACE_OUTER_BOUND('',#294,.T.);
#170=FACE_OUTER_BOUND('',#295,.T.);
#171=FACE_OUTER_BOUND('',#296,.T.);
#172=FACE_OUTER_BOUND('',#297,.T.);
#173=FACE_OUTER_BOUND('',#298,.T.);
#174=FACE_OUTER_BOUND('',#299,.T.);
#175=FACE_OUTER_BOUND('',#300,.T.);
#176=FACE_OUTER_BOUND('',#301,.T.);
#177=FACE_OUTER_BOUND('',#302,.T.);
#178=FACE_OUTER_BOUND('',#303,.T.);
#179=FACE_OUTER_BOUND('',#304,.T.);
#180=FACE_OUTER_BOUND('',#305,.T.);
#181=FACE_OUTER_BOUND('',#306,.T.);
#182=FACE_OUTER_BOUND('',#307,.T.);
#183=FACE_OUTER_BOUND('',#308,.T.);
#184=FACE_OUTER_BOUND('',#309,.T.);
#185=FACE_OUTER_BOUND('',#310,.T.);
#186=FACE_OUTER_BOUND('',#311,.T.);
#187=FACE_OUTER_BOUND('',#312,.T.);
#188=FACE_OUTER_BOUND('',#313,.T.);
#189=FACE_OUTER_BOUND('',#314,.T.);
#190=FACE_OUTER_BOUND('',#315,.T.);
#191=FACE_OUTER_BOUND('',#316,.T.);
#192=FACE_OUTER_BOUND('',#317,.T.);
#193=FACE_OUTER_BOUND('',#318,.T.);
#194=FACE_OUTER_BOUND('',#319,.T.);
#195=FACE_OUTER_BOUND('',#320,.T.);
#196=FACE_OUTER_BOUND('',#321,.T.);
#197=FACE_OUTER_BOUND('',#322,.T.);
#198=FACE_OUTER_BOUND('',#324,.T.);
#199=FACE_OUTER_BOUND('',#325,.T.);
#200=FACE_OUTER_BOUND('',#326,.T.);
#201=FACE_OUTER_BOUND('',#327,.T.);
#202=FACE_OUTER_BOUND('',#328,.T.);
#203=FACE_OUTER_BOUND('',#330,.T.);
#204=FACE_OUTER_BOUND('',#331,.T.);
#205=FACE_OUTER_BOUND('',#332,.T.);
#206=FACE_OUTER_BOUND('',#333,.T.);
#207=FACE_OUTER_BOUND('',#334,.T.);
#208=FACE_OUTER_BOUND('',#335,.T.);
#209=FACE_OUTER_BOUND('',#336,.T.);
#210=FACE_OUTER_BOUND('',#337,.T.);
#211=FACE_OUTER_BOUND('',#339,.T.);
#212=FACE_OUTER_BOUND('',#340,.T.);
#213=FACE_OUTER_BOUND('',#341,.T.);
#214=FACE_OUTER_BOUND('',#343,.T.);
#215=FACE_OUTER_BOUND('',#345,.T.);
#216=FACE_OUTER_BOUND('',#346,.T.);
#217=FACE_OUTER_BOUND('',#347,.T.);
#218=EDGE_LOOP('',(#1245,#1246,#1247,#1248));
#219=EDGE_LOOP('',(#1249,#1250,#1251,#1252));
#220=EDGE_LOOP('',(#1253,#1254,#1255,#1256));
#221=EDGE_LOOP('',(#1257,#1258,#1259,#1260));
#222=EDGE_LOOP('',(#1261,#1262,#1263,#1264));
#223=EDGE_LOOP('',(#1265,#1266,#1267,#1268));
#224=EDGE_LOOP('',(#1269,#1270,#1271,#1272));
#225=EDGE_LOOP('',(#1273,#1274,#1275,#1276));
#226=EDGE_LOOP('',(#1277,#1278,#1279,#1280));
#227=EDGE_LOOP('',(#1281,#1282,#1283,#1284));
#228=EDGE_LOOP('',(#1285,#1286,#1287,#1288));
#229=EDGE_LOOP('',(#1289,#1290,#1291,#1292));
#230=EDGE_LOOP('',(#1293,#1294,#1295,#1296));
#231=EDGE_LOOP('',(#1297,#1298,#1299,#1300));
#232=EDGE_LOOP('',(#1301,#1302,#1303,#1304));
#233=EDGE_LOOP('',(#1305,#1306,#1307,#1308));
#234=EDGE_LOOP('',(#1309,#1310,#1311,#1312));
#235=EDGE_LOOP('',(#1313,#1314,#1315,#1316));
#236=EDGE_LOOP('',(#1317,#1318,#1319,#1320));
#237=EDGE_LOOP('',(#1321,#1322,#1323,#1324));
#238=EDGE_LOOP('',(#1325,#1326,#1327,#1328));
#239=EDGE_LOOP('',(#1329,#1330,#1331,#1332));
#240=EDGE_LOOP('',(#1333,#1334,#1335,#1336));
#241=EDGE_LOOP('',(#1337,#1338,#1339,#1340));
#242=EDGE_LOOP('',(#1341,#1342,#1343,#1344));
#243=EDGE_LOOP('',(#1345,#1346,#1347,#1348));
#244=EDGE_LOOP('',(#1349,#1350,#1351,#1352));
#245=EDGE_LOOP('',(#1353,#1354,#1355,#1356));
#246=EDGE_LOOP('',(#1357,#1358,#1359,#1360));
#247=EDGE_LOOP('',(#1361,#1362,#1363,#1364));
#248=EDGE_LOOP('',(#1365,#1366,#1367,#1368));
#249=EDGE_LOOP('',(#1369));
#250=EDGE_LOOP('',(#1370,#1371,#1372,#1373));
#251=EDGE_LOOP('',(#1374,#1375,#1376,#1377));
#252=EDGE_LOOP('',(#1378,#1379,#1380,#1381,#1382,#1383,#1384,#1385,#1386,
#1387,#1388,#1389,#1390,#1391,#1392,#1393,#1394,#1395,#1396,#1397,#1398,
#1399,#1400,#1401,#1402,#1403,#1404,#1405,#1406,#1407,#1408,#1409,#1410,
#1411));
#253=EDGE_LOOP('',(#1412,#1413,#1414,#1415));
#254=EDGE_LOOP('',(#1416,#1417,#1418,#1419,#1420,#1421,#1422,#1423));
#255=EDGE_LOOP('',(#1424));
#256=EDGE_LOOP('',(#1425,#1426,#1427,#1428));
#257=EDGE_LOOP('',(#1429,#1430,#1431,#1432));
#258=EDGE_LOOP('',(#1433,#1434,#1435,#1436,#1437,#1438,#1439,#1440,#1441,
#1442,#1443,#1444,#1445,#1446,#1447,#1448,#1449,#1450,#1451,#1452,#1453,
#1454,#1455,#1456,#1457,#1458,#1459,#1460,#1461,#1462,#1463,#1464,#1465,
#1466));
#259=EDGE_LOOP('',(#1467,#1468,#1469,#1470,#1471,#1472));
#260=EDGE_LOOP('',(#1473,#1474,#1475,#1476));
#261=EDGE_LOOP('',(#1477,#1478,#1479,#1480));
#262=EDGE_LOOP('',(#1481,#1482,#1483,#1484));
#263=EDGE_LOOP('',(#1485,#1486,#1487,#1488));
#264=EDGE_LOOP('',(#1489,#1490,#1491,#1492));
#265=EDGE_LOOP('',(#1493,#1494,#1495,#1496));
#266=EDGE_LOOP('',(#1497,#1498,#1499,#1500));
#267=EDGE_LOOP('',(#1501,#1502,#1503,#1504));
#268=EDGE_LOOP('',(#1505,#1506,#1507,#1508));
#269=EDGE_LOOP('',(#1509,#1510,#1511,#1512));
#270=EDGE_LOOP('',(#1513,#1514,#1515,#1516,#1517,#1518,#1519,#1520));
#271=EDGE_LOOP('',(#1521,#1522,#1523,#1524));
#272=EDGE_LOOP('',(#1525,#1526,#1527,#1528));
#273=EDGE_LOOP('',(#1529,#1530,#1531,#1532));
#274=EDGE_LOOP('',(#1533,#1534,#1535,#1536));
#275=EDGE_LOOP('',(#1537,#1538,#1539,#1540));
#276=EDGE_LOOP('',(#1541,#1542,#1543,#1544));
#277=EDGE_LOOP('',(#1545,#1546,#1547,#1548));
#278=EDGE_LOOP('',(#1549,#1550,#1551,#1552));
#279=EDGE_LOOP('',(#1553,#1554,#1555,#1556,#1557,#1558,#1559,#1560,#1561,
#1562,#1563,#1564,#1565,#1566,#1567,#1568,#1569,#1570,#1571,#1572,#1573,
#1574,#1575));
#280=EDGE_LOOP('',(#1576));
#281=EDGE_LOOP('',(#1577));
#282=EDGE_LOOP('',(#1578,#1579,#1580,#1581));
#283=EDGE_LOOP('',(#1582,#1583,#1584,#1585));
#284=EDGE_LOOP('',(#1586,#1587,#1588,#1589,#1590,#1591,#1592,#1593,#1594,
#1595,#1596,#1597,#1598,#1599,#1600,#1601,#1602,#1603));
#285=EDGE_LOOP('',(#1604));
#286=EDGE_LOOP('',(#1605));
#287=EDGE_LOOP('',(#1606));
#288=EDGE_LOOP('',(#1607,#1608,#1609,#1610));
#289=EDGE_LOOP('',(#1611,#1612,#1613,#1614));
#290=EDGE_LOOP('',(#1615,#1616,#1617,#1618));
#291=EDGE_LOOP('',(#1619,#1620,#1621));
#292=EDGE_LOOP('',(#1622,#1623,#1624,#1625));
#293=EDGE_LOOP('',(#1626,#1627,#1628,#1629,#1630,#1631));
#294=EDGE_LOOP('',(#1632,#1633,#1634,#1635));
#295=EDGE_LOOP('',(#1636,#1637,#1638,#1639,#1640,#1641));
#296=EDGE_LOOP('',(#1642,#1643,#1644,#1645));
#297=EDGE_LOOP('',(#1646,#1647,#1648,#1649));
#298=EDGE_LOOP('',(#1650,#1651,#1652,#1653));
#299=EDGE_LOOP('',(#1654,#1655,#1656,#1657));
#300=EDGE_LOOP('',(#1658,#1659,#1660,#1661));
#301=EDGE_LOOP('',(#1662,#1663,#1664));
#302=EDGE_LOOP('',(#1665,#1666,#1667,#1668));
#303=EDGE_LOOP('',(#1669,#1670,#1671,#1672));
#304=EDGE_LOOP('',(#1673,#1674,#1675,#1676));
#305=EDGE_LOOP('',(#1677,#1678,#1679,#1680));
#306=EDGE_LOOP('',(#1681,#1682,#1683,#1684));
#307=EDGE_LOOP('',(#1685,#1686,#1687,#1688));
#308=EDGE_LOOP('',(#1689,#1690,#1691,#1692));
#309=EDGE_LOOP('',(#1693,#1694,#1695,#1696));
#310=EDGE_LOOP('',(#1697,#1698,#1699,#1700));
#311=EDGE_LOOP('',(#1701,#1702,#1703,#1704));
#312=EDGE_LOOP('',(#1705,#1706,#1707,#1708));
#313=EDGE_LOOP('',(#1709,#1710,#1711,#1712));
#314=EDGE_LOOP('',(#1713,#1714,#1715,#1716));
#315=EDGE_LOOP('',(#1717,#1718,#1719,#1720));
#316=EDGE_LOOP('',(#1721,#1722,#1723,#1724));
#317=EDGE_LOOP('',(#1725,#1726,#1727,#1728));
#318=EDGE_LOOP('',(#1729,#1730,#1731,#1732));
#319=EDGE_LOOP('',(#1733,#1734,#1735,#1736));
#320=EDGE_LOOP('',(#1737,#1738,#1739,#1740,#1741));
#321=EDGE_LOOP('',(#1742,#1743,#1744,#1745,#1746));
#322=EDGE_LOOP('',(#1747));
#323=EDGE_LOOP('',(#1748));
#324=EDGE_LOOP('',(#1749,#1750,#1751,#1752,#1753));
#325=EDGE_LOOP('',(#1754,#1755,#1756,#1757));
#326=EDGE_LOOP('',(#1758,#1759,#1760,#1761,#1762));
#327=EDGE_LOOP('',(#1763,#1764,#1765,#1766,#1767));
#328=EDGE_LOOP('',(#1768));
#329=EDGE_LOOP('',(#1769));
#330=EDGE_LOOP('',(#1770,#1771,#1772,#1773,#1774));
#331=EDGE_LOOP('',(#1775,#1776,#1777,#1778));
#332=EDGE_LOOP('',(#1779,#1780,#1781,#1782));
#333=EDGE_LOOP('',(#1783,#1784,#1785,#1786));
#334=EDGE_LOOP('',(#1787,#1788,#1789,#1790));
#335=EDGE_LOOP('',(#1791,#1792,#1793,#1794));
#336=EDGE_LOOP('',(#1795,#1796,#1797,#1798));
#337=EDGE_LOOP('',(#1799));
#338=EDGE_LOOP('',(#1800));
#339=EDGE_LOOP('',(#1801,#1802,#1803,#1804));
#340=EDGE_LOOP('',(#1805,#1806,#1807,#1808));
#341=EDGE_LOOP('',(#1809));
#342=EDGE_LOOP('',(#1810));
#343=EDGE_LOOP('',(#1811));
#344=EDGE_LOOP('',(#1812));
#345=EDGE_LOOP('',(#1813,#1814,#1815,#1816));
#346=EDGE_LOOP('',(#1817,#1818,#1819,#1820));
#347=EDGE_LOOP('',(#1821));
#348=EDGE_LOOP('',(#1822));
#349=CIRCLE('',#2011,3.0735);
#350=CIRCLE('',#2026,3.0735);
#351=CIRCLE('',#2028,2.5175);
#352=CIRCLE('',#2043,2.5175);
#353=CIRCLE('',#2045,3.53836112350229);
#354=CIRCLE('',#2046,3.53836112350229);
#355=CIRCLE('',#2050,4.5);
#356=CIRCLE('',#2051,5.);
#357=CIRCLE('',#2053,5.);
#358=CIRCLE('',#2054,5.);
#359=CIRCLE('',#2056,5.);
#360=CIRCLE('',#2057,5.);
#361=CIRCLE('',#2062,1.);
#362=CIRCLE('',#2063,0.6);
#363=CIRCLE('',#2065,2.);
#364=CIRCLE('',#2066,2.4);
#365=CIRCLE('',#2069,3.75);
#366=CIRCLE('',#2070,3.35);
#367=CIRCLE('',#2074,3.75);
#368=CIRCLE('',#2077,2.);
#369=CIRCLE('',#2079,1.);
#370=CIRCLE('',#2082,1.);
#371=CIRCLE('',#2083,1.);
#372=CIRCLE('',#2085,2.);
#373=CIRCLE('',#2086,2.);
#374=CIRCLE('',#2089,3.75);
#375=CIRCLE('',#2090,3.75);
#376=CIRCLE('',#2093,2.);
#377=CIRCLE('',#2094,2.);
#378=CIRCLE('',#2096,6.75);
#379=CIRCLE('',#2097,6.75);
#380=CIRCLE('',#2099,6.35);
#381=CIRCLE('',#2101,0.6);
#382=CIRCLE('',#2102,2.4);
#383=CIRCLE('',#2103,3.35);
#384=CIRCLE('',#2104,2.4);
#385=CIRCLE('',#2105,2.4);
#386=CIRCLE('',#2106,2.75);
#387=CIRCLE('',#2107,2.75);
#388=CIRCLE('',#2108,2.75);
#389=CIRCLE('',#2109,2.75);
#390=CIRCLE('',#2111,1.15);
#391=CIRCLE('',#2113,1.15);
#392=CIRCLE('',#2115,2.35);
#393=CIRCLE('',#2117,0.6);
#394=CIRCLE('',#2118,2.4);
#395=CIRCLE('',#2119,3.35);
#396=CIRCLE('',#2120,2.4);
#397=CIRCLE('',#2121,6.35);
#398=CIRCLE('',#2122,2.4);
#399=CIRCLE('',#2123,3.35);
#400=CIRCLE('',#2124,2.4);
#401=CIRCLE('',#2125,0.6);
#402=CIRCLE('',#2126,1.9);
#403=CIRCLE('',#2127,1.9);
#404=CIRCLE('',#2149,2.);
#405=CIRCLE('',#2159,2.);
#406=CIRCLE('',#2162,1.6);
#407=CIRCLE('',#2164,1.6);
#408=CIRCLE('',#2165,1.6);
#409=CIRCLE('',#2167,1.9);
#410=CIRCLE('',#2169,2.75);
#411=CIRCLE('',#2172,1.6);
#412=CIRCLE('',#2174,1.6);
#413=CIRCLE('',#2175,1.6);
#414=CIRCLE('',#2177,1.9);
#415=CIRCLE('',#2179,2.75);
#416=CIRCLE('',#2188,3.50000005215406);
#417=CIRCLE('',#2189,2.50199914471532);
#418=CIRCLE('',#2191,2.50199914471532);
#419=CIRCLE('',#2193,3.50000005215406);
#420=CIRCLE('',#2196,3.50000005215406);
#421=CIRCLE('',#2197,2.50199914471532);
#422=CIRCLE('',#2199,3.50000005215406);
#423=CIRCLE('',#2201,2.50199914471532);
#424=B_SPLINE_CURVE_WITH_KNOTS('',3,(#2738,#2739,#2740,#2741,#2742,#2743,
#2744,#2745),.UNSPECIFIED.,.F.,.F.,(4,1,1,1,1,4),(179.070781254618,179.552257688331,
180.544677528544,181.537097368758,182.529517208972,183.521937049185),
 .UNSPECIFIED.);
#425=B_SPLINE_CURVE_WITH_KNOTS('',3,(#2748,#2749,#2750,#2751,#2752,#2753,
#2754,#2755,#2756),.UNSPECIFIED.,.F.,.F.,(4,1,1,1,1,1,4),(179.070781254618,
179.114409432354,180.106829272567,181.099249112781,182.091668952995,183.084088793208,
184.044403420821),.UNSPECIFIED.);
#426=B_SPLINE_CURVE_WITH_KNOTS('',3,(#2761,#2762,#2763,#2764,#2765,#2766,
#2767,#2768,#2769,#2770),.UNSPECIFIED.,.F.,.F.,(4,1,1,1,1,1,1,4),(172.787595947439,
173.597738647049,174.590158487263,175.582578327476,176.57499816769,177.567418007903,
178.559837848117,179.070781254618),.UNSPECIFIED.);
#427=B_SPLINE_CURVE_WITH_KNOTS('',3,(#2771,#2772,#2773,#2774,#2775,#2776,
#2777,#2778,#2779,#2780),.UNSPECIFIED.,.F.,.F.,(4,1,1,1,1,1,1,4),(172.787595947439,
173.159890391072,174.152310231286,175.144730071499,176.137149911713,177.129569751927,
178.12198959214,179.070781254618),.UNSPECIFIED.);
#428=B_SPLINE_CURVE_WITH_KNOTS('',3,(#2785,#2786,#2787,#2788,#2789,#2790,
#2791,#2792,#2793,#2794,#2795),.UNSPECIFIED.,.F.,.F.,(4,1,1,1,1,1,1,1,4),
(166.504410640259,166.650799765554,167.643219605767,168.635639445981,169.628059286194,
170.620479126408,171.612898966622,172.605318806835,172.787595947439),
 .UNSPECIFIED.);
#429=B_SPLINE_CURVE_WITH_KNOTS('',3,(#2796,#2797,#2798,#2799,#2800,#2801,
#2802,#2803,#2804,#2805),.UNSPECIFIED.,.F.,.F.,(4,1,1,1,1,1,1,4),(166.504410640259,
167.20537134979,168.197791190004,169.190211030217,170.182630870431,171.175050710645,
172.167470550858,172.787595947439),.UNSPECIFIED.);
#430=B_SPLINE_CURVE_WITH_KNOTS('',3,(#2810,#2811,#2812,#2813,#2814,#2815,
#2816,#2817,#2818,#2819),.UNSPECIFIED.,.F.,.F.,(4,1,1,1,1,1,1,4),(160.22122533308,
160.696280724272,161.688700564485,162.681120404699,163.673540244913,164.665960085126,
165.65837992534,166.504410640259),.UNSPECIFIED.);
#431=B_SPLINE_CURVE_WITH_KNOTS('',3,(#2820,#2821,#2822,#2823,#2824,#2825,
#2826,#2827,#2828,#2829,#2830),.UNSPECIFIED.,.F.,.F.,(4,1,1,1,1,1,1,1,4),
(160.22122533308,160.258432468295,161.250852308508,162.243272148722,163.235691988936,
164.228111829149,165.220531669363,166.212951509577,166.504410640259),
 .UNSPECIFIED.);
#432=B_SPLINE_CURVE_WITH_KNOTS('',3,(#2835,#2836,#2837,#2838,#2839,#2840,
#2841,#2842,#2843,#2844),.UNSPECIFIED.,.F.,.F.,(4,1,1,1,1,1,1,4),(153.9380400259,
154.74176168299,155.734181523204,156.726601363417,157.719021203631,158.711441043844,
159.703860884058,160.22122533308),.UNSPECIFIED.);
#433=B_SPLINE_CURVE_WITH_KNOTS('',3,(#2845,#2846,#2847,#2848,#2849,#2850,
#2851,#2852,#2853,#2854),.UNSPECIFIED.,.F.,.F.,(4,1,1,1,1,1,1,4),(153.9380400259,
154.303913427013,155.296333267227,156.28875310744,157.281172947654,158.273592787868,
159.266012628081,160.22122533308),.UNSPECIFIED.);
#434=B_SPLINE_CURVE_WITH_KNOTS('',3,(#2859,#2860,#2861,#2862,#2863,#2864,
#2865,#2866,#2867,#2868,#2869),.UNSPECIFIED.,.F.,.F.,(4,1,1,1,1,1,1,1,4),
(147.65485471872,147.794822801494,148.787242641708,149.779662481922,150.772082322135,
151.764502162349,152.756922002563,153.749341842776,153.9380400259),
 .UNSPECIFIED.);
#435=B_SPLINE_CURVE_WITH_KNOTS('',3,(#2870,#2871,#2872,#2873,#2874,#2875,
#2876,#2877,#2878,#2879),.UNSPECIFIED.,.F.,.F.,(4,1,1,1,1,1,1,4),(147.65485471872,
148.349394385731,149.341814225945,150.334234066158,151.326653906372,152.319073746586,
153.311493586799,153.9380400259),.UNSPECIFIED.);
#436=B_SPLINE_CURVE_WITH_KNOTS('',3,(#2884,#2885,#2886,#2887,#2888,#2889,
#2890,#2891,#2892,#2893),.UNSPECIFIED.,.F.,.F.,(4,1,1,1,1,1,1,4),(141.371669411541,
141.840303760213,142.832723600426,143.82514344064,144.817563280854,145.809983121067,
146.802402961281,147.65485471872),.UNSPECIFIED.);
#437=B_SPLINE_CURVE_WITH_KNOTS('',3,(#2894,#2895,#2896,#2897,#2898,#2899,
#2900,#2901,#2902,#2903,#2904),.UNSPECIFIED.,.F.,.F.,(4,1,1,1,1,1,1,1,4),
(141.371669411541,141.402455504236,142.394875344449,143.387295184663,144.379715024877,
145.37213486509,146.364554705304,147.356974545518,147.65485471872),
 .UNSPECIFIED.);
#438=B_SPLINE_CURVE_WITH_KNOTS('',3,(#2909,#2910,#2911,#2912,#2913,#2914,
#2915,#2916,#2917,#2918),.UNSPECIFIED.,.F.,.F.,(4,1,1,1,1,1,1,4),(135.088484104361,
135.885784718931,136.878204559145,137.870624399358,138.863044239572,139.855464079785,
140.847883919999,141.371669411541),.UNSPECIFIED.);
#439=B_SPLINE_CURVE_WITH_KNOTS('',3,(#2919,#2920,#2921,#2922,#2923,#2924,
#2925,#2926,#2927,#2928),.UNSPECIFIED.,.F.,.F.,(4,1,1,1,1,1,1,4),(135.088484104361,
135.447936462954,136.440356303168,137.432776143381,138.425195983595,139.417615823809,
140.410035664022,141.371669411541),.UNSPECIFIED.);
#440=B_SPLINE_CURVE_WITH_KNOTS('',3,(#2933,#2934,#2935,#2936,#2937,#2938,
#2939,#2940,#2941,#2942,#2943),.UNSPECIFIED.,.F.,.F.,(4,1,1,1,1,1,1,1,4),
(128.805298797182,128.938845837436,129.931265677649,130.923685517863,131.916105358076,
132.90852519829,133.900945038504,134.893364878717,135.088484104361),
 .UNSPECIFIED.);
#441=B_SPLINE_CURVE_WITH_KNOTS('',3,(#2944,#2945,#2946,#2947,#2948,#2949,
#2950,#2951,#2952,#2953),.UNSPECIFIED.,.F.,.F.,(4,1,1,1,1,1,1,4),(128.805298797182,
129.493417421672,130.485837261886,131.478257102099,132.470676942313,133.463096782527,
134.45551662274,135.088484104361),.UNSPECIFIED.);
#442=B_SPLINE_CURVE_WITH_KNOTS('',3,(#2958,#2959,#2960,#2961,#2962,#2963,
#2964,#2965,#2966,#2967),.UNSPECIFIED.,.F.,.F.,(4,1,1,1,1,1,1,4),(122.522113490002,
122.984326796154,123.976746636367,124.969166476581,125.961586316795,126.954006157008,
127.946425997222,128.805298797182),.UNSPECIFIED.);
#443=B_SPLINE_CURVE_WITH_KNOTS('',3,(#2968,#2969,#2970,#2971,#2972,#2973,
#2974,#2975,#2976,#2977,#2978),.UNSPECIFIED.,.F.,.F.,(4,1,1,1,1,1,1,1,4),
(122.522113490002,122.546478540177,123.53889838039,124.531318220604,125.523738060818,
126.516157901031,127.508577741245,128.500997581459,128.805298797182),
 .UNSPECIFIED.);
#444=B_SPLINE_CURVE_WITH_KNOTS('',3,(#2983,#2984,#2985,#2986,#2987,#2988,
#2989,#2990,#2991,#2992),.UNSPECIFIED.,.F.,.F.,(4,1,1,1,1,1,1,4),(116.238928182823,
117.029807754872,118.022227595086,119.014647435299,120.007067275513,120.999487115726,
121.99190695594,122.522113490002),.UNSPECIFIED.);
#445=B_SPLINE_CURVE_WITH_KNOTS('',3,(#2993,#2994,#2995,#2996,#2997,#2998,
#2999,#3000,#3001,#3002),.UNSPECIFIED.,.F.,.F.,(4,1,1,1,1,1,1,4),(116.238928182823,
116.591959498895,117.584379339109,118.576799179322,119.569219019536,120.56163885975,
121.554058699963,122.522113490002),.UNSPECIFIED.);
#446=B_SPLINE_CURVE_WITH_KNOTS('',3,(#3007,#3008,#3009,#3010,#3011,#3012,
#3013,#3014,#3015,#3016,#3017),.UNSPECIFIED.,.F.,.F.,(4,1,1,1,1,1,1,1,4),
(109.955742875643,110.082868873376,111.07528871359,112.067708553804,113.060128394017,
114.052548234231,115.044968074445,116.037387914658,116.238928182823),
 .UNSPECIFIED.);
#447=B_SPLINE_CURVE_WITH_KNOTS('',3,(#3018,#3019,#3020,#3021,#3022,#3023,
#3024,#3025,#3026,#3027),.UNSPECIFIED.,.F.,.F.,(4,1,1,1,1,1,1,4),(109.955742875643,
110.637440457613,111.629860297827,112.62228013804,113.614699978254,114.607119818468,
115.599539658681,116.238928182823),.UNSPECIFIED.);
#448=B_SPLINE_CURVE_WITH_KNOTS('',3,(#3032,#3033,#3034,#3035,#3036,#3037,
#3038,#3039,#3040,#3041),.UNSPECIFIED.,.F.,.F.,(4,1,1,1,1,1,1,4),(103.672557568463,
104.128349832095,105.120769672308,106.113189512522,107.105609352736,108.098029192949,
109.090449033163,109.955742875643),.UNSPECIFIED.);
#449=B_SPLINE_CURVE_WITH_KNOTS('',3,(#3042,#3043,#3044,#3045,#3046,#3047,
#3048,#3049,#3050,#3051,#3052),.UNSPECIFIED.,.F.,.F.,(4,1,1,1,1,1,1,1,4),
(103.672557568463,103.690501576118,104.682921416331,105.675341256545,106.667761096759,
107.660180936972,108.652600777186,109.6450206174,109.955742875643),
 .UNSPECIFIED.);
#450=B_SPLINE_CURVE_WITH_KNOTS('',3,(#3057,#3058,#3059,#3060,#3061,#3062,
#3063,#3064,#3065,#3066),.UNSPECIFIED.,.F.,.F.,(4,1,1,1,1,1,1,4),(97.3893722612837,
98.1738307908129,99.1662506310266,100.15867047124,101.151090311454,102.143510151667,
103.135929991881,103.672557568463),.UNSPECIFIED.);
#451=B_SPLINE_CURVE_WITH_KNOTS('',3,(#3067,#3068,#3069,#3070,#3071,#3072,
#3073,#3074,#3075,#3076),.UNSPECIFIED.,.F.,.F.,(4,1,1,1,1,1,1,4),(97.3893722612837,
97.735982534836,98.7284023750497,99.7208222152633,100.713242055477,101.705661895691,
102.698081735904,103.672557568463),.UNSPECIFIED.);
#452=B_SPLINE_CURVE_WITH_KNOTS('',3,(#3082,#3083,#3084,#3085,#3086),
 .UNSPECIFIED.,.F.,.F.,(4,1,4),(89.796623813127,90.7890436533406,91.1061869541041),
 .UNSPECIFIED.);
#453=B_SPLINE_CURVE_WITH_KNOTS('',3,(#3089,#3090,#3091,#3092,#3093),
 .UNSPECIFIED.,.F.,.F.,(4,1,4),(89.2741574414914,90.2344720691039,91.1061869541041),
 .UNSPECIFIED.);
#454=B_SPLINE_CURVE_WITH_KNOTS('',3,(#3099,#3100,#3101,#3102),
 .UNSPECIFIED.,.F.,.F.,(4,4),(170.955566434826,171.662948186877),
 .UNSPECIFIED.);
#455=B_SPLINE_CURVE_WITH_KNOTS('',3,(#3105,#3106,#3107,#3108,#3109,#3110,
#3111,#3112,#3113,#3114),.UNSPECIFIED.,.F.,.F.,(4,3,3,4),(-169.646003293849,
-168.685688666236,-167.693268826023,-167.21179239231),.UNSPECIFIED.);
#456=B_SPLINE_CURVE_WITH_KNOTS('',3,(#3119,#3120,#3121,#3122,#3123,#3124,
#3125,#3126,#3127,#3128,#3129,#3130,#3131,#3132,#3133,#3134,#3135,#3136,
#3137,#3138,#3139,#3140,#3141,#3142,#3143),.UNSPECIFIED.,.F.,.F.,(4,3,3,
3,3,3,3,3,4),(164.672381127646,164.716009305382,165.708429145595,166.700848985809,
167.693268826023,168.685688666236,169.67810850645,170.670528346664,170.955566434826),
 .UNSPECIFIED.);
#457=B_SPLINE_CURVE_WITH_KNOTS('',3,(#3144,#3145,#3146,#3147,#3148,#3149,
#3150,#3151,#3152,#3153,#3154,#3155,#3156,#3157,#3158,#3159,#3160,#3161,
#3162,#3163,#3164,#3165),.UNSPECIFIED.,.F.,.F.,(4,3,3,3,3,3,3,4),(-167.21179239231,
-166.700848985809,-165.708429145595,-164.716009305382,-163.723589465168,
-162.731169624955,-161.738749784741,-160.928607085131),.UNSPECIFIED.);
#458=B_SPLINE_CURVE_WITH_KNOTS('',3,(#3170,#3171,#3172,#3173,#3174,#3175,
#3176,#3177,#3178,#3179,#3180,#3181,#3182,#3183,#3184,#3185,#3186,#3187,
#3188,#3189,#3190,#3191),.UNSPECIFIED.,.F.,.F.,(4,3,3,3,3,3,3,4),(158.389195820467,
158.7614902641,159.753910104314,160.746329944527,161.738749784741,162.731169624955,
163.723589465168,164.672381127646),.UNSPECIFIED.);
#459=B_SPLINE_CURVE_WITH_KNOTS('',3,(#3192,#3193,#3194,#3195,#3196,#3197,
#3198,#3199,#3200,#3201,#3202,#3203,#3204,#3205,#3206,#3207,#3208,#3209,
#3210,#3211,#3212,#3213,#3214,#3215,#3216),.UNSPECIFIED.,.F.,.F.,(4,3,3,
3,3,3,3,3,4),(-160.928607085131,-160.746329944527,-159.753910104314,-158.7614902641,
-157.769070423886,-156.776650583673,-155.784230743459,-154.791810903246,
-154.645421777951),.UNSPECIFIED.);
#460=B_SPLINE_CURVE_WITH_KNOTS('',3,(#3221,#3222,#3223,#3224,#3225,#3226,
#3227,#3228,#3229,#3230,#3231,#3232,#3233,#3234,#3235,#3236,#3237,#3238,
#3239,#3240,#3241,#3242),.UNSPECIFIED.,.F.,.F.,(4,3,3,3,3,3,3,4),(152.106010513287,
152.806971222818,153.799391063032,154.791810903246,155.784230743459,156.776650583673,
157.769070423886,158.389195820467),.UNSPECIFIED.);
#461=B_SPLINE_CURVE_WITH_KNOTS('',3,(#3243,#3244,#3245,#3246,#3247,#3248,
#3249,#3250,#3251,#3252,#3253,#3254,#3255,#3256,#3257,#3258,#3259,#3260,
#3261,#3262,#3263,#3264),.UNSPECIFIED.,.F.,.F.,(4,3,3,3,3,3,3,4),(-154.645421777951,
-153.799391063032,-152.806971222818,-151.814551382605,-150.822131542391,
-149.829711702177,-148.837291861964,-148.362236470772),.UNSPECIFIED.);
#462=B_SPLINE_CURVE_WITH_KNOTS('',3,(#3269,#3270,#3271,#3272,#3273,#3274,
#3275,#3276,#3277,#3278,#3279,#3280,#3281,#3282,#3283,#3284,#3285,#3286,
#3287,#3288,#3289,#3290,#3291,#3292,#3293),.UNSPECIFIED.,.F.,.F.,(4,3,3,
3,3,3,3,3,4),(145.822825206108,145.860032341323,146.852452181537,147.84487202175,
148.837291861964,149.829711702177,150.822131542391,151.814551382605,152.106010513287),
 .UNSPECIFIED.);
#463=B_SPLINE_CURVE_WITH_KNOTS('',3,(#3294,#3295,#3296,#3297,#3298,#3299,
#3300,#3301,#3302,#3303,#3304,#3305,#3306,#3307,#3308,#3309,#3310,#3311,
#3312,#3313,#3314,#3315),.UNSPECIFIED.,.F.,.F.,(4,3,3,3,3,3,3,4),(-148.362236470772,
-147.84487202175,-146.852452181537,-145.860032341323,-144.867612501109,
-143.875192660896,-142.882772820682,-142.079051163592),.UNSPECIFIED.);
#464=B_SPLINE_CURVE_WITH_KNOTS('',3,(#3320,#3321,#3322,#3323,#3324,#3325,
#3326,#3327,#3328,#3329,#3330,#3331,#3332,#3333,#3334,#3335,#3336,#3337,
#3338,#3339,#3340,#3341),.UNSPECIFIED.,.F.,.F.,(4,3,3,3,3,3,3,4),(139.539639898928,
139.905513300041,140.897933140255,141.890352980468,142.882772820682,143.875192660896,
144.867612501109,145.822825206108),.UNSPECIFIED.);
#465=B_SPLINE_CURVE_WITH_KNOTS('',3,(#3342,#3343,#3344,#3345,#3346,#3347,
#3348,#3349,#3350,#3351,#3352,#3353,#3354,#3355,#3356,#3357,#3358,#3359,
#3360,#3361,#3362,#3363,#3364,#3365,#3366),.UNSPECIFIED.,.F.,.F.,(4,3,3,
3,3,3,3,3,4),(-142.079051163592,-141.890352980468,-140.897933140255,-139.905513300041,
-138.913093459827,-137.920673619614,-136.9282537794,-135.935833939187,-135.795865856412),
 .UNSPECIFIED.);
#466=B_SPLINE_CURVE_WITH_KNOTS('',3,(#3371,#3372,#3373,#3374,#3375,#3376,
#3377,#3378,#3379,#3380,#3381,#3382,#3383,#3384,#3385,#3386,#3387,#3388,
#3389,#3390,#3391,#3392),.UNSPECIFIED.,.F.,.F.,(4,3,3,3,3,3,3,4),(133.256454591749,
133.950994258759,134.943414098973,135.935833939187,136.9282537794,137.920673619614,
138.913093459827,139.539639898928),.UNSPECIFIED.);
#467=B_SPLINE_CURVE_WITH_KNOTS('',3,(#3393,#3394,#3395,#3396,#3397,#3398,
#3399,#3400,#3401,#3402,#3403,#3404,#3405,#3406,#3407,#3408,#3409,#3410,
#3411,#3412,#3413,#3414),.UNSPECIFIED.,.F.,.F.,(4,3,3,3,3,3,3,4),(-135.795865856412,
-134.943414098973,-133.950994258759,-132.958574418546,-131.966154578332,
-130.973734738118,-129.981314897905,-129.512680549233),.UNSPECIFIED.);
#468=B_SPLINE_CURVE_WITH_KNOTS('',3,(#3419,#3420,#3421,#3422,#3423,#3424,
#3425,#3426,#3427,#3428,#3429,#3430,#3431,#3432,#3433,#3434,#3435,#3436,
#3437,#3438,#3439,#3440,#3441,#3442,#3443),.UNSPECIFIED.,.F.,.F.,(4,3,3,
3,3,3,3,3,4),(126.973269284569,127.004055377264,127.996475217477,128.988895057691,
129.981314897905,130.973734738118,131.966154578332,132.958574418546,133.256454591749),
 .UNSPECIFIED.);
#469=B_SPLINE_CURVE_WITH_KNOTS('',3,(#3444,#3445,#3446,#3447,#3448,#3449,
#3450,#3451,#3452,#3453,#3454,#3455,#3456,#3457,#3458,#3459,#3460,#3461,
#3462,#3463,#3464,#3465),.UNSPECIFIED.,.F.,.F.,(4,3,3,3,3,3,3,4),(-129.512680549233,
-128.988895057691,-127.996475217478,-127.004055377264,-126.01163553705,
-125.019215696837,-124.026795856623,-123.229495242053),.UNSPECIFIED.);
#470=B_SPLINE_CURVE_WITH_KNOTS('',3,(#3470,#3471,#3472,#3473,#3474,#3475,
#3476,#3477,#3478,#3479,#3480,#3481,#3482,#3483,#3484,#3485,#3486,#3487,
#3488,#3489,#3490,#3491),.UNSPECIFIED.,.F.,.F.,(4,3,3,3,3,3,3,4),(120.690083977389,
121.049536335982,122.041956176196,123.034376016409,124.026795856623,125.019215696837,
126.01163553705,126.973269284569),.UNSPECIFIED.);
#471=B_SPLINE_CURVE_WITH_KNOTS('',3,(#3492,#3493,#3494,#3495,#3496,#3497,
#3498,#3499,#3500,#3501,#3502,#3503,#3504,#3505,#3506,#3507,#3508,#3509,
#3510,#3511,#3512,#3513,#3514,#3515,#3516),.UNSPECIFIED.,.F.,.F.,(4,3,3,
3,3,3,3,3,4),(-123.229495242053,-123.034376016409,-122.041956176196,-121.049536335982,
-120.057116495768,-119.064696655555,-118.072276815341,-117.079856975128,
-116.946309934874),.UNSPECIFIED.);
#472=B_SPLINE_CURVE_WITH_KNOTS('',3,(#3521,#3522,#3523,#3524,#3525,#3526,
#3527,#3528,#3529,#3530,#3531,#3532,#3533,#3534,#3535,#3536,#3537,#3538,
#3539,#3540,#3541,#3542),.UNSPECIFIED.,.F.,.F.,(4,3,3,3,3,3,3,4),(114.40689867021,
115.0950172947,116.087437134914,117.079856975128,118.072276815341,119.064696655555,
120.057116495768,120.690083977389),.UNSPECIFIED.);
#473=B_SPLINE_CURVE_WITH_KNOTS('',3,(#3543,#3544,#3545,#3546,#3547,#3548,
#3549,#3550,#3551,#3552,#3553,#3554,#3555,#3556,#3557,#3558,#3559,#3560,
#3561,#3562,#3563,#3564),.UNSPECIFIED.,.F.,.F.,(4,3,3,3,3,3,3,4),(-116.946309934874,
-116.087437134914,-115.0950172947,-114.102597454487,-113.110177614273,-112.117757774059,
-111.125337933846,-110.663124627694),.UNSPECIFIED.);
#474=B_SPLINE_CURVE_WITH_KNOTS('',3,(#3569,#3570,#3571,#3572,#3573,#3574,
#3575,#3576,#3577,#3578,#3579,#3580,#3581,#3582,#3583,#3584,#3585,#3586,
#3587,#3588,#3589,#3590,#3591,#3592,#3593),.UNSPECIFIED.,.F.,.F.,(4,3,3,
3,3,3,3,3,4),(108.12371336303,108.148078413205,109.140498253419,110.132918093632,
111.125337933846,112.117757774059,113.110177614273,114.102597454487,114.40689867021),
 .UNSPECIFIED.);
#475=B_SPLINE_CURVE_WITH_KNOTS('',3,(#3594,#3595,#3596,#3597,#3598,#3599,
#3600,#3601,#3602,#3603,#3604,#3605,#3606,#3607,#3608,#3609,#3610,#3611,
#3612,#3613,#3614,#3615),.UNSPECIFIED.,.F.,.F.,(4,3,3,3,3,3,3,4),(-110.663124627694,
-110.132918093632,-109.140498253419,-108.148078413205,-107.155658572991,
-106.163238732778,-105.170818892564,-104.379939320515),.UNSPECIFIED.);
#476=B_SPLINE_CURVE_WITH_KNOTS('',3,(#3620,#3621,#3622,#3623,#3624,#3625,
#3626,#3627,#3628,#3629,#3630,#3631,#3632,#3633,#3634,#3635,#3636,#3637,
#3638,#3639,#3640,#3641),.UNSPECIFIED.,.F.,.F.,(4,3,3,3,3,3,3,4),(101.840528055851,
102.193559371923,103.185979212137,104.17839905235,105.170818892564,106.163238732778,
107.155658572991,108.12371336303),.UNSPECIFIED.);
#477=B_SPLINE_CURVE_WITH_KNOTS('',3,(#3642,#3643,#3644,#3645,#3646,#3647,
#3648,#3649,#3650,#3651,#3652,#3653,#3654,#3655,#3656,#3657,#3658,#3659,
#3660,#3661,#3662,#3663,#3664,#3665,#3666),.UNSPECIFIED.,.F.,.F.,(4,3,3,
3,3,3,3,3,4),(-104.379939320515,-104.17839905235,-103.185979212137,-102.193559371923,
-101.201139531709,-100.208719691496,-99.2162998512822,-98.2238800110686,
-98.0967540133349),.UNSPECIFIED.);
#478=B_SPLINE_CURVE_WITH_KNOTS('',3,(#3671,#3672,#3673,#3674,#3675,#3676,
#3677,#3678,#3679,#3680,#3681,#3682,#3683,#3684,#3685,#3686,#3687,#3688,
#3689,#3690,#3691,#3692),.UNSPECIFIED.,.F.,.F.,(4,3,3,3,3,3,3,4),(95.557342748671,
96.2390403306413,97.2314601708549,98.2238800110686,99.2162998512822,100.208719691496,
101.201139531709,101.840528055851),.UNSPECIFIED.);
#479=B_SPLINE_CURVE_WITH_KNOTS('',3,(#3693,#3694,#3695,#3696,#3697,#3698,
#3699,#3700,#3701,#3702,#3703,#3704,#3705,#3706,#3707,#3708,#3709,#3710,
#3711,#3712,#3713,#3714),.UNSPECIFIED.,.F.,.F.,(4,3,3,3,3,3,3,4),(-98.0967540133349,
-97.231460170855,-96.2390403306413,-95.2466204904277,-94.2542006502141,
-93.2617808100004,-92.2693609697868,-91.8135687061554),.UNSPECIFIED.);
#480=B_SPLINE_CURVE_WITH_KNOTS('',3,(#3719,#3720,#3721,#3722,#3723,#3724,
#3725,#3726,#3727,#3728,#3729,#3730,#3731,#3732,#3733,#3734,#3735,#3736,
#3737,#3738,#3739,#3740,#3741,#3742,#3743),.UNSPECIFIED.,.F.,.F.,(4,3,3,
3,3,3,3,3,4),(89.2741574414914,89.2921014491459,90.2845212893595,91.2769411295731,
92.2693609697868,93.2617808100004,94.254200650214,95.2466204904277,95.557342748671),
 .UNSPECIFIED.);
#481=B_SPLINE_CURVE_WITH_KNOTS('',3,(#3744,#3745,#3746,#3747,#3748,#3749,
#3750,#3751,#3752,#3753,#3754,#3755,#3756,#3757,#3758,#3759,#3760,#3761,
#3762,#3763,#3764,#3765),.UNSPECIFIED.,.F.,.F.,(4,3,3,3,3,3,3,4),(-91.8135687061554,
-91.2769411295732,-90.2845212893595,-89.2921014491459,-88.2996816089323,
-87.3072617687186,-86.314841928505,-85.5303833989758),.UNSPECIFIED.);
#482=B_SPLINE_CURVE_WITH_KNOTS('',3,(#3771,#3772,#3773,#3774,#3775,#3776,
#3777,#3778,#3779,#3780,#3781,#3782,#3783),.UNSPECIFIED.,.F.,.F.,(4,3,3,
3,4),(-79.2471980917962,-78.375483206796,-77.3830633665823,-76.3906435263687,
-75.3982236861551),.UNSPECIFIED.);
#483=B_SPLINE_CURVE_WITH_KNOTS('',3,(#3786,#3787,#3788,#3789,#3790,#3791,
#3792,#3793,#3794,#3795,#3796,#3797,#3798,#3799,#3800,#3801,#3802,#3803,
#3804),.UNSPECIFIED.,.F.,.F.,(4,3,3,3,3,3,4),(77.4151685791835,78.375483206796,
79.3679030470096,80.3603228872232,81.3527427274368,82.3451625676505,82.9909721343118),
 .UNSPECIFIED.);
#484=B_SPLINE_CURVE_WITH_KNOTS('',3,(#3812,#3813,#3814,#3815,#3816,#3817,
#3818,#3819,#3820,#3821,#3822,#3823,#3824,#3825,#3826,#3827,#3828,#3829,
#3830,#3831,#3832,#3833,#3834,#3835,#3836,#3837,#3838,#3839,#3840,#3841,
#3842,#3843,#3844,#3845,#3846,#3847,#3848,#3849,#3850,#3851,#3852,#3853,
#3854,#3855,#3856,#3857,#3858,#3859,#3860,#3861,#3862,#3863,#3864,#3865,
#3866,#3867,#3868,#3869,#3870,#3871,#3872,#3873,#3874,#3875,#3876,#3877,
#3878,#3879,#3880,#3881,#3882,#3883,#3884,#3885,#3886,#3887,#3888,#3889,
#3890,#3891,#3892,#3893,#3894,#3895,#3896,#3897,#3898,#3899,#3900,#3901,
#3902,#3903,#3904,#3905),.UNSPECIFIED.,.F.,.F.,(4,3,3,3,3,3,3,3,3,3,3,3,
3,3,3,3,3,3,3,3,3,3,3,3,3,3,3,3,3,3,3,4),(-0.569248610399425,-0.561070700886338,
-0.535359873331812,-0.520272720602693,-0.512228914739739,-0.504587031606976,
-0.477627845853356,-0.454670043829926,-0.44763240376289,-0.44269491098791,
-0.415065135786531,-0.386972506791095,-0.363720737509799,-0.346281910548826,
-0.340722542640612,-0.336439219544717,-0.307480857816184,-0.293965429665909,
-0.265977169937032,-0.237441124279481,-0.23197674694667,-0.22810565466898,
-0.199160977704195,-0.169659877861326,-0.13990157059933,-0.122413874274413,
-0.117940153845795,-0.113361534406567,-0.0828504663490377,-0.0522907162181234,
-0.0223409457313736,0.),.UNSPECIFIED.);
#485=B_SPLINE_CURVE_WITH_KNOTS('',3,(#3906,#3907,#3908,#3909,#3910,#3911,
#3912,#3913,#3914,#3915,#3916,#3917,#3918,#3919,#3920,#3921,#3922,#3923,
#3924,#3925,#3926,#3927,#3928,#3929,#3930,#3931,#3932,#3933,#3934,#3935,
#3936,#3937,#3938,#3939,#3940,#3941,#3942,#3943,#3944,#3945,#3946,#3947,
#3948,#3949,#3950,#3951,#3952,#3953,#3954,#3955,#3956,#3957,#3958,#3959,
#3960,#3961,#3962,#3963,#3964,#3965,#3966,#3967,#3968,#3969,#3970,#3971,
#3972,#3973,#3974,#3975,#3976,#3977,#3978,#3979,#3980,#3981,#3982,#3983,
#3984,#3985,#3986,#3987,#3988,#3989,#3990,#3991,#3992,#3993,#3994,#3995,
#3996),.UNSPECIFIED.,.F.,.F.,(4,3,3,3,3,3,3,3,3,3,3,3,3,3,3,3,3,3,3,3,3,
3,3,3,3,3,3,3,3,3,4),(-0.56684730604811,-0.556986492629473,-0.526675954999479,
-0.50616310968853,-0.497737243240677,-0.490513858486268,-0.460335038847789,
-0.43596646723276,-0.426973434864975,-0.420220088692986,-0.390754077093729,
-0.361530821122955,-0.333223842909445,-0.316264498663974,-0.31191510885871,
-0.307465643633984,-0.279513710376494,-0.26538646592756,-0.236860534865891,
-0.207252968007655,-0.20306476352084,-0.1752919643393,-0.147474612534467,
-0.120027651979254,-0.105024195481848,-0.099853031740002,-0.0957780729610275,
-0.0690368311619441,-0.0427033897193522,-0.0171926915401633,0.),
 .UNSPECIFIED.);
#486=B_SPLINE_CURVE_WITH_KNOTS('',3,(#3998,#3999,#4000,#4001,#4002,#4003,
#4004,#4005,#4006,#4007,#4008,#4009,#4010,#4011,#4012,#4013,#4014,#4015,
#4016,#4017,#4018,#4019),.UNSPECIFIED.,.F.,.F.,(4,3,3,3,3,3,3,4),(82.9909721343118,
83.3375824078641,84.3300022480777,85.3224220882914,86.314841928505,87.3072617687186,
88.2996816089323,89.2741574414914),.UNSPECIFIED.);
#487=B_SPLINE_CURVE_WITH_KNOTS('',3,(#4020,#4021,#4022,#4023,#4024,#4025,
#4026,#4027,#4028,#4029,#4030,#4031,#4032,#4033,#4034,#4035,#4036,#4037,
#4038,#4039,#4040,#4041,#4042,#4043,#4044),.UNSPECIFIED.,.F.,.F.,(4,3,3,
3,3,3,3,3,4),(-85.5303833989758,-85.3224220882914,-84.3300022480778,-83.3375824078641,
-82.3451625676505,-81.3527427274368,-80.3603228872232,-79.3679030470096,
-79.2471980917962),.UNSPECIFIED.);
#488=B_SPLINE_CURVE_WITH_KNOTS('',3,(#4445,#4446,#4447,#4448,#4449,#4450,
#4451,#4452,#4453,#4454),.UNSPECIFIED.,.F.,.F.,(4,1,1,1,1,1,1,4),(91.1061869541041,
91.7814634935542,92.7738833337679,93.7663031739815,94.7587230141951,95.7511428544088,
96.7435626946224,97.3893722612837),.UNSPECIFIED.);
#489=B_SPLINE_CURVE_WITH_KNOTS('',3,(#4455,#4456,#4457,#4458,#4459,#4460,
#4461,#4462,#4463,#4464,#4465,#4466,#4467,#4468,#4469,#4470,#4471,#4472,
#4473,#4474,#4475,#4476,#4477,#4478,#4479,#4480,#4481,#4482,#4483,#4484,
#4485,#4486,#4487,#4488,#4489,#4490,#4491,#4492,#4493,#4494,#4495,#4496,
#4497,#4498,#4499,#4500,#4501,#4502,#4503,#4504,#4505,#4506,#4507,#4508,
#4509,#4510,#4511,#4512,#4513,#4514,#4515,#4516,#4517,#4518,#4519,#4520,
#4521,#4522,#4523,#4524,#4525,#4526,#4527,#4528,#4529,#4530,#4531,#4532,
#4533,#4534,#4535,#4536,#4537,#4538,#4539,#4540,#4541,#4542,#4543,#4544,
#4545,#4546,#4547,#4548),.UNSPECIFIED.,.F.,.F.,(4,3,3,3,3,3,3,3,3,3,3,3,
3,3,3,3,3,3,3,3,3,3,3,3,3,3,3,3,3,3,3,4),(0.,0.0253721973399655,0.05141506931978,
0.078161493895754,0.0899229706350152,0.0966320424854941,0.102678025019419,
0.129984874963716,0.157739704938338,0.184651395185647,0.195933596093264,
0.203013399389241,0.207157837210903,0.236272151569238,0.265386465927572,
0.293274767608636,0.302545594129017,0.311252826459115,0.315697105046206,
0.343803464366578,0.372942184843048,0.402395007517013,0.41330936897346,
0.422773168285972,0.427270348236295,0.457326670799373,0.482241626256894,
0.490692872381947,0.498352722967174,0.528861962019229,0.556986492629455,
0.566847306048067),.UNSPECIFIED.);
#490=B_SPLINE_CURVE_WITH_KNOTS('',3,(#4568,#4569,#4570,#4571,#4572,#4573,
#4574,#4575,#4576,#4577,#4578,#4579,#4580,#4581,#4582,#4583,#4584,#4585,
#4586,#4587,#4588,#4589,#4590,#4591,#4592,#4593,#4594,#4595,#4596,#4597,
#4598,#4599,#4600,#4601,#4602,#4603,#4604,#4605,#4606,#4607,#4608,#4609,
#4610,#4611,#4612,#4613,#4614,#4615,#4616,#4617,#4618,#4619,#4620,#4621,
#4622,#4623,#4624,#4625,#4626,#4627,#4628,#4629,#4630,#4631,#4632,#4633,
#4634,#4635,#4636,#4637,#4638,#4639,#4640,#4641,#4642,#4643,#4644,#4645,
#4646,#4647,#4648,#4649,#4650,#4651,#4652,#4653,#4654,#4655,#4656,#4657,
#4658),.UNSPECIFIED.,.F.,.F.,(4,3,3,3,3,3,3,3,3,3,3,3,3,3,3,3,3,3,3,3,3,
3,3,3,3,3,3,3,3,3,4),(0.,0.0297317777128638,0.0601187128750072,0.0893495524738759,
0.114926537122886,0.120627439250296,0.150386619823857,0.179979901077888,
0.208476283224905,0.220426889729321,0.228731457627727,0.234132963619655,
0.264049196642806,0.291953241764844,0.293965429665957,0.322911835363329,
0.339204898727654,0.343412968718428,0.371505418521556,0.399644367810174,
0.427379230286991,0.437699384741653,0.444643306990418,0.449281211697933,
0.477228583995062,0.498189113217909,0.50644443435021,0.511842836323835,
0.537775723711401,0.561070700886449,0.56924861039951),.UNSPECIFIED.);
#491=B_SPLINE_CURVE_WITH_KNOTS('',3,(#4660,#4661,#4662,#4663,#4664,#4665,
#4666,#4667,#4668,#4669,#4670),.UNSPECIFIED.,.F.,.F.,(4,1,1,1,1,1,1,1,4),
(91.1061869541041,91.2268919093175,92.2193117495311,93.2117315897448,94.2041514299584,
95.196571270172,96.1889911103857,97.1814109505993,97.3893722612837),
 .UNSPECIFIED.);
#492=B_SPLINE_CURVE_WITH_KNOTS('',3,(#5084,#5085,#5086,#5087),
 .UNSPECIFIED.,.F.,.F.,(4,4),(-0.136894513471469,-0.0822058192071658),
 .UNSPECIFIED.);
#493=B_SPLINE_CURVE_WITH_KNOTS('',3,(#5323,#5324,#5325,#5326),
 .UNSPECIFIED.,.F.,.F.,(4,4),(0.112227348527853,0.166916042792156),
 .UNSPECIFIED.);
#494=B_SPLINE_CURVE_WITH_KNOTS('',3,(#5349,#5350,#5351,#5352,#5353,#5354),
 .UNSPECIFIED.,.F.,.F.,(4,2,4),(0.250657389107165,0.279097782310323,0.304366155051333),
 .UNSPECIFIED.);
#495=B_SPLINE_CURVE_WITH_KNOTS('',3,(#5408,#5409,#5410,#5411,#5412,#5413),
 .UNSPECIFIED.,.F.,.F.,(4,2,4),(-0.549308426952254,-0.520868033749096,-0.495599661008087),
 .UNSPECIFIED.);
#496=LINE('',#2736,#637);
#497=LINE('',#2760,#638);
#498=LINE('',#2784,#639);
#499=LINE('',#2809,#640);
#500=LINE('',#2834,#641);
#501=LINE('',#2858,#642);
#502=LINE('',#2883,#643);
#503=LINE('',#2908,#644);
#504=LINE('',#2932,#645);
#505=LINE('',#2957,#646);
#506=LINE('',#2982,#647);
#507=LINE('',#3006,#648);
#508=LINE('',#3031,#649);
#509=LINE('',#3056,#650);
#510=LINE('',#3080,#651);
#511=LINE('',#3097,#652);
#512=LINE('',#3118,#653);
#513=LINE('',#3169,#654);
#514=LINE('',#3220,#655);
#515=LINE('',#3268,#656);
#516=LINE('',#3319,#657);
#517=LINE('',#3370,#658);
#518=LINE('',#3418,#659);
#519=LINE('',#3469,#660);
#520=LINE('',#3520,#661);
#521=LINE('',#3568,#662);
#522=LINE('',#3619,#663);
#523=LINE('',#3670,#664);
#524=LINE('',#3718,#665);
#525=LINE('',#3769,#666);
#526=LINE('',#3809,#667);
#527=LINE('',#4553,#668);
#528=LINE('',#4557,#669);
#529=LINE('',#5074,#670);
#530=LINE('',#5076,#671);
#531=LINE('',#5078,#672);
#532=LINE('',#5079,#673);
#533=LINE('',#5080,#674);
#534=LINE('',#5093,#675);
#535=LINE('',#5099,#676);
#536=LINE('',#5100,#677);
#537=LINE('',#5101,#678);
#538=LINE('',#5105,#679);
#539=LINE('',#5110,#680);
#540=LINE('',#5112,#681);
#541=LINE('',#5113,#682);
#542=LINE('',#5116,#683);
#543=LINE('',#5118,#684);
#544=LINE('',#5119,#685);
#545=LINE('',#5122,#686);
#546=LINE('',#5126,#687);
#547=LINE('',#5127,#688);
#548=LINE('',#5130,#689);
#549=LINE('',#5134,#690);
#550=LINE('',#5138,#691);
#551=LINE('',#5140,#692);
#552=LINE('',#5142,#693);
#553=LINE('',#5144,#694);
#554=LINE('',#5146,#695);
#555=LINE('',#5147,#696);
#556=LINE('',#5151,#697);
#557=LINE('',#5157,#698);
#558=LINE('',#5163,#699);
#559=LINE('',#5164,#700);
#560=LINE('',#5165,#701);
#561=LINE('',#5169,#702);
#562=LINE('',#5175,#703);
#563=LINE('',#5176,#704);
#564=LINE('',#5177,#705);
#565=LINE('',#5181,#706);
#566=LINE('',#5189,#707);
#567=LINE('',#5194,#708);
#568=LINE('',#5195,#709);
#569=LINE('',#5202,#710);
#570=LINE('',#5206,#711);
#571=LINE('',#5220,#712);
#572=LINE('',#5224,#713);
#573=LINE('',#5229,#714);
#574=LINE('',#5231,#715);
#575=LINE('',#5237,#716);
#576=LINE('',#5241,#717);
#577=LINE('',#5249,#718);
#578=LINE('',#5253,#719);
#579=LINE('',#5259,#720);
#580=LINE('',#5261,#721);
#581=LINE('',#5262,#722);
#582=LINE('',#5269,#723);
#583=LINE('',#5271,#724);
#584=LINE('',#5272,#725);
#585=LINE('',#5275,#726);
#586=LINE('',#5276,#727);
#587=LINE('',#5279,#728);
#588=LINE('',#5280,#729);
#589=LINE('',#5282,#730);
#590=LINE('',#5283,#731);
#591=LINE('',#5286,#732);
#592=LINE('',#5287,#733);
#593=LINE('',#5290,#734);
#594=LINE('',#5292,#735);
#595=LINE('',#5294,#736);
#596=LINE('',#5295,#737);
#597=LINE('',#5298,#738);
#598=LINE('',#5299,#739);
#599=LINE('',#5303,#740);
#600=LINE('',#5304,#741);
#601=LINE('',#5306,#742);
#602=LINE('',#5307,#743);
#603=LINE('',#5309,#744);
#604=LINE('',#5310,#745);
#605=LINE('',#5312,#746);
#606=LINE('',#5315,#747);
#607=LINE('',#5317,#748);
#608=LINE('',#5319,#749);
#609=LINE('',#5321,#750);
#610=LINE('',#5328,#751);
#611=LINE('',#5330,#752);
#612=LINE('',#5332,#753);
#613=LINE('',#5334,#754);
#614=LINE('',#5336,#755);
#615=LINE('',#5339,#756);
#616=LINE('',#5341,#757);
#617=LINE('',#5343,#758);
#618=LINE('',#5345,#759);
#619=LINE('',#5347,#760);
#620=LINE('',#5356,#761);
#621=LINE('',#5364,#762);
#622=LINE('',#5369,#763);
#623=LINE('',#5373,#764);
#624=LINE('',#5379,#765);
#625=LINE('',#5383,#766);
#626=LINE('',#5389,#767);
#627=LINE('',#5392,#768);
#628=LINE('',#5398,#769);
#629=LINE('',#5400,#770);
#630=LINE('',#5402,#771);
#631=LINE('',#5404,#772);
#632=LINE('',#5406,#773);
#633=LINE('',#5422,#774);
#634=LINE('',#5426,#775);
#635=LINE('',#5436,#776);
#636=LINE('',#5440,#777);
#637=VECTOR('',#2207,3.0735);
#638=VECTOR('',#2212,3.0735);
#639=VECTOR('',#2215,3.0735);
#640=VECTOR('',#2218,3.0735);
#641=VECTOR('',#2221,3.0735);
#642=VECTOR('',#2224,3.0735);
#643=VECTOR('',#2227,3.0735);
#644=VECTOR('',#2230,3.0735);
#645=VECTOR('',#2233,3.0735);
#646=VECTOR('',#2236,3.0735);
#647=VECTOR('',#2239,3.0735);
#648=VECTOR('',#2242,3.0735);
#649=VECTOR('',#2245,3.0735);
#650=VECTOR('',#2248,3.0735);
#651=VECTOR('',#2251,3.0735);
#652=VECTOR('',#2256,2.15);
#653=VECTOR('',#2261,2.15);
#654=VECTOR('',#2264,2.15);
#655=VECTOR('',#2267,2.15);
#656=VECTOR('',#2270,2.15);
#657=VECTOR('',#2273,2.15);
#658=VECTOR('',#2276,2.15);
#659=VECTOR('',#2279,2.15);
#660=VECTOR('',#2282,2.15);
#661=VECTOR('',#2285,2.15);
#662=VECTOR('',#2288,2.15);
#663=VECTOR('',#2291,2.15);
#664=VECTOR('',#2294,2.15);
#665=VECTOR('',#2297,2.15);
#666=VECTOR('',#2300,2.15);
#667=VECTOR('',#2307,3.53836112350229);
#668=VECTOR('',#2318,4.75);
#669=VECTOR('',#2323,5.);
#670=VECTOR('',#2340,0.565685424949202);
#671=VECTOR('',#2341,8.216249945013);
#672=VECTOR('',#2342,0.565685424949202);
#673=VECTOR('',#2343,2.836957262509);
#674=VECTOR('',#2344,2.836957262509);
#675=VECTOR('',#2353,0.565685424949202);
#676=VECTOR('',#2360,0.565685424949162);
#677=VECTOR('',#2361,1.154547020864);
#678=VECTOR('',#2362,1.154547020864);
#679=VECTOR('',#2365,0.565685424949202);
#680=VECTOR('',#2372,1.154547020864);
#681=VECTOR('',#2373,0.565685424949202);
#682=VECTOR('',#2374,1.154547020864);
#683=VECTOR('',#2377,14.2);
#684=VECTOR('',#2378,14.2);
#685=VECTOR('',#2379,1.154547020864);
#686=VECTOR('',#2382,14.2);
#687=VECTOR('',#2387,14.2);
#688=VECTOR('',#2388,1.154547020864);
#689=VECTOR('',#2391,14.2);
#690=VECTOR('',#2396,14.2);
#691=VECTOR('',#2401,14.2);
#692=VECTOR('',#2402,1.508124972506);
#693=VECTOR('',#2403,3.);
#694=VECTOR('',#2404,5.2);
#695=VECTOR('',#2405,3.);
#696=VECTOR('',#2406,1.508124972506);
#697=VECTOR('',#2409,14.2);
#698=VECTOR('',#2416,14.2);
#699=VECTOR('',#2423,14.2);
#700=VECTOR('',#2424,1.154547020864);
#701=VECTOR('',#2425,1.154547020864);
#702=VECTOR('',#2428,14.2);
#703=VECTOR('',#2435,14.2);
#704=VECTOR('',#2436,1.154547020864);
#705=VECTOR('',#2437,1.154547020864);
#706=VECTOR('',#2440,14.2);
#707=VECTOR('',#2451,14.2);
#708=VECTOR('',#2456,0.565685424949167);
#709=VECTOR('',#2457,0.565685424949167);
#710=VECTOR('',#2464,1.154547020864);
#711=VECTOR('',#2467,1.154547020864);
#712=VECTOR('',#2486,1.15);
#713=VECTOR('',#2491,1.75);
#714=VECTOR('',#2496,2.3);
#715=VECTOR('',#2497,1.508124972506);
#716=VECTOR('',#2502,1.154547020864);
#717=VECTOR('',#2505,1.154547020864);
#718=VECTOR('',#2512,1.154547020864);
#719=VECTOR('',#2515,1.154547020864);
#720=VECTOR('',#2520,1.508124972506);
#721=VECTOR('',#2521,2.3);
#722=VECTOR('',#2522,5.2);
#723=VECTOR('',#2529,0.692820323027569);
#724=VECTOR('',#2530,1.9);
#725=VECTOR('',#2531,0.565685424949162);
#726=VECTOR('',#2534,0.692820323027569);
#727=VECTOR('',#2535,4.4);
#728=VECTOR('',#2538,0.565685424949162);
#729=VECTOR('',#2539,1.9);
#730=VECTOR('',#2542,0.565685424949202);
#731=VECTOR('',#2543,0.565685424949202);
#732=VECTOR('',#2546,0.692820323027569);
#733=VECTOR('',#2547,2.6);
#734=VECTOR('',#2550,0.6);
#735=VECTOR('',#2551,6.7);
#736=VECTOR('',#2552,1.3);
#737=VECTOR('',#2553,9.3);
#738=VECTOR('',#2556,9.3);
#739=VECTOR('',#2557,4.4);
#740=VECTOR('',#2560,0.6);
#741=VECTOR('',#2561,2.6);
#742=VECTOR('',#2562,1.3);
#743=VECTOR('',#2563,6.7);
#744=VECTOR('',#2566,4.4);
#745=VECTOR('',#2567,4.4);
#746=VECTOR('',#2570,4.4);
#747=VECTOR('',#2575,0.692820323027569);
#748=VECTOR('',#2578,0.565685424949302);
#749=VECTOR('',#2581,0.565685424949162);
#750=VECTOR('',#2584,0.565685424949202);
#751=VECTOR('',#2589,0.565685424949202);
#752=VECTOR('',#2592,0.565685424949202);
#753=VECTOR('',#2595,0.565685424949202);
#754=VECTOR('',#2598,0.565685424949202);
#755=VECTOR('',#2601,0.565685424949297);
#756=VECTOR('',#2606,0.565685424949197);
#757=VECTOR('',#2609,0.565685424949202);
#758=VECTOR('',#2612,0.565685424949202);
#759=VECTOR('',#2615,0.565685424949202);
#760=VECTOR('',#2618,0.565685424949202);
#761=VECTOR('',#2623,0.565685424949202);
#762=VECTOR('',#2636,1.75);
#763=VECTOR('',#2641,1.6);
#764=VECTOR('',#2646,1.75);
#765=VECTOR('',#2655,2.75);
#766=VECTOR('',#2660,1.75);
#767=VECTOR('',#2667,1.6);
#768=VECTOR('',#2670,1.75);
#769=VECTOR('',#2679,2.75);
#770=VECTOR('',#2682,0.565685424949202);
#771=VECTOR('',#2685,0.565685424949162);
#772=VECTOR('',#2688,0.565685424949202);
#773=VECTOR('',#2691,0.565685424949162);
#774=VECTOR('',#2704,2.50199914471532);
#775=VECTOR('',#2709,3.50000005215406);
#776=VECTOR('',#2722,3.50000005215406);
#777=VECTOR('',#2727,2.50199914471532);
#778=VERTEX_POINT('',#2734);
#779=VERTEX_POINT('',#2735);
#780=VERTEX_POINT('',#2737);
#781=VERTEX_POINT('',#2746);
#782=VERTEX_POINT('',#2758);
#783=VERTEX_POINT('',#2759);
#784=VERTEX_POINT('',#2782);
#785=VERTEX_POINT('',#2783);
#786=VERTEX_POINT('',#2807);
#787=VERTEX_POINT('',#2808);
#788=VERTEX_POINT('',#2832);
#789=VERTEX_POINT('',#2833);
#790=VERTEX_POINT('',#2856);
#791=VERTEX_POINT('',#2857);
#792=VERTEX_POINT('',#2881);
#793=VERTEX_POINT('',#2882);
#794=VERTEX_POINT('',#2906);
#795=VERTEX_POINT('',#2907);
#796=VERTEX_POINT('',#2930);
#797=VERTEX_POINT('',#2931);
#798=VERTEX_POINT('',#2955);
#799=VERTEX_POINT('',#2956);
#800=VERTEX_POINT('',#2980);
#801=VERTEX_POINT('',#2981);
#802=VERTEX_POINT('',#3004);
#803=VERTEX_POINT('',#3005);
#804=VERTEX_POINT('',#3029);
#805=VERTEX_POINT('',#3030);
#806=VERTEX_POINT('',#3054);
#807=VERTEX_POINT('',#3055);
#808=VERTEX_POINT('',#3078);
#809=VERTEX_POINT('',#3079);
#810=VERTEX_POINT('',#3081);
#811=VERTEX_POINT('',#3087);
#812=VERTEX_POINT('',#3095);
#813=VERTEX_POINT('',#3096);
#814=VERTEX_POINT('',#3098);
#815=VERTEX_POINT('',#3103);
#816=VERTEX_POINT('',#3116);
#817=VERTEX_POINT('',#3117);
#818=VERTEX_POINT('',#3167);
#819=VERTEX_POINT('',#3168);
#820=VERTEX_POINT('',#3218);
#821=VERTEX_POINT('',#3219);
#822=VERTEX_POINT('',#3266);
#823=VERTEX_POINT('',#3267);
#824=VERTEX_POINT('',#3317);
#825=VERTEX_POINT('',#3318);
#826=VERTEX_POINT('',#3368);
#827=VERTEX_POINT('',#3369);
#828=VERTEX_POINT('',#3416);
#829=VERTEX_POINT('',#3417);
#830=VERTEX_POINT('',#3467);
#831=VERTEX_POINT('',#3468);
#832=VERTEX_POINT('',#3518);
#833=VERTEX_POINT('',#3519);
#834=VERTEX_POINT('',#3566);
#835=VERTEX_POINT('',#3567);
#836=VERTEX_POINT('',#3617);
#837=VERTEX_POINT('',#3618);
#838=VERTEX_POINT('',#3668);
#839=VERTEX_POINT('',#3669);
#840=VERTEX_POINT('',#3716);
#841=VERTEX_POINT('',#3717);
#842=VERTEX_POINT('',#3767);
#843=VERTEX_POINT('',#3768);
#844=VERTEX_POINT('',#3770);
#845=VERTEX_POINT('',#3784);
#846=VERTEX_POINT('',#3806);
#847=VERTEX_POINT('',#3808);
#848=VERTEX_POINT('',#4550);
#849=VERTEX_POINT('',#4552);
#850=VERTEX_POINT('',#4556);
#851=VERTEX_POINT('',#4558);
#852=VERTEX_POINT('',#4560);
#853=VERTEX_POINT('',#4562);
#854=VERTEX_POINT('',#4564);
#855=VERTEX_POINT('',#5072);
#856=VERTEX_POINT('',#5073);
#857=VERTEX_POINT('',#5075);
#858=VERTEX_POINT('',#5077);
#859=VERTEX_POINT('',#5082);
#860=VERTEX_POINT('',#5083);
#861=VERTEX_POINT('',#5091);
#862=VERTEX_POINT('',#5092);
#863=VERTEX_POINT('',#5097);
#864=VERTEX_POINT('',#5098);
#865=VERTEX_POINT('',#5103);
#866=VERTEX_POINT('',#5104);
#867=VERTEX_POINT('',#5109);
#868=VERTEX_POINT('',#5111);
#869=VERTEX_POINT('',#5115);
#870=VERTEX_POINT('',#5117);
#871=VERTEX_POINT('',#5121);
#872=VERTEX_POINT('',#5125);
#873=VERTEX_POINT('',#5129);
#874=VERTEX_POINT('',#5133);
#875=VERTEX_POINT('',#5137);
#876=VERTEX_POINT('',#5139);
#877=VERTEX_POINT('',#5141);
#878=VERTEX_POINT('',#5143);
#879=VERTEX_POINT('',#5145);
#880=VERTEX_POINT('',#5149);
#881=VERTEX_POINT('',#5150);
#882=VERTEX_POINT('',#5155);
#883=VERTEX_POINT('',#5156);
#884=VERTEX_POINT('',#5161);
#885=VERTEX_POINT('',#5162);
#886=VERTEX_POINT('',#5167);
#887=VERTEX_POINT('',#5168);
#888=VERTEX_POINT('',#5173);
#889=VERTEX_POINT('',#5174);
#890=VERTEX_POINT('',#5179);
#891=VERTEX_POINT('',#5180);
#892=VERTEX_POINT('',#5185);
#893=VERTEX_POINT('',#5187);
#894=VERTEX_POINT('',#5191);
#895=VERTEX_POINT('',#5192);
#896=VERTEX_POINT('',#5197);
#897=VERTEX_POINT('',#5199);
#898=VERTEX_POINT('',#5201);
#899=VERTEX_POINT('',#5203);
#900=VERTEX_POINT('',#5205);
#901=VERTEX_POINT('',#5209);
#902=VERTEX_POINT('',#5212);
#903=VERTEX_POINT('',#5216);
#904=VERTEX_POINT('',#5219);
#905=VERTEX_POINT('',#5223);
#906=VERTEX_POINT('',#5227);
#907=VERTEX_POINT('',#5228);
#908=VERTEX_POINT('',#5230);
#909=VERTEX_POINT('',#5232);
#910=VERTEX_POINT('',#5234);
#911=VERTEX_POINT('',#5236);
#912=VERTEX_POINT('',#5238);
#913=VERTEX_POINT('',#5240);
#914=VERTEX_POINT('',#5242);
#915=VERTEX_POINT('',#5244);
#916=VERTEX_POINT('',#5246);
#917=VERTEX_POINT('',#5248);
#918=VERTEX_POINT('',#5250);
#919=VERTEX_POINT('',#5252);
#920=VERTEX_POINT('',#5254);
#921=VERTEX_POINT('',#5256);
#922=VERTEX_POINT('',#5258);
#923=VERTEX_POINT('',#5260);
#924=VERTEX_POINT('',#5263);
#925=VERTEX_POINT('',#5265);
#926=VERTEX_POINT('',#5268);
#927=VERTEX_POINT('',#5270);
#928=VERTEX_POINT('',#5274);
#929=VERTEX_POINT('',#5278);
#930=VERTEX_POINT('',#5285);
#931=VERTEX_POINT('',#5289);
#932=VERTEX_POINT('',#5291);
#933=VERTEX_POINT('',#5293);
#934=VERTEX_POINT('',#5297);
#935=VERTEX_POINT('',#5301);
#936=VERTEX_POINT('',#5302);
#937=VERTEX_POINT('',#5305);
#938=VERTEX_POINT('',#5362);
#939=VERTEX_POINT('',#5366);
#940=VERTEX_POINT('',#5367);
#941=VERTEX_POINT('',#5372);
#942=VERTEX_POINT('',#5376);
#943=VERTEX_POINT('',#5381);
#944=VERTEX_POINT('',#5385);
#945=VERTEX_POINT('',#5386);
#946=VERTEX_POINT('',#5391);
#947=VERTEX_POINT('',#5395);
#948=VERTEX_POINT('',#5416);
#949=VERTEX_POINT('',#5418);
#950=VERTEX_POINT('',#5421);
#951=VERTEX_POINT('',#5425);
#952=VERTEX_POINT('',#5430);
#953=VERTEX_POINT('',#5432);
#954=VERTEX_POINT('',#5435);
#955=VERTEX_POINT('',#5439);
#956=EDGE_CURVE('',#778,#779,#496,.T.);
#957=EDGE_CURVE('',#779,#780,#424,.T.);
#958=EDGE_CURVE('',#781,#780,#349,.T.);
#959=EDGE_CURVE('',#778,#781,#425,.T.);
#960=EDGE_CURVE('',#782,#783,#497,.T.);
#961=EDGE_CURVE('',#783,#779,#426,.T.);
#962=EDGE_CURVE('',#782,#778,#427,.T.);
#963=EDGE_CURVE('',#784,#785,#498,.T.);
#964=EDGE_CURVE('',#785,#783,#428,.T.);
#965=EDGE_CURVE('',#784,#782,#429,.T.);
#966=EDGE_CURVE('',#786,#787,#499,.T.);
#967=EDGE_CURVE('',#787,#785,#430,.T.);
#968=EDGE_CURVE('',#786,#784,#431,.T.);
#969=EDGE_CURVE('',#788,#789,#500,.T.);
#970=EDGE_CURVE('',#789,#787,#432,.T.);
#971=EDGE_CURVE('',#788,#786,#433,.T.);
#972=EDGE_CURVE('',#790,#791,#501,.T.);
#973=EDGE_CURVE('',#791,#789,#434,.T.);
#974=EDGE_CURVE('',#790,#788,#435,.T.);
#975=EDGE_CURVE('',#792,#793,#502,.T.);
#976=EDGE_CURVE('',#793,#791,#436,.T.);
#977=EDGE_CURVE('',#792,#790,#437,.T.);
#978=EDGE_CURVE('',#794,#795,#503,.T.);
#979=EDGE_CURVE('',#795,#793,#438,.T.);
#980=EDGE_CURVE('',#794,#792,#439,.T.);
#981=EDGE_CURVE('',#796,#797,#504,.T.);
#982=EDGE_CURVE('',#797,#795,#440,.T.);
#983=EDGE_CURVE('',#796,#794,#441,.T.);
#984=EDGE_CURVE('',#798,#799,#505,.T.);
#985=EDGE_CURVE('',#799,#797,#442,.T.);
#986=EDGE_CURVE('',#798,#796,#443,.T.);
#987=EDGE_CURVE('',#800,#801,#506,.T.);
#988=EDGE_CURVE('',#801,#799,#444,.T.);
#989=EDGE_CURVE('',#800,#798,#445,.T.);
#990=EDGE_CURVE('',#802,#803,#507,.T.);
#991=EDGE_CURVE('',#803,#801,#446,.T.);
#992=EDGE_CURVE('',#802,#800,#447,.T.);
#993=EDGE_CURVE('',#804,#805,#508,.T.);
#994=EDGE_CURVE('',#805,#803,#448,.T.);
#995=EDGE_CURVE('',#804,#802,#449,.T.);
#996=EDGE_CURVE('',#806,#807,#509,.T.);
#997=EDGE_CURVE('',#807,#805,#450,.T.);
#998=EDGE_CURVE('',#806,#804,#451,.T.);
#999=EDGE_CURVE('',#808,#809,#510,.T.);
#1000=EDGE_CURVE('',#810,#808,#452,.T.);
#1001=EDGE_CURVE('',#810,#811,#350,.T.);
#1002=EDGE_CURVE('',#811,#809,#453,.T.);
#1003=EDGE_CURVE('',#812,#813,#511,.T.);
#1004=EDGE_CURVE('',#813,#814,#454,.T.);
#1005=EDGE_CURVE('',#815,#814,#351,.T.);
#1006=EDGE_CURVE('',#815,#812,#455,.T.);
#1007=EDGE_CURVE('',#816,#817,#512,.T.);
#1008=EDGE_CURVE('',#817,#813,#456,.T.);
#1009=EDGE_CURVE('',#812,#816,#457,.T.);
#1010=EDGE_CURVE('',#818,#819,#513,.T.);
#1011=EDGE_CURVE('',#819,#817,#458,.T.);
#1012=EDGE_CURVE('',#816,#818,#459,.T.);
#1013=EDGE_CURVE('',#820,#821,#514,.T.);
#1014=EDGE_CURVE('',#821,#819,#460,.T.);
#1015=EDGE_CURVE('',#818,#820,#461,.T.);
#1016=EDGE_CURVE('',#822,#823,#515,.T.);
#1017=EDGE_CURVE('',#823,#821,#462,.T.);
#1018=EDGE_CURVE('',#820,#822,#463,.T.);
#1019=EDGE_CURVE('',#824,#825,#516,.T.);
#1020=EDGE_CURVE('',#825,#823,#464,.T.);
#1021=EDGE_CURVE('',#822,#824,#465,.T.);
#1022=EDGE_CURVE('',#826,#827,#517,.T.);
#1023=EDGE_CURVE('',#827,#825,#466,.T.);
#1024=EDGE_CURVE('',#824,#826,#467,.T.);
#1025=EDGE_CURVE('',#828,#829,#518,.T.);
#1026=EDGE_CURVE('',#829,#827,#468,.T.);
#1027=EDGE_CURVE('',#826,#828,#469,.T.);
#1028=EDGE_CURVE('',#830,#831,#519,.T.);
#1029=EDGE_CURVE('',#831,#829,#470,.T.);
#1030=EDGE_CURVE('',#828,#830,#471,.T.);
#1031=EDGE_CURVE('',#832,#833,#520,.T.);
#1032=EDGE_CURVE('',#833,#831,#472,.T.);
#1033=EDGE_CURVE('',#830,#832,#473,.T.);
#1034=EDGE_CURVE('',#834,#835,#521,.T.);
#1035=EDGE_CURVE('',#835,#833,#474,.T.);
#1036=EDGE_CURVE('',#832,#834,#475,.T.);
#1037=EDGE_CURVE('',#836,#837,#522,.T.);
#1038=EDGE_CURVE('',#837,#835,#476,.T.);
#1039=EDGE_CURVE('',#834,#836,#477,.T.);
#1040=EDGE_CURVE('',#838,#839,#523,.T.);
#1041=EDGE_CURVE('',#839,#837,#478,.T.);
#1042=EDGE_CURVE('',#836,#838,#479,.T.);
#1043=EDGE_CURVE('',#840,#841,#524,.T.);
#1044=EDGE_CURVE('',#841,#839,#480,.T.);
#1045=EDGE_CURVE('',#838,#840,#481,.T.);
#1046=EDGE_CURVE('',#842,#843,#525,.T.);
#1047=EDGE_CURVE('',#842,#844,#482,.T.);
#1048=EDGE_CURVE('',#844,#845,#352,.T.);
#1049=EDGE_CURVE('',#845,#843,#483,.T.);
#1050=EDGE_CURVE('',#846,#846,#353,.T.);
#1051=EDGE_CURVE('',#846,#847,#526,.T.);
#1052=EDGE_CURVE('',#847,#847,#354,.T.);
#1053=EDGE_CURVE('',#845,#810,#484,.T.);
#1054=EDGE_CURVE('',#811,#844,#485,.T.);
#1055=EDGE_CURVE('',#843,#841,#486,.T.);
#1056=EDGE_CURVE('',#840,#842,#487,.T.);
#1057=EDGE_CURVE('',#808,#806,#488,.T.);
#1058=EDGE_CURVE('',#814,#781,#489,.T.);
#1059=EDGE_CURVE('',#848,#848,#355,.T.);
#1060=EDGE_CURVE('',#848,#849,#527,.T.);
#1061=EDGE_CURVE('',#849,#849,#356,.T.);
#1062=EDGE_CURVE('',#849,#850,#528,.T.);
#1063=EDGE_CURVE('',#851,#850,#357,.T.);
#1064=EDGE_CURVE('',#852,#851,#358,.T.);
#1065=EDGE_CURVE('',#853,#852,#19,.T.);
#1066=EDGE_CURVE('',#854,#853,#359,.T.);
#1067=EDGE_CURVE('',#850,#854,#360,.T.);
#1068=EDGE_CURVE('',#780,#815,#490,.T.);
#1069=EDGE_CURVE('',#809,#807,#491,.T.);
#1070=EDGE_CURVE('',#855,#856,#529,.T.);
#1071=EDGE_CURVE('',#855,#857,#530,.T.);
#1072=EDGE_CURVE('',#858,#857,#531,.T.);
#1073=EDGE_CURVE('',#858,#853,#532,.T.);
#1074=EDGE_CURVE('',#852,#856,#533,.T.);
#1075=EDGE_CURVE('',#859,#860,#492,.T.);
#1076=EDGE_CURVE('',#859,#855,#361,.T.);
#1077=EDGE_CURVE('',#860,#856,#362,.T.);
#1078=EDGE_CURVE('',#861,#862,#534,.T.);
#1079=EDGE_CURVE('',#862,#859,#363,.T.);
#1080=EDGE_CURVE('',#861,#860,#364,.T.);
#1081=EDGE_CURVE('',#863,#864,#535,.T.);
#1082=EDGE_CURVE('',#863,#862,#536,.T.);
#1083=EDGE_CURVE('',#861,#864,#537,.T.);
#1084=EDGE_CURVE('',#865,#866,#538,.T.);
#1085=EDGE_CURVE('',#866,#863,#365,.T.);
#1086=EDGE_CURVE('',#865,#864,#366,.T.);
#1087=EDGE_CURVE('',#865,#867,#539,.T.);
#1088=EDGE_CURVE('',#868,#867,#540,.T.);
#1089=EDGE_CURVE('',#868,#866,#541,.T.);
#1090=EDGE_CURVE('',#866,#869,#542,.T.);
#1091=EDGE_CURVE('',#870,#868,#543,.T.);
#1092=EDGE_CURVE('',#869,#870,#544,.T.);
#1093=EDGE_CURVE('',#871,#863,#545,.T.);
#1094=EDGE_CURVE('',#871,#869,#367,.T.);
#1095=EDGE_CURVE('',#862,#872,#546,.T.);
#1096=EDGE_CURVE('',#872,#871,#547,.T.);
#1097=EDGE_CURVE('',#873,#859,#548,.T.);
#1098=EDGE_CURVE('',#873,#872,#368,.T.);
#1099=EDGE_CURVE('',#874,#855,#549,.T.);
#1100=EDGE_CURVE('',#874,#873,#369,.T.);
#1101=EDGE_CURVE('',#857,#875,#550,.T.);
#1102=EDGE_CURVE('',#876,#874,#551,.T.);
#1103=EDGE_CURVE('',#877,#876,#552,.T.);
#1104=EDGE_CURVE('',#878,#877,#553,.T.);
#1105=EDGE_CURVE('',#879,#878,#554,.T.);
#1106=EDGE_CURVE('',#875,#879,#555,.T.);
#1107=EDGE_CURVE('',#880,#881,#556,.T.);
#1108=EDGE_CURVE('',#857,#881,#370,.T.);
#1109=EDGE_CURVE('',#880,#875,#371,.T.);
#1110=EDGE_CURVE('',#882,#883,#557,.T.);
#1111=EDGE_CURVE('',#881,#883,#372,.T.);
#1112=EDGE_CURVE('',#882,#880,#373,.T.);
#1113=EDGE_CURVE('',#884,#885,#558,.T.);
#1114=EDGE_CURVE('',#883,#884,#559,.T.);
#1115=EDGE_CURVE('',#885,#882,#560,.T.);
#1116=EDGE_CURVE('',#886,#887,#561,.T.);
#1117=EDGE_CURVE('',#884,#887,#374,.T.);
#1118=EDGE_CURVE('',#886,#885,#375,.T.);
#1119=EDGE_CURVE('',#888,#889,#562,.T.);
#1120=EDGE_CURVE('',#887,#888,#563,.T.);
#1121=EDGE_CURVE('',#889,#886,#564,.T.);
#1122=EDGE_CURVE('',#890,#891,#565,.T.);
#1123=EDGE_CURVE('',#888,#891,#376,.T.);
#1124=EDGE_CURVE('',#890,#889,#377,.T.);
#1125=EDGE_CURVE('',#891,#892,#378,.T.);
#1126=EDGE_CURVE('',#893,#890,#379,.T.);
#1127=EDGE_CURVE('',#893,#892,#566,.T.);
#1128=EDGE_CURVE('',#894,#895,#380,.T.);
#1129=EDGE_CURVE('',#894,#891,#567,.T.);
#1130=EDGE_CURVE('',#895,#892,#568,.T.);
#1131=EDGE_CURVE('',#858,#896,#381,.T.);
#1132=EDGE_CURVE('',#896,#897,#382,.T.);
#1133=EDGE_CURVE('',#898,#897,#569,.T.);
#1134=EDGE_CURVE('',#898,#899,#383,.T.);
#1135=EDGE_CURVE('',#900,#899,#570,.T.);
#1136=EDGE_CURVE('',#900,#894,#384,.T.);
#1137=EDGE_CURVE('',#895,#867,#385,.T.);
#1138=EDGE_CURVE('',#851,#901,#386,.T.);
#1139=EDGE_CURVE('',#901,#851,#387,.T.);
#1140=EDGE_CURVE('',#854,#902,#388,.T.);
#1141=EDGE_CURVE('',#902,#854,#389,.T.);
#1142=EDGE_CURVE('',#903,#903,#390,.T.);
#1143=EDGE_CURVE('',#903,#904,#571,.T.);
#1144=EDGE_CURVE('',#904,#904,#391,.T.);
#1145=EDGE_CURVE('',#904,#905,#572,.T.);
#1146=EDGE_CURVE('',#905,#905,#392,.T.);
#1147=EDGE_CURVE('',#906,#907,#573,.T.);
#1148=EDGE_CURVE('',#908,#906,#574,.T.);
#1149=EDGE_CURVE('',#908,#909,#393,.T.);
#1150=EDGE_CURVE('',#909,#910,#394,.T.);
#1151=EDGE_CURVE('',#911,#910,#575,.T.);
#1152=EDGE_CURVE('',#911,#912,#395,.T.);
#1153=EDGE_CURVE('',#913,#912,#576,.T.);
#1154=EDGE_CURVE('',#913,#914,#396,.T.);
#1155=EDGE_CURVE('',#914,#915,#397,.T.);
#1156=EDGE_CURVE('',#915,#916,#398,.T.);
#1157=EDGE_CURVE('',#917,#916,#577,.T.);
#1158=EDGE_CURVE('',#917,#918,#399,.T.);
#1159=EDGE_CURVE('',#919,#918,#578,.T.);
#1160=EDGE_CURVE('',#919,#920,#400,.T.);
#1161=EDGE_CURVE('',#920,#921,#401,.T.);
#1162=EDGE_CURVE('',#922,#921,#579,.T.);
#1163=EDGE_CURVE('',#923,#922,#580,.T.);
#1164=EDGE_CURVE('',#907,#923,#581,.T.);
#1165=EDGE_CURVE('',#924,#924,#402,.T.);
#1166=EDGE_CURVE('',#925,#925,#403,.T.);
#1167=EDGE_CURVE('',#926,#907,#582,.T.);
#1168=EDGE_CURVE('',#926,#927,#583,.T.);
#1169=EDGE_CURVE('',#906,#927,#584,.T.);
#1170=EDGE_CURVE('',#928,#923,#585,.T.);
#1171=EDGE_CURVE('',#928,#926,#586,.T.);
#1172=EDGE_CURVE('',#929,#922,#587,.T.);
#1173=EDGE_CURVE('',#929,#928,#588,.T.);
#1174=EDGE_CURVE('',#922,#879,#589,.T.);
#1175=EDGE_CURVE('',#879,#929,#590,.T.);
#1176=EDGE_CURVE('',#878,#930,#591,.T.);
#1177=EDGE_CURVE('',#930,#929,#592,.T.);
#1178=EDGE_CURVE('',#930,#931,#593,.T.);
#1179=EDGE_CURVE('',#931,#932,#594,.T.);
#1180=EDGE_CURVE('',#932,#933,#595,.T.);
#1181=EDGE_CURVE('',#928,#933,#596,.T.);
#1182=EDGE_CURVE('',#926,#934,#597,.T.);
#1183=EDGE_CURVE('',#933,#934,#598,.T.);
#1184=EDGE_CURVE('',#935,#936,#599,.T.);
#1185=EDGE_CURVE('',#927,#936,#600,.T.);
#1186=EDGE_CURVE('',#934,#937,#601,.T.);
#1187=EDGE_CURVE('',#935,#937,#602,.T.);
#1188=EDGE_CURVE('',#936,#930,#603,.T.);
#1189=EDGE_CURVE('',#931,#935,#604,.T.);
#1190=EDGE_CURVE('',#937,#932,#605,.T.);
#1191=EDGE_CURVE('',#877,#936,#606,.T.);
#1192=EDGE_CURVE('',#876,#927,#607,.T.);
#1193=EDGE_CURVE('',#876,#906,#608,.T.);
#1194=EDGE_CURVE('',#908,#874,#609,.T.);
#1195=EDGE_CURVE('',#909,#873,#493,.T.);
#1196=EDGE_CURVE('',#872,#910,#610,.T.);
#1197=EDGE_CURVE('',#911,#871,#611,.T.);
#1198=EDGE_CURVE('',#869,#912,#612,.T.);
#1199=EDGE_CURVE('',#913,#870,#613,.T.);
#1200=EDGE_CURVE('',#914,#893,#614,.T.);
#1201=EDGE_CURVE('',#870,#893,#404,.T.);
#1202=EDGE_CURVE('',#915,#890,#615,.T.);
#1203=EDGE_CURVE('',#889,#916,#616,.T.);
#1204=EDGE_CURVE('',#917,#886,#617,.T.);
#1205=EDGE_CURVE('',#885,#918,#618,.T.);
#1206=EDGE_CURVE('',#919,#882,#619,.T.);
#1207=EDGE_CURVE('',#880,#920,#494,.T.);
#1208=EDGE_CURVE('',#875,#921,#620,.T.);
#1209=EDGE_CURVE('',#892,#868,#405,.T.);
#1210=EDGE_CURVE('',#938,#938,#406,.T.);
#1211=EDGE_CURVE('',#938,#924,#621,.T.);
#1212=EDGE_CURVE('',#939,#940,#407,.T.);
#1213=EDGE_CURVE('',#939,#938,#622,.T.);
#1214=EDGE_CURVE('',#940,#939,#408,.T.);
#1215=EDGE_CURVE('',#940,#941,#623,.T.);
#1216=EDGE_CURVE('',#941,#941,#409,.T.);
#1217=EDGE_CURVE('',#942,#942,#410,.T.);
#1218=EDGE_CURVE('',#942,#902,#624,.T.);
#1219=EDGE_CURVE('',#943,#943,#411,.T.);
#1220=EDGE_CURVE('',#943,#925,#625,.T.);
#1221=EDGE_CURVE('',#944,#945,#412,.T.);
#1222=EDGE_CURVE('',#945,#944,#413,.T.);
#1223=EDGE_CURVE('',#945,#943,#626,.T.);
#1224=EDGE_CURVE('',#944,#946,#627,.T.);
#1225=EDGE_CURVE('',#946,#946,#414,.T.);
#1226=EDGE_CURVE('',#947,#947,#415,.T.);
#1227=EDGE_CURVE('',#947,#901,#628,.T.);
#1228=EDGE_CURVE('',#900,#888,#629,.T.);
#1229=EDGE_CURVE('',#887,#899,#630,.T.);
#1230=EDGE_CURVE('',#898,#884,#631,.T.);
#1231=EDGE_CURVE('',#883,#897,#632,.T.);
#1232=EDGE_CURVE('',#881,#896,#495,.T.);
#1233=EDGE_CURVE('',#948,#948,#416,.T.);
#1234=EDGE_CURVE('',#949,#949,#417,.T.);
#1235=EDGE_CURVE('',#949,#950,#633,.T.);
#1236=EDGE_CURVE('',#950,#950,#418,.T.);
#1237=EDGE_CURVE('',#948,#951,#634,.T.);
#1238=EDGE_CURVE('',#951,#951,#419,.T.);
#1239=EDGE_CURVE('',#952,#952,#420,.T.);
#1240=EDGE_CURVE('',#953,#953,#421,.T.);
#1241=EDGE_CURVE('',#952,#954,#635,.T.);
#1242=EDGE_CURVE('',#954,#954,#422,.T.);
#1243=EDGE_CURVE('',#953,#955,#636,.T.);
#1244=EDGE_CURVE('',#955,#955,#423,.T.);
#1245=ORIENTED_EDGE('',*,*,#956,.T.);
#1246=ORIENTED_EDGE('',*,*,#957,.T.);
#1247=ORIENTED_EDGE('',*,*,#958,.F.);
#1248=ORIENTED_EDGE('',*,*,#959,.F.);
#1249=ORIENTED_EDGE('',*,*,#960,.T.);
#1250=ORIENTED_EDGE('',*,*,#961,.T.);
#1251=ORIENTED_EDGE('',*,*,#956,.F.);
#1252=ORIENTED_EDGE('',*,*,#962,.F.);
#1253=ORIENTED_EDGE('',*,*,#963,.T.);
#1254=ORIENTED_EDGE('',*,*,#964,.T.);
#1255=ORIENTED_EDGE('',*,*,#960,.F.);
#1256=ORIENTED_EDGE('',*,*,#965,.F.);
#1257=ORIENTED_EDGE('',*,*,#966,.T.);
#1258=ORIENTED_EDGE('',*,*,#967,.T.);
#1259=ORIENTED_EDGE('',*,*,#963,.F.);
#1260=ORIENTED_EDGE('',*,*,#968,.F.);
#1261=ORIENTED_EDGE('',*,*,#969,.T.);
#1262=ORIENTED_EDGE('',*,*,#970,.T.);
#1263=ORIENTED_EDGE('',*,*,#966,.F.);
#1264=ORIENTED_EDGE('',*,*,#971,.F.);
#1265=ORIENTED_EDGE('',*,*,#972,.T.);
#1266=ORIENTED_EDGE('',*,*,#973,.T.);
#1267=ORIENTED_EDGE('',*,*,#969,.F.);
#1268=ORIENTED_EDGE('',*,*,#974,.F.);
#1269=ORIENTED_EDGE('',*,*,#975,.T.);
#1270=ORIENTED_EDGE('',*,*,#976,.T.);
#1271=ORIENTED_EDGE('',*,*,#972,.F.);
#1272=ORIENTED_EDGE('',*,*,#977,.F.);
#1273=ORIENTED_EDGE('',*,*,#978,.T.);
#1274=ORIENTED_EDGE('',*,*,#979,.T.);
#1275=ORIENTED_EDGE('',*,*,#975,.F.);
#1276=ORIENTED_EDGE('',*,*,#980,.F.);
#1277=ORIENTED_EDGE('',*,*,#981,.T.);
#1278=ORIENTED_EDGE('',*,*,#982,.T.);
#1279=ORIENTED_EDGE('',*,*,#978,.F.);
#1280=ORIENTED_EDGE('',*,*,#983,.F.);
#1281=ORIENTED_EDGE('',*,*,#984,.T.);
#1282=ORIENTED_EDGE('',*,*,#985,.T.);
#1283=ORIENTED_EDGE('',*,*,#981,.F.);
#1284=ORIENTED_EDGE('',*,*,#986,.F.);
#1285=ORIENTED_EDGE('',*,*,#987,.T.);
#1286=ORIENTED_EDGE('',*,*,#988,.T.);
#1287=ORIENTED_EDGE('',*,*,#984,.F.);
#1288=ORIENTED_EDGE('',*,*,#989,.F.);
#1289=ORIENTED_EDGE('',*,*,#990,.T.);
#1290=ORIENTED_EDGE('',*,*,#991,.T.);
#1291=ORIENTED_EDGE('',*,*,#987,.F.);
#1292=ORIENTED_EDGE('',*,*,#992,.F.);
#1293=ORIENTED_EDGE('',*,*,#993,.T.);
#1294=ORIENTED_EDGE('',*,*,#994,.T.);
#1295=ORIENTED_EDGE('',*,*,#990,.F.);
#1296=ORIENTED_EDGE('',*,*,#995,.F.);
#1297=ORIENTED_EDGE('',*,*,#996,.T.);
#1298=ORIENTED_EDGE('',*,*,#997,.T.);
#1299=ORIENTED_EDGE('',*,*,#993,.F.);
#1300=ORIENTED_EDGE('',*,*,#998,.F.);
#1301=ORIENTED_EDGE('',*,*,#999,.F.);
#1302=ORIENTED_EDGE('',*,*,#1000,.F.);
#1303=ORIENTED_EDGE('',*,*,#1001,.T.);
#1304=ORIENTED_EDGE('',*,*,#1002,.T.);
#1305=ORIENTED_EDGE('',*,*,#1003,.T.);
#1306=ORIENTED_EDGE('',*,*,#1004,.T.);
#1307=ORIENTED_EDGE('',*,*,#1005,.F.);
#1308=ORIENTED_EDGE('',*,*,#1006,.T.);
#1309=ORIENTED_EDGE('',*,*,#1007,.T.);
#1310=ORIENTED_EDGE('',*,*,#1008,.T.);
#1311=ORIENTED_EDGE('',*,*,#1003,.F.);
#1312=ORIENTED_EDGE('',*,*,#1009,.T.);
#1313=ORIENTED_EDGE('',*,*,#1010,.T.);
#1314=ORIENTED_EDGE('',*,*,#1011,.T.);
#1315=ORIENTED_EDGE('',*,*,#1007,.F.);
#1316=ORIENTED_EDGE('',*,*,#1012,.T.);
#1317=ORIENTED_EDGE('',*,*,#1013,.T.);
#1318=ORIENTED_EDGE('',*,*,#1014,.T.);
#1319=ORIENTED_EDGE('',*,*,#1010,.F.);
#1320=ORIENTED_EDGE('',*,*,#1015,.T.);
#1321=ORIENTED_EDGE('',*,*,#1016,.T.);
#1322=ORIENTED_EDGE('',*,*,#1017,.T.);
#1323=ORIENTED_EDGE('',*,*,#1013,.F.);
#1324=ORIENTED_EDGE('',*,*,#1018,.T.);
#1325=ORIENTED_EDGE('',*,*,#1019,.T.);
#1326=ORIENTED_EDGE('',*,*,#1020,.T.);
#1327=ORIENTED_EDGE('',*,*,#1016,.F.);
#1328=ORIENTED_EDGE('',*,*,#1021,.T.);
#1329=ORIENTED_EDGE('',*,*,#1022,.T.);
#1330=ORIENTED_EDGE('',*,*,#1023,.T.);
#1331=ORIENTED_EDGE('',*,*,#1019,.F.);
#1332=ORIENTED_EDGE('',*,*,#1024,.T.);
#1333=ORIENTED_EDGE('',*,*,#1025,.T.);
#1334=ORIENTED_EDGE('',*,*,#1026,.T.);
#1335=ORIENTED_EDGE('',*,*,#1022,.F.);
#1336=ORIENTED_EDGE('',*,*,#1027,.T.);
#1337=ORIENTED_EDGE('',*,*,#1028,.T.);
#1338=ORIENTED_EDGE('',*,*,#1029,.T.);
#1339=ORIENTED_EDGE('',*,*,#1025,.F.);
#1340=ORIENTED_EDGE('',*,*,#1030,.T.);
#1341=ORIENTED_EDGE('',*,*,#1031,.T.);
#1342=ORIENTED_EDGE('',*,*,#1032,.T.);
#1343=ORIENTED_EDGE('',*,*,#1028,.F.);
#1344=ORIENTED_EDGE('',*,*,#1033,.T.);
#1345=ORIENTED_EDGE('',*,*,#1034,.T.);
#1346=ORIENTED_EDGE('',*,*,#1035,.T.);
#1347=ORIENTED_EDGE('',*,*,#1031,.F.);
#1348=ORIENTED_EDGE('',*,*,#1036,.T.);
#1349=ORIENTED_EDGE('',*,*,#1037,.T.);
#1350=ORIENTED_EDGE('',*,*,#1038,.T.);
#1351=ORIENTED_EDGE('',*,*,#1034,.F.);
#1352=ORIENTED_EDGE('',*,*,#1039,.T.);
#1353=ORIENTED_EDGE('',*,*,#1040,.T.);
#1354=ORIENTED_EDGE('',*,*,#1041,.T.);
#1355=ORIENTED_EDGE('',*,*,#1037,.F.);
#1356=ORIENTED_EDGE('',*,*,#1042,.T.);
#1357=ORIENTED_EDGE('',*,*,#1043,.T.);
#1358=ORIENTED_EDGE('',*,*,#1044,.T.);
#1359=ORIENTED_EDGE('',*,*,#1040,.F.);
#1360=ORIENTED_EDGE('',*,*,#1045,.T.);
#1361=ORIENTED_EDGE('',*,*,#1046,.F.);
#1362=ORIENTED_EDGE('',*,*,#1047,.T.);
#1363=ORIENTED_EDGE('',*,*,#1048,.T.);
#1364=ORIENTED_EDGE('',*,*,#1049,.T.);
#1365=ORIENTED_EDGE('',*,*,#1050,.F.);
#1366=ORIENTED_EDGE('',*,*,#1051,.T.);
#1367=ORIENTED_EDGE('',*,*,#1052,.T.);
#1368=ORIENTED_EDGE('',*,*,#1051,.F.);
#1369=ORIENTED_EDGE('',*,*,#1052,.F.);
#1370=ORIENTED_EDGE('',*,*,#1001,.F.);
#1371=ORIENTED_EDGE('',*,*,#1053,.F.);
#1372=ORIENTED_EDGE('',*,*,#1048,.F.);
#1373=ORIENTED_EDGE('',*,*,#1054,.F.);
#1374=ORIENTED_EDGE('',*,*,#1046,.T.);
#1375=ORIENTED_EDGE('',*,*,#1055,.T.);
#1376=ORIENTED_EDGE('',*,*,#1043,.F.);
#1377=ORIENTED_EDGE('',*,*,#1056,.T.);
#1378=ORIENTED_EDGE('',*,*,#1053,.T.);
#1379=ORIENTED_EDGE('',*,*,#1000,.T.);
#1380=ORIENTED_EDGE('',*,*,#1057,.T.);
#1381=ORIENTED_EDGE('',*,*,#998,.T.);
#1382=ORIENTED_EDGE('',*,*,#995,.T.);
#1383=ORIENTED_EDGE('',*,*,#992,.T.);
#1384=ORIENTED_EDGE('',*,*,#989,.T.);
#1385=ORIENTED_EDGE('',*,*,#986,.T.);
#1386=ORIENTED_EDGE('',*,*,#983,.T.);
#1387=ORIENTED_EDGE('',*,*,#980,.T.);
#1388=ORIENTED_EDGE('',*,*,#977,.T.);
#1389=ORIENTED_EDGE('',*,*,#974,.T.);
#1390=ORIENTED_EDGE('',*,*,#971,.T.);
#1391=ORIENTED_EDGE('',*,*,#968,.T.);
#1392=ORIENTED_EDGE('',*,*,#965,.T.);
#1393=ORIENTED_EDGE('',*,*,#962,.T.);
#1394=ORIENTED_EDGE('',*,*,#959,.T.);
#1395=ORIENTED_EDGE('',*,*,#1058,.F.);
#1396=ORIENTED_EDGE('',*,*,#1004,.F.);
#1397=ORIENTED_EDGE('',*,*,#1008,.F.);
#1398=ORIENTED_EDGE('',*,*,#1011,.F.);
#1399=ORIENTED_EDGE('',*,*,#1014,.F.);
#1400=ORIENTED_EDGE('',*,*,#1017,.F.);
#1401=ORIENTED_EDGE('',*,*,#1020,.F.);
#1402=ORIENTED_EDGE('',*,*,#1023,.F.);
#1403=ORIENTED_EDGE('',*,*,#1026,.F.);
#1404=ORIENTED_EDGE('',*,*,#1029,.F.);
#1405=ORIENTED_EDGE('',*,*,#1032,.F.);
#1406=ORIENTED_EDGE('',*,*,#1035,.F.);
#1407=ORIENTED_EDGE('',*,*,#1038,.F.);
#1408=ORIENTED_EDGE('',*,*,#1041,.F.);
#1409=ORIENTED_EDGE('',*,*,#1044,.F.);
#1410=ORIENTED_EDGE('',*,*,#1055,.F.);
#1411=ORIENTED_EDGE('',*,*,#1049,.F.);
#1412=ORIENTED_EDGE('',*,*,#1059,.T.);
#1413=ORIENTED_EDGE('',*,*,#1060,.T.);
#1414=ORIENTED_EDGE('',*,*,#1061,.T.);
#1415=ORIENTED_EDGE('',*,*,#1060,.F.);
#1416=ORIENTED_EDGE('',*,*,#1061,.F.);
#1417=ORIENTED_EDGE('',*,*,#1062,.T.);
#1418=ORIENTED_EDGE('',*,*,#1063,.F.);
#1419=ORIENTED_EDGE('',*,*,#1064,.F.);
#1420=ORIENTED_EDGE('',*,*,#1065,.F.);
#1421=ORIENTED_EDGE('',*,*,#1066,.F.);
#1422=ORIENTED_EDGE('',*,*,#1067,.F.);
#1423=ORIENTED_EDGE('',*,*,#1062,.F.);
#1424=ORIENTED_EDGE('',*,*,#1059,.F.);
#1425=ORIENTED_EDGE('',*,*,#1068,.T.);
#1426=ORIENTED_EDGE('',*,*,#1005,.T.);
#1427=ORIENTED_EDGE('',*,*,#1058,.T.);
#1428=ORIENTED_EDGE('',*,*,#958,.T.);
#1429=ORIENTED_EDGE('',*,*,#999,.T.);
#1430=ORIENTED_EDGE('',*,*,#1069,.T.);
#1431=ORIENTED_EDGE('',*,*,#996,.F.);
#1432=ORIENTED_EDGE('',*,*,#1057,.F.);
#1433=ORIENTED_EDGE('',*,*,#1054,.T.);
#1434=ORIENTED_EDGE('',*,*,#1047,.F.);
#1435=ORIENTED_EDGE('',*,*,#1056,.F.);
#1436=ORIENTED_EDGE('',*,*,#1045,.F.);
#1437=ORIENTED_EDGE('',*,*,#1042,.F.);
#1438=ORIENTED_EDGE('',*,*,#1039,.F.);
#1439=ORIENTED_EDGE('',*,*,#1036,.F.);
#1440=ORIENTED_EDGE('',*,*,#1033,.F.);
#1441=ORIENTED_EDGE('',*,*,#1030,.F.);
#1442=ORIENTED_EDGE('',*,*,#1027,.F.);
#1443=ORIENTED_EDGE('',*,*,#1024,.F.);
#1444=ORIENTED_EDGE('',*,*,#1021,.F.);
#1445=ORIENTED_EDGE('',*,*,#1018,.F.);
#1446=ORIENTED_EDGE('',*,*,#1015,.F.);
#1447=ORIENTED_EDGE('',*,*,#1012,.F.);
#1448=ORIENTED_EDGE('',*,*,#1009,.F.);
#1449=ORIENTED_EDGE('',*,*,#1006,.F.);
#1450=ORIENTED_EDGE('',*,*,#1068,.F.);
#1451=ORIENTED_EDGE('',*,*,#957,.F.);
#1452=ORIENTED_EDGE('',*,*,#961,.F.);
#1453=ORIENTED_EDGE('',*,*,#964,.F.);
#1454=ORIENTED_EDGE('',*,*,#967,.F.);
#1455=ORIENTED_EDGE('',*,*,#970,.F.);
#1456=ORIENTED_EDGE('',*,*,#973,.F.);
#1457=ORIENTED_EDGE('',*,*,#976,.F.);
#1458=ORIENTED_EDGE('',*,*,#979,.F.);
#1459=ORIENTED_EDGE('',*,*,#982,.F.);
#1460=ORIENTED_EDGE('',*,*,#985,.F.);
#1461=ORIENTED_EDGE('',*,*,#988,.F.);
#1462=ORIENTED_EDGE('',*,*,#991,.F.);
#1463=ORIENTED_EDGE('',*,*,#994,.F.);
#1464=ORIENTED_EDGE('',*,*,#997,.F.);
#1465=ORIENTED_EDGE('',*,*,#1069,.F.);
#1466=ORIENTED_EDGE('',*,*,#1002,.F.);
#1467=ORIENTED_EDGE('',*,*,#1070,.F.);
#1468=ORIENTED_EDGE('',*,*,#1071,.T.);
#1469=ORIENTED_EDGE('',*,*,#1072,.F.);
#1470=ORIENTED_EDGE('',*,*,#1073,.T.);
#1471=ORIENTED_EDGE('',*,*,#1065,.T.);
#1472=ORIENTED_EDGE('',*,*,#1074,.T.);
#1473=ORIENTED_EDGE('',*,*,#1075,.F.);
#1474=ORIENTED_EDGE('',*,*,#1076,.T.);
#1475=ORIENTED_EDGE('',*,*,#1070,.T.);
#1476=ORIENTED_EDGE('',*,*,#1077,.F.);
#1477=ORIENTED_EDGE('',*,*,#1078,.T.);
#1478=ORIENTED_EDGE('',*,*,#1079,.T.);
#1479=ORIENTED_EDGE('',*,*,#1075,.T.);
#1480=ORIENTED_EDGE('',*,*,#1080,.F.);
#1481=ORIENTED_EDGE('',*,*,#1081,.F.);
#1482=ORIENTED_EDGE('',*,*,#1082,.T.);
#1483=ORIENTED_EDGE('',*,*,#1078,.F.);
#1484=ORIENTED_EDGE('',*,*,#1083,.T.);
#1485=ORIENTED_EDGE('',*,*,#1084,.T.);
#1486=ORIENTED_EDGE('',*,*,#1085,.T.);
#1487=ORIENTED_EDGE('',*,*,#1081,.T.);
#1488=ORIENTED_EDGE('',*,*,#1086,.F.);
#1489=ORIENTED_EDGE('',*,*,#1084,.F.);
#1490=ORIENTED_EDGE('',*,*,#1087,.T.);
#1491=ORIENTED_EDGE('',*,*,#1088,.F.);
#1492=ORIENTED_EDGE('',*,*,#1089,.T.);
#1493=ORIENTED_EDGE('',*,*,#1090,.F.);
#1494=ORIENTED_EDGE('',*,*,#1089,.F.);
#1495=ORIENTED_EDGE('',*,*,#1091,.F.);
#1496=ORIENTED_EDGE('',*,*,#1092,.F.);
#1497=ORIENTED_EDGE('',*,*,#1093,.T.);
#1498=ORIENTED_EDGE('',*,*,#1085,.F.);
#1499=ORIENTED_EDGE('',*,*,#1090,.T.);
#1500=ORIENTED_EDGE('',*,*,#1094,.F.);
#1501=ORIENTED_EDGE('',*,*,#1095,.F.);
#1502=ORIENTED_EDGE('',*,*,#1082,.F.);
#1503=ORIENTED_EDGE('',*,*,#1093,.F.);
#1504=ORIENTED_EDGE('',*,*,#1096,.F.);
#1505=ORIENTED_EDGE('',*,*,#1097,.T.);
#1506=ORIENTED_EDGE('',*,*,#1079,.F.);
#1507=ORIENTED_EDGE('',*,*,#1095,.T.);
#1508=ORIENTED_EDGE('',*,*,#1098,.F.);
#1509=ORIENTED_EDGE('',*,*,#1099,.T.);
#1510=ORIENTED_EDGE('',*,*,#1076,.F.);
#1511=ORIENTED_EDGE('',*,*,#1097,.F.);
#1512=ORIENTED_EDGE('',*,*,#1100,.F.);
#1513=ORIENTED_EDGE('',*,*,#1101,.F.);
#1514=ORIENTED_EDGE('',*,*,#1071,.F.);
#1515=ORIENTED_EDGE('',*,*,#1099,.F.);
#1516=ORIENTED_EDGE('',*,*,#1102,.F.);
#1517=ORIENTED_EDGE('',*,*,#1103,.F.);
#1518=ORIENTED_EDGE('',*,*,#1104,.F.);
#1519=ORIENTED_EDGE('',*,*,#1105,.F.);
#1520=ORIENTED_EDGE('',*,*,#1106,.F.);
#1521=ORIENTED_EDGE('',*,*,#1107,.T.);
#1522=ORIENTED_EDGE('',*,*,#1108,.F.);
#1523=ORIENTED_EDGE('',*,*,#1101,.T.);
#1524=ORIENTED_EDGE('',*,*,#1109,.F.);
#1525=ORIENTED_EDGE('',*,*,#1110,.T.);
#1526=ORIENTED_EDGE('',*,*,#1111,.F.);
#1527=ORIENTED_EDGE('',*,*,#1107,.F.);
#1528=ORIENTED_EDGE('',*,*,#1112,.F.);
#1529=ORIENTED_EDGE('',*,*,#1113,.F.);
#1530=ORIENTED_EDGE('',*,*,#1114,.F.);
#1531=ORIENTED_EDGE('',*,*,#1110,.F.);
#1532=ORIENTED_EDGE('',*,*,#1115,.F.);
#1533=ORIENTED_EDGE('',*,*,#1116,.T.);
#1534=ORIENTED_EDGE('',*,*,#1117,.F.);
#1535=ORIENTED_EDGE('',*,*,#1113,.T.);
#1536=ORIENTED_EDGE('',*,*,#1118,.F.);
#1537=ORIENTED_EDGE('',*,*,#1119,.F.);
#1538=ORIENTED_EDGE('',*,*,#1120,.F.);
#1539=ORIENTED_EDGE('',*,*,#1116,.F.);
#1540=ORIENTED_EDGE('',*,*,#1121,.F.);
#1541=ORIENTED_EDGE('',*,*,#1122,.T.);
#1542=ORIENTED_EDGE('',*,*,#1123,.F.);
#1543=ORIENTED_EDGE('',*,*,#1119,.T.);
#1544=ORIENTED_EDGE('',*,*,#1124,.F.);
#1545=ORIENTED_EDGE('',*,*,#1125,.F.);
#1546=ORIENTED_EDGE('',*,*,#1122,.F.);
#1547=ORIENTED_EDGE('',*,*,#1126,.F.);
#1548=ORIENTED_EDGE('',*,*,#1127,.T.);
#1549=ORIENTED_EDGE('',*,*,#1128,.F.);
#1550=ORIENTED_EDGE('',*,*,#1129,.T.);
#1551=ORIENTED_EDGE('',*,*,#1125,.T.);
#1552=ORIENTED_EDGE('',*,*,#1130,.F.);
#1553=ORIENTED_EDGE('',*,*,#1066,.T.);
#1554=ORIENTED_EDGE('',*,*,#1073,.F.);
#1555=ORIENTED_EDGE('',*,*,#1131,.T.);
#1556=ORIENTED_EDGE('',*,*,#1132,.T.);
#1557=ORIENTED_EDGE('',*,*,#1133,.F.);
#1558=ORIENTED_EDGE('',*,*,#1134,.T.);
#1559=ORIENTED_EDGE('',*,*,#1135,.F.);
#1560=ORIENTED_EDGE('',*,*,#1136,.T.);
#1561=ORIENTED_EDGE('',*,*,#1128,.T.);
#1562=ORIENTED_EDGE('',*,*,#1137,.T.);
#1563=ORIENTED_EDGE('',*,*,#1087,.F.);
#1564=ORIENTED_EDGE('',*,*,#1086,.T.);
#1565=ORIENTED_EDGE('',*,*,#1083,.F.);
#1566=ORIENTED_EDGE('',*,*,#1080,.T.);
#1567=ORIENTED_EDGE('',*,*,#1077,.T.);
#1568=ORIENTED_EDGE('',*,*,#1074,.F.);
#1569=ORIENTED_EDGE('',*,*,#1064,.T.);
#1570=ORIENTED_EDGE('',*,*,#1138,.T.);
#1571=ORIENTED_EDGE('',*,*,#1139,.T.);
#1572=ORIENTED_EDGE('',*,*,#1063,.T.);
#1573=ORIENTED_EDGE('',*,*,#1067,.T.);
#1574=ORIENTED_EDGE('',*,*,#1140,.T.);
#1575=ORIENTED_EDGE('',*,*,#1141,.T.);
#1576=ORIENTED_EDGE('',*,*,#1050,.T.);
#1577=ORIENTED_EDGE('',*,*,#1142,.T.);
#1578=ORIENTED_EDGE('',*,*,#1142,.F.);
#1579=ORIENTED_EDGE('',*,*,#1143,.T.);
#1580=ORIENTED_EDGE('',*,*,#1144,.F.);
#1581=ORIENTED_EDGE('',*,*,#1143,.F.);
#1582=ORIENTED_EDGE('',*,*,#1144,.T.);
#1583=ORIENTED_EDGE('',*,*,#1145,.T.);
#1584=ORIENTED_EDGE('',*,*,#1146,.F.);
#1585=ORIENTED_EDGE('',*,*,#1145,.F.);
#1586=ORIENTED_EDGE('',*,*,#1147,.F.);
#1587=ORIENTED_EDGE('',*,*,#1148,.F.);
#1588=ORIENTED_EDGE('',*,*,#1149,.T.);
#1589=ORIENTED_EDGE('',*,*,#1150,.T.);
#1590=ORIENTED_EDGE('',*,*,#1151,.F.);
#1591=ORIENTED_EDGE('',*,*,#1152,.T.);
#1592=ORIENTED_EDGE('',*,*,#1153,.F.);
#1593=ORIENTED_EDGE('',*,*,#1154,.T.);
#1594=ORIENTED_EDGE('',*,*,#1155,.T.);
#1595=ORIENTED_EDGE('',*,*,#1156,.T.);
#1596=ORIENTED_EDGE('',*,*,#1157,.F.);
#1597=ORIENTED_EDGE('',*,*,#1158,.T.);
#1598=ORIENTED_EDGE('',*,*,#1159,.F.);
#1599=ORIENTED_EDGE('',*,*,#1160,.T.);
#1600=ORIENTED_EDGE('',*,*,#1161,.T.);
#1601=ORIENTED_EDGE('',*,*,#1162,.F.);
#1602=ORIENTED_EDGE('',*,*,#1163,.F.);
#1603=ORIENTED_EDGE('',*,*,#1164,.F.);
#1604=ORIENTED_EDGE('',*,*,#1165,.T.);
#1605=ORIENTED_EDGE('',*,*,#1166,.T.);
#1606=ORIENTED_EDGE('',*,*,#1146,.T.);
#1607=ORIENTED_EDGE('',*,*,#1167,.F.);
#1608=ORIENTED_EDGE('',*,*,#1168,.T.);
#1609=ORIENTED_EDGE('',*,*,#1169,.F.);
#1610=ORIENTED_EDGE('',*,*,#1147,.T.);
#1611=ORIENTED_EDGE('',*,*,#1170,.F.);
#1612=ORIENTED_EDGE('',*,*,#1171,.T.);
#1613=ORIENTED_EDGE('',*,*,#1167,.T.);
#1614=ORIENTED_EDGE('',*,*,#1164,.T.);
#1615=ORIENTED_EDGE('',*,*,#1172,.F.);
#1616=ORIENTED_EDGE('',*,*,#1173,.T.);
#1617=ORIENTED_EDGE('',*,*,#1170,.T.);
#1618=ORIENTED_EDGE('',*,*,#1163,.T.);
#1619=ORIENTED_EDGE('',*,*,#1172,.T.);
#1620=ORIENTED_EDGE('',*,*,#1174,.T.);
#1621=ORIENTED_EDGE('',*,*,#1175,.T.);
#1622=ORIENTED_EDGE('',*,*,#1175,.F.);
#1623=ORIENTED_EDGE('',*,*,#1105,.T.);
#1624=ORIENTED_EDGE('',*,*,#1176,.T.);
#1625=ORIENTED_EDGE('',*,*,#1177,.T.);
#1626=ORIENTED_EDGE('',*,*,#1173,.F.);
#1627=ORIENTED_EDGE('',*,*,#1177,.F.);
#1628=ORIENTED_EDGE('',*,*,#1178,.T.);
#1629=ORIENTED_EDGE('',*,*,#1179,.T.);
#1630=ORIENTED_EDGE('',*,*,#1180,.T.);
#1631=ORIENTED_EDGE('',*,*,#1181,.F.);
#1632=ORIENTED_EDGE('',*,*,#1182,.F.);
#1633=ORIENTED_EDGE('',*,*,#1171,.F.);
#1634=ORIENTED_EDGE('',*,*,#1181,.T.);
#1635=ORIENTED_EDGE('',*,*,#1183,.T.);
#1636=ORIENTED_EDGE('',*,*,#1184,.T.);
#1637=ORIENTED_EDGE('',*,*,#1185,.F.);
#1638=ORIENTED_EDGE('',*,*,#1168,.F.);
#1639=ORIENTED_EDGE('',*,*,#1182,.T.);
#1640=ORIENTED_EDGE('',*,*,#1186,.T.);
#1641=ORIENTED_EDGE('',*,*,#1187,.F.);
#1642=ORIENTED_EDGE('',*,*,#1178,.F.);
#1643=ORIENTED_EDGE('',*,*,#1188,.F.);
#1644=ORIENTED_EDGE('',*,*,#1184,.F.);
#1645=ORIENTED_EDGE('',*,*,#1189,.F.);
#1646=ORIENTED_EDGE('',*,*,#1179,.F.);
#1647=ORIENTED_EDGE('',*,*,#1189,.T.);
#1648=ORIENTED_EDGE('',*,*,#1187,.T.);
#1649=ORIENTED_EDGE('',*,*,#1190,.T.);
#1650=ORIENTED_EDGE('',*,*,#1190,.F.);
#1651=ORIENTED_EDGE('',*,*,#1186,.F.);
#1652=ORIENTED_EDGE('',*,*,#1183,.F.);
#1653=ORIENTED_EDGE('',*,*,#1180,.F.);
#1654=ORIENTED_EDGE('',*,*,#1176,.F.);
#1655=ORIENTED_EDGE('',*,*,#1104,.T.);
#1656=ORIENTED_EDGE('',*,*,#1191,.T.);
#1657=ORIENTED_EDGE('',*,*,#1188,.T.);
#1658=ORIENTED_EDGE('',*,*,#1191,.F.);
#1659=ORIENTED_EDGE('',*,*,#1103,.T.);
#1660=ORIENTED_EDGE('',*,*,#1192,.T.);
#1661=ORIENTED_EDGE('',*,*,#1185,.T.);
#1662=ORIENTED_EDGE('',*,*,#1169,.T.);
#1663=ORIENTED_EDGE('',*,*,#1192,.F.);
#1664=ORIENTED_EDGE('',*,*,#1193,.T.);
#1665=ORIENTED_EDGE('',*,*,#1193,.F.);
#1666=ORIENTED_EDGE('',*,*,#1102,.T.);
#1667=ORIENTED_EDGE('',*,*,#1194,.F.);
#1668=ORIENTED_EDGE('',*,*,#1148,.T.);
#1669=ORIENTED_EDGE('',*,*,#1195,.F.);
#1670=ORIENTED_EDGE('',*,*,#1149,.F.);
#1671=ORIENTED_EDGE('',*,*,#1194,.T.);
#1672=ORIENTED_EDGE('',*,*,#1100,.T.);
#1673=ORIENTED_EDGE('',*,*,#1196,.T.);
#1674=ORIENTED_EDGE('',*,*,#1150,.F.);
#1675=ORIENTED_EDGE('',*,*,#1195,.T.);
#1676=ORIENTED_EDGE('',*,*,#1098,.T.);
#1677=ORIENTED_EDGE('',*,*,#1197,.F.);
#1678=ORIENTED_EDGE('',*,*,#1151,.T.);
#1679=ORIENTED_EDGE('',*,*,#1196,.F.);
#1680=ORIENTED_EDGE('',*,*,#1096,.T.);
#1681=ORIENTED_EDGE('',*,*,#1198,.T.);
#1682=ORIENTED_EDGE('',*,*,#1152,.F.);
#1683=ORIENTED_EDGE('',*,*,#1197,.T.);
#1684=ORIENTED_EDGE('',*,*,#1094,.T.);
#1685=ORIENTED_EDGE('',*,*,#1199,.F.);
#1686=ORIENTED_EDGE('',*,*,#1153,.T.);
#1687=ORIENTED_EDGE('',*,*,#1198,.F.);
#1688=ORIENTED_EDGE('',*,*,#1092,.T.);
#1689=ORIENTED_EDGE('',*,*,#1200,.F.);
#1690=ORIENTED_EDGE('',*,*,#1154,.F.);
#1691=ORIENTED_EDGE('',*,*,#1199,.T.);
#1692=ORIENTED_EDGE('',*,*,#1201,.T.);
#1693=ORIENTED_EDGE('',*,*,#1202,.F.);
#1694=ORIENTED_EDGE('',*,*,#1155,.F.);
#1695=ORIENTED_EDGE('',*,*,#1200,.T.);
#1696=ORIENTED_EDGE('',*,*,#1126,.T.);
#1697=ORIENTED_EDGE('',*,*,#1203,.T.);
#1698=ORIENTED_EDGE('',*,*,#1156,.F.);
#1699=ORIENTED_EDGE('',*,*,#1202,.T.);
#1700=ORIENTED_EDGE('',*,*,#1124,.T.);
#1701=ORIENTED_EDGE('',*,*,#1204,.F.);
#1702=ORIENTED_EDGE('',*,*,#1157,.T.);
#1703=ORIENTED_EDGE('',*,*,#1203,.F.);
#1704=ORIENTED_EDGE('',*,*,#1121,.T.);
#1705=ORIENTED_EDGE('',*,*,#1204,.T.);
#1706=ORIENTED_EDGE('',*,*,#1118,.T.);
#1707=ORIENTED_EDGE('',*,*,#1205,.T.);
#1708=ORIENTED_EDGE('',*,*,#1158,.F.);
#1709=ORIENTED_EDGE('',*,*,#1205,.F.);
#1710=ORIENTED_EDGE('',*,*,#1115,.T.);
#1711=ORIENTED_EDGE('',*,*,#1206,.F.);
#1712=ORIENTED_EDGE('',*,*,#1159,.T.);
#1713=ORIENTED_EDGE('',*,*,#1206,.T.);
#1714=ORIENTED_EDGE('',*,*,#1112,.T.);
#1715=ORIENTED_EDGE('',*,*,#1207,.T.);
#1716=ORIENTED_EDGE('',*,*,#1160,.F.);
#1717=ORIENTED_EDGE('',*,*,#1207,.F.);
#1718=ORIENTED_EDGE('',*,*,#1109,.T.);
#1719=ORIENTED_EDGE('',*,*,#1208,.T.);
#1720=ORIENTED_EDGE('',*,*,#1161,.F.);
#1721=ORIENTED_EDGE('',*,*,#1208,.F.);
#1722=ORIENTED_EDGE('',*,*,#1106,.T.);
#1723=ORIENTED_EDGE('',*,*,#1174,.F.);
#1724=ORIENTED_EDGE('',*,*,#1162,.T.);
#1725=ORIENTED_EDGE('',*,*,#1091,.T.);
#1726=ORIENTED_EDGE('',*,*,#1209,.F.);
#1727=ORIENTED_EDGE('',*,*,#1127,.F.);
#1728=ORIENTED_EDGE('',*,*,#1201,.F.);
#1729=ORIENTED_EDGE('',*,*,#1088,.T.);
#1730=ORIENTED_EDGE('',*,*,#1137,.F.);
#1731=ORIENTED_EDGE('',*,*,#1130,.T.);
#1732=ORIENTED_EDGE('',*,*,#1209,.T.);
#1733=ORIENTED_EDGE('',*,*,#1210,.F.);
#1734=ORIENTED_EDGE('',*,*,#1211,.T.);
#1735=ORIENTED_EDGE('',*,*,#1165,.F.);
#1736=ORIENTED_EDGE('',*,*,#1211,.F.);
#1737=ORIENTED_EDGE('',*,*,#1212,.F.);
#1738=ORIENTED_EDGE('',*,*,#1213,.T.);
#1739=ORIENTED_EDGE('',*,*,#1210,.T.);
#1740=ORIENTED_EDGE('',*,*,#1213,.F.);
#1741=ORIENTED_EDGE('',*,*,#1214,.F.);
#1742=ORIENTED_EDGE('',*,*,#1212,.T.);
#1743=ORIENTED_EDGE('',*,*,#1215,.T.);
#1744=ORIENTED_EDGE('',*,*,#1216,.F.);
#1745=ORIENTED_EDGE('',*,*,#1215,.F.);
#1746=ORIENTED_EDGE('',*,*,#1214,.T.);
#1747=ORIENTED_EDGE('',*,*,#1217,.T.);
#1748=ORIENTED_EDGE('',*,*,#1216,.T.);
#1749=ORIENTED_EDGE('',*,*,#1217,.F.);
#1750=ORIENTED_EDGE('',*,*,#1218,.T.);
#1751=ORIENTED_EDGE('',*,*,#1140,.F.);
#1752=ORIENTED_EDGE('',*,*,#1141,.F.);
#1753=ORIENTED_EDGE('',*,*,#1218,.F.);
#1754=ORIENTED_EDGE('',*,*,#1219,.F.);
#1755=ORIENTED_EDGE('',*,*,#1220,.T.);
#1756=ORIENTED_EDGE('',*,*,#1166,.F.);
#1757=ORIENTED_EDGE('',*,*,#1220,.F.);
#1758=ORIENTED_EDGE('',*,*,#1221,.F.);
#1759=ORIENTED_EDGE('',*,*,#1222,.F.);
#1760=ORIENTED_EDGE('',*,*,#1223,.T.);
#1761=ORIENTED_EDGE('',*,*,#1219,.T.);
#1762=ORIENTED_EDGE('',*,*,#1223,.F.);
#1763=ORIENTED_EDGE('',*,*,#1221,.T.);
#1764=ORIENTED_EDGE('',*,*,#1222,.T.);
#1765=ORIENTED_EDGE('',*,*,#1224,.T.);
#1766=ORIENTED_EDGE('',*,*,#1225,.F.);
#1767=ORIENTED_EDGE('',*,*,#1224,.F.);
#1768=ORIENTED_EDGE('',*,*,#1226,.T.);
#1769=ORIENTED_EDGE('',*,*,#1225,.T.);
#1770=ORIENTED_EDGE('',*,*,#1226,.F.);
#1771=ORIENTED_EDGE('',*,*,#1227,.T.);
#1772=ORIENTED_EDGE('',*,*,#1138,.F.);
#1773=ORIENTED_EDGE('',*,*,#1139,.F.);
#1774=ORIENTED_EDGE('',*,*,#1227,.F.);
#1775=ORIENTED_EDGE('',*,*,#1129,.F.);
#1776=ORIENTED_EDGE('',*,*,#1136,.F.);
#1777=ORIENTED_EDGE('',*,*,#1228,.T.);
#1778=ORIENTED_EDGE('',*,*,#1123,.T.);
#1779=ORIENTED_EDGE('',*,*,#1228,.F.);
#1780=ORIENTED_EDGE('',*,*,#1135,.T.);
#1781=ORIENTED_EDGE('',*,*,#1229,.F.);
#1782=ORIENTED_EDGE('',*,*,#1120,.T.);
#1783=ORIENTED_EDGE('',*,*,#1229,.T.);
#1784=ORIENTED_EDGE('',*,*,#1134,.F.);
#1785=ORIENTED_EDGE('',*,*,#1230,.T.);
#1786=ORIENTED_EDGE('',*,*,#1117,.T.);
#1787=ORIENTED_EDGE('',*,*,#1230,.F.);
#1788=ORIENTED_EDGE('',*,*,#1133,.T.);
#1789=ORIENTED_EDGE('',*,*,#1231,.F.);
#1790=ORIENTED_EDGE('',*,*,#1114,.T.);
#1791=ORIENTED_EDGE('',*,*,#1231,.T.);
#1792=ORIENTED_EDGE('',*,*,#1132,.F.);
#1793=ORIENTED_EDGE('',*,*,#1232,.F.);
#1794=ORIENTED_EDGE('',*,*,#1111,.T.);
#1795=ORIENTED_EDGE('',*,*,#1072,.T.);
#1796=ORIENTED_EDGE('',*,*,#1108,.T.);
#1797=ORIENTED_EDGE('',*,*,#1232,.T.);
#1798=ORIENTED_EDGE('',*,*,#1131,.F.);
#1799=ORIENTED_EDGE('',*,*,#1233,.F.);
#1800=ORIENTED_EDGE('',*,*,#1234,.F.);
#1801=ORIENTED_EDGE('',*,*,#1234,.T.);
#1802=ORIENTED_EDGE('',*,*,#1235,.T.);
#1803=ORIENTED_EDGE('',*,*,#1236,.F.);
#1804=ORIENTED_EDGE('',*,*,#1235,.F.);
#1805=ORIENTED_EDGE('',*,*,#1233,.T.);
#1806=ORIENTED_EDGE('',*,*,#1237,.T.);
#1807=ORIENTED_EDGE('',*,*,#1238,.F.);
#1808=ORIENTED_EDGE('',*,*,#1237,.F.);
#1809=ORIENTED_EDGE('',*,*,#1238,.T.);
#1810=ORIENTED_EDGE('',*,*,#1236,.T.);
#1811=ORIENTED_EDGE('',*,*,#1239,.T.);
#1812=ORIENTED_EDGE('',*,*,#1240,.T.);
#1813=ORIENTED_EDGE('',*,*,#1239,.F.);
#1814=ORIENTED_EDGE('',*,*,#1241,.T.);
#1815=ORIENTED_EDGE('',*,*,#1242,.T.);
#1816=ORIENTED_EDGE('',*,*,#1241,.F.);
#1817=ORIENTED_EDGE('',*,*,#1240,.F.);
#1818=ORIENTED_EDGE('',*,*,#1243,.T.);
#1819=ORIENTED_EDGE('',*,*,#1244,.T.);
#1820=ORIENTED_EDGE('',*,*,#1243,.F.);
#1821=ORIENTED_EDGE('',*,*,#1242,.F.);
#1822=ORIENTED_EDGE('',*,*,#1244,.F.);
#1823=CYLINDRICAL_SURFACE('',#2010,3.0735);
#1824=CYLINDRICAL_SURFACE('',#2012,3.0735);
#1825=CYLINDRICAL_SURFACE('',#2013,3.0735);
#1826=CYLINDRICAL_SURFACE('',#2014,3.0735);
#1827=CYLINDRICAL_SURFACE('',#2015,3.0735);
#1828=CYLINDRICAL_SURFACE('',#2016,3.0735);
#1829=CYLINDRICAL_SURFACE('',#2017,3.0735);
#1830=CYLINDRICAL_SURFACE('',#2018,3.0735);
#1831=CYLINDRICAL_SURFACE('',#2019,3.0735);
#1832=CYLINDRICAL_SURFACE('',#2020,3.0735);
#1833=CYLINDRICAL_SURFACE('',#2021,3.0735);
#1834=CYLINDRICAL_SURFACE('',#2022,3.0735);
#1835=CYLINDRICAL_SURFACE('',#2023,3.0735);
#1836=CYLINDRICAL_SURFACE('',#2024,3.0735);
#1837=CYLINDRICAL_SURFACE('',#2025,3.0735);
#1838=CYLINDRICAL_SURFACE('',#2027,2.5175);
#1839=CYLINDRICAL_SURFACE('',#2029,2.5175);
#1840=CYLINDRICAL_SURFACE('',#2030,2.5175);
#1841=CYLINDRICAL_SURFACE('',#2031,2.5175);
#1842=CYLINDRICAL_SURFACE('',#2032,2.5175);
#1843=CYLINDRICAL_SURFACE('',#2033,2.5175);
#1844=CYLINDRICAL_SURFACE('',#2034,2.5175);
#1845=CYLINDRICAL_SURFACE('',#2035,2.5175);
#1846=CYLINDRICAL_SURFACE('',#2036,2.5175);
#1847=CYLINDRICAL_SURFACE('',#2037,2.5175);
#1848=CYLINDRICAL_SURFACE('',#2038,2.5175);
#1849=CYLINDRICAL_SURFACE('',#2039,2.5175);
#1850=CYLINDRICAL_SURFACE('',#2040,2.5175);
#1851=CYLINDRICAL_SURFACE('',#2041,2.5175);
#1852=CYLINDRICAL_SURFACE('',#2042,2.5175);
#1853=CYLINDRICAL_SURFACE('',#2044,3.53836112350229);
#1854=CYLINDRICAL_SURFACE('',#2048,2.5175);
#1855=CYLINDRICAL_SURFACE('',#2052,5.);
#1856=CYLINDRICAL_SURFACE('',#2059,3.0735);
#1857=CYLINDRICAL_SURFACE('',#2073,3.75);
#1858=CYLINDRICAL_SURFACE('',#2076,2.);
#1859=CYLINDRICAL_SURFACE('',#2078,1.);
#1860=CYLINDRICAL_SURFACE('',#2081,1.);
#1861=CYLINDRICAL_SURFACE('',#2084,2.);
#1862=CYLINDRICAL_SURFACE('',#2088,3.75);
#1863=CYLINDRICAL_SURFACE('',#2092,2.);
#1864=CYLINDRICAL_SURFACE('',#2095,6.75);
#1865=CYLINDRICAL_SURFACE('',#2112,1.15);
#1866=CYLINDRICAL_SURFACE('',#2158,2.);
#1867=CYLINDRICAL_SURFACE('',#2163,1.6);
#1868=CYLINDRICAL_SURFACE('',#2170,2.75);
#1869=CYLINDRICAL_SURFACE('',#2173,1.6);
#1870=CYLINDRICAL_SURFACE('',#2180,2.75);
#1871=CYLINDRICAL_SURFACE('',#2190,2.50199914471532);
#1872=CYLINDRICAL_SURFACE('',#2192,3.50000005215406);
#1873=CYLINDRICAL_SURFACE('',#2198,3.50000005215406);
#1874=CYLINDRICAL_SURFACE('',#2200,2.50199914471532);
#1875=ADVANCED_FACE('',(#99),#1823,.F.);
#1876=ADVANCED_FACE('',(#100),#1824,.F.);
#1877=ADVANCED_FACE('',(#101),#1825,.F.);
#1878=ADVANCED_FACE('',(#102),#1826,.F.);
#1879=ADVANCED_FACE('',(#103),#1827,.F.);
#1880=ADVANCED_FACE('',(#104),#1828,.F.);
#1881=ADVANCED_FACE('',(#105),#1829,.F.);
#1882=ADVANCED_FACE('',(#106),#1830,.F.);
#1883=ADVANCED_FACE('',(#107),#1831,.F.);
#1884=ADVANCED_FACE('',(#108),#1832,.F.);
#1885=ADVANCED_FACE('',(#109),#1833,.F.);
#1886=ADVANCED_FACE('',(#110),#1834,.F.);
#1887=ADVANCED_FACE('',(#111),#1835,.F.);
#1888=ADVANCED_FACE('',(#112),#1836,.F.);
#1889=ADVANCED_FACE('',(#113),#1837,.F.);
#1890=ADVANCED_FACE('',(#114),#1838,.F.);
#1891=ADVANCED_FACE('',(#115),#1839,.F.);
#1892=ADVANCED_FACE('',(#116),#1840,.F.);
#1893=ADVANCED_FACE('',(#117),#1841,.F.);
#1894=ADVANCED_FACE('',(#118),#1842,.F.);
#1895=ADVANCED_FACE('',(#119),#1843,.F.);
#1896=ADVANCED_FACE('',(#120),#1844,.F.);
#1897=ADVANCED_FACE('',(#121),#1845,.F.);
#1898=ADVANCED_FACE('',(#122),#1846,.F.);
#1899=ADVANCED_FACE('',(#123),#1847,.F.);
#1900=ADVANCED_FACE('',(#124),#1848,.F.);
#1901=ADVANCED_FACE('',(#125),#1849,.F.);
#1902=ADVANCED_FACE('',(#126),#1850,.F.);
#1903=ADVANCED_FACE('',(#127),#1851,.F.);
#1904=ADVANCED_FACE('',(#128),#1852,.F.);
#1905=ADVANCED_FACE('',(#129),#1853,.F.);
#1906=ADVANCED_FACE('',(#130,#46),#58,.F.);
#1907=ADVANCED_FACE('',(#131),#1854,.F.);
#1908=ADVANCED_FACE('',(#132),#44,.F.);
#1909=ADVANCED_FACE('',(#133),#20,.T.);
#1910=ADVANCED_FACE('',(#134),#1855,.T.);
#1911=ADVANCED_FACE('',(#135,#47),#59,.T.);
#1912=ADVANCED_FACE('',(#136),#1856,.F.);
#1913=ADVANCED_FACE('',(#137),#45,.F.);
#1914=ADVANCED_FACE('',(#138),#60,.F.);
#1915=ADVANCED_FACE('',(#139),#21,.T.);
#1916=ADVANCED_FACE('',(#140),#22,.F.);
#1917=ADVANCED_FACE('',(#141),#61,.T.);
#1918=ADVANCED_FACE('',(#142),#23,.T.);
#1919=ADVANCED_FACE('',(#143),#62,.F.);
#1920=ADVANCED_FACE('',(#144),#63,.T.);
#1921=ADVANCED_FACE('',(#145),#1857,.T.);
#1922=ADVANCED_FACE('',(#146),#64,.F.);
#1923=ADVANCED_FACE('',(#147),#1858,.F.);
#1924=ADVANCED_FACE('',(#148),#1859,.T.);
#1925=ADVANCED_FACE('',(#149),#65,.T.);
#1926=ADVANCED_FACE('',(#150),#1860,.T.);
#1927=ADVANCED_FACE('',(#151),#1861,.F.);
#1928=ADVANCED_FACE('',(#152),#66,.T.);
#1929=ADVANCED_FACE('',(#153),#1862,.T.);
#1930=ADVANCED_FACE('',(#154),#67,.F.);
#1931=ADVANCED_FACE('',(#155),#1863,.F.);
#1932=ADVANCED_FACE('',(#156),#1864,.T.);
#1933=ADVANCED_FACE('',(#157),#24,.T.);
#1934=ADVANCED_FACE('',(#158),#68,.T.);
#1935=ADVANCED_FACE('',(#159,#48),#69,.T.);
#1936=ADVANCED_FACE('',(#160),#1865,.F.);
#1937=ADVANCED_FACE('',(#161),#25,.F.);
#1938=ADVANCED_FACE('',(#162,#49,#50,#51),#70,.F.);
#1939=ADVANCED_FACE('',(#163),#71,.F.);
#1940=ADVANCED_FACE('',(#164),#72,.F.);
#1941=ADVANCED_FACE('',(#165),#73,.F.);
#1942=ADVANCED_FACE('',(#166),#74,.T.);
#1943=ADVANCED_FACE('',(#167),#75,.T.);
#1944=ADVANCED_FACE('',(#168),#76,.F.);
#1945=ADVANCED_FACE('',(#169),#77,.F.);
#1946=ADVANCED_FACE('',(#170),#78,.F.);
#1947=ADVANCED_FACE('',(#171),#79,.F.);
#1948=ADVANCED_FACE('',(#172),#80,.F.);
#1949=ADVANCED_FACE('',(#173),#81,.T.);
#1950=ADVANCED_FACE('',(#174),#82,.T.);
#1951=ADVANCED_FACE('',(#175),#83,.T.);
#1952=ADVANCED_FACE('',(#176),#84,.T.);
#1953=ADVANCED_FACE('',(#177),#85,.T.);
#1954=ADVANCED_FACE('',(#178),#26,.T.);
#1955=ADVANCED_FACE('',(#179),#27,.F.);
#1956=ADVANCED_FACE('',(#180),#86,.F.);
#1957=ADVANCED_FACE('',(#181),#28,.T.);
#1958=ADVANCED_FACE('',(#182),#87,.T.);
#1959=ADVANCED_FACE('',(#183),#29,.F.);
#1960=ADVANCED_FACE('',(#184),#30,.T.);
#1961=ADVANCED_FACE('',(#185),#31,.F.);
#1962=ADVANCED_FACE('',(#186),#88,.F.);
#1963=ADVANCED_FACE('',(#187),#32,.T.);
#1964=ADVANCED_FACE('',(#188),#89,.T.);
#1965=ADVANCED_FACE('',(#189),#33,.F.);
#1966=ADVANCED_FACE('',(#190),#34,.T.);
#1967=ADVANCED_FACE('',(#191),#90,.T.);
#1968=ADVANCED_FACE('',(#192),#1866,.F.);
#1969=ADVANCED_FACE('',(#193),#35,.F.);
#1970=ADVANCED_FACE('',(#194),#36,.F.);
#1971=ADVANCED_FACE('',(#195),#1867,.F.);
#1972=ADVANCED_FACE('',(#196),#37,.F.);
#1973=ADVANCED_FACE('',(#197,#52),#91,.T.);
#1974=ADVANCED_FACE('',(#198),#1868,.F.);
#1975=ADVANCED_FACE('',(#199),#38,.F.);
#1976=ADVANCED_FACE('',(#200),#1869,.F.);
#1977=ADVANCED_FACE('',(#201),#39,.F.);
#1978=ADVANCED_FACE('',(#202,#53),#92,.T.);
#1979=ADVANCED_FACE('',(#203),#1870,.F.);
#1980=ADVANCED_FACE('',(#204),#40,.F.);
#1981=ADVANCED_FACE('',(#205),#93,.T.);
#1982=ADVANCED_FACE('',(#206),#41,.T.);
#1983=ADVANCED_FACE('',(#207),#94,.F.);
#1984=ADVANCED_FACE('',(#208),#42,.F.);
#1985=ADVANCED_FACE('',(#209),#43,.T.);
#1986=ADVANCED_FACE('',(#210,#54),#95,.F.);
#1987=ADVANCED_FACE('',(#211),#1871,.F.);
#1988=ADVANCED_FACE('',(#212),#1872,.T.);
#1989=ADVANCED_FACE('',(#213,#55),#96,.T.);
#1990=ADVANCED_FACE('',(#214,#56),#97,.F.);
#1991=ADVANCED_FACE('',(#215),#1873,.T.);
#1992=ADVANCED_FACE('',(#216),#1874,.F.);
#1993=ADVANCED_FACE('',(#217,#57),#98,.T.);
#1994=CLOSED_SHELL('',(#1875,#1876,#1877,#1878,#1879,#1880,#1881,#1882,
#1883,#1884,#1885,#1886,#1887,#1888,#1889,#1890,#1891,#1892,#1893,#1894,
#1895,#1896,#1897,#1898,#1899,#1900,#1901,#1902,#1903,#1904,#1905,#1906,
#1907,#1908,#1909,#1910,#1911,#1912,#1913,#1914,#1915,#1916,#1917,#1918,
#1919,#1920,#1921,#1922,#1923,#1924,#1925,#1926,#1927,#1928,#1929,#1930,
#1931,#1932,#1933,#1934,#1935,#1936,#1937,#1938,#1939,#1940,#1941,#1942,
#1943,#1944,#1945,#1946,#1947,#1948,#1949,#1950,#1951,#1952,#1953,#1954,
#1955,#1956,#1957,#1958,#1959,#1960,#1961,#1962,#1963,#1964,#1965,#1966,
#1967,#1968,#1969,#1970,#1971,#1972,#1973,#1974,#1975,#1976,#1977,#1978,
#1979,#1980,#1981,#1982,#1983,#1984,#1985));
#1995=CLOSED_SHELL('',(#1986,#1987,#1988,#1989));
#1996=CLOSED_SHELL('',(#1990,#1991,#1992,#1993));
#1997=DERIVED_UNIT_ELEMENT(#1999,1.);
#1998=DERIVED_UNIT_ELEMENT(#5448,-3.);
#1999=(
MASS_UNIT()
NAMED_UNIT(*)
SI_UNIT(.KILO.,.GRAM.)
);
#2000=DERIVED_UNIT((#1997,#1998));
#2001=MEASURE_REPRESENTATION_ITEM('density measure',
POSITIVE_RATIO_MEASURE(7850.),#2000);
#2002=PROPERTY_DEFINITION_REPRESENTATION(#2007,#2004);
#2003=PROPERTY_DEFINITION_REPRESENTATION(#2008,#2005);
#2004=REPRESENTATION('material name',(#2006),#5445);
#2005=REPRESENTATION('density',(#2001),#5445);
#2006=DESCRIPTIVE_REPRESENTATION_ITEM('\X2\94A2\X0\','\X2\94A2\X0\');
#2007=PROPERTY_DEFINITION('material property','material name',#5455);
#2008=PROPERTY_DEFINITION('material property','density of part',#5455);
#2009=AXIS2_PLACEMENT_3D('',#2732,#2203,#2204);
#2010=AXIS2_PLACEMENT_3D('',#2733,#2205,#2206);
#2011=AXIS2_PLACEMENT_3D('',#2747,#2208,#2209);
#2012=AXIS2_PLACEMENT_3D('',#2757,#2210,#2211);
#2013=AXIS2_PLACEMENT_3D('',#2781,#2213,#2214);
#2014=AXIS2_PLACEMENT_3D('',#2806,#2216,#2217);
#2015=AXIS2_PLACEMENT_3D('',#2831,#2219,#2220);
#2016=AXIS2_PLACEMENT_3D('',#2855,#2222,#2223);
#2017=AXIS2_PLACEMENT_3D('',#2880,#2225,#2226);
#2018=AXIS2_PLACEMENT_3D('',#2905,#2228,#2229);
#2019=AXIS2_PLACEMENT_3D('',#2929,#2231,#2232);
#2020=AXIS2_PLACEMENT_3D('',#2954,#2234,#2235);
#2021=AXIS2_PLACEMENT_3D('',#2979,#2237,#2238);
#2022=AXIS2_PLACEMENT_3D('',#3003,#2240,#2241);
#2023=AXIS2_PLACEMENT_3D('',#3028,#2243,#2244);
#2024=AXIS2_PLACEMENT_3D('',#3053,#2246,#2247);
#2025=AXIS2_PLACEMENT_3D('',#3077,#2249,#2250);
#2026=AXIS2_PLACEMENT_3D('',#3088,#2252,#2253);
#2027=AXIS2_PLACEMENT_3D('',#3094,#2254,#2255);
#2028=AXIS2_PLACEMENT_3D('',#3104,#2257,#2258);
#2029=AXIS2_PLACEMENT_3D('',#3115,#2259,#2260);
#2030=AXIS2_PLACEMENT_3D('',#3166,#2262,#2263);
#2031=AXIS2_PLACEMENT_3D('',#3217,#2265,#2266);
#2032=AXIS2_PLACEMENT_3D('',#3265,#2268,#2269);
#2033=AXIS2_PLACEMENT_3D('',#3316,#2271,#2272);
#2034=AXIS2_PLACEMENT_3D('',#3367,#2274,#2275);
#2035=AXIS2_PLACEMENT_3D('',#3415,#2277,#2278);
#2036=AXIS2_PLACEMENT_3D('',#3466,#2280,#2281);
#2037=AXIS2_PLACEMENT_3D('',#3517,#2283,#2284);
#2038=AXIS2_PLACEMENT_3D('',#3565,#2286,#2287);
#2039=AXIS2_PLACEMENT_3D('',#3616,#2289,#2290);
#2040=AXIS2_PLACEMENT_3D('',#3667,#2292,#2293);
#2041=AXIS2_PLACEMENT_3D('',#3715,#2295,#2296);
#2042=AXIS2_PLACEMENT_3D('',#3766,#2298,#2299);
#2043=AXIS2_PLACEMENT_3D('',#3785,#2301,#2302);
#2044=AXIS2_PLACEMENT_3D('',#3805,#2303,#2304);
#2045=AXIS2_PLACEMENT_3D('',#3807,#2305,#2306);
#2046=AXIS2_PLACEMENT_3D('',#3810,#2308,#2309);
#2047=AXIS2_PLACEMENT_3D('',#3811,#2310,#2311);
#2048=AXIS2_PLACEMENT_3D('',#3997,#2312,#2313);
#2049=AXIS2_PLACEMENT_3D('',#4549,#2314,#2315);
#2050=AXIS2_PLACEMENT_3D('',#4551,#2316,#2317);
#2051=AXIS2_PLACEMENT_3D('',#4554,#2319,#2320);
#2052=AXIS2_PLACEMENT_3D('',#4555,#2321,#2322);
#2053=AXIS2_PLACEMENT_3D('',#4559,#2324,#2325);
#2054=AXIS2_PLACEMENT_3D('',#4561,#2326,#2327);
#2055=AXIS2_PLACEMENT_3D('',#4563,#2328,#2329);
#2056=AXIS2_PLACEMENT_3D('',#4565,#2330,#2331);
#2057=AXIS2_PLACEMENT_3D('',#4566,#2332,#2333);
#2058=AXIS2_PLACEMENT_3D('',#4567,#2334,#2335);
#2059=AXIS2_PLACEMENT_3D('',#4659,#2336,#2337);
#2060=AXIS2_PLACEMENT_3D('',#5071,#2338,#2339);
#2061=AXIS2_PLACEMENT_3D('',#5081,#2345,#2346);
#2062=AXIS2_PLACEMENT_3D('',#5088,#2347,#2348);
#2063=AXIS2_PLACEMENT_3D('',#5089,#2349,#2350);
#2064=AXIS2_PLACEMENT_3D('',#5090,#2351,#2352);
#2065=AXIS2_PLACEMENT_3D('',#5094,#2354,#2355);
#2066=AXIS2_PLACEMENT_3D('',#5095,#2356,#2357);
#2067=AXIS2_PLACEMENT_3D('',#5096,#2358,#2359);
#2068=AXIS2_PLACEMENT_3D('',#5102,#2363,#2364);
#2069=AXIS2_PLACEMENT_3D('',#5106,#2366,#2367);
#2070=AXIS2_PLACEMENT_3D('',#5107,#2368,#2369);
#2071=AXIS2_PLACEMENT_3D('',#5108,#2370,#2371);
#2072=AXIS2_PLACEMENT_3D('',#5114,#2375,#2376);
#2073=AXIS2_PLACEMENT_3D('',#5120,#2380,#2381);
#2074=AXIS2_PLACEMENT_3D('',#5123,#2383,#2384);
#2075=AXIS2_PLACEMENT_3D('',#5124,#2385,#2386);
#2076=AXIS2_PLACEMENT_3D('',#5128,#2389,#2390);
#2077=AXIS2_PLACEMENT_3D('',#5131,#2392,#2393);
#2078=AXIS2_PLACEMENT_3D('',#5132,#2394,#2395);
#2079=AXIS2_PLACEMENT_3D('',#5135,#2397,#2398);
#2080=AXIS2_PLACEMENT_3D('',#5136,#2399,#2400);
#2081=AXIS2_PLACEMENT_3D('',#5148,#2407,#2408);
#2082=AXIS2_PLACEMENT_3D('',#5152,#2410,#2411);
#2083=AXIS2_PLACEMENT_3D('',#5153,#2412,#2413);
#2084=AXIS2_PLACEMENT_3D('',#5154,#2414,#2415);
#2085=AXIS2_PLACEMENT_3D('',#5158,#2417,#2418);
#2086=AXIS2_PLACEMENT_3D('',#5159,#2419,#2420);
#2087=AXIS2_PLACEMENT_3D('',#5160,#2421,#2422);
#2088=AXIS2_PLACEMENT_3D('',#5166,#2426,#2427);
#2089=AXIS2_PLACEMENT_3D('',#5170,#2429,#2430);
#2090=AXIS2_PLACEMENT_3D('',#5171,#2431,#2432);
#2091=AXIS2_PLACEMENT_3D('',#5172,#2433,#2434);
#2092=AXIS2_PLACEMENT_3D('',#5178,#2438,#2439);
#2093=AXIS2_PLACEMENT_3D('',#5182,#2441,#2442);
#2094=AXIS2_PLACEMENT_3D('',#5183,#2443,#2444);
#2095=AXIS2_PLACEMENT_3D('',#5184,#2445,#2446);
#2096=AXIS2_PLACEMENT_3D('',#5186,#2447,#2448);
#2097=AXIS2_PLACEMENT_3D('',#5188,#2449,#2450);
#2098=AXIS2_PLACEMENT_3D('',#5190,#2452,#2453);
#2099=AXIS2_PLACEMENT_3D('',#5193,#2454,#2455);
#2100=AXIS2_PLACEMENT_3D('',#5196,#2458,#2459);
#2101=AXIS2_PLACEMENT_3D('',#5198,#2460,#2461);
#2102=AXIS2_PLACEMENT_3D('',#5200,#2462,#2463);
#2103=AXIS2_PLACEMENT_3D('',#5204,#2465,#2466);
#2104=AXIS2_PLACEMENT_3D('',#5207,#2468,#2469);
#2105=AXIS2_PLACEMENT_3D('',#5208,#2470,#2471);
#2106=AXIS2_PLACEMENT_3D('',#5210,#2472,#2473);
#2107=AXIS2_PLACEMENT_3D('',#5211,#2474,#2475);
#2108=AXIS2_PLACEMENT_3D('',#5213,#2476,#2477);
#2109=AXIS2_PLACEMENT_3D('',#5214,#2478,#2479);
#2110=AXIS2_PLACEMENT_3D('',#5215,#2480,#2481);
#2111=AXIS2_PLACEMENT_3D('',#5217,#2482,#2483);
#2112=AXIS2_PLACEMENT_3D('',#5218,#2484,#2485);
#2113=AXIS2_PLACEMENT_3D('',#5221,#2487,#2488);
#2114=AXIS2_PLACEMENT_3D('',#5222,#2489,#2490);
#2115=AXIS2_PLACEMENT_3D('',#5225,#2492,#2493);
#2116=AXIS2_PLACEMENT_3D('',#5226,#2494,#2495);
#2117=AXIS2_PLACEMENT_3D('',#5233,#2498,#2499);
#2118=AXIS2_PLACEMENT_3D('',#5235,#2500,#2501);
#2119=AXIS2_PLACEMENT_3D('',#5239,#2503,#2504);
#2120=AXIS2_PLACEMENT_3D('',#5243,#2506,#2507);
#2121=AXIS2_PLACEMENT_3D('',#5245,#2508,#2509);
#2122=AXIS2_PLACEMENT_3D('',#5247,#2510,#2511);
#2123=AXIS2_PLACEMENT_3D('',#5251,#2513,#2514);
#2124=AXIS2_PLACEMENT_3D('',#5255,#2516,#2517);
#2125=AXIS2_PLACEMENT_3D('',#5257,#2518,#2519);
#2126=AXIS2_PLACEMENT_3D('',#5264,#2523,#2524);
#2127=AXIS2_PLACEMENT_3D('',#5266,#2525,#2526);
#2128=AXIS2_PLACEMENT_3D('',#5267,#2527,#2528);
#2129=AXIS2_PLACEMENT_3D('',#5273,#2532,#2533);
#2130=AXIS2_PLACEMENT_3D('',#5277,#2536,#2537);
#2131=AXIS2_PLACEMENT_3D('',#5281,#2540,#2541);
#2132=AXIS2_PLACEMENT_3D('',#5284,#2544,#2545);
#2133=AXIS2_PLACEMENT_3D('',#5288,#2548,#2549);
#2134=AXIS2_PLACEMENT_3D('',#5296,#2554,#2555);
#2135=AXIS2_PLACEMENT_3D('',#5300,#2558,#2559);
#2136=AXIS2_PLACEMENT_3D('',#5308,#2564,#2565);
#2137=AXIS2_PLACEMENT_3D('',#5311,#2568,#2569);
#2138=AXIS2_PLACEMENT_3D('',#5313,#2571,#2572);
#2139=AXIS2_PLACEMENT_3D('',#5314,#2573,#2574);
#2140=AXIS2_PLACEMENT_3D('',#5316,#2576,#2577);
#2141=AXIS2_PLACEMENT_3D('',#5318,#2579,#2580);
#2142=AXIS2_PLACEMENT_3D('',#5320,#2582,#2583);
#2143=AXIS2_PLACEMENT_3D('',#5322,#2585,#2586);
#2144=AXIS2_PLACEMENT_3D('',#5327,#2587,#2588);
#2145=AXIS2_PLACEMENT_3D('',#5329,#2590,#2591);
#2146=AXIS2_PLACEMENT_3D('',#5331,#2593,#2594);
#2147=AXIS2_PLACEMENT_3D('',#5333,#2596,#2597);
#2148=AXIS2_PLACEMENT_3D('',#5335,#2599,#2600);
#2149=AXIS2_PLACEMENT_3D('',#5337,#2602,#2603);
#2150=AXIS2_PLACEMENT_3D('',#5338,#2604,#2605);
#2151=AXIS2_PLACEMENT_3D('',#5340,#2607,#2608);
#2152=AXIS2_PLACEMENT_3D('',#5342,#2610,#2611);
#2153=AXIS2_PLACEMENT_3D('',#5344,#2613,#2614);
#2154=AXIS2_PLACEMENT_3D('',#5346,#2616,#2617);
#2155=AXIS2_PLACEMENT_3D('',#5348,#2619,#2620);
#2156=AXIS2_PLACEMENT_3D('',#5355,#2621,#2622);
#2157=AXIS2_PLACEMENT_3D('',#5357,#2624,#2625);
#2158=AXIS2_PLACEMENT_3D('',#5358,#2626,#2627);
#2159=AXIS2_PLACEMENT_3D('',#5359,#2628,#2629);
#2160=AXIS2_PLACEMENT_3D('',#5360,#2630,#2631);
#2161=AXIS2_PLACEMENT_3D('',#5361,#2632,#2633);
#2162=AXIS2_PLACEMENT_3D('',#5363,#2634,#2635);
#2163=AXIS2_PLACEMENT_3D('',#5365,#2637,#2638);
#2164=AXIS2_PLACEMENT_3D('',#5368,#2639,#2640);
#2165=AXIS2_PLACEMENT_3D('',#5370,#2642,#2643);
#2166=AXIS2_PLACEMENT_3D('',#5371,#2644,#2645);
#2167=AXIS2_PLACEMENT_3D('',#5374,#2647,#2648);
#2168=AXIS2_PLACEMENT_3D('',#5375,#2649,#2650);
#2169=AXIS2_PLACEMENT_3D('',#5377,#2651,#2652);
#2170=AXIS2_PLACEMENT_3D('',#5378,#2653,#2654);
#2171=AXIS2_PLACEMENT_3D('',#5380,#2656,#2657);
#2172=AXIS2_PLACEMENT_3D('',#5382,#2658,#2659);
#2173=AXIS2_PLACEMENT_3D('',#5384,#2661,#2662);
#2174=AXIS2_PLACEMENT_3D('',#5387,#2663,#2664);
#2175=AXIS2_PLACEMENT_3D('',#5388,#2665,#2666);
#2176=AXIS2_PLACEMENT_3D('',#5390,#2668,#2669);
#2177=AXIS2_PLACEMENT_3D('',#5393,#2671,#2672);
#2178=AXIS2_PLACEMENT_3D('',#5394,#2673,#2674);
#2179=AXIS2_PLACEMENT_3D('',#5396,#2675,#2676);
#2180=AXIS2_PLACEMENT_3D('',#5397,#2677,#2678);
#2181=AXIS2_PLACEMENT_3D('',#5399,#2680,#2681);
#2182=AXIS2_PLACEMENT_3D('',#5401,#2683,#2684);
#2183=AXIS2_PLACEMENT_3D('',#5403,#2686,#2687);
#2184=AXIS2_PLACEMENT_3D('',#5405,#2689,#2690);
#2185=AXIS2_PLACEMENT_3D('',#5407,#2692,#2693);
#2186=AXIS2_PLACEMENT_3D('',#5414,#2694,#2695);
#2187=AXIS2_PLACEMENT_3D('',#5415,#2696,#2697);
#2188=AXIS2_PLACEMENT_3D('',#5417,#2698,#2699);
#2189=AXIS2_PLACEMENT_3D('',#5419,#2700,#2701);
#2190=AXIS2_PLACEMENT_3D('',#5420,#2702,#2703);
#2191=AXIS2_PLACEMENT_3D('',#5423,#2705,#2706);
#2192=AXIS2_PLACEMENT_3D('',#5424,#2707,#2708);
#2193=AXIS2_PLACEMENT_3D('',#5427,#2710,#2711);
#2194=AXIS2_PLACEMENT_3D('',#5428,#2712,#2713);
#2195=AXIS2_PLACEMENT_3D('',#5429,#2714,#2715);
#2196=AXIS2_PLACEMENT_3D('',#5431,#2716,#2717);
#2197=AXIS2_PLACEMENT_3D('',#5433,#2718,#2719);
#2198=AXIS2_PLACEMENT_3D('',#5434,#2720,#2721);
#2199=AXIS2_PLACEMENT_3D('',#5437,#2723,#2724);
#2200=AXIS2_PLACEMENT_3D('',#5438,#2725,#2726);
#2201=AXIS2_PLACEMENT_3D('',#5441,#2728,#2729);
#2202=AXIS2_PLACEMENT_3D('',#5442,#2730,#2731);
#2203=DIRECTION('axis',(0.,0.,1.));
#2204=DIRECTION('refdir',(1.,0.,0.));
#2205=DIRECTION('center_axis',(0.,0.,1.));
#2206=DIRECTION('ref_axis',(1.,-7.77020008075951E-14,0.));
#2207=DIRECTION('',(1.22464679914735E-16,-9.50075305981002E-30,1.));
#2208=DIRECTION('center_axis',(0.,0.,-1.));
#2209=DIRECTION('ref_axis',(1.,-7.77020008075951E-14,0.));
#2210=DIRECTION('center_axis',(0.,0.,1.));
#2211=DIRECTION('ref_axis',(1.,-7.77020008075951E-14,0.));
#2212=DIRECTION('',(1.22464679914735E-16,-9.50075305981002E-30,1.));
#2213=DIRECTION('center_axis',(0.,0.,1.));
#2214=DIRECTION('ref_axis',(1.,-7.77020008075951E-14,0.));
#2215=DIRECTION('',(1.22464679914735E-16,-9.50075305981002E-30,1.));
#2216=DIRECTION('center_axis',(0.,0.,1.));
#2217=DIRECTION('ref_axis',(1.,-7.77020008075951E-14,0.));
#2218=DIRECTION('',(1.22464679914735E-16,-9.50075305981002E-30,1.));
#2219=DIRECTION('center_axis',(0.,0.,1.));
#2220=DIRECTION('ref_axis',(1.,-7.77020008075951E-14,0.));
#2221=DIRECTION('',(1.22464679914735E-16,-9.50075305981001E-30,1.));
#2222=DIRECTION('center_axis',(0.,0.,1.));
#2223=DIRECTION('ref_axis',(1.,-7.77020008075951E-14,0.));
#2224=DIRECTION('',(1.22464679914735E-16,-9.50075305981001E-30,1.));
#2225=DIRECTION('center_axis',(0.,0.,1.));
#2226=DIRECTION('ref_axis',(1.,-7.77020008075951E-14,0.));
#2227=DIRECTION('',(1.22464679914735E-16,-9.50075305981001E-30,1.));
#2228=DIRECTION('center_axis',(0.,0.,1.));
#2229=DIRECTION('ref_axis',(1.,-7.77020008075951E-14,0.));
#2230=DIRECTION('',(1.22464679914735E-16,-9.50075305981001E-30,1.));
#2231=DIRECTION('center_axis',(0.,0.,1.));
#2232=DIRECTION('ref_axis',(1.,-7.77020008075951E-14,0.));
#2233=DIRECTION('',(1.22464679914735E-16,-9.50075305981001E-30,1.));
#2234=DIRECTION('center_axis',(0.,0.,1.));
#2235=DIRECTION('ref_axis',(1.,-7.77020008075951E-14,0.));
#2236=DIRECTION('',(1.22464679914735E-16,-9.50075305981001E-30,1.));
#2237=DIRECTION('center_axis',(0.,0.,1.));
#2238=DIRECTION('ref_axis',(1.,-7.77020008075951E-14,0.));
#2239=DIRECTION('',(1.22464679914735E-16,-9.50075305981001E-30,1.));
#2240=DIRECTION('center_axis',(0.,0.,1.));
#2241=DIRECTION('ref_axis',(1.,-7.77020008075951E-14,0.));
#2242=DIRECTION('',(1.22464679914735E-16,-9.50075305981001E-30,1.));
#2243=DIRECTION('center_axis',(0.,0.,1.));
#2244=DIRECTION('ref_axis',(1.,-7.77020008075951E-14,0.));
#2245=DIRECTION('',(1.22464679914735E-16,-9.50075305981001E-30,1.));
#2246=DIRECTION('center_axis',(0.,0.,1.));
#2247=DIRECTION('ref_axis',(1.,-7.77020008075951E-14,0.));
#2248=DIRECTION('',(1.22464679914735E-16,-9.50075305981002E-30,1.));
#2249=DIRECTION('center_axis',(0.,0.,1.));
#2250=DIRECTION('ref_axis',(-0.609173902500057,0.793036667823658,0.));
#2251=DIRECTION('',(1.22464679914735E-16,-9.50075305981001E-30,1.));
#2252=DIRECTION('center_axis',(0.,0.,-1.));
#2253=DIRECTION('ref_axis',(1.,-7.77020008075951E-14,0.));
#2254=DIRECTION('center_axis',(0.,0.,1.));
#2255=DIRECTION('ref_axis',(-0.346905240194484,-0.937900183561986,0.));
#2256=DIRECTION('',(0.,0.,1.));
#2257=DIRECTION('center_axis',(0.,0.,-1.));
#2258=DIRECTION('ref_axis',(1.,0.,0.));
#2259=DIRECTION('center_axis',(0.,0.,1.));
#2260=DIRECTION('ref_axis',(1.,0.,0.));
#2261=DIRECTION('',(0.,0.,1.));
#2262=DIRECTION('center_axis',(0.,0.,1.));
#2263=DIRECTION('ref_axis',(1.,0.,0.));
#2264=DIRECTION('',(0.,0.,1.));
#2265=DIRECTION('center_axis',(0.,0.,1.));
#2266=DIRECTION('ref_axis',(1.,0.,0.));
#2267=DIRECTION('',(0.,0.,1.));
#2268=DIRECTION('center_axis',(0.,0.,1.));
#2269=DIRECTION('ref_axis',(1.,0.,0.));
#2270=DIRECTION('',(0.,0.,1.));
#2271=DIRECTION('center_axis',(0.,0.,1.));
#2272=DIRECTION('ref_axis',(1.,0.,0.));
#2273=DIRECTION('',(0.,0.,1.));
#2274=DIRECTION('center_axis',(0.,0.,1.));
#2275=DIRECTION('ref_axis',(1.,0.,0.));
#2276=DIRECTION('',(0.,0.,1.));
#2277=DIRECTION('center_axis',(0.,0.,1.));
#2278=DIRECTION('ref_axis',(1.,0.,0.));
#2279=DIRECTION('',(0.,0.,1.));
#2280=DIRECTION('center_axis',(0.,0.,1.));
#2281=DIRECTION('ref_axis',(1.,0.,0.));
#2282=DIRECTION('',(0.,0.,1.));
#2283=DIRECTION('center_axis',(0.,0.,1.));
#2284=DIRECTION('ref_axis',(1.,0.,0.));
#2285=DIRECTION('',(0.,0.,1.));
#2286=DIRECTION('center_axis',(0.,0.,1.));
#2287=DIRECTION('ref_axis',(1.,0.,0.));
#2288=DIRECTION('',(0.,0.,1.));
#2289=DIRECTION('center_axis',(0.,0.,1.));
#2290=DIRECTION('ref_axis',(1.,0.,0.));
#2291=DIRECTION('',(0.,0.,1.));
#2292=DIRECTION('center_axis',(0.,0.,1.));
#2293=DIRECTION('ref_axis',(1.,0.,0.));
#2294=DIRECTION('',(0.,0.,1.));
#2295=DIRECTION('center_axis',(0.,0.,1.));
#2296=DIRECTION('ref_axis',(1.,0.,0.));
#2297=DIRECTION('',(0.,0.,1.));
#2298=DIRECTION('center_axis',(0.,0.,1.));
#2299=DIRECTION('ref_axis',(0.938004160926138,0.346623995253143,0.));
#2300=DIRECTION('',(0.,0.,1.));
#2301=DIRECTION('center_axis',(0.,0.,-1.));
#2302=DIRECTION('ref_axis',(1.,0.,0.));
#2303=DIRECTION('center_axis',(0.,0.,1.));
#2304=DIRECTION('ref_axis',(-1.,0.,0.));
#2305=DIRECTION('center_axis',(0.,0.,1.));
#2306=DIRECTION('ref_axis',(-1.,0.,0.));
#2307=DIRECTION('',(0.,0.,1.));
#2308=DIRECTION('center_axis',(0.,0.,1.));
#2309=DIRECTION('ref_axis',(-1.,0.,0.));
#2310=DIRECTION('center_axis',(0.,0.,1.));
#2311=DIRECTION('ref_axis',(-1.,0.,0.));
#2312=DIRECTION('center_axis',(0.,0.,1.));
#2313=DIRECTION('ref_axis',(1.,0.,0.));
#2314=DIRECTION('center_axis',(0.,0.,-1.));
#2315=DIRECTION('ref_axis',(1.,0.,0.));
#2316=DIRECTION('center_axis',(0.,0.,-1.));
#2317=DIRECTION('ref_axis',(1.,0.,0.));
#2318=DIRECTION('',(-0.707106781186549,-8.65956056235495E-17,-0.707106781186546));
#2319=DIRECTION('center_axis',(0.,0.,1.));
#2320=DIRECTION('ref_axis',(1.,0.,0.));
#2321=DIRECTION('center_axis',(0.,0.,1.));
#2322=DIRECTION('ref_axis',(1.,0.,0.));
#2323=DIRECTION('',(0.,0.,-1.));
#2324=DIRECTION('center_axis',(0.,0.,-1.));
#2325=DIRECTION('ref_axis',(-1.,0.,0.));
#2326=DIRECTION('center_axis',(0.,0.,-1.));
#2327=DIRECTION('ref_axis',(0.967142857142855,-0.254233541999388,0.));
#2328=DIRECTION('center_axis',(-0.707106781186548,0.,-0.707106781186548));
#2329=DIRECTION('ref_axis',(0.707106781186547,0.,-0.707106781186547));
#2330=DIRECTION('center_axis',(0.,0.,-1.));
#2331=DIRECTION('ref_axis',(0.,1.,0.));
#2332=DIRECTION('center_axis',(0.,0.,-1.));
#2333=DIRECTION('ref_axis',(-1.,0.,0.));
#2334=DIRECTION('center_axis',(0.,0.,1.));
#2335=DIRECTION('ref_axis',(1.,0.,0.));
#2336=DIRECTION('center_axis',(0.,0.,1.));
#2337=DIRECTION('ref_axis',(1.,-7.77020008075951E-14,0.));
#2338=DIRECTION('center_axis',(-0.707106781186548,0.,-0.707106781186548));
#2339=DIRECTION('ref_axis',(0.,-1.,0.));
#2340=DIRECTION('',(-0.707106781186598,-1.099064721079E-14,0.707106781186498));
#2341=DIRECTION('',(0.,1.,0.));
#2342=DIRECTION('',(0.707106781186598,0.,-0.707106781186498));
#2343=DIRECTION('',(0.,-1.,0.));
#2344=DIRECTION('',(0.,-1.,0.));
#2345=DIRECTION('center_axis',(0.,0.,-1.));
#2346=DIRECTION('ref_axis',(-1.,0.,0.));
#2347=DIRECTION('center_axis',(0.,0.,1.));
#2348=DIRECTION('ref_axis',(0.199999999999994,-0.979795897113273,0.));
#2349=DIRECTION('center_axis',(0.,0.,1.));
#2350=DIRECTION('ref_axis',(0.0547842124466227,-0.998498217357749,0.));
#2351=DIRECTION('center_axis',(0.,0.,1.));
#2352=DIRECTION('ref_axis',(1.,0.,0.));
#2353=DIRECTION('',(0.707106781186598,0.,-0.707106781186498));
#2354=DIRECTION('center_axis',(0.,0.,-1.));
#2355=DIRECTION('ref_axis',(-1.,0.,0.));
#2356=DIRECTION('center_axis',(0.,0.,-1.));
#2357=DIRECTION('ref_axis',(-1.,0.,0.));
#2358=DIRECTION('center_axis',(0.707106781186548,0.,0.707106781186548));
#2359=DIRECTION('ref_axis',(0.,1.,0.));
#2360=DIRECTION('',(-0.707106781186547,0.,0.707106781186547));
#2361=DIRECTION('',(0.,1.,0.));
#2362=DIRECTION('',(0.,-1.,0.));
#2363=DIRECTION('center_axis',(0.,0.,-1.));
#2364=DIRECTION('ref_axis',(-1.,0.,0.));
#2365=DIRECTION('',(-0.707106781186598,0.,-0.707106781186498));
#2366=DIRECTION('center_axis',(0.,0.,1.));
#2367=DIRECTION('ref_axis',(-1.,0.,0.));
#2368=DIRECTION('center_axis',(0.,0.,1.));
#2369=DIRECTION('ref_axis',(-1.,0.,0.));
#2370=DIRECTION('center_axis',(0.707106781186548,0.,-0.707106781186548));
#2371=DIRECTION('ref_axis',(0.,1.,0.));
#2372=DIRECTION('',(0.,1.,0.));
#2373=DIRECTION('',(0.707106781186598,0.,0.707106781186498));
#2374=DIRECTION('',(0.,-1.,0.));
#2375=DIRECTION('center_axis',(-1.,0.,0.));
#2376=DIRECTION('ref_axis',(0.,0.,1.));
#2377=DIRECTION('',(0.,0.,-1.));
#2378=DIRECTION('',(0.,0.,1.));
#2379=DIRECTION('',(0.,1.,0.));
#2380=DIRECTION('center_axis',(0.,0.,-1.));
#2381=DIRECTION('ref_axis',(-1.,0.,0.));
#2382=DIRECTION('',(0.,0.,1.));
#2383=DIRECTION('center_axis',(0.,0.,-1.));
#2384=DIRECTION('ref_axis',(1.,0.,0.));
#2385=DIRECTION('center_axis',(-1.,0.,0.));
#2386=DIRECTION('ref_axis',(0.,0.,1.));
#2387=DIRECTION('',(0.,0.,-1.));
#2388=DIRECTION('',(0.,-1.,0.));
#2389=DIRECTION('center_axis',(0.,0.,-1.));
#2390=DIRECTION('ref_axis',(-1.,0.,0.));
#2391=DIRECTION('',(0.,0.,1.));
#2392=DIRECTION('center_axis',(0.,0.,1.));
#2393=DIRECTION('ref_axis',(-0.657142857142858,0.753766054758452,0.));
#2394=DIRECTION('center_axis',(0.,0.,-1.));
#2395=DIRECTION('ref_axis',(-1.,0.,0.));
#2396=DIRECTION('',(0.,0.,1.));
#2397=DIRECTION('center_axis',(0.,0.,-1.));
#2398=DIRECTION('ref_axis',(1.,0.,0.));
#2399=DIRECTION('center_axis',(1.,0.,0.));
#2400=DIRECTION('ref_axis',(0.,1.,0.));
#2401=DIRECTION('',(0.,0.,-1.));
#2402=DIRECTION('',(0.,-1.,0.));
#2403=DIRECTION('',(0.,0.,-1.));
#2404=DIRECTION('',(0.,-1.,0.));
#2405=DIRECTION('',(0.,0.,1.));
#2406=DIRECTION('',(0.,-1.,0.));
#2407=DIRECTION('center_axis',(0.,0.,-1.));
#2408=DIRECTION('ref_axis',(-1.,0.,0.));
#2409=DIRECTION('',(0.,0.,1.));
#2410=DIRECTION('center_axis',(0.,0.,1.));
#2411=DIRECTION('ref_axis',(1.,0.,0.));
#2412=DIRECTION('center_axis',(0.,0.,-1.));
#2413=DIRECTION('ref_axis',(0.199999999999994,0.979795897113273,0.));
#2414=DIRECTION('center_axis',(0.,0.,-1.));
#2415=DIRECTION('ref_axis',(-1.,0.,0.));
#2416=DIRECTION('',(0.,0.,1.));
#2417=DIRECTION('center_axis',(0.,0.,-1.));
#2418=DIRECTION('ref_axis',(-0.657142857142858,-0.753766054758452,0.));
#2419=DIRECTION('center_axis',(0.,0.,1.));
#2420=DIRECTION('ref_axis',(-1.,0.,0.));
#2421=DIRECTION('center_axis',(1.,0.,0.));
#2422=DIRECTION('ref_axis',(0.,0.,-1.));
#2423=DIRECTION('',(0.,0.,-1.));
#2424=DIRECTION('',(0.,1.,0.));
#2425=DIRECTION('',(0.,-1.,0.));
#2426=DIRECTION('center_axis',(0.,0.,-1.));
#2427=DIRECTION('ref_axis',(-1.,0.,0.));
#2428=DIRECTION('',(0.,0.,1.));
#2429=DIRECTION('center_axis',(0.,0.,1.));
#2430=DIRECTION('ref_axis',(1.,0.,0.));
#2431=DIRECTION('center_axis',(0.,0.,-1.));
#2432=DIRECTION('ref_axis',(-1.,0.,0.));
#2433=DIRECTION('center_axis',(1.,0.,0.));
#2434=DIRECTION('ref_axis',(0.,0.,-1.));
#2435=DIRECTION('',(0.,0.,-1.));
#2436=DIRECTION('',(0.,-1.,0.));
#2437=DIRECTION('',(0.,1.,0.));
#2438=DIRECTION('center_axis',(0.,0.,-1.));
#2439=DIRECTION('ref_axis',(-1.,0.,0.));
#2440=DIRECTION('',(0.,0.,1.));
#2441=DIRECTION('center_axis',(0.,0.,-1.));
#2442=DIRECTION('ref_axis',(1.,0.,0.));
#2443=DIRECTION('center_axis',(0.,0.,1.));
#2444=DIRECTION('ref_axis',(0.657142857142858,-0.753766054758452,0.));
#2445=DIRECTION('center_axis',(0.,0.,-1.));
#2446=DIRECTION('ref_axis',(-1.,0.,0.));
#2447=DIRECTION('center_axis',(0.,0.,1.));
#2448=DIRECTION('ref_axis',(-0.657142857142858,0.753766054758452,0.));
#2449=DIRECTION('center_axis',(0.,0.,-1.));
#2450=DIRECTION('ref_axis',(-0.657142857142858,-0.753766054758452,0.));
#2451=DIRECTION('',(0.,0.,1.));
#2452=DIRECTION('center_axis',(0.,0.,-1.));
#2453=DIRECTION('ref_axis',(-1.,0.,0.));
#2454=DIRECTION('center_axis',(0.,0.,1.));
#2455=DIRECTION('ref_axis',(-1.,0.,0.));
#2456=DIRECTION('',(-0.464670170494027,0.532993088747931,-0.707106781186541));
#2457=DIRECTION('',(-0.464670170494027,-0.532993088747931,-0.707106781186541));
#2458=DIRECTION('center_axis',(0.,0.,1.));
#2459=DIRECTION('ref_axis',(1.,0.,0.));
#2460=DIRECTION('center_axis',(0.,0.,1.));
#2461=DIRECTION('ref_axis',(1.,1.036208156317E-14,0.));
#2462=DIRECTION('center_axis',(0.,0.,-1.));
#2463=DIRECTION('ref_axis',(-0.617256327840712,-0.786762115089815,0.));
#2464=DIRECTION('',(0.,-1.,0.));
#2465=DIRECTION('center_axis',(0.,0.,1.));
#2466=DIRECTION('ref_axis',(1.,0.,0.));
#2467=DIRECTION('',(0.,1.,0.));
#2468=DIRECTION('center_axis',(0.,0.,-1.));
#2469=DIRECTION('ref_axis',(1.,0.,0.));
#2470=DIRECTION('center_axis',(0.,0.,-1.));
#2471=DIRECTION('ref_axis',(0.657142857142801,0.753766054758501,0.));
#2472=DIRECTION('center_axis',(0.,0.,-1.));
#2473=DIRECTION('ref_axis',(-1.,0.,0.));
#2474=DIRECTION('center_axis',(0.,0.,-1.));
#2475=DIRECTION('ref_axis',(-1.,0.,0.));
#2476=DIRECTION('center_axis',(0.,0.,-1.));
#2477=DIRECTION('ref_axis',(1.,0.,0.));
#2478=DIRECTION('center_axis',(0.,0.,-1.));
#2479=DIRECTION('ref_axis',(1.,0.,0.));
#2480=DIRECTION('center_axis',(0.,0.,1.));
#2481=DIRECTION('ref_axis',(1.,0.,0.));
#2482=DIRECTION('center_axis',(0.,0.,-1.));
#2483=DIRECTION('ref_axis',(1.,0.,0.));
#2484=DIRECTION('center_axis',(0.,0.,-1.));
#2485=DIRECTION('ref_axis',(-1.,0.,0.));
#2486=DIRECTION('',(0.,0.,-1.));
#2487=DIRECTION('center_axis',(0.,0.,1.));
#2488=DIRECTION('ref_axis',(-1.,0.,0.));
#2489=DIRECTION('center_axis',(0.,0.,-1.));
#2490=DIRECTION('ref_axis',(-1.,0.,0.));
#2491=DIRECTION('',(0.707106781186548,-8.65956056235493E-17,-0.707106781186548));
#2492=DIRECTION('center_axis',(0.,0.,1.));
#2493=DIRECTION('ref_axis',(-1.,0.,0.));
#2494=DIRECTION('center_axis',(0.,0.,1.));
#2495=DIRECTION('ref_axis',(1.,0.,0.));
#2496=DIRECTION('',(-1.,0.,0.));
#2497=DIRECTION('',(0.,1.,0.));
#2498=DIRECTION('center_axis',(0.,0.,-1.));
#2499=DIRECTION('ref_axis',(1.,-1.036208156317E-14,0.));
#2500=DIRECTION('center_axis',(0.,0.,1.));
#2501=DIRECTION('ref_axis',(-0.617256327840712,0.786762115089815,0.));
#2502=DIRECTION('',(0.,1.,0.));
#2503=DIRECTION('center_axis',(0.,0.,-1.));
#2504=DIRECTION('ref_axis',(1.,0.,0.));
#2505=DIRECTION('',(0.,-1.,0.));
#2506=DIRECTION('center_axis',(0.,0.,1.));
#2507=DIRECTION('ref_axis',(1.,0.,0.));
#2508=DIRECTION('center_axis',(0.,0.,-1.));
#2509=DIRECTION('ref_axis',(-0.657142857142908,-0.753766054758409,0.));
#2510=DIRECTION('center_axis',(0.,0.,1.));
#2511=DIRECTION('ref_axis',(0.657142857142801,-0.753766054758501,0.));
#2512=DIRECTION('',(0.,-1.,0.));
#2513=DIRECTION('center_axis',(0.,0.,-1.));
#2514=DIRECTION('ref_axis',(-1.,0.,0.));
#2515=DIRECTION('',(0.,1.,0.));
#2516=DIRECTION('center_axis',(0.,0.,1.));
#2517=DIRECTION('ref_axis',(-1.,0.,0.));
#2518=DIRECTION('center_axis',(0.,0.,-1.));
#2519=DIRECTION('ref_axis',(0.0547842124466227,0.998498217357749,0.));
#2520=DIRECTION('',(0.,1.,0.));
#2521=DIRECTION('',(1.,0.,0.));
#2522=DIRECTION('',(0.,1.,0.));
#2523=DIRECTION('center_axis',(0.,0.,1.));
#2524=DIRECTION('ref_axis',(-1.,0.,0.));
#2525=DIRECTION('center_axis',(0.,0.,1.));
#2526=DIRECTION('ref_axis',(-1.,0.,0.));
#2527=DIRECTION('center_axis',(0.,-0.707106781186598,0.707106781186498));
#2528=DIRECTION('ref_axis',(-1.,0.,0.));
#2529=DIRECTION('',(-0.577350269189626,-0.577350269189626,-0.577350269189626));
#2530=DIRECTION('',(1.,0.,0.));
#2531=DIRECTION('',(0.,0.707106781186547,0.707106781186547));
#2532=DIRECTION('center_axis',(-0.707106781186598,0.,0.707106781186498));
#2533=DIRECTION('ref_axis',(0.,1.,0.));
#2534=DIRECTION('',(-0.577350269189626,0.577350269189626,-0.577350269189626));
#2535=DIRECTION('',(0.,-1.,0.));
#2536=DIRECTION('center_axis',(0.,0.707106781186598,0.707106781186498));
#2537=DIRECTION('ref_axis',(1.,0.,0.));
#2538=DIRECTION('',(0.,0.707106781186547,-0.707106781186547));
#2539=DIRECTION('',(-1.,0.,0.));
#2540=DIRECTION('center_axis',(0.577350269189626,-0.577350269189626,-0.577350269189626));
#2541=DIRECTION('ref_axis',(0.707106781186531,0.707106781186564,-3.33066907387546E-14));
#2542=DIRECTION('',(0.707106781186498,1.256073966947E-14,0.707106781186598));
#2543=DIRECTION('',(-0.707106781186498,-0.707106781186598,0.));
#2544=DIRECTION('center_axis',(0.707106781186598,-0.707106781186498,0.));
#2545=DIRECTION('ref_axis',(0.,0.,1.));
#2546=DIRECTION('',(-0.577350269189626,-0.577350269189626,-0.577350269189626));
#2547=DIRECTION('',(0.,0.,-1.));
#2548=DIRECTION('center_axis',(0.,1.,0.));
#2549=DIRECTION('ref_axis',(0.,0.,1.));
#2550=DIRECTION('',(-1.,0.,0.));
#2551=DIRECTION('',(0.,0.,1.));
#2552=DIRECTION('',(-1.,0.,0.));
#2553=DIRECTION('',(0.,0.,1.));
#2554=DIRECTION('center_axis',(-1.,0.,0.));
#2555=DIRECTION('ref_axis',(0.,-1.,0.));
#2556=DIRECTION('',(0.,0.,1.));
#2557=DIRECTION('',(0.,-1.,0.));
#2558=DIRECTION('center_axis',(0.,-1.,0.));
#2559=DIRECTION('ref_axis',(0.,0.,-1.));
#2560=DIRECTION('',(1.,0.,0.));
#2561=DIRECTION('',(0.,0.,1.));
#2562=DIRECTION('',(1.,0.,0.));
#2563=DIRECTION('',(0.,0.,1.));
#2564=DIRECTION('center_axis',(0.,0.,1.));
#2565=DIRECTION('ref_axis',(1.,0.,0.));
#2566=DIRECTION('',(0.,1.,0.));
#2567=DIRECTION('',(0.,-1.,0.));
#2568=DIRECTION('center_axis',(1.,0.,0.));
#2569=DIRECTION('ref_axis',(0.,1.,0.));
#2570=DIRECTION('',(0.,1.,0.));
#2571=DIRECTION('center_axis',(0.,0.,-1.));
#2572=DIRECTION('ref_axis',(-1.,0.,0.));
#2573=DIRECTION('center_axis',(0.707106781186598,0.,-0.707106781186498));
#2574=DIRECTION('ref_axis',(0.,1.,0.));
#2575=DIRECTION('',(-0.577350269189626,0.577350269189626,-0.577350269189626));
#2576=DIRECTION('center_axis',(0.707106781186598,0.707106781186498,0.));
#2577=DIRECTION('ref_axis',(0.,0.,1.));
#2578=DIRECTION('',(-0.707106781186498,0.707106781186597,0.));
#2579=DIRECTION('center_axis',(0.577350269189626,0.577350269189626,-0.577350269189626));
#2580=DIRECTION('ref_axis',(-0.707106781186531,0.707106781186564,3.33066907387546E-14));
#2581=DIRECTION('',(-0.707106781186547,1.33457858988109E-14,-0.707106781186547));
#2582=DIRECTION('center_axis',(0.707106781186598,0.,-0.707106781186498));
#2583=DIRECTION('ref_axis',(0.,1.,0.));
#2584=DIRECTION('',(0.707106781186498,0.,0.707106781186598));
#2585=DIRECTION('center_axis',(0.,0.,1.));
#2586=DIRECTION('ref_axis',(1.,0.,0.));
#2587=DIRECTION('center_axis',(0.,0.,-1.));
#2588=DIRECTION('ref_axis',(-1.,0.,0.));
#2589=DIRECTION('',(-0.707106781186498,0.,-0.707106781186598));
#2590=DIRECTION('center_axis',(-0.707106781186598,0.,0.707106781186498));
#2591=DIRECTION('ref_axis',(0.,1.,0.));
#2592=DIRECTION('',(0.707106781186498,0.,0.707106781186598));
#2593=DIRECTION('center_axis',(0.,0.,1.));
#2594=DIRECTION('ref_axis',(1.,0.,0.));
#2595=DIRECTION('',(0.707106781186498,0.,-0.707106781186598));
#2596=DIRECTION('center_axis',(-0.707106781186598,0.,-0.707106781186498));
#2597=DIRECTION('ref_axis',(0.,-1.,0.));
#2598=DIRECTION('',(-0.707106781186498,0.,0.707106781186598));
#2599=DIRECTION('center_axis',(0.,0.,-1.));
#2600=DIRECTION('ref_axis',(-1.,0.,0.));
#2601=DIRECTION('',(-0.464670170494002,-0.532993088748003,0.707106781186504));
#2602=DIRECTION('center_axis',(0.,0.,1.));
#2603=DIRECTION('ref_axis',(1.,0.,0.));
#2604=DIRECTION('center_axis',(0.,0.,1.));
#2605=DIRECTION('ref_axis',(-1.,1.22464679914735E-16,0.));
#2606=DIRECTION('',(-0.464670170494003,0.532993088748003,0.707106781186504));
#2607=DIRECTION('center_axis',(0.,0.,-1.));
#2608=DIRECTION('ref_axis',(-1.,0.,0.));
#2609=DIRECTION('',(0.707106781186498,0.,-0.707106781186598));
#2610=DIRECTION('center_axis',(0.707106781186598,0.,0.707106781186498));
#2611=DIRECTION('ref_axis',(0.,-1.,0.));
#2612=DIRECTION('',(-0.707106781186498,0.,0.707106781186598));
#2613=DIRECTION('center_axis',(0.,0.,1.));
#2614=DIRECTION('ref_axis',(1.,0.,0.));
#2615=DIRECTION('',(-0.707106781186498,0.,-0.707106781186598));
#2616=DIRECTION('center_axis',(0.707106781186598,0.,-0.707106781186498));
#2617=DIRECTION('ref_axis',(0.,1.,0.));
#2618=DIRECTION('',(0.707106781186498,0.,0.707106781186598));
#2619=DIRECTION('center_axis',(0.,0.,-1.));
#2620=DIRECTION('ref_axis',(-1.,0.,0.));
#2621=DIRECTION('center_axis',(0.,0.,1.));
#2622=DIRECTION('ref_axis',(1.,0.,0.));
#2623=DIRECTION('',(-0.707106781186498,0.,-0.707106781186598));
#2624=DIRECTION('center_axis',(0.707106781186598,0.,-0.707106781186498));
#2625=DIRECTION('ref_axis',(0.,1.,0.));
#2626=DIRECTION('center_axis',(0.,0.,-1.));
#2627=DIRECTION('ref_axis',(-1.,0.,0.));
#2628=DIRECTION('center_axis',(0.,0.,-1.));
#2629=DIRECTION('ref_axis',(0.657142857142858,0.753766054758452,0.));
#2630=DIRECTION('center_axis',(0.,0.,1.));
#2631=DIRECTION('ref_axis',(1.,0.,0.));
#2632=DIRECTION('center_axis',(0.,0.,-1.));
#2633=DIRECTION('ref_axis',(-1.,0.,0.));
#2634=DIRECTION('center_axis',(0.,0.,-1.));
#2635=DIRECTION('ref_axis',(1.,0.,0.));
#2636=DIRECTION('',(0.707106781186548,-8.65956056235493E-17,-0.707106781186548));
#2637=DIRECTION('center_axis',(0.,0.,-1.));
#2638=DIRECTION('ref_axis',(-1.,0.,0.));
#2639=DIRECTION('center_axis',(0.,0.,-1.));
#2640=DIRECTION('ref_axis',(1.,0.,0.));
#2641=DIRECTION('',(0.,0.,-1.));
#2642=DIRECTION('center_axis',(0.,0.,-1.));
#2643=DIRECTION('ref_axis',(1.,0.,0.));
#2644=DIRECTION('center_axis',(0.,0.,1.));
#2645=DIRECTION('ref_axis',(1.,0.,0.));
#2646=DIRECTION('',(-0.707106781186548,-8.65956056235493E-17,0.707106781186548));
#2647=DIRECTION('center_axis',(0.,0.,-1.));
#2648=DIRECTION('ref_axis',(-1.,0.,0.));
#2649=DIRECTION('center_axis',(0.,0.,1.));
#2650=DIRECTION('ref_axis',(1.,0.,0.));
#2651=DIRECTION('center_axis',(0.,0.,1.));
#2652=DIRECTION('ref_axis',(-1.,0.,0.));
#2653=DIRECTION('center_axis',(0.,0.,1.));
#2654=DIRECTION('ref_axis',(1.,0.,0.));
#2655=DIRECTION('',(0.,0.,1.));
#2656=DIRECTION('center_axis',(0.,0.,-1.));
#2657=DIRECTION('ref_axis',(-1.,0.,0.));
#2658=DIRECTION('center_axis',(0.,0.,-1.));
#2659=DIRECTION('ref_axis',(1.,0.,0.));
#2660=DIRECTION('',(0.707106781186548,-8.65956056235493E-17,-0.707106781186548));
#2661=DIRECTION('center_axis',(0.,0.,-1.));
#2662=DIRECTION('ref_axis',(-1.,0.,0.));
#2663=DIRECTION('center_axis',(0.,0.,-1.));
#2664=DIRECTION('ref_axis',(1.,0.,0.));
#2665=DIRECTION('center_axis',(0.,0.,-1.));
#2666=DIRECTION('ref_axis',(1.,0.,0.));
#2667=DIRECTION('',(0.,0.,-1.));
#2668=DIRECTION('center_axis',(0.,0.,1.));
#2669=DIRECTION('ref_axis',(1.,0.,0.));
#2670=DIRECTION('',(-0.707106781186548,-8.65956056235493E-17,0.707106781186548));
#2671=DIRECTION('center_axis',(0.,0.,-1.));
#2672=DIRECTION('ref_axis',(1.,0.,0.));
#2673=DIRECTION('center_axis',(0.,0.,1.));
#2674=DIRECTION('ref_axis',(1.,0.,0.));
#2675=DIRECTION('center_axis',(0.,0.,1.));
#2676=DIRECTION('ref_axis',(-1.,0.,0.));
#2677=DIRECTION('center_axis',(0.,0.,1.));
#2678=DIRECTION('ref_axis',(1.,0.,0.));
#2679=DIRECTION('',(0.,0.,1.));
#2680=DIRECTION('center_axis',(0.,0.,1.));
#2681=DIRECTION('ref_axis',(1.,0.,0.));
#2682=DIRECTION('',(-0.707106781186598,0.,-0.707106781186498));
#2683=DIRECTION('center_axis',(-0.707106781186548,0.,0.707106781186548));
#2684=DIRECTION('ref_axis',(0.,-1.,0.));
#2685=DIRECTION('',(0.707106781186547,1.25607396694708E-14,0.707106781186547));
#2686=DIRECTION('center_axis',(0.,0.,-1.));
#2687=DIRECTION('ref_axis',(-1.,0.,0.));
#2688=DIRECTION('',(0.707106781186598,0.,-0.707106781186498));
#2689=DIRECTION('center_axis',(-0.707106781186548,0.,-0.707106781186548));
#2690=DIRECTION('ref_axis',(0.,-1.,0.));
#2691=DIRECTION('',(-0.707106781186547,0.,0.707106781186547));
#2692=DIRECTION('center_axis',(0.,0.,1.));
#2693=DIRECTION('ref_axis',(1.,0.,0.));
#2694=DIRECTION('center_axis',(0.,0.,-1.));
#2695=DIRECTION('ref_axis',(-1.,0.,0.));
#2696=DIRECTION('center_axis',(0.,0.,1.));
#2697=DIRECTION('ref_axis',(-1.,0.,0.));
#2698=DIRECTION('center_axis',(0.,0.,1.));
#2699=DIRECTION('ref_axis',(1.,0.,0.));
#2700=DIRECTION('center_axis',(0.,0.,-1.));
#2701=DIRECTION('ref_axis',(1.,0.,0.));
#2702=DIRECTION('center_axis',(0.,0.,-1.));
#2703=DIRECTION('ref_axis',(1.,0.,0.));
#2704=DIRECTION('',(0.,0.,1.));
#2705=DIRECTION('center_axis',(0.,0.,-1.));
#2706=DIRECTION('ref_axis',(1.,0.,0.));
#2707=DIRECTION('center_axis',(0.,0.,-1.));
#2708=DIRECTION('ref_axis',(1.,0.,0.));
#2709=DIRECTION('',(0.,0.,1.));
#2710=DIRECTION('center_axis',(0.,0.,1.));
#2711=DIRECTION('ref_axis',(1.,0.,0.));
#2712=DIRECTION('center_axis',(0.,0.,1.));
#2713=DIRECTION('ref_axis',(1.,0.,0.));
#2714=DIRECTION('center_axis',(0.,0.,1.));
#2715=DIRECTION('ref_axis',(1.,0.,0.));
#2716=DIRECTION('center_axis',(0.,0.,-1.));
#2717=DIRECTION('ref_axis',(1.,0.,0.));
#2718=DIRECTION('center_axis',(0.,0.,1.));
#2719=DIRECTION('ref_axis',(1.,0.,0.));
#2720=DIRECTION('center_axis',(0.,0.,-1.));
#2721=DIRECTION('ref_axis',(1.,0.,0.));
#2722=DIRECTION('',(0.,0.,1.));
#2723=DIRECTION('center_axis',(0.,0.,-1.));
#2724=DIRECTION('ref_axis',(1.,0.,0.));
#2725=DIRECTION('center_axis',(0.,0.,-1.));
#2726=DIRECTION('ref_axis',(1.,0.,0.));
#2727=DIRECTION('',(0.,0.,1.));
#2728=DIRECTION('center_axis',(0.,0.,1.));
#2729=DIRECTION('ref_axis',(1.,0.,0.));
#2730=DIRECTION('center_axis',(0.,0.,1.));
#2731=DIRECTION('ref_axis',(-1.,0.,0.));
#2732=CARTESIAN_POINT('',(0.,0.,0.));
#2733=CARTESIAN_POINT('Origin',(0.,0.,18.7915765528225));
#2734=CARTESIAN_POINT('',(-3.07818336993137,-0.000822801382647231,47.2084234471775));
#2735=CARTESIAN_POINT('',(-3.06854008620571,-0.000348469299163888,47.2915765528225));
#2736=CARTESIAN_POINT('',(-3.0735,2.38440704288425E-13,18.7915765528225));
#2737=CARTESIAN_POINT('',(0.793799282532758,2.96922295374572,48.));
#2738=CARTESIAN_POINT('Ctrl Pts',(-3.06854008620571,-0.000348469299164336,
47.2915765528225));
#2739=CARTESIAN_POINT('Ctrl Pts',(-3.06885689146725,-0.495530127073753,
47.3171196709584));
#2740=CARTESIAN_POINT('Ctrl Pts',(-2.7226041073285,-2.01084307636242,47.3953122968251));
#2741=CARTESIAN_POINT('Ctrl Pts',(-0.351515532035248,-3.60843913962488,
47.5261544304226));
#2742=CARTESIAN_POINT('Ctrl Pts',(2.8318585781564,-2.26889215916458,47.6841029536151));
#2743=CARTESIAN_POINT('Ctrl Pts',(3.44298480177408,1.13501616768283,47.8420514768075));
#2744=CARTESIAN_POINT('Ctrl Pts',(1.77603787230443,2.7066289013681,47.9473504922692));
#2745=CARTESIAN_POINT('Ctrl Pts',(0.793799282532758,2.96922295374572,48.));
#2746=CARTESIAN_POINT('',(-0.79379928253294,2.96922295374567,48.));
#2747=CARTESIAN_POINT('Origin',(0.,0.,48.));
#2748=CARTESIAN_POINT('Ctrl Pts',(-3.07818336993137,-0.000822801382647639,
47.2084234471774));
#2749=CARTESIAN_POINT('Ctrl Pts',(-3.07833934407794,-0.0453301635870221,
47.2107379938923));
#2750=CARTESIAN_POINT('Ctrl Pts',(-3.05737775217899,-1.10210360286579,47.2657020483381));
#2751=CARTESIAN_POINT('Ctrl Pts',(-1.84812212880868,-3.12001827894085,47.3733156105147));
#2752=CARTESIAN_POINT('Ctrl Pts',(1.60237806058485,-3.25353710048191,47.5312641337071));
#2753=CARTESIAN_POINT('Ctrl Pts',(3.60006346468666,-0.436056095417713,47.6892126568996));
#2754=CARTESIAN_POINT('Ctrl Pts',(2.34731143806199,2.73998763690066,47.8454579456638));
#2755=CARTESIAN_POINT('Ctrl Pts',(0.151428570078908,3.22527044265765,47.9490537266974));
#2756=CARTESIAN_POINT('Ctrl Pts',(-0.795614929477336,2.97431677047256,48.));
#2757=CARTESIAN_POINT('Origin',(0.,0.,18.7915765528225));
#2758=CARTESIAN_POINT('',(-3.06982252588027,-0.00186556609493044,46.2084234471774));
#2759=CARTESIAN_POINT('',(-3.07500349847952,0.00255843748047937,46.2915765528225));
#2760=CARTESIAN_POINT('',(-3.0735,2.38440704288425E-13,18.7915765528225));
#2761=CARTESIAN_POINT('Ctrl Pts',(-3.07500349847952,0.00255843748047966,
46.2915765528226));
#2762=CARTESIAN_POINT('Ctrl Pts',(-3.06761548728731,-0.826166393424944,
46.3345559579068));
#2763=CARTESIAN_POINT('Ctrl Pts',(-2.295987484217,-2.68220625926614,46.4301848707219));
#2764=CARTESIAN_POINT('Ctrl Pts',(0.832970158974102,-3.52946092899117,46.5784632912678));
#2765=CARTESIAN_POINT('Ctrl Pts',(3.41080030974118,-1.23198020602398,46.7364118144602));
#2766=CARTESIAN_POINT('Ctrl Pts',(2.89607682005261,2.18262594587335,46.8943603376528));
#2767=CARTESIAN_POINT('Ctrl Pts',(-0.244266753510441,3.61806577547212,47.0523088608452));
#2768=CARTESIAN_POINT('Ctrl Pts',(-2.69137492077572,2.07187750781607,47.1847142659018));
#2769=CARTESIAN_POINT('Ctrl Pts',(-3.06820389205746,0.52513893848396,47.2644701632276));
#2770=CARTESIAN_POINT('Ctrl Pts',(-3.06854008620571,-0.000348469299164336,
47.2915765528225));
#2771=CARTESIAN_POINT('Ctrl Pts',(-3.06982252588027,-0.00186556609493033,
46.2084234471774));
#2772=CARTESIAN_POINT('Ctrl Pts',(-3.07196660308794,-0.384337481110674,
46.2281742808407));
#2773=CARTESIAN_POINT('Ctrl Pts',(-2.82897924558539,-1.78373293836195,46.3005746222348));
#2774=CARTESIAN_POINT('Ctrl Pts',(-0.742065934634421,-3.54970449125441,
46.4256244713598));
#2775=CARTESIAN_POINT('Ctrl Pts',(2.5666903662484,-2.56187728448489,46.5835729945523));
#2776=CARTESIAN_POINT('Ctrl Pts',(3.54830680684003,0.7487468274821,46.7415215177447));
#2777=CARTESIAN_POINT('Ctrl Pts',(1.3127809307204,3.38046474843345,46.8994700409373));
#2778=CARTESIAN_POINT('Ctrl Pts',(-2.06280184967423,2.95364383453034,47.0551040174148));
#2779=CARTESIAN_POINT('Ctrl Pts',(-3.07479136555455,0.967088680832971,47.1580884861615));
#2780=CARTESIAN_POINT('Ctrl Pts',(-3.07818336993137,-0.000822801382647639,
47.2084234471774));
#2781=CARTESIAN_POINT('Origin',(0.,0.,18.7915765528225));
#2782=CARTESIAN_POINT('',(-3.0717456823318,0.00259258443434107,45.2084234471775));
#2783=CARTESIAN_POINT('',(-3.07604129467844,-0.00226796531047257,45.2915765528225));
#2784=CARTESIAN_POINT('',(-3.0735,2.38440704288425E-13,18.7915765528225));
#2785=CARTESIAN_POINT('Ctrl Pts',(-3.07604129467844,-0.00226796531047246,
45.2915765528225));
#2786=CARTESIAN_POINT('Ctrl Pts',(-3.07728037986634,-0.151883357067582,
45.2993427371244));
#2787=CARTESIAN_POINT('Ctrl Pts',(-2.99961974227428,-1.3144994838559,45.359758429157));
#2788=CARTESIAN_POINT('Ctrl Pts',(-1.51830575232315,-3.29330106972812,45.4728236289205));
#2789=CARTESIAN_POINT('Ctrl Pts',(1.92764447141536,-3.07168802509068,45.630772152113));
#2790=CARTESIAN_POINT('Ctrl Pts',(3.62585888839198,-0.0650700762241698,
45.7887206753054));
#2791=CARTESIAN_POINT('Ctrl Pts',(2.03661575478541,3.0005472775415,45.946669198498));
#2792=CARTESIAN_POINT('Ctrl Pts',(-1.39916188753215,3.34565511303302,46.1046177216903));
#2793=CARTESIAN_POINT('Ctrl Pts',(-2.97664905465809,1.38887841104233,46.2195868397986));
#2794=CARTESIAN_POINT('Ctrl Pts',(-3.07666575570347,0.189016443702307,46.281906450176));
#2795=CARTESIAN_POINT('Ctrl Pts',(-3.07500349847952,0.00255843748047966,
46.2915765528226));
#2796=CARTESIAN_POINT('Ctrl Pts',(-3.0717456823318,0.00259258443434097,
45.2084234471775));
#2797=CARTESIAN_POINT('Ctrl Pts',(-3.06588640715428,-0.716392719343678,
45.2456105677892));
#2798=CARTESIAN_POINT('Ctrl Pts',(-2.45669314832415,-2.46226386670547,45.3354471961316));
#2799=CARTESIAN_POINT('Ctrl Pts',(0.443432117792687,-3.59922946011118,45.477933332205));
#2800=CARTESIAN_POINT('Ctrl Pts',(3.25622831969013,-1.59626520839894,45.6358818553974));
#2801=CARTESIAN_POINT('Ctrl Pts',(3.11670134213951,1.85398454293384,45.79383037859));
#2802=CARTESIAN_POINT('Ctrl Pts',(0.151356039484328,3.62328215032299,45.9517789017824));
#2803=CARTESIAN_POINT('Ctrl Pts',(-2.56325449393407,2.29700881494978,46.0899765913116));
#2804=CARTESIAN_POINT('Ctrl Pts',(-3.06625116790961,0.635212295356017,46.1755247731099));
#2805=CARTESIAN_POINT('Ctrl Pts',(-3.06982252588027,-0.00186556609493033,
46.2084234471774));
#2806=CARTESIAN_POINT('Origin',(0.,0.,18.7915765528225));
#2807=CARTESIAN_POINT('',(-3.07825227207374,-0.000684786952032113,44.2084234471775));
#2808=CARTESIAN_POINT('',(-3.06862982797592,-0.000348405946303445,44.2915765528225));
#2809=CARTESIAN_POINT('',(-3.0735,2.38440704288425E-13,18.7915765528225));
#2810=CARTESIAN_POINT('Ctrl Pts',(-3.06862982797592,-0.000348405946303428,
44.2915765528225));
#2811=CARTESIAN_POINT('Ctrl Pts',(-3.06912910894944,-0.488865698262644,
44.3167790240728));
#2812=CARTESIAN_POINT('Ctrl Pts',(-2.7294779366733,-1.9972697624228,44.3946310030538));
#2813=CARTESIAN_POINT('Ctrl Pts',(-0.374021692786164,-3.60710289465281,
44.5251324897657));
#2814=CARTESIAN_POINT('Ctrl Pts',(2.81594754062127,-2.28506518361519,44.6830810129582));
#2815=CARTESIAN_POINT('Ctrl Pts',(3.45278279712556,1.10877160989896,44.8410295361506));
#2816=CARTESIAN_POINT('Ctrl Pts',(0.959084873954321,3.4973189500012,44.9989780593431));
#2817=CARTESIAN_POINT('Ctrl Pts',(-2.23881712445364,2.75342167371172,45.1491603982337));
#2818=CARTESIAN_POINT('Ctrl Pts',(-3.0688802154299,0.862408400482572,45.2466932293935));
#2819=CARTESIAN_POINT('Ctrl Pts',(-3.07604129467844,-0.00226796531047246,
45.2915765528225));
#2820=CARTESIAN_POINT('Ctrl Pts',(-3.07825227207373,-0.000684786952032399,
44.2084234471775));
#2821=CARTESIAN_POINT('Ctrl Pts',(-3.07836791269241,-0.0386399738667663,
44.2103973470067));
#2822=CARTESIAN_POINT('Ctrl Pts',(-3.06060448760357,-1.08885693590532,44.2650207545668));
#2823=CARTESIAN_POINT('Ctrl Pts',(-1.86812051829565,-3.10824884480333,44.3722936698577));
#2824=CARTESIAN_POINT('Ctrl Pts',(1.58145963200882,-3.26344458730833,44.5302421930502));
#2825=CARTESIAN_POINT('Ctrl Pts',(3.59717843185034,-0.459774379336208,44.6881907162426));
#2826=CARTESIAN_POINT('Ctrl Pts',(2.35144495084952,2.76075928207915,44.8461392394352));
#2827=CARTESIAN_POINT('Ctrl Pts',(-1.02627215127632,3.4781964533203,45.0040877626276));
#2828=CARTESIAN_POINT('Ctrl Pts',(-2.89732863120227,1.61561866781055,45.1248491652084));
#2829=CARTESIAN_POINT('Ctrl Pts',(-3.07418196617261,0.301546332858873,45.1929610600583));
#2830=CARTESIAN_POINT('Ctrl Pts',(-3.0717456823318,0.00259258443434097,
45.2084234471775));
#2831=CARTESIAN_POINT('Origin',(0.,0.,18.7915765528225));
#2832=CARTESIAN_POINT('',(-3.06994812989869,-0.00194199908572418,43.2084234471774));
#2833=CARTESIAN_POINT('',(-3.07481044889266,0.00259571803471429,43.2915765528225));
#2834=CARTESIAN_POINT('',(-3.0735,2.38440704288425E-13,18.7915765528225));
#2835=CARTESIAN_POINT('Ctrl Pts',(-3.07481044889266,0.00259571803471439,
43.2915765528225));
#2836=CARTESIAN_POINT('Ctrl Pts',(-3.06742978459866,-0.819692322713577,
43.3342153110212));
#2837=CARTESIAN_POINT('Ctrl Pts',(-2.30599203031291,-2.66939328769809,43.4295035769507));
#2838=CARTESIAN_POINT('Ctrl Pts',(0.810302482597534,-3.53475506714365,43.5774413506108));
#2839=CARTESIAN_POINT('Ctrl Pts',(3.40279582352409,-1.25381979570072,43.7353898738034));
#2840=CARTESIAN_POINT('Ctrl Pts',(2.91007768289654,2.16391575088338,43.8933383969958));
#2841=CARTESIAN_POINT('Ctrl Pts',(-0.221119387342482,3.61969469947146,44.0512869201883));
#2842=CARTESIAN_POINT('Ctrl Pts',(-2.68420557058331,2.08497954435237,44.1840329721305));
#2843=CARTESIAN_POINT('Ctrl Pts',(-3.06808608038236,0.531676878815657,44.2641295163419));
#2844=CARTESIAN_POINT('Ctrl Pts',(-3.06862982797592,-0.000348405946303428,
44.2915765528225));
#2845=CARTESIAN_POINT('Ctrl Pts',(-3.06994812989869,-0.00194199908572428,
43.2084234471774));
#2846=CARTESIAN_POINT('Ctrl Pts',(-3.07214774306989,-0.377778595424394,
43.2278336339551));
#2847=CARTESIAN_POINT('Ctrl Pts',(-2.83472033207202,-1.77037777644467,43.2998933284636));
#2848=CARTESIAN_POINT('Ctrl Pts',(-0.764843336829472,-3.54486950661977,
43.424602530703));
#2849=CARTESIAN_POINT('Ctrl Pts',(2.55018774728439,-2.57829936242646,43.5825510538953));
#2850=CARTESIAN_POINT('Ctrl Pts',(3.55304116138907,0.725936398180739,43.7404995770879));
#2851=CARTESIAN_POINT('Ctrl Pts',(1.33446021532592,3.37198770504668,43.8984481002803));
#2852=CARTESIAN_POINT('Ctrl Pts',(-2.05118894278273,2.96589946718037,44.0544227236435));
#2853=CARTESIAN_POINT('Ctrl Pts',(-3.07528344935906,0.973732527141684,44.1577478392759));
#2854=CARTESIAN_POINT('Ctrl Pts',(-3.07825227207373,-0.000684786952032399,
44.2084234471775));
#2855=CARTESIAN_POINT('Origin',(0.,0.,18.7915765528225));
#2856=CARTESIAN_POINT('',(-3.07156959501271,0.00255592600473004,42.2084234471775));
#2857=CARTESIAN_POINT('',(-3.07621706086883,-0.00220223090633469,42.2915765528225));
#2858=CARTESIAN_POINT('',(-3.0735,2.38440704288425E-13,18.7915765528225));
#2859=CARTESIAN_POINT('Ctrl Pts',(-3.07621706086883,-0.00220223090633461,
42.2915765528225));
#2860=CARTESIAN_POINT('Ctrl Pts',(-3.07737789051865,-0.145233747030232,
42.2990020902387));
#2861=CARTESIAN_POINT('Ctrl Pts',(-3.00357371220409,-1.30120218438826,42.3590771353858));
#2862=CARTESIAN_POINT('Ctrl Pts',(-1.53942084966265,-3.28348396450054,42.4718016882636));
#2863=CARTESIAN_POINT('Ctrl Pts',(1.90788165503787,-3.08400244615507,42.629750211456));
#2864=CARTESIAN_POINT('Ctrl Pts',(3.62536588871043,-0.0883497055713589,
42.7876987346486));
#2865=CARTESIAN_POINT('Ctrl Pts',(2.0558411316138,2.98740702601136,42.945647257841));
#2866=CARTESIAN_POINT('Ctrl Pts',(-1.3776522539455,3.35457266500219,43.1035957810335));
#2867=CARTESIAN_POINT('Ctrl Pts',(-2.97237893803177,1.40219227376415,43.2189055460273));
#2868=CARTESIAN_POINT('Ctrl Pts',(-3.07654328504339,0.195652926242046,43.2815658032903));
#2869=CARTESIAN_POINT('Ctrl Pts',(-3.07481044889266,0.00259571803471439,
43.2915765528225));
#2870=CARTESIAN_POINT('Ctrl Pts',(-3.07156959501271,0.00255592600473024,
42.2084234471775));
#2871=CARTESIAN_POINT('Ctrl Pts',(-3.06587070787215,-0.709946759841326,
42.2452699209035));
#2872=CARTESIAN_POINT('Ctrl Pts',(-2.46553685547056,-2.44920131398441,42.3347659023604));
#2873=CARTESIAN_POINT('Ctrl Pts',(0.420312328942955,-3.60200259507476,42.4769113915481));
#2874=CARTESIAN_POINT('Ctrl Pts',(3.24591157868173,-1.61714043056383,42.6348599147406));
#2875=CARTESIAN_POINT('Ctrl Pts',(3.12854151996793,1.83393377923511,42.7928084379331));
#2876=CARTESIAN_POINT('Ctrl Pts',(0.174618015388431,3.62223600797862,42.9507569611255));
#2877=CARTESIAN_POINT('Ctrl Pts',(-2.55516473803139,2.31019333872498,43.0892952975403));
#2878=CARTESIAN_POINT('Ctrl Pts',(-3.0661813630454,0.641666091590838,43.1751841262243));
#2879=CARTESIAN_POINT('Ctrl Pts',(-3.06994812989869,-0.00194199908572428,
43.2084234471774));
#2880=CARTESIAN_POINT('Origin',(0.,0.,18.7915765528225));
#2881=CARTESIAN_POINT('',(-3.0783115067019,-0.000568895206801701,41.2084234471775));
#2882=CARTESIAN_POINT('',(-3.06865570417098,-0.000453321846040485,41.2915765528226));
#2883=CARTESIAN_POINT('',(-3.0735,2.38440704288425E-13,18.7915765528225));
#2884=CARTESIAN_POINT('Ctrl Pts',(-3.06865570417098,-0.000453321846040564,
41.2915765528226));
#2885=CARTESIAN_POINT('Ctrl Pts',(-3.06929686218048,-0.482357458760784,
41.3164383771871));
#2886=CARTESIAN_POINT('Ctrl Pts',(-2.73612481625418,-1.98394414212335,41.3939497092825));
#2887=CARTESIAN_POINT('Ctrl Pts',(-0.39717518645371,-3.6046269389184,41.5241105491088));
#2888=CARTESIAN_POINT('Ctrl Pts',(2.80121709466485,-2.30309927837867,41.6820590723013));
#2889=CARTESIAN_POINT('Ctrl Pts',(3.45983103121752,1.08657845226883,41.8400075954937));
#2890=CARTESIAN_POINT('Ctrl Pts',(0.98152139776959,3.49108854703382,41.9979561186862));
#2891=CARTESIAN_POINT('Ctrl Pts',(-2.22835552046992,2.76609968241509,42.1484791044625));
#2892=CARTESIAN_POINT('Ctrl Pts',(-3.06914722569306,0.868906845338436,42.2463525825079));
#2893=CARTESIAN_POINT('Ctrl Pts',(-3.07621706086883,-0.00220223090633461,
42.2915765528225));
#2894=CARTESIAN_POINT('Ctrl Pts',(-3.0783115067019,-0.000568895206802329,
41.2084234471775));
#2895=CARTESIAN_POINT('Ctrl Pts',(-3.07839218763194,-0.0319723232962127,
41.2100567001211));
#2896=CARTESIAN_POINT('Ctrl Pts',(-3.06378744363693,-1.07561914717226,41.2643394607956));
#2897=CARTESIAN_POINT('Ctrl Pts',(-1.8880400681639,-3.09618956942127,41.3712717292008));
#2898=CARTESIAN_POINT('Ctrl Pts',(1.56047245801601,-3.27353186276826,41.5292202523933));
#2899=CARTESIAN_POINT('Ctrl Pts',(3.59415206613725,-0.482862376114352,41.6871687755858));
#2900=CARTESIAN_POINT('Ctrl Pts',(2.36912330708566,2.74560374136707,41.8451172987782));
#2901=CARTESIAN_POINT('Ctrl Pts',(-1.00391750087218,3.48471445031414,42.0030658219707));
#2902=CARTESIAN_POINT('Ctrl Pts',(-2.89220657022652,1.62896908541021,42.1241678714371));
#2903=CARTESIAN_POINT('Ctrl Pts',(-3.07401378296787,0.308140233925946,42.1926204131727));
#2904=CARTESIAN_POINT('Ctrl Pts',(-3.07156959501271,0.00255592600473024,
42.2084234471775));
#2905=CARTESIAN_POINT('Origin',(0.,0.,18.7915765528225));
#2906=CARTESIAN_POINT('',(-3.07007902823412,-0.00201594732084837,40.2084234471775));
#2907=CARTESIAN_POINT('',(-3.07461627124938,0.00262886338954109,40.2915765528226));
#2908=CARTESIAN_POINT('',(-3.0735,2.38440704288425E-13,18.7915765528225));
#2909=CARTESIAN_POINT('Ctrl Pts',(-3.07461627124938,0.00262886338954105,
40.2915765528226));
#2910=CARTESIAN_POINT('Ctrl Pts',(-3.06725465478892,-0.813222759712623,
40.3338746641355));
#2911=CARTESIAN_POINT('Ctrl Pts',(-2.31592191237297,-2.65657013499123,40.4288222831793));
#2912=CARTESIAN_POINT('Ctrl Pts',(0.787589121694618,-3.53988514967634,40.576419409954));
#2913=CARTESIAN_POINT('Ctrl Pts',(3.3946749006705,-1.27564329507455,40.7343679331465));
#2914=CARTESIAN_POINT('Ctrl Pts',(2.92391219157847,2.14518553823429,40.8923164563389));
#2915=CARTESIAN_POINT('Ctrl Pts',(-0.19787277484825,3.621039886895,41.0502649795314));
#2916=CARTESIAN_POINT('Ctrl Pts',(-2.67710840373058,2.09827419304316,41.1833516783593));
#2917=CARTESIAN_POINT('Ctrl Pts',(-3.06793909160489,0.538163610406762,41.2637888694563));
#2918=CARTESIAN_POINT('Ctrl Pts',(-3.06865570417098,-0.000453321846040564,
41.2915765528226));
#2919=CARTESIAN_POINT('Ctrl Pts',(-3.07007902823412,-0.00201594732084882,
40.2084234471775));
#2920=CARTESIAN_POINT('Ctrl Pts',(-3.07232846558888,-0.371217057727968,
40.2274929870695));
#2921=CARTESIAN_POINT('Ctrl Pts',(-2.84040679688832,-1.7570228264745,40.2992120346924));
#2922=CARTESIAN_POINT('Ctrl Pts',(-0.787589171140145,-3.53988537191365,
40.423580590046));
#2923=CARTESIAN_POINT('Ctrl Pts',(2.53357991954194,-2.59462096269942,40.5815291132385));
#2924=CARTESIAN_POINT('Ctrl Pts',(3.55762915252542,0.703107361564904,40.7394776364309));
#2925=CARTESIAN_POINT('Ctrl Pts',(1.35608423331369,3.36334962514209,40.8974261596234));
#2926=CARTESIAN_POINT('Ctrl Pts',(-2.0395023855008,2.97816961099848,41.0537414298722));
#2927=CARTESIAN_POINT('Ctrl Pts',(-3.07579135885871,0.980347927781858,41.1574071923903));
#2928=CARTESIAN_POINT('Ctrl Pts',(-3.0783115067019,-0.000568895206802329,
41.2084234471775));
#2929=CARTESIAN_POINT('Origin',(0.,0.,18.7915765528225));
#2930=CARTESIAN_POINT('',(-3.07139681466219,0.00251530201483524,39.2084234471775));
#2931=CARTESIAN_POINT('',(-3.07638895804836,-0.00213244753297339,39.2915765528226));
#2932=CARTESIAN_POINT('',(-3.0735,2.38440704288425E-13,18.7915765528225));
#2933=CARTESIAN_POINT('Ctrl Pts',(-3.07638895804836,-0.00213244753297412,
39.2915765528226));
#2934=CARTESIAN_POINT('Ctrl Pts',(-3.07747146200732,-0.138582468981681,
39.2986614433531));
#2935=CARTESIAN_POINT('Ctrl Pts',(-3.00748078360956,-1.28790804258006,39.3583958416145));
#2936=CARTESIAN_POINT('Ctrl Pts',(-1.56047236004801,-3.27353165725291,39.4707797476067));
#2937=CARTESIAN_POINT('Ctrl Pts',(1.88803994963103,-3.09618937503958,39.6287282707992));
#2938=CARTESIAN_POINT('Ctrl Pts',(3.62472385911901,-0.111626352821053,39.7866767939916));
#2939=CARTESIAN_POINT('Ctrl Pts',(2.07498088653665,2.97414488853829,39.9446253171842));
#2940=CARTESIAN_POINT('Ctrl Pts',(-1.35608414817755,3.36334941398784,40.1025738403765));
#2941=CARTESIAN_POINT('Ctrl Pts',(-2.96806225058196,1.41551167579041,40.2182242522561));
#2942=CARTESIAN_POINT('Ctrl Pts',(-3.07641784129335,0.202287980705013,40.2812251564047));
#2943=CARTESIAN_POINT('Ctrl Pts',(-3.07461627124938,0.00262886338954105,
40.2915765528226));
#2944=CARTESIAN_POINT('Ctrl Pts',(-3.07139681466219,0.00251530201483524,
39.2084234471775));
#2945=CARTESIAN_POINT('Ctrl Pts',(-3.06586338276837,-0.703500860372435,
39.2449292740179));
#2946=CARTESIAN_POINT('Ctrl Pts',(-2.47431438757139,-2.43612661509649,39.3340846085891));
#2947=CARTESIAN_POINT('Ctrl Pts',(0.397175211388824,-3.60462716522022,39.4758894508912));
#2948=CARTESIAN_POINT('Ctrl Pts',(3.23546100867719,-1.63794908654542,39.6338379740837));
#2949=CARTESIAN_POINT('Ctrl Pts',(3.14025271149643,1.81380761293054,39.7917864972761));
#2950=CARTESIAN_POINT('Ctrl Pts',(0.197872787270801,3.62104011422729,39.9497350204686));
#2951=CARTESIAN_POINT('Ctrl Pts',(-2.54701105637448,2.32336945440293,40.088614003769));
#2952=CARTESIAN_POINT('Ctrl Pts',(-3.06611794503778,0.648118323548621,40.1748434793387));
#2953=CARTESIAN_POINT('Ctrl Pts',(-3.07007902823412,-0.00201594732084882,
40.2084234471775));
#2954=CARTESIAN_POINT('Origin',(0.,0.,18.7915765528225));
#2955=CARTESIAN_POINT('',(-3.07836041054015,-0.000451728899288906,38.2084234471775));
#2956=CARTESIAN_POINT('',(-3.06868834783261,-0.000557577357543984,38.2915765528225));
#2957=CARTESIAN_POINT('',(-3.0735,2.38440704288425E-13,18.7915765528225));
#2958=CARTESIAN_POINT('Ctrl Pts',(-3.06868834783261,-0.000557577357544019,
38.2915765528226));
#2959=CARTESIAN_POINT('Ctrl Pts',(-3.06946662975186,-0.475846216078419,
38.3160977303015));
#2960=CARTESIAN_POINT('Ctrl Pts',(-2.74271335658503,-1.97061533364247,38.3932684155113));
#2961=CARTESIAN_POINT('Ctrl Pts',(-0.420312302555282,-3.60200236893769,
38.5230886084519));
#2962=CARTESIAN_POINT('Ctrl Pts',(2.78637115129583,-2.3210384108706,38.6810371316444));
#2963=CARTESIAN_POINT('Ctrl Pts',(3.46673662591485,1.06434048314027,38.8389856548368));
#2964=CARTESIAN_POINT('Ctrl Pts',(1.00391743784523,3.48471423154054,38.9969341780293));
#2965=CARTESIAN_POINT('Ctrl Pts',(-2.21782308351447,2.77875689026912,39.1477978106912));
#2966=CARTESIAN_POINT('Ctrl Pts',(-3.0694271174532,0.875410115398696,39.2460119356223));
#2967=CARTESIAN_POINT('Ctrl Pts',(-3.07638895804836,-0.00213244753297412,
39.2915765528226));
#2968=CARTESIAN_POINT('Ctrl Pts',(-3.07836041054015,-0.000451728899289257,
38.2084234471775));
#2969=CARTESIAN_POINT('Ctrl Pts',(-3.07841189629964,-0.0253042961711633,
38.2097160532355));
#2970=CARTESIAN_POINT('Ctrl Pts',(-3.06692674209206,-1.06238511071036,38.2636581670243));
#2971=CARTESIAN_POINT('Ctrl Pts',(-1.90788177481636,-3.08400263977168,38.3702497885439));
#2972=CARTESIAN_POINT('Ctrl Pts',(1.53942094630902,-3.28348417064068,38.5281983117364));
#2973=CARTESIAN_POINT('Ctrl Pts',(3.59097751478633,-0.50593046664868,38.6861468349289));
#2974=CARTESIAN_POINT('Ctrl Pts',(2.38670398525177,2.73033500427513,38.8440953581213));
#2975=CARTESIAN_POINT('Ctrl Pts',(-0.981521459390476,3.49108876620761,39.0020438813138));
#2976=CARTESIAN_POINT('Ctrl Pts',(-2.88703229984173,1.64232056157659,39.1234865776659));
#2977=CARTESIAN_POINT('Ctrl Pts',(-3.07384382015293,0.314731203297421,39.1922797662871));
#2978=CARTESIAN_POINT('Ctrl Pts',(-3.07139681466219,0.00251530201483524,
39.2084234471775));
#2979=CARTESIAN_POINT('Origin',(0.,0.,18.7915765528225));
#2980=CARTESIAN_POINT('',(-3.07021506191359,-0.00208687450599793,37.2084234471775));
#2981=CARTESIAN_POINT('',(-3.07442107386358,0.00265753909898014,37.2915765528226));
#2982=CARTESIAN_POINT('',(-3.0735,2.38440704288425E-13,18.7915765528225));
#2983=CARTESIAN_POINT('Ctrl Pts',(-3.07442107386358,0.00265753909898022,
37.2915765528226));
#2984=CARTESIAN_POINT('Ctrl Pts',(-3.06709086938902,-0.806756075539939,
37.3335340172499));
#2985=CARTESIAN_POINT('Ctrl Pts',(-2.32578249011512,-2.64372943681417,37.4281409894081));
#2986=CARTESIAN_POINT('Ctrl Pts',(0.764843288811974,-3.54486928406961,37.5753974692971));
#2987=CARTESIAN_POINT('Ctrl Pts',(3.38641401649604,-1.29741420000565,37.7333459924895));
#2988=CARTESIAN_POINT('Ctrl Pts',(2.93762614855001,2.12636688011621,37.8912945156821));
#2989=CARTESIAN_POINT('Ctrl Pts',(-0.174618004425806,3.62223578057128,38.0492430388745));
#2990=CARTESIAN_POINT('Ctrl Pts',(-2.66995091382188,2.11156382294879,38.182670384588));
#2991=CARTESIAN_POINT('Ctrl Pts',(-3.06779557786376,0.544647717387005,38.2634482225707));
#2992=CARTESIAN_POINT('Ctrl Pts',(-3.06868834783261,-0.000557577357544019,
38.2915765528226));
#2993=CARTESIAN_POINT('Ctrl Pts',(-3.07021506191359,-0.00208687450599813,
37.2084234471775));
#2994=CARTESIAN_POINT('Ctrl Pts',(-3.07250862730569,-0.364652368851598,
37.2271523401839));
#2995=CARTESIAN_POINT('Ctrl Pts',(-2.84603886376276,-1.74366764157299,37.2985307409211));
#2996=CARTESIAN_POINT('Ctrl Pts',(-0.810302533468804,-3.53475528905858,
37.4225586493891));
#2997=CARTESIAN_POINT('Ctrl Pts',(2.51686763321871,-2.61083558762031,37.5805071725816));
#2998=CARTESIAN_POINT('Ctrl Pts',(3.56207046386232,0.680249336028945,37.738455695774));
#2999=CARTESIAN_POINT('Ctrl Pts',(1.3776523404357,3.35457287560536,37.8964042189665));
#3000=CARTESIAN_POINT('Ctrl Pts',(-2.02774251978039,2.99041199353523,38.053060136101));
#3001=CARTESIAN_POINT('Ctrl Pts',(-3.07631481507692,0.986972742620566,38.1570665455046));
#3002=CARTESIAN_POINT('Ctrl Pts',(-3.07836041054015,-0.000451728899289257,
38.2084234471775));
#3003=CARTESIAN_POINT('Origin',(0.,0.,18.7915765528225));
#3004=CARTESIAN_POINT('',(-3.0712275630109,0.00247078970897319,36.2084234471775));
#3005=CARTESIAN_POINT('',(-3.07655661288274,-0.00205873433081899,36.2915765528226));
#3006=CARTESIAN_POINT('',(-3.0735,2.38440704288425E-13,18.7915765528225));
#3007=CARTESIAN_POINT('Ctrl Pts',(-3.07655661288274,-0.00205873433081869,
36.2915765528226));
#3008=CARTESIAN_POINT('Ctrl Pts',(-3.07756101864673,-0.131929620093123,
36.2983207964675));
#3009=CARTESIAN_POINT('Ctrl Pts',(-3.01134114878878,-1.27461712725693,36.3577145478433));
#3010=CARTESIAN_POINT('Ctrl Pts',(-1.58145953272391,-3.26344438242162,36.4697578069498));
#3011=CARTESIAN_POINT('Ctrl Pts',(1.86812040101366,-3.10824864966705,36.6277063301423));
#3012=CARTESIAN_POINT('Ctrl Pts',(3.62393238344356,-0.13489839747996,36.7856548533348));
#3013=CARTESIAN_POINT('Ctrl Pts',(2.09403509073785,2.96076012798108,36.9436033765272));
#3014=CARTESIAN_POINT('Ctrl Pts',(-1.33446013154736,3.37198749335049,37.1015518997197));
#3015=CARTESIAN_POINT('Ctrl Pts',(-2.96369686977642,1.42883369135104,37.2175429584848));
#3016=CARTESIAN_POINT('Ctrl Pts',(-3.07628903382577,0.208920847338689,37.2808845095191));
#3017=CARTESIAN_POINT('Ctrl Pts',(-3.07442107386358,0.00265753909898022,
37.2915765528226));
#3018=CARTESIAN_POINT('Ctrl Pts',(-3.0712275630109,0.00247078970897319,
36.2084234471775));
#3019=CARTESIAN_POINT('Ctrl Pts',(-3.06586424516995,-0.697054872079262,
36.2445886271323));
#3020=CARTESIAN_POINT('Ctrl Pts',(-2.48302594849565,-2.42304005385396,36.3334033148179));
#3021=CARTESIAN_POINT('Ctrl Pts',(0.374021716274885,-3.60710312109548,36.4748675102343));
#3022=CARTESIAN_POINT('Ctrl Pts',(3.22487704287721,-1.65869020880534,36.6328160334268));
#3023=CARTESIAN_POINT('Ctrl Pts',(3.15183443094581,1.79360666312602,36.7907645566192));
#3024=CARTESIAN_POINT('Ctrl Pts',(0.221119401223315,3.61969492671704,36.9487130798117));
#3025=CARTESIAN_POINT('Ctrl Pts',(-2.53879323812865,2.33653624006269,37.0879327099978));
#3026=CARTESIAN_POINT('Ctrl Pts',(-3.06606109787611,0.654569364700063,37.174502832453));
#3027=CARTESIAN_POINT('Ctrl Pts',(-3.07021506191359,-0.00208687450599813,
37.2084234471775));
#3028=CARTESIAN_POINT('Origin',(0.,0.,18.7915765528225));
#3029=CARTESIAN_POINT('',(-3.07839869179904,-0.00033369508153136,35.2084234471775));
#3030=CARTESIAN_POINT('',(-3.06872772276386,-0.000660984850711867,35.2915765528225));
#3031=CARTESIAN_POINT('',(-3.0735,2.38440704288425E-13,18.7915765528225));
#3032=CARTESIAN_POINT('Ctrl Pts',(-3.06872772276386,-0.000660984850711852,
35.2915765528225));
#3033=CARTESIAN_POINT('Ctrl Pts',(-3.0696382474889,-0.469331927903089,35.3157570834159));
#3034=CARTESIAN_POINT('Ctrl Pts',(-2.74924378817974,-1.95728361469937,35.39258712174));
#3035=CARTESIAN_POINT('Ctrl Pts',(-0.44343208998638,-3.5992292339579,35.522066667795));
#3036=CARTESIAN_POINT('Ctrl Pts',(2.7714103271702,-2.33888187644008,35.6800151909875));
#3037=CARTESIAN_POINT('Ctrl Pts',(3.47349928811655,1.04205864638122,35.8379637141799));
#3038=CARTESIAN_POINT('Ctrl Pts',(1.02627208685046,3.47819623492592,35.9959122373724));
#3039=CARTESIAN_POINT('Ctrl Pts',(-2.20721967715431,2.7913929550463,36.1471165169199));
#3040=CARTESIAN_POINT('Ctrl Pts',(-3.06972004020348,0.881918420389654,36.2456712887367));
#3041=CARTESIAN_POINT('Ctrl Pts',(-3.07655661288274,-0.00205873433081869,
36.2915765528226));
#3042=CARTESIAN_POINT('Ctrl Pts',(-3.07839869179904,-0.000333695081531635,
35.2084234471775));
#3043=CARTESIAN_POINT('Ctrl Pts',(-3.07842713665896,-0.0186361342145169,
35.2093754063498));
#3044=CARTESIAN_POINT('Ctrl Pts',(-3.07002278349321,-1.04915517250591,35.262976873253));
#3045=CARTESIAN_POINT('Ctrl Pts',(-1.92764459290457,-3.07168821903906,35.369227847887));
#3046=CARTESIAN_POINT('Ctrl Pts',(1.51830584790677,-3.29330127588474,35.5271763710795));
#3047=CARTESIAN_POINT('Ctrl Pts',(3.58765496884992,-0.528977608206107,35.685124894272));
#3048=CARTESIAN_POINT('Ctrl Pts',(2.40418622951941,2.7149536503247,35.8430734174644));
#3049=CARTESIAN_POINT('Ctrl Pts',(-0.959084934211096,3.49731916947159,36.0010219406569));
#3050=CARTESIAN_POINT('Ctrl Pts',(-2.88180559679177,1.65567296142815,36.1228052838946));
#3051=CARTESIAN_POINT('Ctrl Pts',(-3.07367219868996,0.321319204429392,36.1919391194014));
#3052=CARTESIAN_POINT('Ctrl Pts',(-3.0712275630109,0.00247078970897319,
36.2084234471775));
#3053=CARTESIAN_POINT('Origin',(0.,0.,18.7915765528225));
#3054=CARTESIAN_POINT('',(-3.07035198302738,-0.00214857415680309,34.2084234471775));
#3055=CARTESIAN_POINT('',(-3.07422521111965,0.00268535005068278,34.2915765528226));
#3056=CARTESIAN_POINT('',(-3.0735,2.38440704288425E-13,18.7915765528225));
#3057=CARTESIAN_POINT('Ctrl Pts',(-3.07422521111965,0.00268535005068259,
34.2915765528225));
#3058=CARTESIAN_POINT('Ctrl Pts',(-3.06693828734263,-0.800288657762953,
34.3331933703643));
#3059=CARTESIAN_POINT('Ctrl Pts',(-2.33557388554321,-2.63087677240324,34.4274596956368));
#3060=CARTESIAN_POINT('Ctrl Pts',(0.742065886313743,-3.54970426137953,34.5743755286402));
#3061=CARTESIAN_POINT('Ctrl Pts',(3.37801352988539,-1.31913315829491,34.7323240518327));
#3062=CARTESIAN_POINT('Ctrl Pts',(2.95121897886636,2.10746134771908,34.8902725750251));
#3063=CARTESIAN_POINT('Ctrl Pts',(-0.151356029743552,3.62328192167322,35.0482210982176));
#3064=CARTESIAN_POINT('Ctrl Pts',(-2.66273287345929,2.12484832213674,35.1819890908167));
#3065=CARTESIAN_POINT('Ctrl Pts',(-3.06765571537012,0.551129320629613,35.2631075756851));
#3066=CARTESIAN_POINT('Ctrl Pts',(-3.06872772276386,-0.000660984850711852,
35.2915765528225));
#3067=CARTESIAN_POINT('Ctrl Pts',(-3.07035198302738,-0.00214857415680305,
34.2084234471775));
#3068=CARTESIAN_POINT('Ctrl Pts',(-3.07268808966578,-0.358084538012531,
34.2268116932982));
#3069=CARTESIAN_POINT('Ctrl Pts',(-2.8516327716076,-1.73033622889184,34.2978494471498));
#3070=CARTESIAN_POINT('Ctrl Pts',(-0.832970223357059,-3.52946119038938,
34.4215367087322));
#3071=CARTESIAN_POINT('Ctrl Pts',(2.50004526847729,-2.62695197190511,34.5794852319247));
#3072=CARTESIAN_POINT('Ctrl Pts',(3.56636815771805,0.657368101269616,34.7374337551171));
#3073=CARTESIAN_POINT('Ctrl Pts',(1.39916197792151,3.34565532984428,34.8953822783097));
#3074=CARTESIAN_POINT('Ctrl Pts',(-2.01590837647713,3.00262743480334,35.0523788423297));
#3075=CARTESIAN_POINT('Ctrl Pts',(-3.07685395167866,0.993607288193888,35.156725898619));
#3076=CARTESIAN_POINT('Ctrl Pts',(-3.07839869179904,-0.000333695081531635,
35.2084234471775));
#3077=CARTESIAN_POINT('Origin',(0.,0.,18.7915765528225));
#3078=CARTESIAN_POINT('',(-3.07032464184734,0.00352428075504674,33.2084234471775));
#3079=CARTESIAN_POINT('',(-3.07672049044252,-0.00189552984272263,33.2915765528225));
#3080=CARTESIAN_POINT('',(-3.0735,2.38440704288425E-13,18.7915765528225));
#3081=CARTESIAN_POINT('',(-0.793799282532929,2.96922295374568,33.));
#3082=CARTESIAN_POINT('Ctrl Pts',(-0.793799282532845,2.9692229537457,33.));
#3083=CARTESIAN_POINT('Ctrl Pts',(-1.77603787230449,2.70662890136805,33.0526495077308));
#3084=CARTESIAN_POINT('Ctrl Pts',(-2.87586047539926,1.6697036103411,33.1221239901233));
#3085=CARTESIAN_POINT('Ctrl Pts',(-3.07268502368919,0.32908072541902,33.1915984725158));
#3086=CARTESIAN_POINT('Ctrl Pts',(-3.07032464184734,0.00352428075504681,
33.2084234471775));
#3087=CARTESIAN_POINT('',(0.795611538333534,2.97430862811188,33.));
#3088=CARTESIAN_POINT('Origin',(0.,0.,33.));
#3089=CARTESIAN_POINT('Ctrl Pts',(0.795614515023639,2.97431698150026,33.));
#3090=CARTESIAN_POINT('Ctrl Pts',(-0.151429169224793,3.22527081823472,33.0509462733026));
#3091=CARTESIAN_POINT('Ctrl Pts',(-2.21157596054959,2.76998362405696,33.1481384575769));
#3092=CARTESIAN_POINT('Ctrl Pts',(-3.07002435602881,0.888309460156904,33.245330641851));
#3093=CARTESIAN_POINT('Ctrl Pts',(-3.07672049044252,-0.00189552984272279,
33.2915765528225));
#3094=CARTESIAN_POINT('Origin',(0.,0.,21.));
#3095=CARTESIAN_POINT('',(-2.5134373408241,-0.00028543076636578,47.612583302492));
#3096=CARTESIAN_POINT('',(-2.51587103140181,0.00326895647297172,47.887416697508));
#3097=CARTESIAN_POINT('',(-2.5175,-3.08304831685346E-16,21.));
#3098=CARTESIAN_POINT('',(-1.91346599666509,-1.63598720337492,48.));
#3099=CARTESIAN_POINT('Ctrl Pts',(-2.51587103140181,0.00326895647297172,
47.887416697508));
#3100=CARTESIAN_POINT('Ctrl Pts',(-2.51062285871292,-0.589250278110517,
47.9249444650054));
#3101=CARTESIAN_POINT('Ctrl Pts',(-2.29922182808409,-1.18480356030435,47.9624722325027));
#3102=CARTESIAN_POINT('Ctrl Pts',(-1.91346599666509,-1.63598720337492,48.));
#3103=CARTESIAN_POINT('',(1.91704891526628,-1.63857930463054,48.));
#3104=CARTESIAN_POINT('Origin',(0.,0.,48.));
#3105=CARTESIAN_POINT('Ctrl Pts',(1.91705480032865,-1.63858356224254,48.));
#3106=CARTESIAN_POINT('Ctrl Pts',(1.39421598120801,-2.24738394583196,47.9490537266973));
#3107=CARTESIAN_POINT('Ctrl Pts',(0.554540052870938,-2.58732622891451,47.8981074533947));
#3108=CARTESIAN_POINT('Ctrl Pts',(-0.244094553228375,-2.50951651168378,
47.847161180092));
#3109=CARTESIAN_POINT('Ctrl Pts',(-1.06942908983202,-2.42910546209561,47.7945116723612));
#3110=CARTESIAN_POINT('Ctrl Pts',(-1.85093224769765,-1.90254294501256,47.7418621646304));
#3111=CARTESIAN_POINT('Ctrl Pts',(-2.23480910799783,-1.16780696919059,47.6892126568996));
#3112=CARTESIAN_POINT('Ctrl Pts',(-2.4210484939842,-0.811346887454544,47.6636695387637));
#3113=CARTESIAN_POINT('Ctrl Pts',(-2.513696835617,-0.405888106363433,47.6381264206278));
#3114=CARTESIAN_POINT('Ctrl Pts',(-2.5134373408241,-0.00028543076636578,
47.612583302492));
#3115=CARTESIAN_POINT('Origin',(0.,0.,21.));
#3116=CARTESIAN_POINT('',(-2.51873151372123,0.0020956129355932,46.612583302492));
#3117=CARTESIAN_POINT('',(-2.52133614244419,-0.000673955582063715,46.887416697508));
#3118=CARTESIAN_POINT('',(-2.5175,-3.08304831685346E-16,21.));
#3119=CARTESIAN_POINT('Ctrl Pts',(-2.52133614244419,-0.000673955582063715,
46.887416697508));
#3120=CARTESIAN_POINT('Ctrl Pts',(-2.52146390067227,-0.0371298802117346,
46.8897312442229));
#3121=CARTESIAN_POINT('Ctrl Pts',(-2.52074088499757,-0.073580535528562,
46.8920457909378));
#3122=CARTESIAN_POINT('Ctrl Pts',(-2.51915121636537,-0.109993258560581,
46.8943603376527));
#3123=CARTESIAN_POINT('Ctrl Pts',(-2.48299067123492,-0.938281549496632,
46.9470098453835));
#3124=CARTESIAN_POINT('Ctrl Pts',(-1.99839259595191,-1.74694230675312,46.9996593531143));
#3125=CARTESIAN_POINT('Ctrl Pts',(-1.28504349449619,-2.16950020196017,47.0523088608452));
#3126=CARTESIAN_POINT('Ctrl Pts',(-0.571694393040447,-2.59205809716722,
47.104958368576));
#3127=CARTESIAN_POINT('Ctrl Pts',(0.370405734588038,-2.62851313032482,47.1576078763068));
#3128=CARTESIAN_POINT('Ctrl Pts',(1.11417273375427,-2.26210811991217,47.2102573840377));
#3129=CARTESIAN_POINT('Ctrl Pts',(1.85793973292049,-1.89570310949954,47.2629068917685));
#3130=CARTESIAN_POINT('Ctrl Pts',(2.4033736036245,-1.12643805551666,47.3155563994993));
#3131=CARTESIAN_POINT('Ctrl Pts',(2.50320496186294,-0.303496795487952,47.3682059072301));
#3132=CARTESIAN_POINT('Ctrl Pts',(2.6030363201014,0.519444464540807,47.4208554149609));
#3133=CARTESIAN_POINT('Ctrl Pts',(2.25726516587429,1.39606193061538,47.4735049226918));
#3134=CARTESIAN_POINT('Ctrl Pts',(1.62265335125535,1.92983249260663,47.5261544304226));
#3135=CARTESIAN_POINT('Ctrl Pts',(0.988041536636423,2.46360305459787,47.5788039381534));
#3136=CARTESIAN_POINT('Ctrl Pts',(0.0645890616256804,2.65452671250575,47.6314534458842));
#3137=CARTESIAN_POINT('Ctrl Pts',(-0.72910992058051,2.41429503125814,47.684102953615));
#3138=CARTESIAN_POINT('Ctrl Pts',(-1.5228089027867,2.17406335001052,47.7367524613459));
#3139=CARTESIAN_POINT('Ctrl Pts',(-2.18675439218836,1.50267632960741,47.7894019690767));
#3140=CARTESIAN_POINT('Ctrl Pts',(-2.41971751223836,0.708410492816418,47.8420514768076));
#3141=CARTESIAN_POINT('Ctrl Pts',(-2.48662806728839,0.480285251423887,47.8571732170411));
#3142=CARTESIAN_POINT('Ctrl Pts',(-2.51798577228289,0.242023418735029,47.8722949572745));
#3143=CARTESIAN_POINT('Ctrl Pts',(-2.51587103140181,0.00326895647297172,
47.887416697508));
#3144=CARTESIAN_POINT('Ctrl Pts',(-2.5134373408241,-0.00028543076636578,
47.612583302492));
#3145=CARTESIAN_POINT('Ctrl Pts',(-2.51316196461839,0.430140646700348,47.585476912897));
#3146=CARTESIAN_POINT('Ctrl Pts',(-2.40825860019101,0.860728770698922,47.5583705233021));
#3147=CARTESIAN_POINT('Ctrl Pts',(-2.19954372874237,1.23309403660417,47.5312641337071));
#3148=CARTESIAN_POINT('Ctrl Pts',(-1.79415092645203,1.95634963201616,47.4786146259763));
#3149=CARTESIAN_POINT('Ctrl Pts',(-0.99711475913662,2.45995138827929,47.4259651182454));
#3150=CARTESIAN_POINT('Ctrl Pts',(-0.169888094249851,2.51579110535586,47.3733156105146));
#3151=CARTESIAN_POINT('Ctrl Pts',(0.657338570636872,2.57163082243244,47.3206661027838));
#3152=CARTESIAN_POINT('Ctrl Pts',(1.51475573309493,2.17970850032251,47.268016595053));
#3153=CARTESIAN_POINT('Ctrl Pts',(2.01373254193046,1.51759740231179,47.2153670873222));
#3154=CARTESIAN_POINT('Ctrl Pts',(2.51270935076604,0.855486304301011,47.1627175795913));
#3155=CARTESIAN_POINT('Ctrl Pts',(2.653245805979,-0.0768135696106582,47.1100680718605));
#3156=CARTESIAN_POINT('Ctrl Pts',(2.37159779235361,-0.856607436942797,47.0574185641297));
#3157=CARTESIAN_POINT('Ctrl Pts',(2.08994977872823,-1.63640130427487,47.0047690563989));
#3158=CARTESIAN_POINT('Ctrl Pts',(1.38611729626462,-2.26368916502748,46.952119548668));
#3159=CARTESIAN_POINT('Ctrl Pts',(0.579189617206494,-2.45412574987915,46.8994700409372));
#3160=CARTESIAN_POINT('Ctrl Pts',(-0.227738061851701,-2.64456233473084,
46.8468205332064));
#3161=CARTESIAN_POINT('Ctrl Pts',(-1.13776093750433,-2.39814764368153,46.7941710254756));
#3162=CARTESIAN_POINT('Ctrl Pts',(-1.73834299160143,-1.82657657862509,46.7415215177448));
#3163=CARTESIAN_POINT('Ctrl Pts',(-2.22861650985248,-1.35998561893182,46.6985421126605));
#3164=CARTESIAN_POINT('Ctrl Pts',(-2.51268000300828,-0.676711857962238,
46.6555627075762));
#3165=CARTESIAN_POINT('Ctrl Pts',(-2.51873151372123,0.0020956129355932,
46.612583302492));
#3166=CARTESIAN_POINT('Origin',(0.,0.,21.));
#3167=CARTESIAN_POINT('',(-2.51958157128777,-0.00185768754471294,45.612583302492));
#3168=CARTESIAN_POINT('',(-2.5144877855551,-0.00152808285154026,45.887416697508));
#3169=CARTESIAN_POINT('',(-2.5175,-3.08304831685346E-16,21.));
#3170=CARTESIAN_POINT('Ctrl Pts',(-2.5144877855551,-0.00152808285154026,
45.887416697508));
#3171=CARTESIAN_POINT('Ctrl Pts',(-2.51624399651012,-0.314810349339928,
45.9071675311713));
#3172=CARTESIAN_POINT('Ctrl Pts',(-2.46194838143591,-0.627505782816198,
45.9269183648346));
#3173=CARTESIAN_POINT('Ctrl Pts',(-2.34881208230968,-0.917223495742121,
45.9466691984979));
#3174=CARTESIAN_POINT('Ctrl Pts',(-2.04722630841129,-1.68951975556013,45.9993187062287));
#3175=CARTESIAN_POINT('Ctrl Pts',(-1.3275257929631,-2.29853912891607,46.0519682139595));
#3176=CARTESIAN_POINT('Ctrl Pts',(-0.515975845012199,-2.46819414431578,
46.1046177216904));
#3177=CARTESIAN_POINT('Ctrl Pts',(0.295574102938681,-2.63784915971548,46.1572672294212));
#3178=CARTESIAN_POINT('Ctrl Pts',(1.19897348339227,-2.36813981715898,46.209916737152));
#3179=CARTESIAN_POINT('Ctrl Pts',(1.78467997309792,-1.78133046870071,46.2625662448829));
#3180=CARTESIAN_POINT('Ctrl Pts',(2.37038646280358,-1.19452112024243,46.3152157526137));
#3181=CARTESIAN_POINT('Ctrl Pts',(2.63840006176128,-0.290611765882355,46.3678652603445));
#3182=CARTESIAN_POINT('Ctrl Pts',(2.46722078710471,0.520615720038805,46.4205147680753));
#3183=CARTESIAN_POINT('Ctrl Pts',(2.29604151244814,1.33184320595994,46.4731642758061));
#3184=CARTESIAN_POINT('Ctrl Pts',(1.68566936417733,2.05038882344217,46.525813783537));
#3185=CARTESIAN_POINT('Ctrl Pts',(0.912807455482251,2.35052700563035,46.5784632912678));
#3186=CARTESIAN_POINT('Ctrl Pts',(0.139945546787153,2.65066518781855,46.6311127989986));
#3187=CARTESIAN_POINT('Ctrl Pts',(-0.795406122332213,2.53239593471267,46.6837623067294));
#3188=CARTESIAN_POINT('Ctrl Pts',(-1.46922044940296,2.04930339585191,46.7364118144602));
#3189=CARTESIAN_POINT('Ctrl Pts',(-2.11341294705136,1.5874482872541,46.7867467754762));
#3190=CARTESIAN_POINT('Ctrl Pts',(-2.51855775590819,0.79214112705273,46.8370817364921));
#3191=CARTESIAN_POINT('Ctrl Pts',(-2.52133614244419,-0.000673955582063715,
46.887416697508));
#3192=CARTESIAN_POINT('Ctrl Pts',(-2.51873151372123,0.0020956129355932,
46.612583302492));
#3193=CARTESIAN_POINT('Ctrl Pts',(-2.52009306653114,0.154823132266423,46.6029131998454));
#3194=CARTESIAN_POINT('Ctrl Pts',(-2.50738102971343,0.307324557984039,46.5932430971988));
#3195=CARTESIAN_POINT('Ctrl Pts',(-2.47977760095157,0.457081069628911,46.5835729945523));
#3196=CARTESIAN_POINT('Ctrl Pts',(-2.32948892366313,1.27244021376293,46.5309234868215));
#3197=CARTESIAN_POINT('Ctrl Pts',(-1.7377703365448,2.00643106296745,46.4782739790907));
#3198=CARTESIAN_POINT('Ctrl Pts',(-0.972870849149379,2.32631358827738,46.4256244713598));
#3199=CARTESIAN_POINT('Ctrl Pts',(-0.207971361753938,2.64619611358733,46.372974963629));
#3200=CARTESIAN_POINT('Ctrl Pts',(0.730109025918599,2.55197031500266,46.3203254558982));
#3201=CARTESIAN_POINT('Ctrl Pts',(1.41610706308519,2.08635019331972,46.2676759481673));
#3202=CARTESIAN_POINT('Ctrl Pts',(2.10210510025176,1.62073007163679,46.2150264404365));
#3203=CARTESIAN_POINT('Ctrl Pts',(2.53602078691241,0.783715626855605,46.1623769327057));
#3204=CARTESIAN_POINT('Ctrl Pts',(2.52114441329471,-0.0452444281509689,
46.1097274249749));
#3205=CARTESIAN_POINT('Ctrl Pts',(2.50626803967701,-0.874204483157566,46.0570779172441));
#3206=CARTESIAN_POINT('Ctrl Pts',(2.04259960578095,-1.69511014838955,46.0044284095132));
#3207=CARTESIAN_POINT('Ctrl Pts',(1.34033647021344,-2.13581680888227,45.9517789017824));
#3208=CARTESIAN_POINT('Ctrl Pts',(0.638073334645925,-2.57652346937499,45.8991293940516));
#3209=CARTESIAN_POINT('Ctrl Pts',(-0.302784502593031,-2.63703112512845,
45.8464798863208));
#3210=CARTESIAN_POINT('Ctrl Pts',(-1.05571361566733,-2.2899093009904,45.79383037859));
#3211=CARTESIAN_POINT('Ctrl Pts',(-1.80864272874162,-1.94278747685235,45.7411808708591));
#3212=CARTESIAN_POINT('Ctrl Pts',(-2.37364311765125,-1.18803617282281,45.6885313631283));
#3213=CARTESIAN_POINT('Ctrl Pts',(-2.49458036189802,-0.367810543616706,
45.6358818553975));
#3214=CARTESIAN_POINT('Ctrl Pts',(-2.51241948268484,-0.246821313516534,
45.6281156710956));
#3215=CARTESIAN_POINT('Ctrl Pts',(-2.52059650441305,-0.124407467518251,
45.6203494867938));
#3216=CARTESIAN_POINT('Ctrl Pts',(-2.51958157128777,-0.00185768754471294,
45.612583302492));
#3217=CARTESIAN_POINT('Origin',(0.,0.,21.));
#3218=CARTESIAN_POINT('',(-2.51351084819567,-0.000285378874044923,44.612583302492));
#3219=CARTESIAN_POINT('',(-2.51606304059551,0.00212358266236975,44.887416697508));
#3220=CARTESIAN_POINT('',(-2.5175,-3.08304831685346E-16,21.));
#3221=CARTESIAN_POINT('Ctrl Pts',(-2.51606304059551,0.00212358266236975,
44.887416697508));
#3222=CARTESIAN_POINT('Ctrl Pts',(-2.51126371563714,-0.58679637902982,44.9246038181197));
#3223=CARTESIAN_POINT('Ctrl Pts',(-2.30471121413176,-1.17874983151239,44.9617909387314));
#3224=CARTESIAN_POINT('Ctrl Pts',(-1.92702664697318,-1.6262794497246,44.9989780593431));
#3225=CARTESIAN_POINT('Ctrl Pts',(-1.39230101585835,-2.25989167100615,45.0516275670739));
#3226=CARTESIAN_POINT('Ctrl Pts',(-0.514543161818374,-2.60400800661579,
45.1042770748047));
#3227=CARTESIAN_POINT('Ctrl Pts',(0.308328739458806,-2.50262858949108,45.1569265825355));
#3228=CARTESIAN_POINT('Ctrl Pts',(1.13120064073599,-2.40124917236636,45.2095760902664));
#3229=CARTESIAN_POINT('Ctrl Pts',(1.89918658925037,-1.85437400250729,45.2622255979972));
#3230=CARTESIAN_POINT('Ctrl Pts',(2.26413183475187,-1.10992054268049,45.3148751057281));
#3231=CARTESIAN_POINT('Ctrl Pts',(2.62907708025335,-0.365467082853709,45.3675246134589));
#3232=CARTESIAN_POINT('Ctrl Pts',(2.59098162274197,0.576564666940782,45.4201741211897));
#3233=CARTESIAN_POINT('Ctrl Pts',(2.16711545683894,1.28911878415689,45.4728236289205));
#3234=CARTESIAN_POINT('Ctrl Pts',(1.7432492909359,2.001672901373,45.5254731366513));
#3235=CARTESIAN_POINT('Ctrl Pts',(0.933612416641199,2.48474938601073,45.5781226443822));
#3236=CARTESIAN_POINT('Ctrl Pts',(0.105241402285234,2.51935315932754,45.630772152113));
#3237=CARTESIAN_POINT('Ctrl Pts',(-0.723129612070755,2.55395693264434,45.6834216598438));
#3238=CARTESIAN_POINT('Ctrl Pts',(-1.57023476648801,2.14008799464018,45.7360711675746));
#3239=CARTESIAN_POINT('Ctrl Pts',(-2.05205182752234,1.46536695249807,45.7887206753054));
#3240=CARTESIAN_POINT('Ctrl Pts',(-2.35312097582633,1.04375944639519,45.821619349373));
#3241=CARTESIAN_POINT('Ctrl Pts',(-2.51156249071498,0.520301595431471,45.8545180234405));
#3242=CARTESIAN_POINT('Ctrl Pts',(-2.5144877855551,-0.00152808285154026,
45.887416697508));
#3243=CARTESIAN_POINT('Ctrl Pts',(-2.51958157128777,-0.00185768754471294,
45.612583302492));
#3244=CARTESIAN_POINT('Ctrl Pts',(-2.51371594024553,0.706397640545036,45.567699979063));
#3245=CARTESIAN_POINT('Ctrl Pts',(-2.2008332470636,1.41919324873766,45.522816655634));
#3246=CARTESIAN_POINT('Ctrl Pts',(-1.67168691815775,1.88777077994632,45.477933332205));
#3247=CARTESIAN_POINT('Ctrl Pts',(-1.05098213058686,2.4374265199205,45.4252838244742));
#3248=CARTESIAN_POINT('Ctrl Pts',(-0.132698455861198,2.6510380454862,45.3726343167433));
#3249=CARTESIAN_POINT('Ctrl Pts',(0.666874189027445,2.43176778588918,45.3199848090125));
#3250=CARTESIAN_POINT('Ctrl Pts',(1.46644683391611,2.21249752629216,45.2673353012817));
#3251=CARTESIAN_POINT('Ctrl Pts',(2.14730844896775,1.56034548153239,45.2146857935509));
#3252=CARTESIAN_POINT('Ctrl Pts',(2.40080076301439,0.770954881435899,45.1620362858201));
#3253=CARTESIAN_POINT('Ctrl Pts',(2.65429307706103,-0.0184357186605881,
45.1093867780893));
#3254=CARTESIAN_POINT('Ctrl Pts',(2.48041609010267,-0.945064874093793,45.0567372703584));
#3255=CARTESIAN_POINT('Ctrl Pts',(1.95799429609189,-1.58885935732188,45.0040877626276));
#3256=CARTESIAN_POINT('Ctrl Pts',(1.43557250208111,-2.23265384054996,44.9514382548968));
#3257=CARTESIAN_POINT('Ctrl Pts',(0.564605901017901,-2.59361365157293,44.898788747166));
#3258=CARTESIAN_POINT('Ctrl Pts',(-0.260066046234,-2.50810314448215,44.8461392394351));
#3259=CARTESIAN_POINT('Ctrl Pts',(-1.08473799348585,-2.42259263739137,44.7934897317043));
#3260=CARTESIAN_POINT('Ctrl Pts',(-1.86311528692641,-1.89061181218691,44.7408402239735));
#3261=CARTESIAN_POINT('Ctrl Pts',(-2.24233241561581,-1.15332608862445,44.6881907162426));
#3262=CARTESIAN_POINT('Ctrl Pts',(-2.42385754652973,-0.800399289264984,
44.6629882449924));
#3263=CARTESIAN_POINT('Ctrl Pts',(-2.51391980861568,-0.400429281072388,
44.6377857737422));
#3264=CARTESIAN_POINT('Ctrl Pts',(-2.51351084819567,-0.000285378874044923,
44.612583302492));
#3265=CARTESIAN_POINT('Origin',(0.,0.,21.));
#3266=CARTESIAN_POINT('',(-2.51857338704646,0.00212614939086767,43.612583302492));
#3267=CARTESIAN_POINT('',(-2.52139258010269,-0.000560908134686886,43.887416697508));
#3268=CARTESIAN_POINT('',(-2.5175,-3.08304831685346E-16,21.));
#3269=CARTESIAN_POINT('Ctrl Pts',(-2.52139258010269,-0.000560908134686887,
43.887416697508));
#3270=CARTESIAN_POINT('Ctrl Pts',(-2.5214873011886,-0.031649954192201,43.8893905973373));
#3271=CARTESIAN_POINT('Ctrl Pts',(-2.52096151485822,-0.0627357228324216,
43.8913644971666));
#3272=CARTESIAN_POINT('Ctrl Pts',(-2.51980524207196,-0.0937980220469301,
43.8933383969958));
#3273=CARTESIAN_POINT('Ctrl Pts',(-2.4889641669086,-0.922317655306393,43.9459879047267));
#3274=CARTESIAN_POINT('Ctrl Pts',(-2.0095696716777,-1.73414019527845,43.9986374124575));
#3275=CARTESIAN_POINT('Ctrl Pts',(-1.29894796072558,-2.1612382383113,44.0512869201883));
#3276=CARTESIAN_POINT('Ctrl Pts',(-0.588326249773471,-2.58833628134413,
44.1039364279192));
#3277=CARTESIAN_POINT('Ctrl Pts',(0.353522676899847,-2.63070982743776,44.1565859356499));
#3278=CARTESIAN_POINT('Ctrl Pts',(1.09962593089867,-2.26914947459283,44.2092354433807));
#3279=CARTESIAN_POINT('Ctrl Pts',(1.84572918489752,-1.9075891217479,44.2618849511116));
#3280=CARTESIAN_POINT('Ctrl Pts',(2.39608676622186,-1.14209486996438,44.3145344588424));
#3281=CARTESIAN_POINT('Ctrl Pts',(2.5012024345794,-0.319691896091865,44.3671839665732));
#3282=CARTESIAN_POINT('Ctrl Pts',(2.60631810293695,0.502711077780654,44.419833474304));
#3283=CARTESIAN_POINT('Ctrl Pts',(2.2661918583277,1.38202277374218,44.4724829820348));
#3284=CARTESIAN_POINT('Ctrl Pts',(1.63501476147711,1.91962060310137,44.5251324897657));
#3285=CARTESIAN_POINT('Ctrl Pts',(1.00383766462655,2.45721843246054,44.5777819974965));
#3286=CARTESIAN_POINT('Ctrl Pts',(0.0816097155346733,2.65310239521739,44.6304315052274));
#3287=CARTESIAN_POINT('Ctrl Pts',(-0.713591069162956,2.41847148117742,44.6830810129582));
#3288=CARTESIAN_POINT('Ctrl Pts',(-1.50879185386061,2.18384056713743,44.735730520689));
#3289=CARTESIAN_POINT('Ctrl Pts',(-2.176965474164,1.51869477630059,44.7883800284198));
#3290=CARTESIAN_POINT('Ctrl Pts',(-2.41520558022085,0.724567827405454,44.8410295361506));
#3291=CARTESIAN_POINT('Ctrl Pts',(-2.48517320016495,0.491344406431954,44.8564919232698));
#3292=CARTESIAN_POINT('Ctrl Pts',(-2.51805859763774,0.246996223514487,44.8719543103889));
#3293=CARTESIAN_POINT('Ctrl Pts',(-2.51606304059551,0.00212358266236975,
44.887416697508));
#3294=CARTESIAN_POINT('Ctrl Pts',(-2.51351084819567,-0.000285378874044923,
44.612583302492));
#3295=CARTESIAN_POINT('Ctrl Pts',(-2.51306546522288,0.435495865436379,44.5851362660114));
#3296=CARTESIAN_POINT('Ctrl Pts',(-2.40531627735261,0.871483357523153,44.5576892295308));
#3297=CARTESIAN_POINT('Ctrl Pts',(-2.19154418038037,1.24713665371396,44.5302421930502));
#3298=CARTESIAN_POINT('Ctrl Pts',(-1.78148185251727,1.96772305056934,44.4775926853194));
#3299=CARTESIAN_POINT('Ctrl Pts',(-0.981300232852861,2.46630522235957,44.4249431775885));
#3300=CARTESIAN_POINT('Ctrl Pts',(-0.153749490027502,2.51685852271862,44.3722936698577));
#3301=CARTESIAN_POINT('Ctrl Pts',(0.673801252797858,2.56741182307768,44.3196441621269));
#3302=CARTESIAN_POINT('Ctrl Pts',(1.52872111878417,2.16993625200555,44.2669946543961));
#3303=CARTESIAN_POINT('Ctrl Pts',(2.02344518707529,1.50462131563572,44.2143451466652));
#3304=CARTESIAN_POINT('Ctrl Pts',(2.51816925536641,0.839306379265892,44.1616956389344));
#3305=CARTESIAN_POINT('Ctrl Pts',(2.65269752596235,-0.093847922401645,44.1090461312036));
#3306=CARTESIAN_POINT('Ctrl Pts',(2.3660436532465,-0.87181027717542,44.0563966234728));
#3307=CARTESIAN_POINT('Ctrl Pts',(2.07938978053066,-1.64977263194917,44.003747115742));
#3308=CARTESIAN_POINT('Ctrl Pts',(1.37155376450306,-2.27254303982917,43.9510976080111));
#3309=CARTESIAN_POINT('Ctrl Pts',(0.56342229904259,-2.45779800667003,43.8984481002803));
#3310=CARTESIAN_POINT('Ctrl Pts',(-0.244709166417875,-2.64305297351088,
43.8457985925495));
#3311=CARTESIAN_POINT('Ctrl Pts',(-1.1531360813112,-2.39079249931258,43.7931490848187));
#3312=CARTESIAN_POINT('Ctrl Pts',(-1.75003691801874,-1.81537503401937,43.7404995770878));
#3313=CARTESIAN_POINT('Ctrl Pts',(-2.23344334557841,-1.34936714100461,43.6978608188892));
#3314=CARTESIAN_POINT('Ctrl Pts',(-2.51252789416862,-0.67140895475228,43.6552220606906));
#3315=CARTESIAN_POINT('Ctrl Pts',(-2.51857338704646,0.00212614939086767,
43.612583302492));
#3316=CARTESIAN_POINT('Origin',(0.,0.,21.));
#3317=CARTESIAN_POINT('',(-2.51972554115415,-0.00180384457662525,42.612583302492));
#3318=CARTESIAN_POINT('',(-2.51459066764925,-0.00159068901862824,42.8874166975081));
#3319=CARTESIAN_POINT('',(-2.5175,-3.08304831685346E-16,21.));
#3320=CARTESIAN_POINT('Ctrl Pts',(-2.51459066764925,-0.00159068901862824,
42.8874166975081));
#3321=CARTESIAN_POINT('Ctrl Pts',(-2.51639236804243,-0.309437974290314,
42.9068268842857));
#3322=CARTESIAN_POINT('Ctrl Pts',(-2.46400767343153,-0.616693495068294,
42.9262370710634));
#3323=CARTESIAN_POINT('Ctrl Pts',(-2.3546531468335,-0.902122544354342,42.945647257841));
#3324=CARTESIAN_POINT('Ctrl Pts',(-2.05803250842985,-1.6763396659682,42.9982967655719));
#3325=CARTESIAN_POINT('Ctrl Pts',(-1.3422573637754,-2.28996891919122,43.0509462733026));
#3326=CARTESIAN_POINT('Ctrl Pts',(-0.531813490040645,-2.4648308134126,43.1035957810335));
#3327=CARTESIAN_POINT('Ctrl Pts',(0.278630383694159,-2.63969270763399,43.1562452887643));
#3328=CARTESIAN_POINT('Ctrl Pts',(1.18374298650928,-2.3757872428537,43.2088947964952));
#3329=CARTESIAN_POINT('Ctrl Pts',(1.77320528379605,-1.79275194838293,43.261544304226));
#3330=CARTESIAN_POINT('Ctrl Pts',(2.3626675810828,-1.20971665391217,43.3141938119568));
#3331=CARTESIAN_POINT('Ctrl Pts',(2.63647957284121,-0.307551529750954,43.3668433196876));
#3332=CARTESIAN_POINT('Ctrl Pts',(2.47051275641557,0.504760584145439,43.4194928274184));
#3333=CARTESIAN_POINT('Ctrl Pts',(2.30454593998993,1.31707269804186,43.4721423351492));
#3334=CARTESIAN_POINT('Ctrl Pts',(1.69880031538019,2.03953180167344,43.5247918428801));
#3335=CARTESIAN_POINT('Ctrl Pts',(0.927881450042416,2.3446220466561,43.5774413506109));
#3336=CARTESIAN_POINT('Ctrl Pts',(0.156962584704639,2.64971229163876,43.6300908583417));
#3337=CARTESIAN_POINT('Ctrl Pts',(-0.779129521361184,2.53743367797248,43.6827403660725));
#3338=CARTESIAN_POINT('Ctrl Pts',(-1.45603174684618,2.05868600786591,43.7353898738033));
#3339=CARTESIAN_POINT('Ctrl Pts',(-2.10755601069582,1.59788722246905,43.7860654817049));
#3340=CARTESIAN_POINT('Ctrl Pts',(-2.51896082113601,0.797583093241921,43.8367410896064));
#3341=CARTESIAN_POINT('Ctrl Pts',(-2.52139258010269,-0.000560908134686887,
43.887416697508));
#3342=CARTESIAN_POINT('Ctrl Pts',(-2.51857338704646,0.00212614939086767,
43.612583302492));
#3343=CARTESIAN_POINT('Ctrl Pts',(-2.51999275096688,0.160259066801575,43.6025725529598));
#3344=CARTESIAN_POINT('Ctrl Pts',(-2.50636168626199,0.318148175569544,43.5925618034276));
#3345=CARTESIAN_POINT('Ctrl Pts',(-2.4767908864639,0.472993269817654,43.5825510538954));
#3346=CARTESIAN_POINT('Ctrl Pts',(-2.32126925967974,1.28736965197328,43.5299015461646));
#3347=CARTESIAN_POINT('Ctrl Pts',(-1.72485124758963,2.01754795989635,43.4772520384337));
#3348=CARTESIAN_POINT('Ctrl Pts',(-0.957913886349871,2.33251296136294,43.4246025307029));
#3349=CARTESIAN_POINT('Ctrl Pts',(-0.190976525110111,2.64747796282952,43.3719530229721));
#3350=CARTESIAN_POINT('Ctrl Pts',(0.746480185279306,2.54722965783962,43.3193035152413));
#3351=CARTESIAN_POINT('Ctrl Pts',(1.42947450088781,2.07721409100923,43.2666540075105));
#3352=CARTESIAN_POINT('Ctrl Pts',(2.11246881649631,1.60719852417885,43.2140044997796));
#3353=CARTESIAN_POINT('Ctrl Pts',(2.5410007373239,0.767415695507976,43.1613549920488));
#3354=CARTESIAN_POINT('Ctrl Pts',(2.52080183367006,-0.0614316200486245,
43.1087054843179));
#3355=CARTESIAN_POINT('Ctrl Pts',(2.50060293001623,-0.890278935605177,43.0560559765871));
#3356=CARTESIAN_POINT('Ctrl Pts',(2.03167320188103,-1.70819073804746,43.0034064688564));
#3357=CARTESIAN_POINT('Ctrl Pts',(1.32659481058698,-2.14437914956821,42.9507569611255));
#3358=CARTESIAN_POINT('Ctrl Pts',(0.62151641929289,-2.58056756108897,42.8981074533947));
#3359=CARTESIAN_POINT('Ctrl Pts',(-0.319710635160083,-2.63503258168815,
42.8454579456639));
#3360=CARTESIAN_POINT('Ctrl Pts',(-1.07039538069855,-2.28308332251729,42.792808437933));
#3361=CARTESIAN_POINT('Ctrl Pts',(-1.82108012623702,-1.93113406334642,42.7401589302022));
#3362=CARTESIAN_POINT('Ctrl Pts',(-2.38122256286099,-1.1727705244055,42.6875094224714));
#3363=CARTESIAN_POINT('Ctrl Pts',(-2.49689063490832,-0.351785283780778,
42.6348599147406));
#3364=CARTESIAN_POINT('Ctrl Pts',(-2.5132041321064,-0.235995851264643,42.6274343773244));
#3365=CARTESIAN_POINT('Ctrl Pts',(-2.52067637526622,-0.118960780266249,
42.6200088399082));
#3366=CARTESIAN_POINT('Ctrl Pts',(-2.51972554115415,-0.00180384457662525,
42.612583302492));
#3367=CARTESIAN_POINT('Origin',(0.,0.,21.));
#3368=CARTESIAN_POINT('',(-2.51353204335463,-0.000371315356098023,41.612583302492));
#3369=CARTESIAN_POINT('',(-2.51591880769302,0.00209355578866679,41.8874166975081));
#3370=CARTESIAN_POINT('',(-2.5175,-3.08304831685346E-16,21.));
#3371=CARTESIAN_POINT('Ctrl Pts',(-2.51591880769302,0.00209355578866679,
41.8874166975081));
#3372=CARTESIAN_POINT('Ctrl Pts',(-2.51125085637483,-0.581516501675885,
41.9242631712341));
#3373=CARTESIAN_POINT('Ctrl Pts',(-2.30879912664053,-1.16804863129988,41.9611096449602));
#3374=CARTESIAN_POINT('Ctrl Pts',(-1.93742925929459,-1.61387248323911,41.9979561186862));
#3375=CARTESIAN_POINT('Ctrl Pts',(-1.4067830746096,-2.25090512071139,42.050605626417));
#3376=CARTESIAN_POINT('Ctrl Pts',(-0.531252886236969,-2.60065046715588,
42.1032551341478));
#3377=CARTESIAN_POINT('Ctrl Pts',(0.292253008948069,-2.50455678827377,42.1559046418787));
#3378=CARTESIAN_POINT('Ctrl Pts',(1.11575890413308,-2.40846310939166,42.2085541496095));
#3379=CARTESIAN_POINT('Ctrl Pts',(1.88724050613051,-1.86653040518298,42.2612036573403));
#3380=CARTESIAN_POINT('Ctrl Pts',(2.25695836245095,-1.12443562603191,42.3138531650712));
#3381=CARTESIAN_POINT('Ctrl Pts',(2.62667621877141,-0.382340846880817,42.366502672802));
#3382=CARTESIAN_POINT('Ctrl Pts',(2.59463032941487,0.55991600721267,42.4191521805328));
#3383=CARTESIAN_POINT('Ctrl Pts',(2.17534821100529,1.27517712016917,42.4718016882636));
#3384=CARTESIAN_POINT('Ctrl Pts',(1.75606609259572,1.99043823312564,42.5244511959944));
#3385=CARTESIAN_POINT('Ctrl Pts',(0.949547745133137,2.47870360494514,42.5771007037253));
#3386=CARTESIAN_POINT('Ctrl Pts',(0.121415996866314,2.51862555427233,42.6297502114561));
#3387=CARTESIAN_POINT('Ctrl Pts',(-0.706715751400532,2.55854750359951,42.6823997191869));
#3388=CARTESIAN_POINT('Ctrl Pts',(-1.55646090047162,2.15012603043436,42.7350492269177));
#3389=CARTESIAN_POINT('Ctrl Pts',(-2.04260040893077,1.47851279884939,42.7876987346485));
#3390=CARTESIAN_POINT('Ctrl Pts',(-2.349515854984,1.05450184939893,42.8209380556017));
#3391=CARTESIAN_POINT('Ctrl Pts',(-2.51150531363816,0.525587891843057,42.8541773765549));
#3392=CARTESIAN_POINT('Ctrl Pts',(-2.51459066764925,-0.00159068901862824,
42.8874166975081));
#3393=CARTESIAN_POINT('Ctrl Pts',(-2.51972554115415,-0.00180384457662525,
42.612583302492));
#3394=CARTESIAN_POINT('Ctrl Pts',(-2.51393464801762,0.71172050858624,42.5673593321774));
#3395=CARTESIAN_POINT('Ctrl Pts',(-2.19571400721766,1.42976508084491,42.5221353618627));
#3396=CARTESIAN_POINT('Ctrl Pts',(-1.65953108994272,1.89846577269422,42.4769113915481));
#3397=CARTESIAN_POINT('Ctrl Pts',(-1.03530976545914,2.44412464623593,42.4242618838173));
#3398=CARTESIAN_POINT('Ctrl Pts',(-0.115673409021276,2.65183545101086,42.3716123760865));
#3399=CARTESIAN_POINT('Ctrl Pts',(0.682474821917416,2.42743565229369,42.3189628683556));
#3400=CARTESIAN_POINT('Ctrl Pts',(1.48062305285613,2.2030358535765,42.2663133606248));
#3401=CARTESIAN_POINT('Ctrl Pts',(2.15728315829567,1.54652545136719,42.213663852894));
#3402=CARTESIAN_POINT('Ctrl Pts',(2.40570156927847,0.755523453076633,42.1610143451632));
#3403=CARTESIAN_POINT('Ctrl Pts',(2.65411998026126,-0.0354785452139021,
42.1083648374323));
#3404=CARTESIAN_POINT('Ctrl Pts',(2.47429669678734,-0.960972139585676,42.0557153297015));
#3405=CARTESIAN_POINT('Ctrl Pts',(1.94775186988061,-1.60139888283787,42.0030658219707));
#3406=CARTESIAN_POINT('Ctrl Pts',(1.42120704297386,-2.24182562609008,41.9504163142399));
#3407=CARTESIAN_POINT('Ctrl Pts',(0.547940672634283,-2.5971855182227,41.8977668065091));
#3408=CARTESIAN_POINT('Ctrl Pts',(-0.276165211742696,-2.5063815560287,41.8451172987782));
#3409=CARTESIAN_POINT('Ctrl Pts',(-1.10027109611967,-2.4155775938347,41.7924677910474));
#3410=CARTESIAN_POINT('Ctrl Pts',(-1.87521649453405,-1.87860977731408,41.7398182833166));
#3411=CARTESIAN_POINT('Ctrl Pts',(-2.24969169506412,-1.1389043005175,41.6871687755857));
#3412=CARTESIAN_POINT('Ctrl Pts',(-2.42652405429669,-0.789605162913637,
41.6623069512212));
#3413=CARTESIAN_POINT('Ctrl Pts',(-2.51405721507708,-0.395098390248896,
41.6374451268566));
#3414=CARTESIAN_POINT('Ctrl Pts',(-2.51353204335463,-0.000371315356098023,
41.612583302492));
#3415=CARTESIAN_POINT('Origin',(0.,0.,21.));
#3416=CARTESIAN_POINT('',(-2.51841433638208,0.00215329870941576,40.612583302492));
#3417=CARTESIAN_POINT('',(-2.52144109911243,-0.000465981351411525,40.887416697508));
#3418=CARTESIAN_POINT('',(-2.5175,-3.08304831685346E-16,21.));
#3419=CARTESIAN_POINT('Ctrl Pts',(-2.52144109911243,-0.000465981351411525,
40.887416697508));
#3420=CARTESIAN_POINT('Ctrl Pts',(-2.52150718476115,-0.0261884899620979,
40.8890499504517));
#3421=CARTESIAN_POINT('Ctrl Pts',(-2.52114725170543,-0.0519091044786538,
40.8906832033953));
#3422=CARTESIAN_POINT('Ctrl Pts',(-2.52035557368391,-0.0776164230538481,
40.8923164563389));
#3423=CARTESIAN_POINT('Ctrl Pts',(-2.49483505754018,-0.906317006969004,
40.9449659640697));
#3424=CARTESIAN_POINT('Ctrl Pts',(-2.020663156166,-1.72120100243,40.9976154718006));
#3425=CARTESIAN_POINT('Ctrl Pts',(-1.3127984904061,-2.15285314188281,41.0502649795314));
#3426=CARTESIAN_POINT('Ctrl Pts',(-0.604933824646181,-2.58450528133563,
41.1029144872622));
#3427=CARTESIAN_POINT('Ctrl Pts',(0.336623605499473,-2.63292556478024,41.155563994993));
#3428=CARTESIAN_POINT('Ctrl Pts',(1.08503305716171,-2.27616339303521,41.2082135027238));
#3429=CARTESIAN_POINT('Ctrl Pts',(1.83344250882394,-1.91940122129017,41.2608630104546));
#3430=CARTESIAN_POINT('Ctrl Pts',(2.38870398200276,-1.15745659435548,41.3135125181855));
#3431=CARTESIAN_POINT('Ctrl Pts',(2.4990981315897,-0.335745522102846,41.3661620259164));
#3432=CARTESIAN_POINT('Ctrl Pts',(2.60949228117663,0.485965550149766,41.4188115336472));
#3433=CARTESIAN_POINT('Ctrl Pts',(2.27501910717172,1.36744306772032,41.471461041378));
#3434=CARTESIAN_POINT('Ctrl Pts',(1.6473069367392,1.90908260248165,41.5241105491088));
#3435=CARTESIAN_POINT('Ctrl Pts',(1.01959476630667,2.45072213724299,41.5767600568396));
#3436=CARTESIAN_POINT('Ctrl Pts',(0.0986435994465207,2.65252368919509,41.6294095645705));
#3437=CARTESIAN_POINT('Ctrl Pts',(-0.698047357076997,2.42300359351881,41.6820590723013));
#3438=CARTESIAN_POINT('Ctrl Pts',(-1.49473831360049,2.19348349784254,41.7347085800321));
#3439=CARTESIAN_POINT('Ctrl Pts',(-2.16716905978736,1.53264175453793,41.7873580877629));
#3440=CARTESIAN_POINT('Ctrl Pts',(-2.41050334238214,0.740060918635597,41.8400075954937));
#3441=CARTESIAN_POINT('Ctrl Pts',(-2.48354144108635,0.502163501525237,41.8558106294985));
#3442=CARTESIAN_POINT('Ctrl Pts',(-2.51792083898541,0.252397279618765,41.8716136635033));
#3443=CARTESIAN_POINT('Ctrl Pts',(-2.51591880769302,0.00209355578866679,
41.8874166975081));
#3444=CARTESIAN_POINT('Ctrl Pts',(-2.51353204335463,-0.000371315356098023,
41.612583302492));
#3445=CARTESIAN_POINT('Ctrl Pts',(-2.51294506689938,0.440809139157092,41.5847956191258));
#3446=CARTESIAN_POINT('Ctrl Pts',(-2.40235391951087,0.882264799471515,41.5570079357595));
#3447=CARTESIAN_POINT('Ctrl Pts',(-2.18349113975092,1.26118284606436,41.5292202523933));
#3448=CARTESIAN_POINT('Ctrl Pts',(-1.76881038126187,1.97912137877718,41.4765707446625));
#3449=CARTESIAN_POINT('Ctrl Pts',(-0.965443861638001,2.47255530713029,41.4239212369316));
#3450=CARTESIAN_POINT('Ctrl Pts',(-0.137585575906675,2.51779386326208,41.3712717292008));
#3451=CARTESIAN_POINT('Ctrl Pts',(0.690272709824615,2.56303241939387,41.31862222147));
#3452=CARTESIAN_POINT('Ctrl Pts',(1.54262276166337,2.16007560330435,41.2659727137392));
#3453=CARTESIAN_POINT('Ctrl Pts',(2.03306464513597,1.49159775987895,41.2133232060084));
#3454=CARTESIAN_POINT('Ctrl Pts',(2.5235065286086,0.823119916453513,41.1606736982775));
#3455=CARTESIAN_POINT('Ctrl Pts',(2.65204024371506,-0.110878954307839,41.1080241905467));
#3456=CARTESIAN_POINT('Ctrl Pts',(2.36039698529997,-0.886984667491245,41.0553746828159));
#3457=CARTESIAN_POINT('Ctrl Pts',(2.06875372688488,-1.66309038067465,41.0027251750851));
#3458=CARTESIAN_POINT('Ctrl Pts',(1.35693349494824,-2.2813029362801,40.9500756673542));
#3459=CARTESIAN_POINT('Ctrl Pts',(0.547629167121656,-2.46136507326634,40.8974261596234));
#3460=CARTESIAN_POINT('Ctrl Pts',(-0.261675160704896,-2.64142721025257,
40.8447766518926));
#3461=CARTESIAN_POINT('Ctrl Pts',(-1.16846358442141,-2.38333892861961,40.7921271441618));
#3462=CARTESIAN_POINT('Ctrl Pts',(-1.76165736149759,-1.80410062614564,40.7394776364309));
#3463=CARTESIAN_POINT('Ctrl Pts',(-2.23822357254792,-1.33874611001121,40.697179525118));
#3464=CARTESIAN_POINT('Ctrl Pts',(-2.51238444556082,-0.666109743802307,
40.654881413805));
#3465=CARTESIAN_POINT('Ctrl Pts',(-2.51841433638208,0.00215329870941576,
40.612583302492));
#3466=CARTESIAN_POINT('Origin',(0.,0.,21.));
#3467=CARTESIAN_POINT('',(-2.51986634191857,-0.00174668510277642,39.612583302492));
#3468=CARTESIAN_POINT('',(-2.51469788631183,-0.00165125992531549,39.8874166975081));
#3469=CARTESIAN_POINT('',(-2.5175,-3.08304831685346E-16,21.));
#3470=CARTESIAN_POINT('Ctrl Pts',(-2.51469788631183,-0.00165125992531549,
39.8874166975081));
#3471=CARTESIAN_POINT('Ctrl Pts',(-2.51654039763136,-0.304063426982368,
39.9064862374001));
#3472=CARTESIAN_POINT('Ctrl Pts',(-2.46602970897514,-0.605880864375472,
39.9255557772921));
#3473=CARTESIAN_POINT('Ctrl Pts',(-2.36039713348789,-0.886984723177007,
39.9446253171841));
#3474=CARTESIAN_POINT('Ctrl Pts',(-2.06875385676315,-1.66309048508505,39.9972748249149));
#3475=CARTESIAN_POINT('Ctrl Pts',(-1.35693358013776,-2.28130307950245,40.0499243326458));
#3476=CARTESIAN_POINT('Ctrl Pts',(-0.547629201502289,-2.46136522779314,
40.1025738403766));
#3477=CARTESIAN_POINT('Ctrl Pts',(0.261675177133149,-2.64142737608383,40.1552233481074));
#3478=CARTESIAN_POINT('Ctrl Pts',(1.16846365777868,-2.38333907824783,40.2078728558382));
#3479=CARTESIAN_POINT('Ctrl Pts',(1.76165747209612,-1.80410073940873,40.260522363569));
#3480=CARTESIAN_POINT('Ctrl Pts',(2.35485128641358,-1.22486240056961,40.3131718712999));
#3481=CARTESIAN_POINT('Ctrl Pts',(2.63445043440294,-0.324474020727359,40.3658213790307));
#3482=CARTESIAN_POINT('Ctrl Pts',(2.47370289413508,0.488887020153895,40.4184708867615));
#3483=CARTESIAN_POINT('Ctrl Pts',(2.31295535386721,1.30224806103515,40.4711203944923));
#3484=CARTESIAN_POINT('Ctrl Pts',(1.71186112534213,2.02858176295539,40.5237699022231));
#3485=CARTESIAN_POINT('Ctrl Pts',(0.942917136334376,2.33861578736957,40.576419409954));
#3486=CARTESIAN_POINT('Ctrl Pts',(0.173973147326656,2.64864981178374,40.6290689176848));
#3487=CARTESIAN_POINT('Ctrl Pts',(-0.762820602163737,2.54238415869186,40.6817184254157));
#3488=CARTESIAN_POINT('Ctrl Pts',(-1.4427829114523,2.06799274596128,40.7343679331465));
#3489=CARTESIAN_POINT('Ctrl Pts',(-2.10165194767786,1.60831754245401,40.7853841879337));
#3490=CARTESIAN_POINT('Ctrl Pts',(-2.51937684917096,0.803001759619504,40.8364004427208));
#3491=CARTESIAN_POINT('Ctrl Pts',(-2.52144109911243,-0.000465981351411525,
40.887416697508));
#3492=CARTESIAN_POINT('Ctrl Pts',(-2.51841433638208,0.00215329870941576,
40.612583302492));
#3493=CARTESIAN_POINT('Ctrl Pts',(-2.51989000014837,0.165693831600786,40.6022319060741));
#3494=CARTESIAN_POINT('Ctrl Pts',(-2.50530723961169,0.328972445160906,40.5918805096563));
#3495=CARTESIAN_POINT('Ctrl Pts',(-2.47370273883372,0.488886989461076,40.5815291132385));
#3496=CARTESIAN_POINT('Ctrl Pts',(-2.31295520865775,1.30224797927874,40.5288796055076));
#3497=CARTESIAN_POINT('Ctrl Pts',(-1.71186101786995,2.02858163559908,40.4762300977768));
#3498=CARTESIAN_POINT('Ctrl Pts',(-0.942917077137262,2.33861564054906,40.423580590046));
#3499=CARTESIAN_POINT('Ctrl Pts',(-0.173973136404537,2.64864964549905,40.3709310823152));
#3500=CARTESIAN_POINT('Ctrl Pts',(0.762820554273078,2.54238399907865,40.3182815745844));
#3501=CARTESIAN_POINT('Ctrl Pts',(1.44278282087301,2.06799261613079,40.2656320668535));
#3502=CARTESIAN_POINT('Ctrl Pts',(2.12274508747293,1.59360123318293,40.2129825591227));
#3503=CARTESIAN_POINT('Ctrl Pts',(2.54587592999515,0.751084113707605,40.1603330513919));
#3504=CARTESIAN_POINT('Ctrl Pts',(2.52035541545364,-0.0776164181809783,
40.1076835436611));
#3505=CARTESIAN_POINT('Ctrl Pts',(2.49483490091213,-0.906316950069537,40.0550340359302));
#3506=CARTESIAN_POINT('Ctrl Pts',(2.02066302930691,-1.72120089437137,40.0023845281994));
#3507=CARTESIAN_POINT('Ctrl Pts',(1.31279840798742,-2.15285300672466,39.9497350204686));
#3508=CARTESIAN_POINT('Ctrl Pts',(0.604933786667904,-2.58450511907798,39.8970855127378));
#3509=CARTESIAN_POINT('Ctrl Pts',(-0.336623584365882,-2.63292539948274,
39.844436005007));
#3510=CARTESIAN_POINT('Ctrl Pts',(-1.08503298904229,-2.27616325013557,39.7917864972762));
#3511=CARTESIAN_POINT('Ctrl Pts',(-1.83344239371866,-1.91940110078842,39.7391369895453));
#3512=CARTESIAN_POINT('Ctrl Pts',(-2.38870383203765,-1.15745652168936,39.6864874818145));
#3513=CARTESIAN_POINT('Ctrl Pts',(-2.49909797469398,-0.335745501024538,
39.6338379740837));
#3514=CARTESIAN_POINT('Ctrl Pts',(-2.51395339214507,-0.225170248185813,
39.6267530835531));
#3515=CARTESIAN_POINT('Ctrl Pts',(-2.52075301955538,-0.113512726748266,
39.6196681930225));
#3516=CARTESIAN_POINT('Ctrl Pts',(-2.51986634191857,-0.00174668510277642,
39.612583302492));
#3517=CARTESIAN_POINT('Origin',(0.,0.,21.));
#3518=CARTESIAN_POINT('',(-2.51355878173697,-0.000456710915046621,38.612583302492));
#3519=CARTESIAN_POINT('',(-2.51577728352434,0.00206028072957433,38.887416697508));
#3520=CARTESIAN_POINT('',(-2.5175,-3.08304831685346E-16,21.));
#3521=CARTESIAN_POINT('Ctrl Pts',(-2.51577728352434,0.00206028072957433,
38.887416697508));
#3522=CARTESIAN_POINT('Ctrl Pts',(-2.51124485639153,-0.576236673495233,
38.9239225243484));
#3523=CARTESIAN_POINT('Ctrl Pts',(-2.31284477859099,-1.15734337357846,38.9604283511889));
#3524=CARTESIAN_POINT('Ctrl Pts',(-1.94775199216222,-1.60139898337527,38.9969341780293));
#3525=CARTESIAN_POINT('Ctrl Pts',(-1.42120713219848,-2.24182576683404,39.0495836857601));
#3526=CARTESIAN_POINT('Ctrl Pts',(-0.547940707034458,-2.59718568127644,
39.1022331934909));
#3527=CARTESIAN_POINT('Ctrl Pts',(0.276165229080643,-2.50638171338167,39.1548827012218));
#3528=CARTESIAN_POINT('Ctrl Pts',(1.10027116519576,-2.4155777454869,39.2075322089526));
#3529=CARTESIAN_POINT('Ctrl Pts',(1.87521661226193,-1.87860989525492,39.2601817166834));
#3530=CARTESIAN_POINT('Ctrl Pts',(2.24969183630189,-1.13890437201894,39.3128312244142));
#3531=CARTESIAN_POINT('Ctrl Pts',(2.62416706034184,-0.399198848782981,39.3654807321451));
#3532=CARTESIAN_POINT('Ctrl Pts',(2.5981720613556,0.543244347456986,39.4181302398759));
#3533=CARTESIAN_POINT('Ctrl Pts',(2.18349127683251,1.26118292524263,39.4707797476067));
#3534=CARTESIAN_POINT('Ctrl Pts',(1.76881049230941,1.97912150302829,39.5234292553375));
#3535=CARTESIAN_POINT('Ctrl Pts',(0.965443922249422,2.47255546235963,39.5760787630683));
#3536=CARTESIAN_POINT('Ctrl Pts',(0.137585584544387,2.51779402133153,39.6287282707992));
#3537=CARTESIAN_POINT('Ctrl Pts',(-0.690272753160659,2.56303258030343,39.68137777853));
#3538=CARTESIAN_POINT('Ctrl Pts',(-1.54262285851074,2.16007573891588,39.7340272862608));
#3539=CARTESIAN_POINT('Ctrl Pts',(-2.03306477277374,1.49159785352276,39.7866767939917));
#3540=CARTESIAN_POINT('Ctrl Pts',(-2.34586966720787,1.06524123861929,39.8202567618304));
#3541=CARTESIAN_POINT('Ctrl Pts',(-2.51145336802754,0.530872906957377,39.8538367296693));
#3542=CARTESIAN_POINT('Ctrl Pts',(-2.51469788631183,-0.00165125992531549,
39.8874166975081));
#3543=CARTESIAN_POINT('Ctrl Pts',(-2.51986634191857,-0.00174668510277642,
39.612583302492));
#3544=CARTESIAN_POINT('Ctrl Pts',(-2.5141639070077,0.717047328946415,39.5670186852917));
#3545=CARTESIAN_POINT('Ctrl Pts',(-2.19054957565085,1.44032982802172,39.5214540680915));
#3546=CARTESIAN_POINT('Ctrl Pts',(-1.64730683331977,1.90908248262764,39.4758894508912));
#3547=CARTESIAN_POINT('Ctrl Pts',(-1.0195947022956,2.45072198338436,39.4232399431604));
#3548=CARTESIAN_POINT('Ctrl Pts',(-0.098643593253623,2.65252352266718,39.3705904354295));
#3549=CARTESIAN_POINT('Ctrl Pts',(0.698047313252898,2.4230034414004,39.3179409276987));
#3550=CARTESIAN_POINT('Ctrl Pts',(1.4947382197594,2.19348336013363,39.2652914199679));
#3551=CARTESIAN_POINT('Ctrl Pts',(2.16716892373045,1.53264165831728,39.2126419122371));
#3552=CARTESIAN_POINT('Ctrl Pts',(2.41050319104848,0.740060872173921,39.1599924045063));
#3553=CARTESIAN_POINT('Ctrl Pts',(2.65383745836652,-0.0525199139694653,
39.1073428967754));
#3554=CARTESIAN_POINT('Ctrl Pts',(2.46807528903152,-0.976839784439879,39.0546933890446));
#3555=CARTESIAN_POINT('Ctrl Pts',(1.937429137661,-1.61387238191867,39.0020438813138));
#3556=CARTESIAN_POINT('Ctrl Pts',(1.4067829862905,-2.25090497939744,38.949394373583));
#3557=CARTESIAN_POINT('Ctrl Pts',(0.531252852884508,-2.6006503038846,38.8967448658522));
#3558=CARTESIAN_POINT('Ctrl Pts',(-0.292252990600045,-2.50455663103538,
38.8440953581213));
#3559=CARTESIAN_POINT('Ctrl Pts',(-1.11575883408462,-2.40846295818615,38.7914458503905));
#3560=CARTESIAN_POINT('Ctrl Pts',(-1.88724038764775,-1.86653028800051,38.7387963426597));
#3561=CARTESIAN_POINT('Ctrl Pts',(-2.25695822075699,-1.12443555543883,38.6861468349289));
#3562=CARTESIAN_POINT('Ctrl Pts',(-2.4291519789429,-0.778809595622041,38.6616256574499));
#3563=CARTESIAN_POINT('Ctrl Pts',(-2.51419627148214,-0.389765039524085,
38.6371044799709));
#3564=CARTESIAN_POINT('Ctrl Pts',(-2.51355878173697,-0.000456710915046621,
38.612583302492));
#3565=CARTESIAN_POINT('Origin',(0.,0.,21.));
#3566=CARTESIAN_POINT('',(-2.51825445044788,0.00217678694723937,37.612583302492));
#3567=CARTESIAN_POINT('',(-2.52148115618507,-0.000370010575587896,37.887416697508));
#3568=CARTESIAN_POINT('',(-2.5175,-3.08304831685346E-16,21.));
#3569=CARTESIAN_POINT('Ctrl Pts',(-2.52148115618507,-0.000370010575587896,
37.887416697508));
#3570=CARTESIAN_POINT('Ctrl Pts',(-2.52152332810618,-0.0207267172965595,
37.888709303566));
#3571=CARTESIAN_POINT('Ctrl Pts',(-2.52129789830987,-0.0410824663409323,
37.890001909624));
#3572=CARTESIAN_POINT('Ctrl Pts',(-2.52080199192836,-0.0614316239053286,
37.891294515682));
#3573=CARTESIAN_POINT('Ctrl Pts',(-2.50060308700643,-0.890278991497741,
37.9439440234128));
#3574=CARTESIAN_POINT('Ctrl Pts',(-2.03167332943134,-1.70819084528934,37.9965935311437));
#3575=CARTESIAN_POINT('Ctrl Pts',(-1.32659489387175,-2.14437928419439,38.0492430388745));
#3576=CARTESIAN_POINT('Ctrl Pts',(-0.621516458312158,-2.58056772309944,
38.1018925466053));
#3577=CARTESIAN_POINT('Ctrl Pts',(0.31971065523193,-2.63503274711795,38.1545420543361));
#3578=CARTESIAN_POINT('Ctrl Pts',(1.07039544789907,-2.28308346585134,38.207191562067));
#3579=CARTESIAN_POINT('Ctrl Pts',(1.8210802405662,-1.93113418458475,38.2598410697978));
#3580=CARTESIAN_POINT('Ctrl Pts',(2.38122271235639,-1.17277059803307,38.3124905775286));
#3581=CARTESIAN_POINT('Ctrl Pts',(2.49689079166545,-0.351785305866148,38.3651400852594));
#3582=CARTESIAN_POINT('Ctrl Pts',(2.61255887097451,0.469199986300801,38.4177895929903));
#3583=CARTESIAN_POINT('Ctrl Pts',(2.28375255780242,1.352806984083,38.4704391007211));
#3584=CARTESIAN_POINT('Ctrl Pts',(1.65953119412961,1.8984658918817,38.5230886084519));
#3585=CARTESIAN_POINT('Ctrl Pts',(1.03530983045681,2.44412479968038,38.5757381161827));
#3586=CARTESIAN_POINT('Ctrl Pts',(0.115673416283321,2.65183561749557,38.6283876239135));
#3587=CARTESIAN_POINT('Ctrl Pts',(-0.682474864763859,2.42743580469035,38.6810371316444));
#3588=CARTESIAN_POINT('Ctrl Pts',(-1.48062314581106,2.20303599188513,38.7336866393752));
#3589=CARTESIAN_POINT('Ctrl Pts',(-2.15728329373195,1.54652554845947,38.786336147106));
#3590=CARTESIAN_POINT('Ctrl Pts',(-2.40570172031067,0.755523500509063,38.8389856548368));
#3591=CARTESIAN_POINT('Ctrl Pts',(-2.4818731410671,0.51298211320771,38.8551293357272));
#3592=CARTESIAN_POINT('Ctrl Pts',(-2.51778162265658,0.2577959343749,38.8712730166176));
#3593=CARTESIAN_POINT('Ctrl Pts',(-2.51577728352434,0.00206028072957433,
38.887416697508));
#3594=CARTESIAN_POINT('Ctrl Pts',(-2.51355878173697,-0.000456710915046621,
38.612583302492));
#3595=CARTESIAN_POINT('Ctrl Pts',(-2.5128275149738,0.446120263062286,38.5844549722401));
#3596=CARTESIAN_POINT('Ctrl Pts',(-2.39935216608193,0.893044321202202,38.5563266419882));
#3597=CARTESIAN_POINT('Ctrl Pts',(-2.17534807443492,1.27517704011233,38.5281983117364));
#3598=CARTESIAN_POINT('Ctrl Pts',(-1.75606598234829,1.99043810816405,38.4755488040056));
#3599=CARTESIAN_POINT('Ctrl Pts',(-0.949547685519685,2.47870344932981,38.4228992962747));
#3600=CARTESIAN_POINT('Ctrl Pts',(-0.121415989243744,2.51862539615067,38.3702497885439));
#3601=CARTESIAN_POINT('Ctrl Pts',(0.706715707032221,2.55854734297153,38.3176002808131));
#3602=CARTESIAN_POINT('Ctrl Pts',(1.55646080275552,2.15012589544746,38.2649507730823));
#3603=CARTESIAN_POINT('Ctrl Pts',(2.0426002806944,1.47851270602701,38.2123012653515));
#3604=CARTESIAN_POINT('Ctrl Pts',(2.52873975863327,0.806899516606565,38.1596517576206));
#3605=CARTESIAN_POINT('Ctrl Pts',(2.65127361878773,-0.127905414710258,38.1070022498898));
#3606=CARTESIAN_POINT('Ctrl Pts',(2.35465299900624,-0.902122487718107,38.054352742159));
#3607=CARTESIAN_POINT('Ctrl Pts',(2.05803237922474,-1.67633956072596,38.0017032344282));
#3608=CARTESIAN_POINT('Ctrl Pts',(1.34225727950731,-2.28996877542484,37.9490537266973));
#3609=CARTESIAN_POINT('Ctrl Pts',(0.531813456652938,-2.46483065866823,37.8964042189665));
#3610=CARTESIAN_POINT('Ctrl Pts',(-0.278630366201444,-2.63969254191163,
37.8437547112357));
#3611=CARTESIAN_POINT('Ctrl Pts',(-1.18374291219276,-2.37578709369954,37.7911052035049));
#3612=CARTESIAN_POINT('Ctrl Pts',(-1.77320517247254,-1.79275183583229,37.7384556957741));
#3613=CARTESIAN_POINT('Ctrl Pts',(-2.24295964659615,-1.32811917075726,37.6964982313467));
#3614=CARTESIAN_POINT('Ctrl Pts',(-2.51225028914496,-0.660812890896812,
37.6545407669193));
#3615=CARTESIAN_POINT('Ctrl Pts',(-2.51825445044788,0.00217678694723937,
37.612583302492));
#3616=CARTESIAN_POINT('Origin',(0.,0.,21.));
#3617=CARTESIAN_POINT('',(-2.52000366778341,-0.00168630671140702,36.612583302492));
#3618=CARTESIAN_POINT('',(-2.51480931132828,-0.00170935629378919,36.887416697508));
#3619=CARTESIAN_POINT('',(-2.5175,-3.08304831685346E-16,21.));
#3620=CARTESIAN_POINT('Ctrl Pts',(-2.51480931132828,-0.00170935629378919,
36.887416697508));
#3621=CARTESIAN_POINT('Ctrl Pts',(-2.51668796786792,-0.298686298546926,
36.9061455905144));
#3622=CARTESIAN_POINT('Ctrl Pts',(-2.46801455670018,-0.5950674857116,36.9248744835208));
#3623=CARTESIAN_POINT('Ctrl Pts',(-2.36604380178899,-0.871810331908657,
36.9436033765272));
#3624=CARTESIAN_POINT('Ctrl Pts',(-2.0793899110768,-1.64977273552374,36.996252884258));
#3625=CARTESIAN_POINT('Ctrl Pts',(-1.37155385061042,-2.27254318250157,37.0489023919888));
#3626=CARTESIAN_POINT('Ctrl Pts',(-0.563422334414658,-2.45779816097282,
37.1015518997197));
#3627=CARTESIAN_POINT('Ctrl Pts',(0.244709181781107,-2.64305313944407,37.1542014074505));
#3628=CARTESIAN_POINT('Ctrl Pts',(1.15313615370625,-2.39079264940874,37.2068509151813));
#3629=CARTESIAN_POINT('Ctrl Pts',(1.75003702788776,-1.81537514799027,37.2595004229122));
#3630=CARTESIAN_POINT('Ctrl Pts',(2.34693790206926,-1.23995764657181,37.312149930643));
#3631=CARTESIAN_POINT('Ctrl Pts',(2.63231267850713,-0.341383133770193,37.3647994383738));
#3632=CARTESIAN_POINT('Ctrl Pts',(2.47679104195914,0.472993299512742,37.4174489461046));
#3633=CARTESIAN_POINT('Ctrl Pts',(2.32126940541115,1.28736973279567,37.4700984538354));
#3634=CARTESIAN_POINT('Ctrl Pts',(1.72485135587735,2.01754808655993,37.5227479615662));
#3635=CARTESIAN_POINT('Ctrl Pts',(0.957913946488558,2.33251310780028,37.5753974692971));
#3636=CARTESIAN_POINT('Ctrl Pts',(0.190976537099742,2.64747812904065,37.6280469770279));
#3637=CARTESIAN_POINT('Ctrl Pts',(-0.746480232144065,2.54722981775707,37.6806964847588));
#3638=CARTESIAN_POINT('Ctrl Pts',(-1.42947459063158,2.07721422141866,37.7333459924896));
#3639=CARTESIAN_POINT('Ctrl Pts',(-2.09570065092586,1.61873804934772,37.7847028941624));
#3640=CARTESIAN_POINT('Ctrl Pts',(-2.51980561150356,0.808428137155428,37.8360597958352));
#3641=CARTESIAN_POINT('Ctrl Pts',(-2.52148115618507,-0.000370010575587896,
37.887416697508));
#3642=CARTESIAN_POINT('Ctrl Pts',(-2.51825445044788,0.00217678694723937,
37.612583302492));
#3643=CARTESIAN_POINT('Ctrl Pts',(-2.51978449411301,0.171126804351907,37.6018912591885));
#3644=CARTESIAN_POINT('Ctrl Pts',(-2.5042170812467,0.339796507647814,37.591199215885));
#3645=CARTESIAN_POINT('Ctrl Pts',(-2.47051260131448,0.504760552456053,37.5805071725816));
#3646=CARTESIAN_POINT('Ctrl Pts',(-2.30454579530839,1.31707261535478,37.5278576648507));
#3647=CARTESIAN_POINT('Ctrl Pts',(-1.69880020872797,2.03953167362987,37.4752081571199));
#3648=CARTESIAN_POINT('Ctrl Pts',(-0.9278813917892,2.34462189945862,37.4225586493891));
#3649=CARTESIAN_POINT('Ctrl Pts',(-0.156962574850433,2.64971212528736,37.3699091416583));
#3650=CARTESIAN_POINT('Ctrl Pts',(0.779129472446678,2.53743351866977,37.3172596339275));
#3651=CARTESIAN_POINT('Ctrl Pts',(1.45603165543511,2.05868587861957,37.2646101261966));
#3652=CARTESIAN_POINT('Ctrl Pts',(2.13293383842354,1.57993823856938,37.2119606184658));
#3653=CARTESIAN_POINT('Ctrl Pts',(2.55064615710329,0.734721565086583,37.159311110735));
#3654=CARTESIAN_POINT('Ctrl Pts',(2.51980508387621,-0.0937980161578763,
37.1066616030042));
#3655=CARTESIAN_POINT('Ctrl Pts',(2.48896401064913,-0.922317597402347,37.0540120952734));
#3656=CARTESIAN_POINT('Ctrl Pts',(2.0095695455152,-1.73414008640848,37.0013625875425));
#3657=CARTESIAN_POINT('Ctrl Pts',(1.29894787917651,-2.16123810262727,36.9487130798117));
#3658=CARTESIAN_POINT('Ctrl Pts',(0.588326212837837,-2.58833611884605,36.8960635720809));
#3659=CARTESIAN_POINT('Ctrl Pts',(-0.353522654705602,-2.63070966227749,
36.8434140643501));
#3660=CARTESIAN_POINT('Ctrl Pts',(-1.09962586186326,-2.26914933213251,36.7907645566193));
#3661=CARTESIAN_POINT('Ctrl Pts',(-1.84572906902092,-1.90758900198752,36.7381150488884));
#3662=CARTESIAN_POINT('Ctrl Pts',(-2.3960866157928,-1.14209479826609,36.6854655411576));
#3663=CARTESIAN_POINT('Ctrl Pts',(-2.50120227755133,-0.319691876023243,
36.6328160334268));
#3664=CARTESIAN_POINT('Ctrl Pts',(-2.51466727778309,-0.214344534310807,
36.6260717897818));
#3665=CARTESIAN_POINT('Ctrl Pts',(-2.52082637528653,-0.108063386557417,
36.6193275461369));
#3666=CARTESIAN_POINT('Ctrl Pts',(-2.52000366778341,-0.00168630671140702,
36.612583302492));
#3667=CARTESIAN_POINT('Origin',(0.,0.,21.));
#3668=CARTESIAN_POINT('',(-2.51359103369384,-0.000541411863060337,35.612583302492));
#3669=CARTESIAN_POINT('',(-2.51563864970878,0.00202382075549318,35.887416697508));
#3670=CARTESIAN_POINT('',(-2.5175,-3.08304831685346E-16,21.));
#3671=CARTESIAN_POINT('Ctrl Pts',(-2.51563864970878,0.00202382075549318,
35.887416697508));
#3672=CARTESIAN_POINT('Ctrl Pts',(-2.51124556278356,-0.570956772558894,
35.9235818774628));
#3673=CARTESIAN_POINT('Ctrl Pts',(-2.31684828476436,-1.14663414851888,35.9597470574176));
#3674=CARTESIAN_POINT('Ctrl Pts',(-1.95799441901952,-1.58885945707795,35.9959122373724));
#3675=CARTESIAN_POINT('Ctrl Pts',(-1.43557259221293,-2.23265398072899,36.0485617451032));
#3676=CARTESIAN_POINT('Ctrl Pts',(-0.564605936464028,-2.59361381440189,
36.101211252834));
#3677=CARTESIAN_POINT('Ctrl Pts',(0.260066062562822,-2.50810330194001,36.1538607605649));
#3678=CARTESIAN_POINT('Ctrl Pts',(1.08473806158966,-2.42259278947813,36.2065102682957));
#3679=CARTESIAN_POINT('Ctrl Pts',(1.86311540389446,-1.89061193088148,36.2591597760265));
#3680=CARTESIAN_POINT('Ctrl Pts',(2.24233255639074,-1.15332616103291,36.3118092837573));
#3681=CARTESIAN_POINT('Ctrl Pts',(2.62154970888703,-0.416040391184328,36.3644587914882));
#3682=CARTESIAN_POINT('Ctrl Pts',(2.60160667157481,0.526550289916163,36.417108299219));
#3683=CARTESIAN_POINT('Ctrl Pts',(2.19154431796797,1.24713673201137,36.4697578069498));
#3684=CARTESIAN_POINT('Ctrl Pts',(1.78148196436114,1.96772317410656,36.5224073146806));
#3685=CARTESIAN_POINT('Ctrl Pts',(0.981300294459698,2.46630537719645,36.5750568224114));
#3686=CARTESIAN_POINT('Ctrl Pts',(0.15374949967975,2.51685868072887,36.6277063301423));
#3687=CARTESIAN_POINT('Ctrl Pts',(-0.673801295100222,2.56741198426129,36.6803558378731));
#3688=CARTESIAN_POINT('Ctrl Pts',(-1.52872121475872,2.16993638823619,36.7330053456039));
#3689=CARTESIAN_POINT('Ctrl Pts',(-2.02344531410896,1.50462141009748,36.7856548533347));
#3690=CARTESIAN_POINT('Ctrl Pts',(-2.34218230315637,1.07597745849174,36.8195754680592));
#3691=CARTESIAN_POINT('Ctrl Pts',(-2.51140680458862,0.536156946683694,36.8534960827836));
#3692=CARTESIAN_POINT('Ctrl Pts',(-2.51480931132828,-0.00170935629378919,
36.887416697508));
#3693=CARTESIAN_POINT('Ctrl Pts',(-2.52000366778341,-0.00168630671140702,
36.612583302492));
#3694=CARTESIAN_POINT('Ctrl Pts',(-2.51440383966558,0.7223782734118,36.5666780384061));
#3695=CARTESIAN_POINT('Ctrl Pts',(-2.18533983271396,1.45088734826579,36.5207727743202));
#3696=CARTESIAN_POINT('Ctrl Pts',(-1.63501465882992,1.91962048258928,36.4748675102343));
#3697=CARTESIAN_POINT('Ctrl Pts',(-1.00383760160478,2.45721827819468,36.4222180025035));
#3698=CARTESIAN_POINT('Ctrl Pts',(-0.0816097104093716,2.65310222864118,
36.3695684947727));
#3699=CARTESIAN_POINT('Ctrl Pts',(0.713591024363962,2.41847132933695,36.3169189870418));
#3700=CARTESIAN_POINT('Ctrl Pts',(1.5087917591373,2.18384043003273,36.264269479311));
#3701=CARTESIAN_POINT('Ctrl Pts',(2.17696533748852,1.51869468097776,36.2116199715802));
#3702=CARTESIAN_POINT('Ctrl Pts',(2.41520542859014,0.724567781928683,36.1589704638494));
#3703=CARTESIAN_POINT('Ctrl Pts',(2.65344551969175,-0.0695591171203735,
36.1063209561185));
#3704=CARTESIAN_POINT('Ctrl Pts',(2.46175212354378,-0.992667166163539,36.0536714483877));
#3705=CARTESIAN_POINT('Ctrl Pts',(1.92702652599626,-1.62627934764793,36.0010219406569));
#3706=CARTESIAN_POINT('Ctrl Pts',(1.39230092844873,-2.25989152913234,35.9483724329261));
#3707=CARTESIAN_POINT('Ctrl Pts',(0.514543129501614,-2.60400784305796,35.8957229251953));
#3708=CARTESIAN_POINT('Ctrl Pts',(-0.308328720108536,-2.50262843233172,
35.8430734174644));
#3709=CARTESIAN_POINT('Ctrl Pts',(-1.13120056971867,-2.40124902160548,35.7904239097336));
#3710=CARTESIAN_POINT('Ctrl Pts',(-1.89918646999186,-1.85437388622739,35.7377744020028));
#3711=CARTESIAN_POINT('Ctrl Pts',(-2.2641316925941,-1.10992047307626,35.6851248942719));
#3712=CARTESIAN_POINT('Ctrl Pts',(-2.43174141014625,-0.768012650802915,
35.6609443636786));
#3713=CARTESIAN_POINT('Ctrl Pts',(-2.51433684335558,-0.384429194239681,
35.6367638330853));
#3714=CARTESIAN_POINT('Ctrl Pts',(-2.51359103369384,-0.000541411863060337,
35.612583302492));
#3715=CARTESIAN_POINT('Origin',(0.,0.,21.));
#3716=CARTESIAN_POINT('',(-2.51809401951967,0.00219956686287034,34.612583302492));
#3717=CARTESIAN_POINT('',(-2.52151251231628,-0.000273329223280529,34.887416697508));
#3718=CARTESIAN_POINT('',(-2.5175,-3.08304831685346E-16,21.));
#3719=CARTESIAN_POINT('Ctrl Pts',(-2.52151251231628,-0.000273329223280529,
34.887416697508));
#3720=CARTESIAN_POINT('Ctrl Pts',(-2.5215358114654,-0.0152648341906762,
34.8883686566804));
#3721=CARTESIAN_POINT('Ctrl Pts',(-2.52141355208139,-0.0302559489562374,
34.8893206158528));
#3722=CARTESIAN_POINT('Ctrl Pts',(-2.52114457138345,-0.0452444305413602,
34.8902725750251));
#3723=CARTESIAN_POINT('Ctrl Pts',(-2.50626819669578,-0.874204537234808,
34.9429220827559));
#3724=CARTESIAN_POINT('Ctrl Pts',(-2.04259973404617,-1.69511025485959,34.9955715904868));
#3725=CARTESIAN_POINT('Ctrl Pts',(-1.34033655446789,-2.13581694321535,35.0482210982176));
#3726=CARTESIAN_POINT('Ctrl Pts',(-0.638073374889595,-2.57652363157111,
35.1008706059484));
#3727=CARTESIAN_POINT('Ctrl Pts',(0.30278452161739,-2.63703129065783,35.1535201136792));
#3728=CARTESIAN_POINT('Ctrl Pts',(1.0557136820055,-2.28990944462063,35.2061696214101));
#3729=CARTESIAN_POINT('Ctrl Pts',(1.80864284239361,-1.94278759858343,35.2588191291409));
#3730=CARTESIAN_POINT('Ctrl Pts',(2.37364326666284,-1.18803624742232,35.3114686368717));
#3731=CARTESIAN_POINT('Ctrl Pts',(2.49458051847726,-0.367810566779604,35.3641181446025));
#3732=CARTESIAN_POINT('Ctrl Pts',(2.61551777029168,0.452415113863092,35.4167676523333));
#3733=CARTESIAN_POINT('Ctrl Pts',(2.29239184965132,1.3381151239874,35.4694171600642));
#3734=CARTESIAN_POINT('Ctrl Pts',(1.67168702312587,1.8877708985009,35.522066667795));
#3735=CARTESIAN_POINT('Ctrl Pts',(1.05098219660041,2.43742667301443,35.5747161755258));
#3736=CARTESIAN_POINT('Ctrl Pts',(0.132698464189833,2.65103821191713,35.6273656832566));
#3737=CARTESIAN_POINT('Ctrl Pts',(-0.666874230904441,2.43176793853707,35.6800151909875));
#3738=CARTESIAN_POINT('Ctrl Pts',(-1.4664469259987,2.21249766515702,35.7326646987183));
#3739=CARTESIAN_POINT('Ctrl Pts',(-2.14730858377667,1.56034557949421,35.7853142064491));
#3740=CARTESIAN_POINT('Ctrl Pts',(-2.40080091373352,0.770954929848226,35.8379637141799));
#3741=CARTESIAN_POINT('Ctrl Pts',(-2.48016823995969,0.523800212303097,35.854448041956));
#3742=CARTESIAN_POINT('Ctrl Pts',(-2.51764104773126,0.263192157849609,35.870932369732));
#3743=CARTESIAN_POINT('Ctrl Pts',(-2.51563864970878,0.00202382075549318,
35.887416697508));
#3744=CARTESIAN_POINT('Ctrl Pts',(-2.51359103369384,-0.000541411863060337,
35.612583302492));
#3745=CARTESIAN_POINT('Ctrl Pts',(-2.51271295378044,0.45142933615924,35.5841143253545));
#3746=CARTESIAN_POINT('Ctrl Pts',(-2.39631091920611,0.903821927200154,35.555645348217));
#3747=CARTESIAN_POINT('Ctrl Pts',(-2.16711532081144,1.28911870336756,35.5271763710795));
#3748=CARTESIAN_POINT('Ctrl Pts',(-1.74324918149523,2.00167277573608,35.4745268633487));
#3749=CARTESIAN_POINT('Ctrl Pts',(-0.933612357931503,2.48474922954891,35.4218773556178));
#3750=CARTESIAN_POINT('Ctrl Pts',(-0.105241395627674,2.51935300089817,35.369227847887));
#3751=CARTESIAN_POINT('Ctrl Pts',(0.723129566676143,2.55395677224742,35.3165783401562));
#3752=CARTESIAN_POINT('Ctrl Pts',(1.57023466772005,2.14008786113312,35.2639288324254));
#3753=CARTESIAN_POINT('Ctrl Pts',(2.05205169859505,1.46536686098021,35.2112793246946));
#3754=CARTESIAN_POINT('Ctrl Pts',(2.53386872947005,0.7906458608273,35.1586298169638));
#3755=CARTESIAN_POINT('Ctrl Pts',(2.65039769017613,-0.144927228364196,35.1059803092329));
#3756=CARTESIAN_POINT('Ctrl Pts',(2.34881193503806,-0.917223439030956,35.0533308015021));
#3757=CARTESIAN_POINT('Ctrl Pts',(2.04722617989999,-1.68951964969772,35.0006812937713));
#3758=CARTESIAN_POINT('Ctrl Pts',(1.32752570891776,-2.29853898183974,34.9480317860405));
#3759=CARTESIAN_POINT('Ctrl Pts',(0.515975812252823,-2.46819398777703,34.8953822783096));
#3760=CARTESIAN_POINT('Ctrl Pts',(-0.295574084412116,-2.63784899371432,
34.8427327705788));
#3761=CARTESIAN_POINT('Ctrl Pts',(-1.1989734067598,-2.36813967344688,34.790083262848));
#3762=CARTESIAN_POINT('Ctrl Pts',(-1.78467986034517,-1.78133035972347,34.7374337551172));
#3763=CARTESIAN_POINT('Ctrl Pts',(-2.24765168406089,-1.31748677991511,34.6958169375754));
#3764=CARTESIAN_POINT('Ctrl Pts',(-2.51212530938187,-0.655515437097103,
34.6542001200337));
#3765=CARTESIAN_POINT('Ctrl Pts',(-2.51809401951967,0.00219956686287034,
34.612583302492));
#3766=CARTESIAN_POINT('Origin',(0.,0.,21.));
#3767=CARTESIAN_POINT('',(-2.52013789968734,-0.00155262611957308,33.612583302492));
#3768=CARTESIAN_POINT('',(-2.51492146324107,-0.00175989440047561,33.887416697508));
#3769=CARTESIAN_POINT('',(-2.5175,-3.08304831685346E-16,21.));
#3770=CARTESIAN_POINT('',(1.91346599666514,-1.63598720337485,33.));
#3771=CARTESIAN_POINT('Ctrl Pts',(-2.52013789968734,-0.00155262611957308,
33.612583302492));
#3772=CARTESIAN_POINT('Ctrl Pts',(-2.51465310437689,0.727613166079509,33.5663373915205));
#3773=CARTESIAN_POINT('Ctrl Pts',(-2.18007890197398,1.46098238883578,33.5200914805489));
#3774=CARTESIAN_POINT('Ctrl Pts',(-1.62265311018836,1.92983215781201,33.4738455695774));
#3775=CARTESIAN_POINT('Ctrl Pts',(-0.988041467397928,2.46360279866952,33.4211960618466));
#3776=CARTESIAN_POINT('Ctrl Pts',(-0.0645895906469179,2.65452705854056,
33.3685465541158));
#3777=CARTESIAN_POINT('Ctrl Pts',(0.729109598720286,2.41429518819787,33.3158970463849));
#3778=CARTESIAN_POINT('Ctrl Pts',(1.52280878808749,2.17406331785518,33.2632475386541));
#3779=CARTESIAN_POINT('Ctrl Pts',(2.18675529007089,1.50267531729877,33.2105980309233));
#3780=CARTESIAN_POINT('Ctrl Pts',(2.41971843879569,0.708409488546615,33.1579485231925));
#3781=CARTESIAN_POINT('Ctrl Pts',(2.65268158752049,-0.0858563402055137,
33.1052990154617));
#3782=CARTESIAN_POINT('Ctrl Pts',(2.45466138298672,-1.00299999715337,33.0526495077308));
#3783=CARTESIAN_POINT('Ctrl Pts',(1.91346599666511,-1.63598720337489,33.));
#3784=CARTESIAN_POINT('',(-1.91704908444032,-1.6385789614806,33.));
#3785=CARTESIAN_POINT('Origin',(0.,0.,33.));
#3786=CARTESIAN_POINT('Ctrl Pts',(-1.91705498218261,-1.63858322749984,33.));
#3787=CARTESIAN_POINT('Ctrl Pts',(-1.39421621138677,-2.24738341432306,33.0509462733027));
#3788=CARTESIAN_POINT('Ctrl Pts',(-0.554540137643905,-2.58732648429643,
33.1018925466053));
#3789=CARTESIAN_POINT('Ctrl Pts',(0.244094562250759,-2.50951692413902,33.152838819908));
#3790=CARTESIAN_POINT('Ctrl Pts',(1.06942919578545,-2.42910603687543,33.2054883276388));
#3791=CARTESIAN_POINT('Ctrl Pts',(1.85093239546308,-1.90254300948346,33.2581378353696));
#3792=CARTESIAN_POINT('Ctrl Pts',(2.23480926584039,-1.16780688955009,33.3107873431004));
#3793=CARTESIAN_POINT('Ctrl Pts',(2.6186861362177,-0.433070769616727,33.3634368508313));
#3794=CARTESIAN_POINT('Ctrl Pts',(2.60493667729467,0.509838442858054,33.4160863585621));
#3795=CARTESIAN_POINT('Ctrl Pts',(2.1995438509762,1.23309402498222,33.4687358662929));
#3796=CARTESIAN_POINT('Ctrl Pts',(1.79415102465773,1.95634960710638,33.5213853740237));
#3797=CARTESIAN_POINT('Ctrl Pts',(0.997114830943843,2.45995155887995,33.5740348817546));
#3798=CARTESIAN_POINT('Ctrl Pts',(0.16988811651284,2.51579131426275,33.6266843894854));
#3799=CARTESIAN_POINT('Ctrl Pts',(-0.65733859791815,2.57163106964555,33.6793338972162));
#3800=CARTESIAN_POINT('Ctrl Pts',(-1.51475583306624,2.17970862863761,33.731983404947));
#3801=CARTESIAN_POINT('Ctrl Pts',(-2.01373267608123,1.51759746874019,33.7846329126778));
#3802=CARTESIAN_POINT('Ctrl Pts',(-2.3384380131815,1.08673373151084,33.8188941742879));
#3803=CARTESIAN_POINT('Ctrl Pts',(-2.51135619698843,0.541454383227865,33.853155435898));
#3804=CARTESIAN_POINT('Ctrl Pts',(-2.51492146324107,-0.00175989440047561,
33.887416697508));
#3805=CARTESIAN_POINT('Origin',(0.,0.,21.));
#3806=CARTESIAN_POINT('',(3.53836112350229,4.33324262412451E-16,21.));
#3807=CARTESIAN_POINT('Origin',(0.,0.,21.));
#3808=CARTESIAN_POINT('',(3.53836112350229,4.33324262412451E-16,33.));
#3809=CARTESIAN_POINT('',(3.53836112350229,4.33324262412451E-16,21.));
#3810=CARTESIAN_POINT('Origin',(0.,0.,33.));
#3811=CARTESIAN_POINT('Origin',(0.,0.,33.));
#3812=CARTESIAN_POINT('Ctrl Pts',(-1.91705498218254,-1.63858322749992,33.));
#3813=CARTESIAN_POINT('Ctrl Pts',(-1.93682340264302,-1.62011034017381,33.));
#3814=CARTESIAN_POINT('Ctrl Pts',(-1.95625452881705,-1.60130435604003,33.));
#3815=CARTESIAN_POINT('Ctrl Pts',(-1.9753377886171,-1.58216974413701,33.));
#3816=CARTESIAN_POINT('Ctrl Pts',(-2.03533434410746,-1.52201174089988,33.));
#3817=CARTESIAN_POINT('Ctrl Pts',(-2.09189455181155,-1.45860902327795,33.));
#3818=CARTESIAN_POINT('Ctrl Pts',(-2.14501235724598,-1.39234305096435,33.));
#3819=CARTESIAN_POINT('Ctrl Pts',(-2.17618196629592,-1.35345807758421,33.));
#3820=CARTESIAN_POINT('Ctrl Pts',(-2.20616575275848,-1.31358627566179,33.));
#3821=CARTESIAN_POINT('Ctrl Pts',(-2.23495795970432,-1.27279795217156,33.));
#3822=CARTESIAN_POINT('Ctrl Pts',(-2.25030869732835,-1.25105141314451,33.));
#3823=CARTESIAN_POINT('Ctrl Pts',(-2.26532066223176,-1.22904426965866,33.));
#3824=CARTESIAN_POINT('Ctrl Pts',(-2.27999255237349,-1.20678668072618,33.));
#3825=CARTESIAN_POINT('Ctrl Pts',(-2.29393133604257,-1.18564123088105,33.));
#3826=CARTESIAN_POINT('Ctrl Pts',(-2.30756617236885,-1.16426458585003,33.));
#3827=CARTESIAN_POINT('Ctrl Pts',(-2.32087838238086,-1.14269412381807,33.));
#3828=CARTESIAN_POINT('Ctrl Pts',(-2.36784145892494,-1.06659742322633,33.));
#3829=CARTESIAN_POINT('Ctrl Pts',(-2.41082914635837,-0.988039360637569,
33.));
#3830=CARTESIAN_POINT('Ctrl Pts',(-2.44982211553241,-0.907427277742929,
33.));
#3831=CARTESIAN_POINT('Ctrl Pts',(-2.48302760158768,-0.838779943335099,
33.));
#3832=CARTESIAN_POINT('Ctrl Pts',(-2.51333578994425,-0.768641979681581,
33.));
#3833=CARTESIAN_POINT('Ctrl Pts',(-2.54071409294057,-0.697243363306092,
33.));
#3834=CARTESIAN_POINT('Ctrl Pts',(-2.54910682330463,-0.675356348041209,
33.));
#3835=CARTESIAN_POINT('Ctrl Pts',(-2.55722408489496,-0.653350750321408,
33.));
#3836=CARTESIAN_POINT('Ctrl Pts',(-2.56506454395847,-0.631232908197787,
33.));
#3837=CARTESIAN_POINT('Ctrl Pts',(-2.57056528136615,-0.615715393143974,
33.));
#3838=CARTESIAN_POINT('Ctrl Pts',(-2.57592993616462,-0.600141859201848,
33.));
#3839=CARTESIAN_POINT('Ctrl Pts',(-2.58115302664467,-0.584530086121058,
33.));
#3840=CARTESIAN_POINT('Ctrl Pts',(-2.6103809814786,-0.497167977379766,33.));
#3841=CARTESIAN_POINT('Ctrl Pts',(-2.63521987027682,-0.408498633486665,
33.));
#3842=CARTESIAN_POINT('Ctrl Pts',(-2.6556530911506,-0.318935568211092,33.));
#3843=CARTESIAN_POINT('Ctrl Pts',(-2.67642860919246,-0.227872143114712,
33.));
#3844=CARTESIAN_POINT('Ctrl Pts',(-2.69265008748159,-0.135883981696101,
33.));
#3845=CARTESIAN_POINT('Ctrl Pts',(-2.70425851274437,-0.0433719356282588,
33.));
#3846=CARTESIAN_POINT('Ctrl Pts',(-2.71386659983273,0.0331986392104176,
33.));
#3847=CARTESIAN_POINT('Ctrl Pts',(-2.72031382845541,0.110128976657748,33.));
#3848=CARTESIAN_POINT('Ctrl Pts',(-2.72354229477633,0.187202518513939,33.));
#3849=CARTESIAN_POINT('Ctrl Pts',(-2.72596364451702,0.245007674906082,33.));
#3850=CARTESIAN_POINT('Ctrl Pts',(-2.72657399872185,0.30289361251155,33.));
#3851=CARTESIAN_POINT('Ctrl Pts',(-2.72533993768213,0.360770506286025,33.));
#3852=CARTESIAN_POINT('Ctrl Pts',(-2.72494652823112,0.379221228149201,33.));
#3853=CARTESIAN_POINT('Ctrl Pts',(-2.72436561197211,0.397671034281311,33.));
#3854=CARTESIAN_POINT('Ctrl Pts',(-2.72359593090025,0.416117016420613,33.));
#3855=CARTESIAN_POINT('Ctrl Pts',(-2.7230029151535,0.430329082005803,33.));
#3856=CARTESIAN_POINT('Ctrl Pts',(-2.72229818679671,0.444530197374616,33.));
#3857=CARTESIAN_POINT('Ctrl Pts',(-2.72148179125704,0.458715723794169,33.));
#3858=CARTESIAN_POINT('Ctrl Pts',(-2.71596236701052,0.554620141035243,33.));
#3859=CARTESIAN_POINT('Ctrl Pts',(-2.70534082361252,0.649858300901441,33.));
#3860=CARTESIAN_POINT('Ctrl Pts',(-2.68956297804572,0.744012927070662,33.));
#3861=CARTESIAN_POINT('Ctrl Pts',(-2.68219915200738,0.787956714255012,33.));
#3862=CARTESIAN_POINT('Ctrl Pts',(-2.67371146688026,0.831664782573154,33.));
#3863=CARTESIAN_POINT('Ctrl Pts',(-2.66409069465633,0.875095848369293,33.));
#3864=CARTESIAN_POINT('Ctrl Pts',(-2.6441676357046,0.965034541860078,33.));
#3865=CARTESIAN_POINT('Ctrl Pts',(-2.61938904808559,1.05378566810633,33.));
#3866=CARTESIAN_POINT('Ctrl Pts',(-2.59004833570888,1.14113624861964,33.));
#3867=CARTESIAN_POINT('Ctrl Pts',(-2.56013336721432,1.23019645378735,33.));
#3868=CARTESIAN_POINT('Ctrl Pts',(-2.52547569486754,1.31780144790847,33.));
#3869=CARTESIAN_POINT('Ctrl Pts',(-2.48633291747341,1.40371720657727,33.));
#3870=CARTESIAN_POINT('Ctrl Pts',(-2.47883745338204,1.42016924516156,33.));
#3871=CARTESIAN_POINT('Ctrl Pts',(-2.47117737945254,1.4365592996636,33.));
#3872=CARTESIAN_POINT('Ctrl Pts',(-2.46335429968972,1.45288565899269,33.));
#3873=CARTESIAN_POINT('Ctrl Pts',(-2.45781224762905,1.46445163251032,33.));
#3874=CARTESIAN_POINT('Ctrl Pts',(-2.45218922990688,1.47598378559531,33.));
#3875=CARTESIAN_POINT('Ctrl Pts',(-2.44649004672195,1.4874734022127,33.));
#3876=CARTESIAN_POINT('Ctrl Pts',(-2.40387648847594,1.5733828090631,33.));
#3877=CARTESIAN_POINT('Ctrl Pts',(-2.35694745917706,1.65704401442305,33.));
#3878=CARTESIAN_POINT('Ctrl Pts',(-2.30604700946418,1.73823389346825,33.));
#3879=CARTESIAN_POINT('Ctrl Pts',(-2.25416806637376,1.82098453984296,33.));
#3880=CARTESIAN_POINT('Ctrl Pts',(-2.19816322651106,1.90116865479732,33.));
#3881=CARTESIAN_POINT('Ctrl Pts',(-2.13834176416252,1.97854183613953,33.));
#3882=CARTESIAN_POINT('Ctrl Pts',(-2.07799874417643,2.05658960101892,33.));
#3883=CARTESIAN_POINT('Ctrl Pts',(-2.01377180704874,2.1317779896007,33.));
#3884=CARTESIAN_POINT('Ctrl Pts',(-1.94592896155672,2.20383646907191,33.));
#3885=CARTESIAN_POINT('Ctrl Pts',(-1.90606059574756,2.24618218435514,33.));
#3886=CARTESIAN_POINT('Ctrl Pts',(-1.86494261044172,2.28744658437027,33.));
#3887=CARTESIAN_POINT('Ctrl Pts',(-1.82262252867877,2.32756993856328,33.));
#3888=CARTESIAN_POINT('Ctrl Pts',(-1.81179616191176,2.33783433622796,33.));
#3889=CARTESIAN_POINT('Ctrl Pts',(-1.80089110100504,2.34802403730646,33.));
#3890=CARTESIAN_POINT('Ctrl Pts',(-1.78990809407219,2.3581379954727,33.));
#3891=CARTESIAN_POINT('Ctrl Pts',(-1.77866755952241,2.36848910395307,33.));
#3892=CARTESIAN_POINT('Ctrl Pts',(-1.76735142499615,2.37875527593814,33.));
#3893=CARTESIAN_POINT('Ctrl Pts',(-1.75596453945512,2.3889323271381,33.));
#3894=CARTESIAN_POINT('Ctrl Pts',(-1.68008445282267,2.45675030282019,33.));
#3895=CARTESIAN_POINT('Ctrl Pts',(-1.60101500029486,2.52065993582485,33.));
#3896=CARTESIAN_POINT('Ctrl Pts',(-1.51908391370729,2.58040651925872,33.));
#3897=CARTESIAN_POINT('Ctrl Pts',(-1.43702210160195,2.64024843162549,33.));
#3898=CARTESIAN_POINT('Ctrl Pts',(-1.35208894334675,2.69591478623255,33.));
#3899=CARTESIAN_POINT('Ctrl Pts',(-1.26456850847697,2.7471234329556,33.));
#3900=CARTESIAN_POINT('Ctrl Pts',(-1.17879500162494,2.79730994330735,33.));
#3901=CARTESIAN_POINT('Ctrl Pts',(-1.09053580614012,2.84321555201038,33.));
#3902=CARTESIAN_POINT('Ctrl Pts',(-1.00002430298143,2.88453921536359,33.));
#3903=CARTESIAN_POINT('Ctrl Pts',(-0.93250750578167,2.91536448398472,33.));
#3904=CARTESIAN_POINT('Ctrl Pts',(-0.863736701456807,2.94363953349491,33.));
#3905=CARTESIAN_POINT('Ctrl Pts',(-0.793799282532887,2.96922295374569,33.));
#3906=CARTESIAN_POINT('Ctrl Pts',(0.795614515023639,2.97431698150026,33.));
#3907=CARTESIAN_POINT('Ctrl Pts',(0.826482505639023,2.96308308598081,33.));
#3908=CARTESIAN_POINT('Ctrl Pts',(0.857139698469621,2.95131685213938,33.));
#3909=CARTESIAN_POINT('Ctrl Pts',(0.887573202777932,2.93901454102543,33.));
#3910=CARTESIAN_POINT('Ctrl Pts',(0.981120848229389,2.90119923633156,33.));
#3911=CARTESIAN_POINT('Ctrl Pts',(1.0725572758457,2.85832200822151,33.));
#3912=CARTESIAN_POINT('Ctrl Pts',(1.16163003421819,2.81071979264399,33.));
#3913=CARTESIAN_POINT('Ctrl Pts',(1.22191057876737,2.77850469647777,33.));
#3914=CARTESIAN_POINT('Ctrl Pts',(1.28110800294777,2.74412456623076,33.));
#3915=CARTESIAN_POINT('Ctrl Pts',(1.33913506442655,2.70767411340456,33.));
#3916=CARTESIAN_POINT('Ctrl Pts',(1.36297028879305,2.69270170744031,33.));
#3917=CARTESIAN_POINT('Ctrl Pts',(1.38660795090756,2.67737990900188,33.));
#3918=CARTESIAN_POINT('Ctrl Pts',(1.41004159232368,2.66171497994403,33.));
#3919=CARTESIAN_POINT('Ctrl Pts',(1.43013094564931,2.64828564179398,33.));
#3920=CARTESIAN_POINT('Ctrl Pts',(1.45007315960805,2.63460199208092,33.));
#3921=CARTESIAN_POINT('Ctrl Pts',(1.46984301889217,2.62068312370571,33.));
#3922=CARTESIAN_POINT('Ctrl Pts',(1.55244017215187,2.56253102014914,33.));
#3923=CARTESIAN_POINT('Ctrl Pts',(1.63210587575467,2.5002283720687,33.));
#3924=CARTESIAN_POINT('Ctrl Pts',(1.70857448746872,2.43410027717954,33.));
#3925=CARTESIAN_POINT('Ctrl Pts',(1.77032080038547,2.38070364883635,33.));
#3926=CARTESIAN_POINT('Ctrl Pts',(1.8299820281637,2.32481182394959,33.));
#3927=CARTESIAN_POINT('Ctrl Pts',(1.8873977421098,2.26658211047701,33.));
#3928=CARTESIAN_POINT('Ctrl Pts',(1.9085865660628,2.24509288631162,33.));
#3929=CARTESIAN_POINT('Ctrl Pts',(1.9294693715392,2.22328516367074,33.));
#3930=CARTESIAN_POINT('Ctrl Pts',(1.95003737386764,2.20116655474987,33.));
#3931=CARTESIAN_POINT('Ctrl Pts',(1.96548298043387,2.18455651524633,33.));
#3932=CARTESIAN_POINT('Ctrl Pts',(1.98075460497151,2.16776698932494,33.));
#3933=CARTESIAN_POINT('Ctrl Pts',(1.99582740492835,2.1508252385925,33.));
#3934=CARTESIAN_POINT('Ctrl Pts',(2.06159262516889,2.0769054644716,33.));
#3935=CARTESIAN_POINT('Ctrl Pts',(2.12364542396464,2.00001900814731,33.));
#3936=CARTESIAN_POINT('Ctrl Pts',(2.18174202447818,1.9204707359002,33.));
#3937=CARTESIAN_POINT('Ctrl Pts',(2.23935999636148,1.84157782180223,33.));
#3938=CARTESIAN_POINT('Ctrl Pts',(2.29308713084589,1.76006593530834,33.));
#3939=CARTESIAN_POINT('Ctrl Pts',(2.34263977080882,1.6762102700399,33.));
#3940=CARTESIAN_POINT('Ctrl Pts',(2.3906387173073,1.59498384913023,33.));
#3941=CARTESIAN_POINT('Ctrl Pts',(2.43472102839168,1.51155758166346,33.));
#3942=CARTESIAN_POINT('Ctrl Pts',(2.47458142971783,1.42617220786086,33.));
#3943=CARTESIAN_POINT('Ctrl Pts',(2.49846268835144,1.37501591922686,33.));
#3944=CARTESIAN_POINT('Ctrl Pts',(2.52082757617038,1.32315628514486,33.));
#3945=CARTESIAN_POINT('Ctrl Pts',(2.54160144743753,1.27064498599306,33.));
#3946=CARTESIAN_POINT('Ctrl Pts',(2.54692911002857,1.25717794942099,33.));
#3947=CARTESIAN_POINT('Ctrl Pts',(2.55215209246658,1.24366805435862,33.));
#3948=CARTESIAN_POINT('Ctrl Pts',(2.55726905919587,1.23011617955254,33.));
#3949=CARTESIAN_POINT('Ctrl Pts',(2.56250376257669,1.21625248869492,33.));
#3950=CARTESIAN_POINT('Ctrl Pts',(2.56762469835634,1.20235224517891,33.));
#3951=CARTESIAN_POINT('Ctrl Pts',(2.57262910110648,1.18842139967151,33.));
#3952=CARTESIAN_POINT('Ctrl Pts',(2.60406720087811,1.10090659863887,33.));
#3953=CARTESIAN_POINT('Ctrl Pts',(2.630933850592,1.01212296988812,33.));
#3954=CARTESIAN_POINT('Ctrl Pts',(2.65297822436756,0.922315403736831,33.));
#3955=CARTESIAN_POINT('Ctrl Pts',(2.66411971694993,0.876925575824191,33.));
#3956=CARTESIAN_POINT('Ctrl Pts',(2.6740286154698,0.831274027226877,33.));
#3957=CARTESIAN_POINT('Ctrl Pts',(2.6826674558497,0.78539182487909,33.));
#3958=CARTESIAN_POINT('Ctrl Pts',(2.70011112407674,0.692745835361348,33.));
#3959=CARTESIAN_POINT('Ctrl Pts',(2.71237959397228,0.599158685997666,33.));
#3960=CARTESIAN_POINT('Ctrl Pts',(2.71958411270053,0.505006540327255,33.));
#3961=CARTESIAN_POINT('Ctrl Pts',(2.72706180972879,0.407284368112904,33.));
#3962=CARTESIAN_POINT('Ctrl Pts',(2.72908413982426,0.308952348915609,33.));
#3963=CARTESIAN_POINT('Ctrl Pts',(2.7257203426279,0.210450657412686,33.));
#3964=CARTESIAN_POINT('Ctrl Pts',(2.72524450918376,0.196516880676263,33.));
#3965=CARTESIAN_POINT('Ctrl Pts',(2.72466069963902,0.182577521950107,33.));
#3966=CARTESIAN_POINT('Ctrl Pts',(2.72396939612805,0.168641138711162,33.));
#3967=CARTESIAN_POINT('Ctrl Pts',(2.71938522798528,0.0762262687518055,33.));
#3968=CARTESIAN_POINT('Ctrl Pts',(2.71009231259858,-0.0158156809064922,
33.));
#3969=CARTESIAN_POINT('Ctrl Pts',(2.69623455325027,-0.107135520122013,33.));
#3970=CARTESIAN_POINT('Ctrl Pts',(2.68235456353447,-0.198601852975759,33.));
#3971=CARTESIAN_POINT('Ctrl Pts',(2.66389465768684,-0.289344680673074,33.));
#3972=CARTESIAN_POINT('Ctrl Pts',(2.64094964372622,-0.37899734139556,33.));
#3973=CARTESIAN_POINT('Ctrl Pts',(2.61831014527453,-0.46745626659391,33.));
#3974=CARTESIAN_POINT('Ctrl Pts',(2.59130369796372,-0.554854654774047,33.));
#3975=CARTESIAN_POINT('Ctrl Pts',(2.55997979814173,-0.640812280532465,33.));
#3976=CARTESIAN_POINT('Ctrl Pts',(2.54285707275424,-0.687799687247044,33.));
#3977=CARTESIAN_POINT('Ctrl Pts',(2.52444356567565,-0.734356019888245,33.));
#3978=CARTESIAN_POINT('Ctrl Pts',(2.50474276948056,-0.780414289823586,33.));
#3979=CARTESIAN_POINT('Ctrl Pts',(2.49795259796328,-0.796288955474327,33.));
#3980=CARTESIAN_POINT('Ctrl Pts',(2.49100947796633,-0.812104420145333,33.));
#3981=CARTESIAN_POINT('Ctrl Pts',(2.48391347107438,-0.827857828571976,33.));
#3982=CARTESIAN_POINT('Ctrl Pts',(2.47832170546348,-0.840271763456199,33.));
#3983=CARTESIAN_POINT('Ctrl Pts',(2.47263893633538,-0.852638411078834,33.));
#3984=CARTESIAN_POINT('Ctrl Pts',(2.46686606857937,-0.864955508066365,33.));
#3985=CARTESIAN_POINT('Ctrl Pts',(2.42898258044837,-0.945784416203004,33.));
#3986=CARTESIAN_POINT('Ctrl Pts',(2.38721518004812,-1.02449802742891,33.));
#3987=CARTESIAN_POINT('Ctrl Pts',(2.34164950877787,-1.10076394936669,33.));
#3988=CARTESIAN_POINT('Ctrl Pts',(2.29677870789276,-1.17586682620776,33.));
#3989=CARTESIAN_POINT('Ctrl Pts',(2.2482241192857,-1.24859676085042,33.));
#3990=CARTESIAN_POINT('Ctrl Pts',(2.19603112831384,-1.31860245138067,33.));
#3991=CARTESIAN_POINT('Ctrl Pts',(2.14546881792784,-1.3864209340441,33.));
#3992=CARTESIAN_POINT('Ctrl Pts',(2.09149143097124,-1.45168316653998,33.));
#3993=CARTESIAN_POINT('Ctrl Pts',(2.03411285687651,-1.51403001209815,33.));
#3994=CARTESIAN_POINT('Ctrl Pts',(1.99544311453955,-1.55604807356612,33.));
#3995=CARTESIAN_POINT('Ctrl Pts',(1.95522801642217,-1.59674115956604,33.));
#3996=CARTESIAN_POINT('Ctrl Pts',(1.91346599666511,-1.63598720337489,33.));
#3997=CARTESIAN_POINT('Origin',(0.,0.,21.));
#3998=CARTESIAN_POINT('Ctrl Pts',(-2.51492146324107,-0.00175989440047561,
33.887416697508));
#3999=CARTESIAN_POINT('Ctrl Pts',(-2.51683496526227,-0.293306596533795,
33.9058049436288));
#4000=CARTESIAN_POINT('Ctrl Pts',(-2.4699656815677,-0.584258446799855,33.9241931897496));
#4001=CARTESIAN_POINT('Ctrl Pts',(-2.37159793636521,-0.856607474530951,
33.9425814358703));
#4002=CARTESIAN_POINT('Ctrl Pts',(-2.08994990275231,-1.63640137911774,33.9952309436011));
#4003=CARTESIAN_POINT('Ctrl Pts',(-1.38611738464464,-2.26368930950441,34.047880451332));
#4004=CARTESIAN_POINT('Ctrl Pts',(-0.579189656543959,-2.45412591297474,
34.1005299590628));
#4005=CARTESIAN_POINT('Ctrl Pts',(0.227738071556736,-2.64456251644506,34.1531794667936));
#4006=CARTESIAN_POINT('Ctrl Pts',(1.13776100965045,-2.39814779299901,34.2058289745244));
#4007=CARTESIAN_POINT('Ctrl Pts',(1.7383431025064,-1.82657668830015,34.2584784822553));
#4008=CARTESIAN_POINT('Ctrl Pts',(2.33892519536233,-1.2550055836013,34.3111279899861));
#4009=CARTESIAN_POINT('Ctrl Pts',(2.63006644298052,-0.358278097649646,34.3637774977169));
#4010=CARTESIAN_POINT('Ctrl Pts',(2.47977775560055,0.457081095569474,34.4164270054477));
#4011=CARTESIAN_POINT('Ctrl Pts',(2.32948906822057,1.27244028878862,34.4690765131785));
#4012=CARTESIAN_POINT('Ctrl Pts',(1.73777044584241,2.00643118927523,34.5217260209093));
#4013=CARTESIAN_POINT('Ctrl Pts',(0.972870910822191,2.32631373583762,34.5743755286402));
#4014=CARTESIAN_POINT('Ctrl Pts',(0.207971375801981,2.6461962824,34.627025036371));
#4015=CARTESIAN_POINT('Ctrl Pts',(-0.730109071860283,2.55197047503817,34.6796745441019));
#4016=CARTESIAN_POINT('Ctrl Pts',(-1.41610715232856,2.0863503234762,34.7323240518327));
#4017=CARTESIAN_POINT('Ctrl Pts',(-2.08970165690276,1.62914908014756,34.7840216003911));
#4018=CARTESIAN_POINT('Ctrl Pts',(-2.52024721761868,0.813862485123838,34.8357191489496));
#4019=CARTESIAN_POINT('Ctrl Pts',(-2.52151251231628,-0.000273329223280529,
34.887416697508));
#4020=CARTESIAN_POINT('Ctrl Pts',(-2.51809401951967,0.00219956686287034,
34.612583302492));
#4021=CARTESIAN_POINT('Ctrl Pts',(-2.51967633488324,0.176560950073759,34.6015506123029));
#4022=CARTESIAN_POINT('Ctrl Pts',(-2.50309120257464,0.350623202363197,34.5905179221138));
#4023=CARTESIAN_POINT('Ctrl Pts',(-2.46722063358324,0.520615692476411,34.5794852319247));
#4024=CARTESIAN_POINT('Ctrl Pts',(-2.29604136841285,1.33184312377352,34.5268357241939));
#4025=CARTESIAN_POINT('Ctrl Pts',(-1.68566925324901,2.05038867918838,34.474186216463));
#4026=CARTESIAN_POINT('Ctrl Pts',(-0.912807395516366,2.35052684894054,34.4215367087322));
#4027=CARTESIAN_POINT('Ctrl Pts',(-0.139945537783701,2.65066501869272,34.3688872010014));
#4028=CARTESIAN_POINT('Ctrl Pts',(0.795406062517776,2.53239580278217,34.3162376932706));
#4029=CARTESIAN_POINT('Ctrl Pts',(1.46922035201418,2.04930328330132,34.2635881855397));
#4030=CARTESIAN_POINT('Ctrl Pts',(2.14303464151057,1.56621076382047,34.2109386778089));
#4031=CARTESIAN_POINT('Ctrl Pts',(2.5553116202019,0.718294940769313,34.1582891700781));
#4032=CARTESIAN_POINT('Ctrl Pts',(2.51915106818367,-0.109993279805179,34.1056396623473));
#4033=CARTESIAN_POINT('Ctrl Pts',(2.48299051616544,-0.93828150037966,34.0529901546165));
#4034=CARTESIAN_POINT('Ctrl Pts',(1.99839243343767,-1.74694211847748,34.0003406468856));
#4035=CARTESIAN_POINT('Ctrl Pts',(1.28504339450969,-2.16950001718887,33.9476911391548));
#4036=CARTESIAN_POINT('Ctrl Pts',(0.571694355581722,-2.59205791590027,33.895041631424));
#4037=CARTESIAN_POINT('Ctrl Pts',(-0.370405639546452,-2.62851309522524,
33.8423921236932));
#4038=CARTESIAN_POINT('Ctrl Pts',(-1.11417262643785,-2.2621080602516,33.7897426159623));
#4039=CARTESIAN_POINT('Ctrl Pts',(-1.85793961332925,-1.89570302527796,33.7370931082315));
#4040=CARTESIAN_POINT('Ctrl Pts',(-2.40337359198387,-1.12643777600571,33.6844436005007));
#4041=CARTESIAN_POINT('Ctrl Pts',(-2.50320487689625,-0.303496640447595,
33.6317940927699));
#4042=CARTESIAN_POINT('Ctrl Pts',(-2.51534704726203,-0.203404855815955,
33.6253904960106));
#4043=CARTESIAN_POINT('Ctrl Pts',(-2.52089737045433,-0.102519038194242,
33.6189868992513));
#4044=CARTESIAN_POINT('Ctrl Pts',(-2.52013789968734,-0.00155262611957308,
33.612583302492));
#4045=CARTESIAN_POINT('Ctrl Pts',(-0.793799282532845,2.9692229537457,33.));
#4046=CARTESIAN_POINT('Ctrl Pts',(-1.77603787230449,2.70662890136805,33.0526495077308));
#4047=CARTESIAN_POINT('Ctrl Pts',(-3.44298425751231,1.13501284188341,33.1579485231924));
#4048=CARTESIAN_POINT('Ctrl Pts',(-2.83185905674211,-2.26889042581365,33.315897046385));
#4049=CARTESIAN_POINT('Ctrl Pts',(0.35151561034253,-3.60844046435984,33.4738455695774));
#4050=CARTESIAN_POINT('Ctrl Pts',(3.21381958358093,-1.67987069511744,33.6317940927699));
#4051=CARTESIAN_POINT('Ctrl Pts',(3.16346133690775,1.77359281774192,33.7897426159623));
#4052=CARTESIAN_POINT('Ctrl Pts',(0.24426680894791,3.61806622244035,33.9476911391548));
#4053=CARTESIAN_POINT('Ctrl Pts',(-2.8960770308468,2.18262595737031,34.1056396623473));
#4054=CARTESIAN_POINT('Ctrl Pts',(-3.41080050467256,-1.23198021238328,34.2635881855398));
#4055=CARTESIAN_POINT('Ctrl Pts',(-0.832970223357059,-3.52946119038938,
34.4215367087322));
#4056=CARTESIAN_POINT('Ctrl Pts',(2.50004526847729,-2.62695197190511,34.5794852319247));
#4057=CARTESIAN_POINT('Ctrl Pts',(3.56636815771805,0.657368101269616,34.7374337551171));
#4058=CARTESIAN_POINT('Ctrl Pts',(1.39916197792151,3.34565532984428,34.8953822783097));
#4059=CARTESIAN_POINT('Ctrl Pts',(-2.03661588411223,3.00054746220586,35.0533308015021));
#4060=CARTESIAN_POINT('Ctrl Pts',(-3.62585911519289,-0.0650700782806039,
35.2112793246946));
#4061=CARTESIAN_POINT('Ctrl Pts',(-1.92764459290457,-3.07168821903906,35.369227847887));
#4062=CARTESIAN_POINT('Ctrl Pts',(1.51830584790677,-3.29330127588474,35.5271763710795));
#4063=CARTESIAN_POINT('Ctrl Pts',(3.58765496884992,-0.528977608206107,35.685124894272));
#4064=CARTESIAN_POINT('Ctrl Pts',(2.40418622951941,2.7149536503247,35.8430734174644));
#4065=CARTESIAN_POINT('Ctrl Pts',(-0.959084934211096,3.49731916947159,36.0010219406569));
#4066=CARTESIAN_POINT('Ctrl Pts',(-3.45278301387018,1.10877167955941,36.1589704638494));
#4067=CARTESIAN_POINT('Ctrl Pts',(-2.81594771742231,-2.28506532710104,36.3169189870418));
#4068=CARTESIAN_POINT('Ctrl Pts',(0.374021716274885,-3.60710312109548,36.4748675102343));
#4069=CARTESIAN_POINT('Ctrl Pts',(3.22487704287721,-1.65869020880534,36.6328160334268));
#4070=CARTESIAN_POINT('Ctrl Pts',(3.15183443094581,1.79360666312602,36.7907645566192));
#4071=CARTESIAN_POINT('Ctrl Pts',(0.221119401223315,3.61969492671704,36.9487130798117));
#4072=CARTESIAN_POINT('Ctrl Pts',(-2.91007786559336,2.16391588673715,37.1066616030042));
#4073=CARTESIAN_POINT('Ctrl Pts',(-3.40279603715511,-1.25381987441739,37.2646101261967));
#4074=CARTESIAN_POINT('Ctrl Pts',(-0.810302533468804,-3.53475528905858,
37.4225586493891));
#4075=CARTESIAN_POINT('Ctrl Pts',(2.51686763321871,-2.61083558762031,37.5805071725816));
#4076=CARTESIAN_POINT('Ctrl Pts',(3.56207046386232,0.680249336028945,37.738455695774));
#4077=CARTESIAN_POINT('Ctrl Pts',(1.3776523404357,3.35457287560536,37.8964042189665));
#4078=CARTESIAN_POINT('Ctrl Pts',(-2.05584126068146,2.98740721356356,38.054352742159));
#4079=CARTESIAN_POINT('Ctrl Pts',(-3.62536611631431,-0.0883497111181367,
38.2123012653515));
#4080=CARTESIAN_POINT('Ctrl Pts',(-1.90788177481636,-3.08400263977168,38.3702497885439));
#4081=CARTESIAN_POINT('Ctrl Pts',(1.53942094630902,-3.28348417064068,38.5281983117364));
#4082=CARTESIAN_POINT('Ctrl Pts',(3.59097751478633,-0.50593046664868,38.6861468349289));
#4083=CARTESIAN_POINT('Ctrl Pts',(2.38670398525177,2.73033500427513,38.8440953581213));
#4084=CARTESIAN_POINT('Ctrl Pts',(-0.981521459390476,3.49108876620761,39.0020438813138));
#4085=CARTESIAN_POINT('Ctrl Pts',(-3.45983124842899,1.08657852048517,39.1599924045063));
#4086=CARTESIAN_POINT('Ctrl Pts',(-2.80121727052782,-2.30309942296947,39.3179409276987));
#4087=CARTESIAN_POINT('Ctrl Pts',(0.397175211388824,-3.60462716522022,39.4758894508912));
#4088=CARTESIAN_POINT('Ctrl Pts',(3.23546100867719,-1.63794908654542,39.6338379740837));
#4089=CARTESIAN_POINT('Ctrl Pts',(3.14025271149643,1.81380761293054,39.7917864972761));
#4090=CARTESIAN_POINT('Ctrl Pts',(0.197872787270801,3.62104011422729,39.9497350204686));
#4091=CARTESIAN_POINT('Ctrl Pts',(-2.92391237514446,2.14518567291096,40.107683543661));
#4092=CARTESIAN_POINT('Ctrl Pts',(-3.39467511379131,-1.2756433751607,40.2656320668536));
#4093=CARTESIAN_POINT('Ctrl Pts',(-0.787589171140145,-3.53988537191365,
40.423580590046));
#4094=CARTESIAN_POINT('Ctrl Pts',(2.53357991954194,-2.59462096269942,40.5815291132385));
#4095=CARTESIAN_POINT('Ctrl Pts',(3.55762915252542,0.703107361564904,40.7394776364309));
#4096=CARTESIAN_POINT('Ctrl Pts',(1.35608423331369,3.36334962514209,40.8974261596234));
#4097=CARTESIAN_POINT('Ctrl Pts',(-2.07498101680596,2.97414507525782,41.0553746828159));
#4098=CARTESIAN_POINT('Ctrl Pts',(-3.62472408668256,-0.111626359829112,
41.2133232060084));
#4099=CARTESIAN_POINT('Ctrl Pts',(-1.8880400681639,-3.09618956942127,41.3712717292008));
#4100=CARTESIAN_POINT('Ctrl Pts',(1.56047245801601,-3.27353186276826,41.5292202523933));
#4101=CARTESIAN_POINT('Ctrl Pts',(3.59415206613725,-0.482862376114352,41.6871687755858));
#4102=CARTESIAN_POINT('Ctrl Pts',(2.36912330708566,2.74560374136707,41.8451172987782));
#4103=CARTESIAN_POINT('Ctrl Pts',(-1.00391750087218,3.48471445031414,42.0030658219707));
#4104=CARTESIAN_POINT('Ctrl Pts',(-3.46673684355983,1.06434054996049,42.1610143451632));
#4105=CARTESIAN_POINT('Ctrl Pts',(-2.78637132622677,-2.32103855658762,42.3189628683556));
#4106=CARTESIAN_POINT('Ctrl Pts',(0.420312328942955,-3.60200259507476,42.4769113915481));
#4107=CARTESIAN_POINT('Ctrl Pts',(3.24591157868173,-1.61714043056383,42.6348599147406));
#4108=CARTESIAN_POINT('Ctrl Pts',(3.12854151996793,1.83393377923511,42.7928084379331));
#4109=CARTESIAN_POINT('Ctrl Pts',(0.174618015388431,3.62223600797862,42.9507569611255));
#4110=CARTESIAN_POINT('Ctrl Pts',(-2.93762633297696,2.12636701361147,43.108705484318));
#4111=CARTESIAN_POINT('Ctrl Pts',(-3.38641422909826,-1.29741428145863,43.2666540075104));
#4112=CARTESIAN_POINT('Ctrl Pts',(-0.764843336829472,-3.54486950661977,
43.424602530703));
#4113=CARTESIAN_POINT('Ctrl Pts',(2.55018774728439,-2.57829936242646,43.5825510538953));
#4114=CARTESIAN_POINT('Ctrl Pts',(3.55304116138907,0.725936398180739,43.7404995770879));
#4115=CARTESIAN_POINT('Ctrl Pts',(1.33446021532592,3.37198770504668,43.8984481002803));
#4116=CARTESIAN_POINT('Ctrl Pts',(-2.09403522220331,2.96076031386102,44.0563966234728));
#4117=CARTESIAN_POINT('Ctrl Pts',(-3.62393261095758,-0.134898405950402,
44.2143451466653));
#4118=CARTESIAN_POINT('Ctrl Pts',(-1.86812051829565,-3.10824884480333,44.3722936698577));
#4119=CARTESIAN_POINT('Ctrl Pts',(1.58145963200882,-3.26344458730833,44.5302421930502));
#4120=CARTESIAN_POINT('Ctrl Pts',(3.59717843185034,-0.459774379336208,44.6881907162426));
#4121=CARTESIAN_POINT('Ctrl Pts',(2.35144495084952,2.76075928207915,44.8461392394352));
#4122=CARTESIAN_POINT('Ctrl Pts',(-1.02627215127632,3.4781964533203,45.0040877626276));
#4123=CARTESIAN_POINT('Ctrl Pts',(-3.47349950619484,1.04205871174693,45.1620362858201));
#4124=CARTESIAN_POINT('Ctrl Pts',(-2.77141050114496,-2.33888202317425,45.3199848090125));
#4125=CARTESIAN_POINT('Ctrl Pts',(0.443432117792687,-3.59922946011118,45.477933332205));
#4126=CARTESIAN_POINT('Ctrl Pts',(3.25622831969013,-1.59626520839894,45.6358818553974));
#4127=CARTESIAN_POINT('Ctrl Pts',(3.11670134213951,1.85398454293384,45.79383037859));
#4128=CARTESIAN_POINT('Ctrl Pts',(0.151356039484328,3.62328215032299,45.9517789017824));
#4129=CARTESIAN_POINT('Ctrl Pts',(-2.95121916460869,2.10746147788311,46.1097274249749));
#4130=CARTESIAN_POINT('Ctrl Pts',(-3.37801374106538,-1.31913323722128,46.2676759481673));
#4131=CARTESIAN_POINT('Ctrl Pts',(-0.742065934634421,-3.54970449125441,
46.4256244713598));
#4132=CARTESIAN_POINT('Ctrl Pts',(2.5666903662484,-2.56187728448489,46.5835729945523));
#4133=CARTESIAN_POINT('Ctrl Pts',(3.54830680684003,0.7487468274821,46.7415215177447));
#4134=CARTESIAN_POINT('Ctrl Pts',(1.3127809307204,3.38046474843345,46.8994700409373));
#4135=CARTESIAN_POINT('Ctrl Pts',(-2.11300261053682,2.94729626848798,47.0574185641297));
#4136=CARTESIAN_POINT('Ctrl Pts',(-3.62299265637452,-0.158248065521363,
47.2153670873222));
#4137=CARTESIAN_POINT('Ctrl Pts',(-1.84812212880868,-3.12001827894085,47.3733156105147));
#4138=CARTESIAN_POINT('Ctrl Pts',(1.60237806058485,-3.25353710048191,47.5312641337071));
#4139=CARTESIAN_POINT('Ctrl Pts',(3.60006346468666,-0.436056095417713,47.6892126568996));
#4140=CARTESIAN_POINT('Ctrl Pts',(2.33365515185602,2.77460978181795,47.847161180092));
#4141=CARTESIAN_POINT('Ctrl Pts',(-1.04854685244844,3.47387952868572,48.0051097032845));
#4142=CARTESIAN_POINT('Ctrl Pts',(-3.48028841551812,1.01488289646057,48.1630582264769));
#4143=CARTESIAN_POINT('Ctrl Pts',(-2.99678322169201,-1.22451658043733,48.2683572419386));
#4144=CARTESIAN_POINT('Ctrl Pts',(-2.33606265769618,-1.99730155693061,48.3210067496694));
#4145=CARTESIAN_POINT('Ctrl Pts',(-0.745932854346926,2.79017756984216,32.8929977501102));
#4146=CARTESIAN_POINT('Ctrl Pts',(-1.66894204702373,2.54341804846847,32.945647257841));
#4147=CARTESIAN_POINT('Ctrl Pts',(-3.23537086917362,1.06657109359566,33.0509462733026));
#4148=CARTESIAN_POINT('Ctrl Pts',(-2.66109677318389,-2.13207538576676,33.2088947964952));
#4149=CARTESIAN_POINT('Ctrl Pts',(0.330319072264289,-3.39084999766236,33.3668433196876));
#4150=CARTESIAN_POINT('Ctrl Pts',(3.02002492076752,-1.57857379077546,33.5247918428801));
#4151=CARTESIAN_POINT('Ctrl Pts',(2.97270329739572,1.6666444302722,33.6827403660725));
#4152=CARTESIAN_POINT('Ctrl Pts',(0.229537418375268,3.39989531851141,33.840688889265));
#4153=CARTESIAN_POINT('Ctrl Pts',(-2.72144237663598,2.05101270079009,33.9986374124575));
#4154=CARTESIAN_POINT('Ctrl Pts',(-3.20512781006837,-1.15769129116587,34.1565859356499));
#4155=CARTESIAN_POINT('Ctrl Pts',(-0.782741771083697,-3.31663320688995,
34.3145344588424));
#4156=CARTESIAN_POINT('Ctrl Pts',(2.34929149489957,-2.46854567112107,34.4724829820349));
#4157=CARTESIAN_POINT('Ctrl Pts',(3.35131466867828,0.617728530280418,34.6304315052274));
#4158=CARTESIAN_POINT('Ctrl Pts',(1.31479192643576,3.14391091648346,34.7883800284198));
#4159=CARTESIAN_POINT('Ctrl Pts',(-1.91380709591567,2.81961319736269,34.9463285516123));
#4160=CARTESIAN_POINT('Ctrl Pts',(-3.40721829657707,-0.0611463253904078,
35.1042770748048));
#4161=CARTESIAN_POINT('Ctrl Pts',(-1.81140681906856,-2.88646413685418,35.2622255979972));
#4162=CARTESIAN_POINT('Ctrl Pts',(1.42675137131264,-3.094713833838,35.4201741211897));
#4163=CARTESIAN_POINT('Ctrl Pts',(3.37131787621064,-0.497080037557816,35.5781226443822));
#4164=CARTESIAN_POINT('Ctrl Pts',(2.25921279601659,2.55124081158705,35.7360711675746));
#4165=CARTESIAN_POINT('Ctrl Pts',(-0.901251712214311,3.28642936325434,35.8940196907671));
#4166=CARTESIAN_POINT('Ctrl Pts',(-3.24457875643166,1.04191228431674,36.0519682139596));
#4167=CARTESIAN_POINT('Ctrl Pts',(-2.64614489426882,-2.14727493375273,36.209916737152));
#4168=CARTESIAN_POINT('Ctrl Pts',(0.351468050611545,-3.38959329675525,36.3678652603445));
#4169=CARTESIAN_POINT('Ctrl Pts',(3.03041561065122,-1.55867049663184,36.525813783537));
#4170=CARTESIAN_POINT('Ctrl Pts',(2.96177749871807,1.6854514324229,36.6837623067294));
#4171=CARTESIAN_POINT('Ctrl Pts',(0.207785809001616,3.40142581124015,36.8417108299219));
#4172=CARTESIAN_POINT('Ctrl Pts',(-2.73459895520131,2.03343085522846,36.9996593531144));
#4173=CARTESIAN_POINT('Ctrl Pts',(-3.19760601528447,-1.17821401246022,37.1576078763068));
#4174=CARTESIAN_POINT('Ctrl Pts',(-0.76144095236055,-3.32160806919886,37.3155563994993));
#4175=CARTESIAN_POINT('Ctrl Pts',(2.36509946402294,-2.453401111538,37.4735049226918));
#4176=CARTESIAN_POINT('Ctrl Pts',(3.34727612755654,0.639230017029749,37.6314534458842));
#4177=CARTESIAN_POINT('Ctrl Pts',(1.29457932907165,3.15229073051165,37.7894019690767));
#4178=CARTESIAN_POINT('Ctrl Pts',(-1.93187317425025,2.80726531120021,37.9473504922692));
#4179=CARTESIAN_POINT('Ctrl Pts',(-3.40675502573671,-0.083022186647483,
38.1052990154617));
#4180=CARTESIAN_POINT('Ctrl Pts',(-1.79283570716299,-2.89803599287476,38.2632475386541));
#4181=CARTESIAN_POINT('Ctrl Pts',(1.44659322046467,-3.08548870413927,38.4211960618466));
#4182=CARTESIAN_POINT('Ctrl Pts',(3.37444007123976,-0.47542264825958,38.579144585039));
#4183=CARTESIAN_POINT('Ctrl Pts',(2.24278473837796,2.56569466347181,38.7370931082315));
#4184=CARTESIAN_POINT('Ctrl Pts',(-0.92233530555705,3.28057465590867,38.895041631424));
#4185=CARTESIAN_POINT('Ctrl Pts',(-3.2512019795036,1.02105738200138,39.0529901546165));
#4186=CARTESIAN_POINT('Ctrl Pts',(-2.63230269947273,-2.16422156611018,39.2109386778089));
#4187=CARTESIAN_POINT('Ctrl Pts',(0.37322538030242,-3.3872666420531,39.3688872010013));
#4188=CARTESIAN_POINT('Ctrl Pts',(3.04036135889415,-1.5391800727046,39.5268357241939));
#4189=CARTESIAN_POINT('Ctrl Pts',(2.95089416178741,1.70443425651935,39.6847842473863));
#4190=CARTESIAN_POINT('Ctrl Pts',(0.185940975577016,3.40268988338185,39.8427327705788));
#4191=CARTESIAN_POINT('Ctrl Pts',(-2.74759923804992,2.01583008111675,40.0006812937712));
#4192=CARTESIAN_POINT('Ctrl Pts',(-3.18997478699038,-1.19872154699636,40.1586298169638));
#4193=CARTESIAN_POINT('Ctrl Pts',(-0.740097215264227,-3.32642880591571,
40.3165783401562));
#4194=CARTESIAN_POINT('Ctrl Pts',(2.3808039925027,-2.43816423527023,40.4745268633486));
#4195=CARTESIAN_POINT('Ctrl Pts',(3.34310262914772,0.66070969408157,40.6324753865412));
#4196=CARTESIAN_POINT('Ctrl Pts',(1.27431178781481,3.1605382383866,40.7904239097335));
#4197=CARTESIAN_POINT('Ctrl Pts',(-1.94985879508868,2.79480288537188,40.9483724329262));
#4198=CARTESIAN_POINT('Ctrl Pts',(-3.40615171075983,-0.10489524372207,41.1063209561185));
#4199=CARTESIAN_POINT('Ctrl Pts',(-1.77419046370654,-2.90948804557785,41.2642694793111));
#4200=CARTESIAN_POINT('Ctrl Pts',(1.46637531722571,-3.07613652458713,41.4222180025034));
#4201=CARTESIAN_POINT('Ctrl Pts',(3.37742319581868,-0.453745573216507,41.5801665256959));
#4202=CARTESIAN_POINT('Ctrl Pts',(2.22626418244604,2.58004268934168,41.7381150488884));
#4203=CARTESIAN_POINT('Ctrl Pts',(-0.943380856385987,3.27458471392515,41.8960635720809));
#4204=CARTESIAN_POINT('Ctrl Pts',(-3.25769116436463,1.00016037038476,42.0540120952734));
#4205=CARTESIAN_POINT('Ctrl Pts',(-2.61835197181193,-2.18107896248071,42.2119606184658));
#4206=CARTESIAN_POINT('Ctrl Pts',(0.394967320007183,-3.38480033458329,42.3699091416582));
#4207=CARTESIAN_POINT('Ctrl Pts',(3.05018175516381,-1.51962618736731,42.5278576648508));
#4208=CARTESIAN_POINT('Ctrl Pts',(2.93988915999807,1.72334680659212,42.6858061880432));
#4209=CARTESIAN_POINT('Ctrl Pts',(0.16408847614913,3.40381366424064,42.8437547112357));
#4210=CARTESIAN_POINT('Ctrl Pts',(-2.76048623849888,1.99814619483071,43.0017032344281));
#4211=CARTESIAN_POINT('Ctrl Pts',(-3.18221203709363,-1.21917965855412,43.1596517576207));
#4212=CARTESIAN_POINT('Ctrl Pts',(-0.718722964259959,-3.33111239521794,
43.3176002808131));
#4213=CARTESIAN_POINT('Ctrl Pts',(2.39641036129772,-2.42282683430878,43.4755488040056));
#4214=CARTESIAN_POINT('Ctrl Pts',(3.3387912957926,0.682162130257256,43.6334973271981));
#4215=CARTESIAN_POINT('Ctrl Pts',(1.25399170714077,3.16865543846613,43.7914458503904));
#4216=CARTESIAN_POINT('Ctrl Pts',(-1.96776402394453,2.78222523067609,43.949394373583));
#4217=CARTESIAN_POINT('Ctrl Pts',(-3.40540796135155,-0.126763975745052,
44.1073428967754));
#4218=CARTESIAN_POINT('Ctrl Pts',(-1.7554720710127,-2.92082014161905,44.265291419968));
#4219=CARTESIAN_POINT('Ctrl Pts',(1.48609695586361,-3.06665751604935,44.4232399431604));
#4220=CARTESIAN_POINT('Ctrl Pts',(3.38026707041563,-0.43204979228443,44.5811884663529));
#4221=CARTESIAN_POINT('Ctrl Pts',(2.2096518384725,2.59428434462066,44.7391369895453));
#4222=CARTESIAN_POINT('Ctrl Pts',(-0.964387512036627,3.26845975487162,44.8970855127378));
#4223=CARTESIAN_POINT('Ctrl Pts',(-3.26404603561902,0.979222136319216,45.0550340359302));
#4224=CARTESIAN_POINT('Ctrl Pts',(-2.60429329072941,-2.19784646058167,45.2129825591228));
#4225=CARTESIAN_POINT('Ctrl Pts',(0.41669297593566,-3.38219442081593,45.3709310823151));
#4226=CARTESIAN_POINT('Ctrl Pts',(3.05987639238167,-1.50000974981537,45.5288796055077));
#4227=CARTESIAN_POINT('Ctrl Pts',(2.92876294983654,1.74218850086766,45.6868281287001));
#4228=CARTESIAN_POINT('Ctrl Pts',(0.142229207105035,3.40479672376482,45.8447766518926));
#4229=CARTESIAN_POINT('Ctrl Pts',(-2.77325941670755,1.98038067080074,46.0027251750851));
#4230=CARTESIAN_POINT('Ctrl Pts',(-3.17431810199674,-1.23958895221558,46.1606736982775));
#4231=CARTESIAN_POINT('Ctrl Pts',(-0.697319048927928,-3.33565582826027,
46.31862222147));
#4232=CARTESIAN_POINT('Ctrl Pts',(2.41191786544756,-2.40739501452408,46.4765707446625));
#4233=CARTESIAN_POINT('Ctrl Pts',(3.33434242479968,0.703597081147297,46.6345192678549));
#4234=CARTESIAN_POINT('Ctrl Pts',(1.2336196924491,3.1766213125971,46.7924677910475));
#4235=CARTESIAN_POINT('Ctrl Pts',(-1.98558767084174,2.76957307286092,46.9504163142398));
#4236=CARTESIAN_POINT('Ctrl Pts',(-3.40452468642233,-0.148705641094285,
47.1083648374324));
#4237=CARTESIAN_POINT('Ctrl Pts',(-1.73667959276208,-2.93187987396378,47.2663133606247));
#4238=CARTESIAN_POINT('Ctrl Pts',(1.50575399446206,-3.05734745481542,47.4242618838173));
#4239=CARTESIAN_POINT('Ctrl Pts',(3.38297813456728,-0.409761730789737,47.5822104070097));
#4240=CARTESIAN_POINT('Ctrl Pts',(2.1929347717864,2.60729965344197,47.7401589302023));
#4241=CARTESIAN_POINT('Ctrl Pts',(-0.98531903942731,3.26440314259502,47.8981074533946));
#4242=CARTESIAN_POINT('Ctrl Pts',(-3.27042557087541,0.953685034041819,48.0560559765872));
#4243=CARTESIAN_POINT('Ctrl Pts',(-2.81607594212358,-1.15067771934269,48.1613549920488));
#4244=CARTESIAN_POINT('Ctrl Pts',(-2.19519710401915,-1.87686343907872,48.2140044997796));
#4245=CARTESIAN_POINT('Ctrl Pts',(-0.698066426161008,2.61113218593862,32.7859955002204));
#4246=CARTESIAN_POINT('Ctrl Pts',(-1.56184622174296,2.38020719556888,32.8386450079512));
#4247=CARTESIAN_POINT('Ctrl Pts',(-3.02775748083494,0.99812934530791,32.9439440234129));
#4248=CARTESIAN_POINT('Ctrl Pts',(-2.49033448962566,-1.99526034571986,33.1018925466053));
#4249=CARTESIAN_POINT('Ctrl Pts',(0.309122534186044,-3.17325953096489,33.2598410697978));
#4250=CARTESIAN_POINT('Ctrl Pts',(2.82623025795412,-1.47727688643347,33.4177895929902));
#4251=CARTESIAN_POINT('Ctrl Pts',(2.78194525788369,1.55969604280249,33.5757381161827));
#4252=CARTESIAN_POINT('Ctrl Pts',(0.214808027802626,3.18172441458246,33.7336866393752));
#4253=CARTESIAN_POINT('Ctrl Pts',(-2.54680772242516,1.91939944420988,33.8916351625677));
#4254=CARTESIAN_POINT('Ctrl Pts',(-2.99945511546418,-1.08340236994846,34.0495836857601));
#4255=CARTESIAN_POINT('Ctrl Pts',(-0.732513318810335,-3.10380522339052,
34.2075322089526));
#4256=CARTESIAN_POINT('Ctrl Pts',(2.19853772132184,-2.31013937033703,34.3654807321451));
#4257=CARTESIAN_POINT('Ctrl Pts',(3.1362611796385,0.578088959291218,34.5234292553375));
#4258=CARTESIAN_POINT('Ctrl Pts',(1.23042187495001,2.94216650312264,34.68137777853));
#4259=CARTESIAN_POINT('Ctrl Pts',(-1.79099830771911,2.63867893251952,34.8393263017225));
#4260=CARTESIAN_POINT('Ctrl Pts',(-3.18857747796124,-0.0572225725002199,
34.9972748249149));
#4261=CARTESIAN_POINT('Ctrl Pts',(-1.69516904523255,-2.70124005466929,35.1552233481074));
#4262=CARTESIAN_POINT('Ctrl Pts',(1.33519689471851,-2.89612639179127,35.3131718712999));
#4263=CARTESIAN_POINT('Ctrl Pts',(3.15498078357135,-0.465182466909518,35.4711203944923));
#4264=CARTESIAN_POINT('Ctrl Pts',(2.11423936251376,2.38752797284939,35.6290689176848));
#4265=CARTESIAN_POINT('Ctrl Pts',(-0.84341849021752,3.07553955703708,35.7870174408772));
#4266=CARTESIAN_POINT('Ctrl Pts',(-3.03637449899316,0.97505288907407,35.9449659640698));
#4267=CARTESIAN_POINT('Ctrl Pts',(-2.47634207111532,-2.00948454040441,36.1029144872622));
#4268=CARTESIAN_POINT('Ctrl Pts',(0.328914384948201,-3.17208347241502,36.2608630104546));
#4269=CARTESIAN_POINT('Ctrl Pts',(2.83595417842523,-1.45865078445834,36.4188115336472));
#4270=CARTESIAN_POINT('Ctrl Pts',(2.77172056649033,1.57729620171979,36.5767600568396));
#4271=CARTESIAN_POINT('Ctrl Pts',(0.194452216779919,3.18315669576326,36.7347085800321));
#4272=CARTESIAN_POINT('Ctrl Pts',(-2.55912004480926,1.90294582371978,36.8926571032246));
#4273=CARTESIAN_POINT('Ctrl Pts',(-2.99241599341383,-1.10260815050306,37.050605626417));
#4274=CARTESIAN_POINT('Ctrl Pts',(-0.712579371252295,-3.10846084933914,
37.2085541496095));
#4275=CARTESIAN_POINT('Ctrl Pts',(2.21333129482717,-2.2959666354557,37.366502672802));
#4276=CARTESIAN_POINT('Ctrl Pts',(3.13248179125076,0.598210698030553,37.5244511959945));
#4277=CARTESIAN_POINT('Ctrl Pts',(1.2115063177076,2.95000858541793,37.6823997191869));
#4278=CARTESIAN_POINT('Ctrl Pts',(-1.80790508781905,2.62712340883685,37.8403482423794));
#4279=CARTESIAN_POINT('Ctrl Pts',(-3.18814393515911,-0.0776946621768253,
37.9982967655718));
#4280=CARTESIAN_POINT('Ctrl Pts',(-1.67778963950962,-2.71206934597784,38.1562452887643));
#4281=CARTESIAN_POINT('Ctrl Pts',(1.35376549462032,-2.88749323763787,38.3141938119568));
#4282=CARTESIAN_POINT('Ctrl Pts',(3.15790262769318,-0.444914829870483,38.4721423351493));
#4283=CARTESIAN_POINT('Ctrl Pts',(2.09886549150415,2.40105432266849,38.6300908583417));
#4284=CARTESIAN_POINT('Ctrl Pts',(-0.863149151723625,3.07006054560972,38.7880393815342));
#4285=CARTESIAN_POINT('Ctrl Pts',(-3.04257271057822,0.955536243517593,38.9459879047266));
#4286=CARTESIAN_POINT('Ctrl Pts',(-2.46338812841763,-2.0253437092509,39.1039364279191));
#4287=CARTESIAN_POINT('Ctrl Pts',(0.349275549216016,-3.16990611888598,39.2618849511116));
#4288=CARTESIAN_POINT('Ctrl Pts',(2.84526170911111,-1.44041105886378,39.419833474304));
#4289=CARTESIAN_POINT('Ctrl Pts',(2.76153561207839,1.59506090010816,39.5777819974966));
#4290=CARTESIAN_POINT('Ctrl Pts',(0.174009163883229,3.18433965253641,39.7357305206889));
#4291=CARTESIAN_POINT('Ctrl Pts',(-2.57128610095536,1.88647448932255,39.8936790438815));
#4292=CARTESIAN_POINT('Ctrl Pts',(-2.98527446018945,-1.12179971883201,40.0516275670739));
#4293=CARTESIAN_POINT('Ctrl Pts',(-0.692605259388309,-3.11297223991777,
40.2095760902663));
#4294=CARTESIAN_POINT('Ctrl Pts',(2.22802806546346,-2.28170750784104,40.3675246134589));
#4295=CARTESIAN_POINT('Ctrl Pts',(3.12857610577001,0.618312026598237,40.5254731366513));
#4296=CARTESIAN_POINT('Ctrl Pts',(1.19253934231593,2.95772685163111,40.6834216598438));
#4297=CARTESIAN_POINT('Ctrl Pts',(-1.82473657337141,2.61546069548593,40.8413701830363));
#4298=CARTESIAN_POINT('Ctrl Pts',(-3.18757933483711,-0.0981641276150268,
40.9993187062287));
#4299=CARTESIAN_POINT('Ctrl Pts',(-1.66034085924917,-2.72278652173444,41.1572672294212));
#4300=CARTESIAN_POINT('Ctrl Pts',(1.37227817643542,-2.87874118640599,41.3152157526137));
#4301=CARTESIAN_POINT('Ctrl Pts',(3.16069432550012,-0.424628770318662,41.4731642758061));
#4302=CARTESIAN_POINT('Ctrl Pts',(2.08340505780641,2.41448163731629,41.6311127989986));
#4303=CARTESIAN_POINT('Ctrl Pts',(-0.882844211899794,3.06445497753616,41.7890613221911));
#4304=CARTESIAN_POINT('Ctrl Pts',(-3.04864548516944,0.935980190809026,41.9470098453835));
#4305=CARTESIAN_POINT('Ctrl Pts',(-2.45033261739708,-2.04111936837381,42.104958368576));
#4306=CARTESIAN_POINT('Ctrl Pts',(0.369622311071411,-3.16759807409182,42.2629068917685));
#4307=CARTESIAN_POINT('Ctrl Pts',(2.85445193164588,-1.4221119441708,42.420855414961));
#4308=CARTESIAN_POINT('Ctrl Pts',(2.7512368000282,1.61275983394912,42.5788039381533));
#4309=CARTESIAN_POINT('Ctrl Pts',(0.15355893690983,3.18539132050265,42.736752461346));
#4310=CARTESIAN_POINT('Ctrl Pts',(-2.58334614402079,1.86992537604996,42.8947009845383));
#4311=CARTESIAN_POINT('Ctrl Pts',(-2.97800984508901,-1.14094503564962,43.0526495077308));
#4312=CARTESIAN_POINT('Ctrl Pts',(-0.672602591690448,-3.11735528381611,
43.2105980309233));
#4313=CARTESIAN_POINT('Ctrl Pts',(2.24263297531105,-2.2673543061911,43.3685465541157));
#4314=CARTESIAN_POINT('Ctrl Pts',(3.12454143019612,0.638387862333772,43.5264950773082));
#4315=CARTESIAN_POINT('Ctrl Pts',(1.17352319895562,2.96532317188558,43.6844436005007));
#4316=CARTESIAN_POINT('Ctrl Pts',(-1.84149282568576,2.60369014749115,43.8423921236932));
#4317=CARTESIAN_POINT('Ctrl Pts',(-3.18688331174551,-0.118629545539705,
44.0003406468856));
#4318=CARTESIAN_POINT('Ctrl Pts',(-1.64282362372976,-2.73339143843477,44.1582891700781));
#4319=CARTESIAN_POINT('Ctrl Pts',(1.3907342797184,-2.86987044479037,44.3162376932706));
#4320=CARTESIAN_POINT('Ctrl Pts',(3.16335570898091,-0.404325205232649,44.474186216463));
#4321=CARTESIAN_POINT('Ctrl Pts',(2.06785872609548,2.42780940716217,44.6321347396555));
#4322=CARTESIAN_POINT('Ctrl Pts',(-0.902502872796929,3.05872305642293,44.7900832628479));
#4323=CARTESIAN_POINT('Ctrl Pts',(-3.0545925650432,0.916385560891495,44.9480317860405));
#4324=CARTESIAN_POINT('Ctrl Pts',(-2.43717608031385,-2.05681089798909,45.1059803092329));
#4325=CARTESIAN_POINT('Ctrl Pts',(0.389953834078631,-3.16515938152068,45.2639288324254));
#4326=CARTESIAN_POINT('Ctrl Pts',(2.8635244650732,-1.4037542912318,45.4218773556179));
#4327=CARTESIAN_POINT('Ctrl Pts',(2.74082455753357,1.63039245880148,45.5798258788103));
#4328=CARTESIAN_POINT('Ctrl Pts',(0.133102374725739,3.18631129720665,45.7377744020028));
#4329=CARTESIAN_POINT('Ctrl Pts',(-2.59529966880641,1.85329986371837,45.8957229251953));
#4330=CARTESIAN_POINT('Ctrl Pts',(-2.97062246292811,-1.16004466720988,46.0536714483877));
#4331=CARTESIAN_POINT('Ctrl Pts',(-0.652572163221432,-3.12160716526613,
46.2116199715802));
#4332=CARTESIAN_POINT('Ctrl Pts',(2.25714536464672,-2.25291274456328,46.3695684947726));
#4333=CARTESIAN_POINT('Ctrl Pts',(3.12037804275933,0.658447334812495,46.5275170179652));
#4334=CARTESIAN_POINT('Ctrl Pts',(1.1544584541778,2.97277787676076,46.6854655411575));
#4335=CARTESIAN_POINT('Ctrl Pts',(-1.85817273114666,2.59184987723386,46.8434140643501));
#4336=CARTESIAN_POINT('Ctrl Pts',(-3.18605671647013,-0.139163216667206,
47.0013625875425));
#4337=CARTESIAN_POINT('Ctrl Pts',(-1.62523705671549,-2.7437414689867,47.159311110735));
#4338=CARTESIAN_POINT('Ctrl Pts',(1.40912992833927,-2.86115780914892,47.3172596339275));
#4339=CARTESIAN_POINT('Ctrl Pts',(3.16589280444789,-0.383467366161762,47.4752081571199));
#4340=CARTESIAN_POINT('Ctrl Pts',(2.05221439171678,2.43998952506598,47.6331566803124));
#4341=CARTESIAN_POINT('Ctrl Pts',(-0.92209122640618,3.05492675650432,47.7911052035048));
#4342=CARTESIAN_POINT('Ctrl Pts',(-3.06056272623271,0.892487171623071,47.9490537266974));
#4343=CARTESIAN_POINT('Ctrl Pts',(-2.63536866255514,-1.07683885824805,48.054352742159));
#4344=CARTESIAN_POINT('Ctrl Pts',(-2.05433155034212,-1.75642532122682,48.1070022498898));
#4345=CARTESIAN_POINT('Ctrl Pts',(-0.650199997975089,2.43208680203507,32.6789932503306));
#4346=CARTESIAN_POINT('Ctrl Pts',(-1.4547503964622,2.21699634266929,32.7316427580614));
#4347=CARTESIAN_POINT('Ctrl Pts',(-2.82014409249625,0.929687597020163,32.836941773523));
#4348=CARTESIAN_POINT('Ctrl Pts',(-2.31957220606743,-1.85844530567297,32.9948902967155));
#4349=CARTESIAN_POINT('Ctrl Pts',(0.287925996107801,-2.95566906426742,33.152838819908));
#4350=CARTESIAN_POINT('Ctrl Pts',(2.63243559514072,-1.37597998209148,33.3107873431004));
#4351=CARTESIAN_POINT('Ctrl Pts',(2.59118721837165,1.45274765533277,33.4687358662929));
#4352=CARTESIAN_POINT('Ctrl Pts',(0.200078637229985,2.96355351065352,33.6266843894854));
#4353=CARTESIAN_POINT('Ctrl Pts',(-2.37217306821435,1.78778618762966,33.7846329126778));
#4354=CARTESIAN_POINT('Ctrl Pts',(-2.79378242085999,-1.00911344873105,33.9425814358703));
#4355=CARTESIAN_POINT('Ctrl Pts',(-0.682284866536976,-2.89097723989109,
34.1005299590628));
#4356=CARTESIAN_POINT('Ctrl Pts',(2.04778394774413,-2.15173306955299,34.2584784822552));
#4357=CARTESIAN_POINT('Ctrl Pts',(2.92120769059873,0.538449388302019,34.4164270054477));
#4358=CARTESIAN_POINT('Ctrl Pts',(1.14605182346426,2.74042208976183,34.5743755286401));
#4359=CARTESIAN_POINT('Ctrl Pts',(-1.66818951952255,2.45774466767635,34.7323240518327));
#4360=CARTESIAN_POINT('Ctrl Pts',(-2.96993665934541,-0.0532988196100254,
34.8902725750251));
#4361=CARTESIAN_POINT('Ctrl Pts',(-1.57893127139654,-2.51601597248441,35.0482210982176));
#4362=CARTESIAN_POINT('Ctrl Pts',(1.24364241812438,-2.69753894974453,35.2061696214101));
#4363=CARTESIAN_POINT('Ctrl Pts',(2.93864369093206,-0.433284896261227,35.3641181446025));
#4364=CARTESIAN_POINT('Ctrl Pts',(1.96926592901094,2.22381513411174,35.522066667795));
#4365=CARTESIAN_POINT('Ctrl Pts',(-0.785585268220737,2.86464975081983,35.6800151909875));
#4366=CARTESIAN_POINT('Ctrl Pts',(-2.82817024155464,0.908193493831402,35.8379637141799));
#4367=CARTESIAN_POINT('Ctrl Pts',(-2.30653924796182,-1.87169414705609,35.9959122373724));
#4368=CARTESIAN_POINT('Ctrl Pts',(0.30636071928486,-2.95457364807479,36.1538607605649));
#4369=CARTESIAN_POINT('Ctrl Pts',(2.64149274619925,-1.35863107228484,36.3118092837573));
#4370=CARTESIAN_POINT('Ctrl Pts',(2.58166363426259,1.46914097101668,36.4697578069498));
#4371=CARTESIAN_POINT('Ctrl Pts',(0.181118624558224,2.96488758028636,36.6277063301423));
#4372=CARTESIAN_POINT('Ctrl Pts',(-2.38364113441721,1.77246079221109,36.7856548533348));
#4373=CARTESIAN_POINT('Ctrl Pts',(-2.78722597154318,-1.02700228854589,36.9436033765272));
#4374=CARTESIAN_POINT('Ctrl Pts',(-0.663717790144043,-2.89531362947941,
37.1015518997197));
#4375=CARTESIAN_POINT('Ctrl Pts',(2.0615631256314,-2.13853215937339,37.2595004229122));
#4376=CARTESIAN_POINT('Ctrl Pts',(2.91768745494498,0.557191379031356,37.4174489461046));
#4377=CARTESIAN_POINT('Ctrl Pts',(1.12843330634354,2.74772644032422,37.5753974692971));
#4378=CARTESIAN_POINT('Ctrl Pts',(-1.68393700138785,2.44698150647349,37.7333459924896));
#4379=CARTESIAN_POINT('Ctrl Pts',(-2.96953284458151,-0.0723671377061679,
37.891294515682));
#4380=CARTESIAN_POINT('Ctrl Pts',(-1.56274357185625,-2.52610269908092,38.0492430388746));
#4381=CARTESIAN_POINT('Ctrl Pts',(1.26093776877597,-2.68949777113646,38.2071915620669));
#4382=CARTESIAN_POINT('Ctrl Pts',(2.9413651841466,-0.414407011481389,38.3651400852594));
#4383=CARTESIAN_POINT('Ctrl Pts',(1.95494624463033,2.23641398186518,38.5230886084519));
#4384=CARTESIAN_POINT('Ctrl Pts',(-0.803962997890197,2.85954643531077,38.6810371316444));
#4385=CARTESIAN_POINT('Ctrl Pts',(-2.83394344165283,0.890015105033809,38.8389856548368));
#4386=CARTESIAN_POINT('Ctrl Pts',(-2.29447355736254,-1.88646585239162,38.9969341780293));
#4387=CARTESIAN_POINT('Ctrl Pts',(0.32532571812961,-2.95254559571886,39.1548827012218));
#4388=CARTESIAN_POINT('Ctrl Pts',(2.65016205932808,-1.34164204502297,39.3128312244142));
#4389=CARTESIAN_POINT('Ctrl Pts',(2.57217706236937,1.48568754369697,39.4707797476067));
#4390=CARTESIAN_POINT('Ctrl Pts',(0.162077352189443,2.96598942169097,39.6287282707992));
#4391=CARTESIAN_POINT('Ctrl Pts',(-2.39497296386081,1.75711889752834,39.7866767939917));
#4392=CARTESIAN_POINT('Ctrl Pts',(-2.78057413338852,-1.04487789066767,39.9446253171841));
#4393=CARTESIAN_POINT('Ctrl Pts',(-0.645113303512387,-2.89951567391983,
40.1025738403766));
#4394=CARTESIAN_POINT('Ctrl Pts',(2.07525213842422,-2.12525078041184,40.260522363569));
#4395=CARTESIAN_POINT('Ctrl Pts',(2.91404958239231,0.575914359114901,40.4184708867615));
#4396=CARTESIAN_POINT('Ctrl Pts',(1.11076689681705,2.75491546487562,40.5764194099539));
#4397=CARTESIAN_POINT('Ctrl Pts',(-1.69961435165414,2.43611850559999,40.7343679331465));
#4398=CARTESIAN_POINT('Ctrl Pts',(-2.96900695891438,-0.091433011507985,
40.8923164563388));
#4399=CARTESIAN_POINT('Ctrl Pts',(-1.54649125479181,-2.53608499789102,41.0502649795315));
#4400=CARTESIAN_POINT('Ctrl Pts',(1.27818103564513,-2.68134584822486,41.2082135027238));
#4401=CARTESIAN_POINT('Ctrl Pts',(2.94396545518155,-0.395511967420816,41.3661620259164));
#4402=CARTESIAN_POINT('Ctrl Pts',(1.94054593316679,2.24892058529091,41.5241105491088));
#4403=CARTESIAN_POINT('Ctrl Pts',(-0.822307567413603,2.85432524114717,41.6820590723013));
#4404=CARTESIAN_POINT('Ctrl Pts',(-2.83959980597425,0.871800011233293,41.8400075954937));
#4405=CARTESIAN_POINT('Ctrl Pts',(-2.28231326298223,-1.9011597742669,41.9979561186862));
#4406=CARTESIAN_POINT('Ctrl Pts',(0.344277302135639,-2.95039581360036,42.1559046418786));
#4407=CARTESIAN_POINT('Ctrl Pts',(2.65872210812795,-1.32459770097428,42.3138531650712));
#4408=CARTESIAN_POINT('Ctrl Pts',(2.56258444005833,1.50217286130613,42.4718016882636));
#4409=CARTESIAN_POINT('Ctrl Pts',(0.143029397670529,2.96696897676466,42.6297502114561));
#4410=CARTESIAN_POINT('Ctrl Pts',(-2.4062060495427,1.7417045572692,42.7876987346485));
#4411=CARTESIAN_POINT('Ctrl Pts',(-2.77380765308439,-1.06271041274511,42.945647257841));
#4412=CARTESIAN_POINT('Ctrl Pts',(-0.626482219120935,-2.90359817241427,
43.1035957810334));
#4413=CARTESIAN_POINT('Ctrl Pts',(2.08885558932437,-2.11188177807341,43.261544304226));
#4414=CARTESIAN_POINT('Ctrl Pts',(2.91029156459964,0.594613594410288,43.4194928274184));
#4415=CARTESIAN_POINT('Ctrl Pts',(1.09305469077046,2.76199090530503,43.577441350611));
#4416=CARTESIAN_POINT('Ctrl Pts',(-1.71522162742698,2.42515506430621,43.7353898738033));
#4417=CARTESIAN_POINT('Ctrl Pts',(-2.96835866213948,-0.110495115334354,
43.8933383969958));
#4418=CARTESIAN_POINT('Ctrl Pts',(-1.53017517644682,-2.54596273525049,44.0512869201884));
#4419=CARTESIAN_POINT('Ctrl Pts',(1.29537160357319,-2.67308337353139,44.2092354433807));
#4420=CARTESIAN_POINT('Ctrl Pts',(2.9464443475462,-0.37660061818087,44.3671839665733));
#4421=CARTESIAN_POINT('Ctrl Pts',(1.92606561371846,2.26133446970368,44.5251324897657));
#4422=CARTESIAN_POINT('Ctrl Pts',(-0.840618233557231,2.84898635797425,44.6830810129582));
#4423=CARTESIAN_POINT('Ctrl Pts',(-2.84513909446738,0.853548985463775,44.8410295361506));
#4424=CARTESIAN_POINT('Ctrl Pts',(-2.2700588698983,-1.91577533539651,44.9989780593432));
#4425=CARTESIAN_POINT('Ctrl Pts',(0.363214692221602,-2.94812434222544,45.1569265825355));
#4426=CARTESIAN_POINT('Ctrl Pts',(2.66717253776474,-1.30749883264823,45.3148751057281));
#4427=CARTESIAN_POINT('Ctrl Pts',(2.55288616523059,1.5185964167353,45.4728236289205));
#4428=CARTESIAN_POINT('Ctrl Pts',(0.123975542346445,2.96782587064849,45.630772152113));
#4429=CARTESIAN_POINT('Ctrl Pts',(-2.41733992090528,1.726219056636,45.7887206753054));
#4430=CARTESIAN_POINT('Ctrl Pts',(-2.76692682385948,-1.08050038220419,45.9466691984979));
#4431=CARTESIAN_POINT('Ctrl Pts',(-0.607825277514936,-2.90755850227199,
46.1046177216903));
#4432=CARTESIAN_POINT('Ctrl Pts',(2.10237286384589,-2.09843047460248,46.2625662448829));
#4433=CARTESIAN_POINT('Ctrl Pts',(2.90641366071898,0.613297588477694,46.4205147680753));
#4434=CARTESIAN_POINT('Ctrl Pts',(1.07529721590649,2.76893444092442,46.5784632912678));
#4435=CARTESIAN_POINT('Ctrl Pts',(-1.73075779145158,2.4141266816068,46.7364118144602));
#4436=CARTESIAN_POINT('Ctrl Pts',(-2.96758874651794,-0.129620792240129,
46.8943603376528));
#4437=CARTESIAN_POINT('Ctrl Pts',(-1.51379452066889,-2.55560306400963,47.0523088608451));
#4438=CARTESIAN_POINT('Ctrl Pts',(1.31250586221648,-2.66496816348242,47.2102573840377));
#4439=CARTESIAN_POINT('Ctrl Pts',(2.94880747432851,-0.357173001533785,47.3682059072301));
#4440=CARTESIAN_POINT('Ctrl Pts',(1.91149401164715,2.27267939668999,47.5261544304227));
#4441=CARTESIAN_POINT('Ctrl Pts',(-0.858863413385048,2.84545037041363,47.684102953615));
#4442=CARTESIAN_POINT('Ctrl Pts',(-2.85069988159,0.831289309204321,47.8420514768076));
#4443=CARTESIAN_POINT('Ctrl Pts',(-2.4546613829867,-1.0029999971534,47.9473504922692));
#4444=CARTESIAN_POINT('Ctrl Pts',(-1.91346599666509,-1.63598720337492,48.));
#4445=CARTESIAN_POINT('Ctrl Pts',(-3.07032464184734,0.00352428075504681,
33.2084234471775));
#4446=CARTESIAN_POINT('Ctrl Pts',(-3.06529880501552,-0.689665923228692,
33.2442479802466));
#4447=CARTESIAN_POINT('Ctrl Pts',(-2.49275998174143,-2.4115818229919,33.3327220210466));
#4448=CARTESIAN_POINT('Ctrl Pts',(0.35151561034253,-3.60844046435984,33.4738455695774));
#4449=CARTESIAN_POINT('Ctrl Pts',(3.21381958358093,-1.67987069511744,33.6317940927699));
#4450=CARTESIAN_POINT('Ctrl Pts',(3.16346133690775,1.77359281774192,33.7897426159623));
#4451=CARTESIAN_POINT('Ctrl Pts',(0.24426680894791,3.61806622244035,33.9476911391548));
#4452=CARTESIAN_POINT('Ctrl Pts',(-2.53048060574066,2.34973881383934,34.0872514162265));
#4453=CARTESIAN_POINT('Ctrl Pts',(-3.06599931338388,0.661036761410492,34.1741621855674));
#4454=CARTESIAN_POINT('Ctrl Pts',(-3.07035198302738,-0.00214857415680305,
34.2084234471775));
#4455=CARTESIAN_POINT('Ctrl Pts',(-1.91346599666509,-1.63598720337492,48.));
#4456=CARTESIAN_POINT('Ctrl Pts',(-1.9750964984464,-1.57806966521604,48.));
#4457=CARTESIAN_POINT('Ctrl Pts',(-2.03335897105588,-1.51700286634322,48.));
#4458=CARTESIAN_POINT('Ctrl Pts',(-2.08825506540532,-1.45317127442654,48.));
#4459=CARTESIAN_POINT('Ctrl Pts',(-2.14460225276864,-1.38765239349244,48.));
#4460=CARTESIAN_POINT('Ctrl Pts',(-2.19740317798692,-1.3192201896993,48.));
#4461=CARTESIAN_POINT('Ctrl Pts',(-2.24663413821123,-1.24824187901138,48.));
#4462=CARTESIAN_POINT('Ctrl Pts',(-2.29719508116187,-1.17534607724206,48.));
#4463=CARTESIAN_POINT('Ctrl Pts',(-2.34399109884639,-1.09976418510856,48.));
#4464=CARTESIAN_POINT('Ctrl Pts',(-2.38696248937935,-1.02185106725207,48.));
#4465=CARTESIAN_POINT('Ctrl Pts',(-2.40585873507274,-0.987589541164741,
48.));
#4466=CARTESIAN_POINT('Ctrl Pts',(-2.42401492389288,-0.952876726077529,
48.));
#4467=CARTESIAN_POINT('Ctrl Pts',(-2.44142356355526,-0.917740728904554,
48.));
#4468=CARTESIAN_POINT('Ctrl Pts',(-2.4513539334317,-0.897698183670008,48.));
#4469=CARTESIAN_POINT('Ctrl Pts',(-2.46104103173474,-0.877517919498535,
48.));
#4470=CARTESIAN_POINT('Ctrl Pts',(-2.47048323405799,-0.857205005370041,
48.));
#4471=CARTESIAN_POINT('Ctrl Pts',(-2.4789922188476,-0.838899712660257,48.));
#4472=CARTESIAN_POINT('Ctrl Pts',(-2.48730469905662,-0.820480970173948,
48.));
#4473=CARTESIAN_POINT('Ctrl Pts',(-2.49540582021401,-0.801984230087521,
48.));
#4474=CARTESIAN_POINT('Ctrl Pts',(-2.53199476147937,-0.718443183919332,
48.));
#4475=CARTESIAN_POINT('Ctrl Pts',(-2.56432239472476,-0.633218806757627,
48.));
#4476=CARTESIAN_POINT('Ctrl Pts',(-2.59236286752181,-0.546709328793416,
48.));
#4477=CARTESIAN_POINT('Ctrl Pts',(-2.62086335573183,-0.458780627497295,
48.));
#4478=CARTESIAN_POINT('Ctrl Pts',(-2.64493535874693,-0.369523559417208,
48.));
#4479=CARTESIAN_POINT('Ctrl Pts',(-2.6645126642618,-0.279319168401818,48.));
#4480=CARTESIAN_POINT('Ctrl Pts',(-2.6834952479193,-0.191855017759466,48.));
#4481=CARTESIAN_POINT('Ctrl Pts',(-2.69825222380841,-0.103499309323305,
48.));
#4482=CARTESIAN_POINT('Ctrl Pts',(-2.70868250446418,-0.0145775560212465,
48.));
#4483=CARTESIAN_POINT('Ctrl Pts',(-2.713055196064,0.0227011535875555,48.));
#4484=CARTESIAN_POINT('Ctrl Pts',(-2.71666693750615,0.060079539861219,48.));
#4485=CARTESIAN_POINT('Ctrl Pts',(-2.71950794896465,0.0975342360485404,
48.));
#4486=CARTESIAN_POINT('Ctrl Pts',(-2.7212907396145,0.12103779565434,48.));
#4487=CARTESIAN_POINT('Ctrl Pts',(-2.72277000323049,0.144571410122469,48.));
#4488=CARTESIAN_POINT('Ctrl Pts',(-2.72394302724611,0.168129338385568,48.));
#4489=CARTESIAN_POINT('Ctrl Pts',(-2.72462970241105,0.181919886627083,48.));
#4490=CARTESIAN_POINT('Ctrl Pts',(-2.72521114435365,0.195713814595186,48.));
#4491=CARTESIAN_POINT('Ctrl Pts',(-2.72568684870008,0.209502139377497,48.));
#4492=CARTESIAN_POINT('Ctrl Pts',(-2.72902863025878,0.306363918818065,48.));
#4493=CARTESIAN_POINT('Ctrl Pts',(-2.7271622501397,0.403063108820236,48.));
#4494=CARTESIAN_POINT('Ctrl Pts',(-2.72002245821953,0.499180869525083,48.));
#4495=CARTESIAN_POINT('Ctrl Pts',(-2.71288266629935,0.595298630229929,48.));
#4496=CARTESIAN_POINT('Ctrl Pts',(-2.70046989466798,0.690836003687229,48.));
#4497=CARTESIAN_POINT('Ctrl Pts',(-2.68266642860405,0.785392938282229,48.));
#4498=CARTESIAN_POINT('Ctrl Pts',(-2.66561267193821,0.875968051457343,48.));
#4499=CARTESIAN_POINT('Ctrl Pts',(-2.64361280193231,0.965644526731325,48.));
#4500=CARTESIAN_POINT('Ctrl Pts',(-2.61694194522657,1.054182500641,48.));
#4501=CARTESIAN_POINT('Ctrl Pts',(-2.60807583037682,1.08361492022573,48.));
#4502=CARTESIAN_POINT('Ctrl Pts',(-2.59869310487379,1.11292149097203,48.));
#4503=CARTESIAN_POINT('Ctrl Pts',(-2.58880262843104,1.14209322808354,48.));
#4504=CARTESIAN_POINT('Ctrl Pts',(-2.57951341607732,1.16949155033065,48.));
#4505=CARTESIAN_POINT('Ctrl Pts',(-2.56977630454273,1.19677093527351,48.));
#4506=CARTESIAN_POINT('Ctrl Pts',(-2.5595981648427,1.2239238161141,48.));
#4507=CARTESIAN_POINT('Ctrl Pts',(-2.55440311702379,1.23778298080878,48.));
#4508=CARTESIAN_POINT('Ctrl Pts',(-2.54909616317263,1.25160112384984,48.));
#4509=CARTESIAN_POINT('Ctrl Pts',(-2.54368020585094,1.26537337112208,48.));
#4510=CARTESIAN_POINT('Ctrl Pts',(-2.50942878808666,1.35247136079512,48.));
#4511=CARTESIAN_POINT('Ctrl Pts',(-2.47080311503142,1.43778417129364,48.));
#4512=CARTESIAN_POINT('Ctrl Pts',(-2.42813363932788,1.52107687929005,48.));
#4513=CARTESIAN_POINT('Ctrl Pts',(-2.38389689164987,1.60742897165359,48.));
#4514=CARTESIAN_POINT('Ctrl Pts',(-2.33531369446488,1.69161056826934,48.));
#4515=CARTESIAN_POINT('Ctrl Pts',(-2.28269640196562,1.77335647187359,48.));
#4516=CARTESIAN_POINT('Ctrl Pts',(-2.22951191890583,1.85598355926143,48.));
#4517=CARTESIAN_POINT('Ctrl Pts',(-2.17220548484338,1.93612298211126,48.));
#4518=CARTESIAN_POINT('Ctrl Pts',(-2.11104813152478,2.01348554652643,48.));
#4519=CARTESIAN_POINT('Ctrl Pts',(-2.0883849909753,2.042153868085,48.));
#4520=CARTESIAN_POINT('Ctrl Pts',(-2.06519255866671,2.07044065020468,48.));
#4521=CARTESIAN_POINT('Ctrl Pts',(-2.04148303912493,2.09833029311328,48.));
#4522=CARTESIAN_POINT('Ctrl Pts',(-2.02092460924015,2.1225132913068,48.));
#4523=CARTESIAN_POINT('Ctrl Pts',(-1.99997739012223,2.14639769240974,48.));
#4524=CARTESIAN_POINT('Ctrl Pts',(-1.9786488650053,2.16997295691624,48.));
#4525=CARTESIAN_POINT('Ctrl Pts',(-1.96851358927106,2.18117587905789,48.));
#4526=CARTESIAN_POINT('Ctrl Pts',(-1.95829472904975,2.19230613760156,48.));
#4527=CARTESIAN_POINT('Ctrl Pts',(-1.94799882858492,2.20335679493368,48.));
#4528=CARTESIAN_POINT('Ctrl Pts',(-1.8791875048517,2.27721243890994,48.));
#4529=CARTESIAN_POINT('Ctrl Pts',(-1.80686678404362,2.34759413647732,48.));
#4530=CARTESIAN_POINT('Ctrl Pts',(-1.7313469559991,2.41421084005821,48.));
#4531=CARTESIAN_POINT('Ctrl Pts',(-1.66874538030933,2.46943223978072,48.));
#4532=CARTESIAN_POINT('Ctrl Pts',(-1.60394446627535,2.52206650973953,48.));
#4533=CARTESIAN_POINT('Ctrl Pts',(-1.53709788238451,2.57193430727561,48.));
#4534=CARTESIAN_POINT('Ctrl Pts',(-1.51442327098318,2.58884965080935,48.));
#4535=CARTESIAN_POINT('Ctrl Pts',(-1.49151312551564,2.60544655751705,48.));
#4536=CARTESIAN_POINT('Ctrl Pts',(-1.46837297112401,2.6217175960653,48.));
#4537=CARTESIAN_POINT('Ctrl Pts',(-1.44739971788582,2.63646497441659,48.));
#4538=CARTESIAN_POINT('Ctrl Pts',(-1.42623352811756,2.65094714692184,48.));
#4539=CARTESIAN_POINT('Ctrl Pts',(-1.40490324244805,2.66514232298956,48.));
#4540=CARTESIAN_POINT('Ctrl Pts',(-1.31994456377687,2.72168180965674,48.));
#4541=CARTESIAN_POINT('Ctrl Pts',(-1.23232041764527,2.7737189870799,48.));
#4542=CARTESIAN_POINT('Ctrl Pts',(-1.14232162673345,2.82094505540866,48.));
#4543=CARTESIAN_POINT('Ctrl Pts',(-1.0593574549439,2.8644797696651,48.));
#4544=CARTESIAN_POINT('Ctrl Pts',(-0.974374525392182,2.90392632062422,48.));
#4545=CARTESIAN_POINT('Ctrl Pts',(-0.887573594590787,2.93901434997666,48.));
#4546=CARTESIAN_POINT('Ctrl Pts',(-0.85714009882666,2.95131665345209,48.));
#4547=CARTESIAN_POINT('Ctrl Pts',(-0.826482913526758,2.96308288065133,48.));
#4548=CARTESIAN_POINT('Ctrl Pts',(-0.795614929477504,2.97431677047252,48.));
#4549=CARTESIAN_POINT('Origin',(0.,0.,47.75));
#4550=CARTESIAN_POINT('',(-4.5,5.51091059616309E-16,48.));
#4551=CARTESIAN_POINT('Origin',(0.,0.,48.));
#4552=CARTESIAN_POINT('',(-5.,-6.12323399573677E-16,47.5));
#4553=CARTESIAN_POINT('',(-4.75,-5.81707229594993E-16,47.75));
#4554=CARTESIAN_POINT('Origin',(0.,0.,47.5));
#4555=CARTESIAN_POINT('Origin',(0.,0.,-25.93563854889));
#4556=CARTESIAN_POINT('',(-5.,-6.12323399573677E-16,15.));
#4557=CARTESIAN_POINT('',(-5.,-6.12323399573677E-16,-25.93563854889));
#4558=CARTESIAN_POINT('',(0.,-5.,15.));
#4559=CARTESIAN_POINT('Origin',(0.,0.,15.));
#4560=CARTESIAN_POINT('',(4.835714285714,-1.271167709997,15.));
#4561=CARTESIAN_POINT('Origin',(0.,0.,15.));
#4562=CARTESIAN_POINT('',(4.835714285714,1.271167709997,15.));
#4563=CARTESIAN_POINT('Origin',(0.,0.,19.835714285714));
#4564=CARTESIAN_POINT('',(0.,5.,15.));
#4565=CARTESIAN_POINT('Origin',(0.,0.,15.));
#4566=CARTESIAN_POINT('Origin',(0.,0.,15.));
#4567=CARTESIAN_POINT('Origin',(0.,0.,48.));
#4568=CARTESIAN_POINT('Ctrl Pts',(0.793799282532758,2.96922295374572,48.));
#4569=CARTESIAN_POINT('Ctrl Pts',(0.886873399370059,2.93517602604727,48.));
#4570=CARTESIAN_POINT('Ctrl Pts',(0.977882184841096,2.89636373706298,48.));
#4571=CARTESIAN_POINT('Ctrl Pts',(1.06661679419388,2.85311349246071,48.));
#4572=CARTESIAN_POINT('Ctrl Pts',(1.15730672357118,2.80891020293096,48.));
#4573=CARTESIAN_POINT('Ctrl Pts',(1.24562181509243,2.7600706008598,48.));
#4574=CARTESIAN_POINT('Ctrl Pts',(1.33131018353052,2.70689869850013,48.));
#4575=CARTESIAN_POINT('Ctrl Pts',(1.41373846857925,2.6557497642378,48.));
#4576=CARTESIAN_POINT('Ctrl Pts',(1.49373638324213,2.60059103574163,48.));
#4577=CARTESIAN_POINT('Ctrl Pts',(1.57104674797445,2.54166310211484,48.));
#4578=CARTESIAN_POINT('Ctrl Pts',(1.63869331711522,2.4901011601914,48.));
#4579=CARTESIAN_POINT('Ctrl Pts',(1.70428194075583,2.43565272436398,48.));
#4580=CARTESIAN_POINT('Ctrl Pts',(1.767615709311,2.37846626697343,48.));
#4581=CARTESIAN_POINT('Ctrl Pts',(1.78173229188896,2.3657198701221,48.));
#4582=CARTESIAN_POINT('Ctrl Pts',(1.79573947288751,2.35283473187401,48.));
#4583=CARTESIAN_POINT('Ctrl Pts',(1.80961554739827,2.33983096430843,48.));
#4584=CARTESIAN_POINT('Ctrl Pts',(1.88204980390525,2.2719502221957,48.));
#4585=CARTESIAN_POINT('Ctrl Pts',(1.95101846746396,2.2007486396903,48.));
#4586=CARTESIAN_POINT('Ctrl Pts',(2.01628139120586,2.12651577809242,48.));
#4587=CARTESIAN_POINT('Ctrl Pts',(2.08118049193817,2.05269674446253,48.));
#4588=CARTESIAN_POINT('Ctrl Pts',(2.14241554081093,1.97587933970416,48.));
#4589=CARTESIAN_POINT('Ctrl Pts',(2.19970678428165,1.89632154041283,48.));
#4590=CARTESIAN_POINT('Ctrl Pts',(2.25487448108436,1.8197126158424,48.));
#4591=CARTESIAN_POINT('Ctrl Pts',(2.30638547880099,1.74056194628894,48.));
#4592=CARTESIAN_POINT('Ctrl Pts',(2.35394514056341,1.65908625273502,48.));
#4593=CARTESIAN_POINT('Ctrl Pts',(2.37389036730389,1.62491756604651,48.));
#4594=CARTESIAN_POINT('Ctrl Pts',(2.3931400893247,1.59033986207226,48.));
#4595=CARTESIAN_POINT('Ctrl Pts',(2.41166999204054,1.55536882534413,48.));
#4596=CARTESIAN_POINT('Ctrl Pts',(2.42454656321689,1.53106718434549,48.));
#4597=CARTESIAN_POINT('Ctrl Pts',(2.4370755036451,1.5065756015269,48.));
#4598=CARTESIAN_POINT('Ctrl Pts',(2.44924818892176,1.48189933376142,48.));
#4599=CARTESIAN_POINT('Ctrl Pts',(2.45716561861395,1.46584925026229,48.));
#4600=CARTESIAN_POINT('Ctrl Pts',(2.46493345221047,1.44971839937055,48.));
#4601=CARTESIAN_POINT('Ctrl Pts',(2.47253911336758,1.43353046848087,48.));
#4602=CARTESIAN_POINT('Ctrl Pts',(2.51466305654402,1.3438736369635,48.));
#4603=CARTESIAN_POINT('Ctrl Pts',(2.55188726392616,1.25232948391922,48.));
#4604=CARTESIAN_POINT('Ctrl Pts',(2.58392022566516,1.15916916417224,48.));
#4605=CARTESIAN_POINT('Ctrl Pts',(2.61379862676819,1.07227487625199,48.));
#4606=CARTESIAN_POINT('Ctrl Pts',(2.63916045686004,0.983973728777759,48.));
#4607=CARTESIAN_POINT('Ctrl Pts',(2.65971862553274,0.894477014115407,48.));
#4608=CARTESIAN_POINT('Ctrl Pts',(2.66120109512062,0.888023318758863,48.));
#4609=CARTESIAN_POINT('Ctrl Pts',(2.66265856312407,0.881563405272302,48.));
#4610=CARTESIAN_POINT('Ctrl Pts',(2.66409091121825,0.875097352556061,48.));
#4611=CARTESIAN_POINT('Ctrl Pts',(2.68469600928646,0.782079704909233,48.));
#4612=CARTESIAN_POINT('Ctrl Pts',(2.70010692714967,0.687790600249349,48.));
#4613=CARTESIAN_POINT('Ctrl Pts',(2.71040077884595,0.592638924036339,48.));
#4614=CARTESIAN_POINT('Ctrl Pts',(2.71619487914648,0.539080900081019,48.));
#4615=CARTESIAN_POINT('Ctrl Pts',(2.72036684814126,0.485249782291897,48.));
#4616=CARTESIAN_POINT('Ctrl Pts',(2.7229236777087,0.431221122881637,48.));
#4617=CARTESIAN_POINT('Ctrl Pts',(2.72358403957766,0.417266940342588,48.));
#4618=CARTESIAN_POINT('Ctrl Pts',(2.72413654287369,0.40330017393027,48.));
#4619=CARTESIAN_POINT('Ctrl Pts',(2.72458106685062,0.38933550445883,48.));
#4620=CARTESIAN_POINT('Ctrl Pts',(2.72754864284991,0.296109446668965,48.));
#4621=CARTESIAN_POINT('Ctrl Pts',(2.7257163451134,0.202821413572515,48.));
#4622=CARTESIAN_POINT('Ctrl Pts',(2.71921926211005,0.109847491666653,48.));
#4623=CARTESIAN_POINT('Ctrl Pts',(2.71271142493541,0.016719676470495,48.));
#4624=CARTESIAN_POINT('Ctrl Pts',(2.7015229687012,-0.0760939685048337,48.));
#4625=CARTESIAN_POINT('Ctrl Pts',(2.68573871719889,-0.168203413547736,48.));
#4626=CARTESIAN_POINT('Ctrl Pts',(2.67018113399897,-0.258990129315909,48.));
#4627=CARTESIAN_POINT('Ctrl Pts',(2.65015834108308,-0.349093570604052,48.));
#4628=CARTESIAN_POINT('Ctrl Pts',(2.62570854663452,-0.438115070608974,48.));
#4629=CARTESIAN_POINT('Ctrl Pts',(2.61661076742956,-0.47124000968536,48.));
#4630=CARTESIAN_POINT('Ctrl Pts',(2.60689963348212,-0.504214827751654,48.));
#4631=CARTESIAN_POINT('Ctrl Pts',(2.59657575358625,-0.53701771969102,48.));
#4632=CARTESIAN_POINT('Ctrl Pts',(2.58962932467208,-0.559089165633255,48.));
#4633=CARTESIAN_POINT('Ctrl Pts',(2.58240547373431,-0.581082760569239,48.));
#4634=CARTESIAN_POINT('Ctrl Pts',(2.57490421141756,-0.602991653832992,48.));
#4635=CARTESIAN_POINT('Ctrl Pts',(2.56989405454009,-0.617624789914331,48.));
#4636=CARTESIAN_POINT('Ctrl Pts',(2.56476068558905,-0.632218346341482,48.));
#4637=CARTESIAN_POINT('Ctrl Pts',(2.55950828025211,-0.646759441894892,48.));
#4638=CARTESIAN_POINT('Ctrl Pts',(2.5278580121539,-0.734382072515303,48.));
#4639=CARTESIAN_POINT('Ctrl Pts',(2.49185137654135,-0.820214050964047,48.));
#4640=CARTESIAN_POINT('Ctrl Pts',(2.45155186234374,-0.903844133581608,48.));
#4641=CARTESIAN_POINT('Ctrl Pts',(2.42132722669553,-0.966566695544778,48.));
#4642=CARTESIAN_POINT('Ctrl Pts',(2.38868681658378,-1.02805020151234,48.));
#4643=CARTESIAN_POINT('Ctrl Pts',(2.35364171170174,-1.08810577679907,48.));
#4644=CARTESIAN_POINT('Ctrl Pts',(2.33983916922581,-1.1117587129681,48.));
#4645=CARTESIAN_POINT('Ctrl Pts',(2.32566347690064,-1.1351899843221,48.));
#4646=CARTESIAN_POINT('Ctrl Pts',(2.31111479624604,-1.15838735671727,48.));
#4647=CARTESIAN_POINT('Ctrl Pts',(2.30160097781297,-1.17355681395751,48.));
#4648=CARTESIAN_POINT('Ctrl Pts',(2.29192746624993,-1.1886263434955,48.));
#4649=CARTESIAN_POINT('Ctrl Pts',(2.28210269916272,-1.20358010943571,48.));
#4650=CARTESIAN_POINT('Ctrl Pts',(2.2349064029761,-1.27541513210392,48.));
#4651=CARTESIAN_POINT('Ctrl Pts',(2.18417709659669,-1.34465485258525,48.));
#4652=CARTESIAN_POINT('Ctrl Pts',(2.12994775419426,-1.41094655209882,48.));
#4653=CARTESIAN_POINT('Ctrl Pts',(2.08123465585689,-1.4704950167177,48.));
#4654=CARTESIAN_POINT('Ctrl Pts',(2.02969675367103,-1.52766461823792,48.));
#4655=CARTESIAN_POINT('Ctrl Pts',(1.97533761164871,-1.58217005688186,48.));
#4656=CARTESIAN_POINT('Ctrl Pts',(1.95625434999425,-1.60130467727022,48.));
#4657=CARTESIAN_POINT('Ctrl Pts',(1.93682322219466,-1.62011066871707,48.));
#4658=CARTESIAN_POINT('Ctrl Pts',(1.91705480032874,-1.63858356224243,48.));
#4659=CARTESIAN_POINT('Origin',(0.,0.,18.7915765528225));
#4660=CARTESIAN_POINT('Ctrl Pts',(-3.07672049044252,-0.00189552984272263,
33.2915765528225));
#4661=CARTESIAN_POINT('Ctrl Pts',(-3.07764769338286,-0.125160780095478,
33.2979801495818));
#4662=CARTESIAN_POINT('Ctrl Pts',(-3.01515909715742,-1.26098889384898,33.3570332540719));
#4663=CARTESIAN_POINT('Ctrl Pts',(-1.60237778278946,-3.25353723607948,33.4687358662929));
#4664=CARTESIAN_POINT('Ctrl Pts',(1.84812192131355,-3.12001787919133,33.6266843894854));
#4665=CARTESIAN_POINT('Ctrl Pts',(3.62299247614629,-0.158248175449135,33.7846329126778));
#4666=CARTESIAN_POINT('Ctrl Pts',(2.11300245349553,2.94729615283014,33.9425814358703));
#4667=CARTESIAN_POINT('Ctrl Pts',(-1.31278083571188,3.38046449654543,34.1005299590628));
#4668=CARTESIAN_POINT('Ctrl Pts',(-2.95928261257571,1.44216078909219,34.2168616647135));
#4669=CARTESIAN_POINT('Ctrl Pts',(-3.0761569871951,0.215555145998573,34.2805438626335));
#4670=CARTESIAN_POINT('Ctrl Pts',(-3.07422521111965,0.00268535005068259,
34.2915765528225));
#4671=CARTESIAN_POINT('Ctrl Pts',(1.91346599666511,-1.63598720337489,33.));
#4672=CARTESIAN_POINT('Ctrl Pts',(2.45466138298673,-1.00299999715336,33.0526495077308));
#4673=CARTESIAN_POINT('Ctrl Pts',(2.85070179205426,0.831287316742383,33.1579485231925));
#4674=CARTESIAN_POINT('Ctrl Pts',(0.858862286104079,2.8454513184116,33.3158970463849));
#4675=CARTESIAN_POINT('Ctrl Pts',(-1.91149334414892,2.27267853879849,33.4738455695774));
#4676=CARTESIAN_POINT('Ctrl Pts',(-2.94880757063849,-0.357172526733458,
33.6317940927699));
#4677=CARTESIAN_POINT('Ctrl Pts',(-1.31250563467463,-2.66496827455021,33.7897426159623));
#4678=CARTESIAN_POINT('Ctrl Pts',(1.5137943507099,-2.5556027365753,33.9476911391548));
#4679=CARTESIAN_POINT('Ctrl Pts',(2.96758859889321,-0.129620882281828,34.1056396623473));
#4680=CARTESIAN_POINT('Ctrl Pts',(1.73075766281926,2.41412658687161,34.2635881855397));
#4681=CARTESIAN_POINT('Ctrl Pts',(-1.07529713808513,2.76893423460326,34.4215367087322));
#4682=CARTESIAN_POINT('Ctrl Pts',(-2.90641348357671,0.613297568358658,34.5794852319247));
#4683=CARTESIAN_POINT('Ctrl Pts',(-2.10237272910745,-2.09843035317944,34.7374337551172));
#4684=CARTESIAN_POINT('Ctrl Pts',(0.607825237935528,-2.90755831398177,34.8953822783096));
#4685=CARTESIAN_POINT('Ctrl Pts',(2.76692665088221,-1.0805003175557,35.0533308015021));
#4686=CARTESIAN_POINT('Ctrl Pts',(2.41733976876397,1.7262189500188,35.2112793246946));
#4687=CARTESIAN_POINT('Ctrl Pts',(-0.123975534367786,2.96782568336174,35.369227847887));
#4688=CARTESIAN_POINT('Ctrl Pts',(-2.55288600505894,1.51859632192325,35.5271763710795));
#4689=CARTESIAN_POINT('Ctrl Pts',(-2.66717237026505,-1.30749875084931,35.6851248942719));
#4690=CARTESIAN_POINT('Ctrl Pts',(-0.363214669445491,-2.94812415698357,
35.8430734174645));
#4691=CARTESIAN_POINT('Ctrl Pts',(2.2700587273958,-1.91577521520674,36.0010219406569));
#4692=CARTESIAN_POINT('Ctrl Pts',(2.84513891583973,0.853548931922806,36.1589704638494));
#4693=CARTESIAN_POINT('Ctrl Pts',(0.840618180786084,2.84898617908768,36.3169189870418));
#4694=CARTESIAN_POINT('Ctrl Pts',(-1.92606549280022,2.26133432774818,36.4748675102343));
#4695=CARTESIAN_POINT('Ctrl Pts',(-2.94644416256468,-0.376600594544674,
36.6328160334268));
#4696=CARTESIAN_POINT('Ctrl Pts',(-1.29537152224904,-2.67308320570894,36.7907645566193));
#4697=CARTESIAN_POINT('Ctrl Pts',(1.53017508038129,-2.54596257541461,36.9487130798117));
#4698=CARTESIAN_POINT('Ctrl Pts',(2.96835847578304,-0.110495108396223,37.1066616030042));
#4699=CARTESIAN_POINT('Ctrl Pts',(1.71522151974379,2.42515491205217,37.2646101261966));
#4700=CARTESIAN_POINT('Ctrl Pts',(-1.09305462214754,2.76199073190496,37.4225586493891));
#4701=CARTESIAN_POINT('Ctrl Pts',(-2.91029138188882,0.594613557079699,37.5805071725816));
#4702=CARTESIAN_POINT('Ctrl Pts',(-2.08885545818407,-2.11188164548745,37.7384556957741));
#4703=CARTESIAN_POINT('Ctrl Pts',(0.626482179789861,-2.90359799012372,37.8964042189665));
#4704=CARTESIAN_POINT('Ctrl Pts',(2.77380747894218,-1.06271034602708,38.054352742159));
#4705=CARTESIAN_POINT('Ctrl Pts',(2.40620589847881,1.7417044479234,38.2123012653515));
#4706=CARTESIAN_POINT('Ctrl Pts',(-0.143029388691058,2.96696879049559,38.3702497885439));
#4707=CARTESIAN_POINT('Ctrl Pts',(-2.56258427917692,1.50217276699828,38.5281983117364));
#4708=CARTESIAN_POINT('Ctrl Pts',(-2.65872194121089,-1.32459761781486,38.6861468349289));
#4709=CARTESIAN_POINT('Ctrl Pts',(-0.344277280521528,-2.95039562837177,
38.8440953581213));
#4710=CARTESIAN_POINT('Ctrl Pts',(2.28231311969652,-1.90115965491028,39.0020438813138));
#4711=CARTESIAN_POINT('Ctrl Pts',(2.83959962770152,0.871799956500935,39.1599924045062));
#4712=CARTESIAN_POINT('Ctrl Pts',(0.822307515788311,2.85432506195,39.3179409276987));
#4713=CARTESIAN_POINT('Ctrl Pts',(-1.94054581133758,2.24892044410153,39.4758894508912));
#4714=CARTESIAN_POINT('Ctrl Pts',(-2.94396527035665,-0.395511942590285,
39.6338379740836));
#4715=CARTESIAN_POINT('Ctrl Pts',(-1.27818095539966,-2.68134567988749,39.7917864972762));
#4716=CARTESIAN_POINT('Ctrl Pts',(1.54649115770168,-2.53608483867322,39.9497350204686));
#4717=CARTESIAN_POINT('Ctrl Pts',(2.96900677251736,-0.0914330057676911,
40.1076835436611));
#4718=CARTESIAN_POINT('Ctrl Pts',(1.69961424495072,2.43611835265826,40.2656320668535));
#4719=CARTESIAN_POINT('Ctrl Pts',(-1.11076682708215,2.75491529191943,40.4235805900461));
#4720=CARTESIAN_POINT('Ctrl Pts',(-2.91404939944556,0.57591432295839,40.5815291132384));
#4721=CARTESIAN_POINT('Ctrl Pts',(-2.07525200813792,-2.12525064698665,40.739477636431));
#4722=CARTESIAN_POINT('Ctrl Pts',(0.645113263011617,-2.89951549188553,40.8974261596234));
#4723=CARTESIAN_POINT('Ctrl Pts',(2.78057395882153,-1.0448778250692,41.0553746828159));
#4724=CARTESIAN_POINT('Ctrl Pts',(2.39497281350213,1.75711878721485,41.2133232060084));
#4725=CARTESIAN_POINT('Ctrl Pts',(-0.162077342014145,2.96598923548338,41.3712717292008));
#4726=CARTESIAN_POINT('Ctrl Pts',(-2.57217690088572,1.48568745042409,41.5292202523933));
#4727=CARTESIAN_POINT('Ctrl Pts',(-2.65016189294841,-1.34164196079347,41.6871687755857));
#4728=CARTESIAN_POINT('Ctrl Pts',(-0.325325697705293,-2.95254541035532,
41.8451172987783));
#4729=CARTESIAN_POINT('Ctrl Pts',(2.29447341331341,-1.88646573395748,42.0030658219707));
#4730=CARTESIAN_POINT('Ctrl Pts',(2.83394326373519,0.890015049157897,42.1610143451632));
#4731=CARTESIAN_POINT('Ctrl Pts',(0.80396294741661,2.8595462557858,42.3189628683556));
#4732=CARTESIAN_POINT('Ctrl Pts',(-1.95494612189702,2.236413841461,42.4769113915481));
#4733=CARTESIAN_POINT('Ctrl Pts',(-2.94136499948496,-0.41440698546459,42.6348599147406));
#4734=CARTESIAN_POINT('Ctrl Pts',(-1.26093768961306,-2.68949760228733,42.792808437933));
#4735=CARTESIAN_POINT('Ctrl Pts',(1.56274347374584,-2.52610254048979,42.9507569611256));
#4736=CARTESIAN_POINT('Ctrl Pts',(2.96953265815146,-0.072367133162811,43.1087054843179));
#4737=CARTESIAN_POINT('Ctrl Pts',(1.6839368956687,2.44698135284972,43.2666540075105));
#4738=CARTESIAN_POINT('Ctrl Pts',(-1.12843323549953,2.74772626781943,43.4246025307029));
#4739=CARTESIAN_POINT('Ctrl Pts',(-2.91768727176984,0.557191344050199,43.5825510538954));
#4740=CARTESIAN_POINT('Ctrl Pts',(-2.06156299620455,-2.13853202511428,43.7404995770879));
#4741=CARTESIAN_POINT('Ctrl Pts',(0.663717748475448,-2.89531344770917,43.8984481002803));
#4742=CARTESIAN_POINT('Ctrl Pts',(2.78722579655829,-1.02700222406916,44.0563966234728));
#4743=CARTESIAN_POINT('Ctrl Pts',(2.38364098477047,1.77246068093343,44.2143451466652));
#4744=CARTESIAN_POINT('Ctrl Pts',(-0.18111861318845,2.9648873941498,44.3722936698577));
#4745=CARTESIAN_POINT('Ctrl Pts',(-2.58166347218166,1.46914087877912,44.5302421930502));
#4746=CARTESIAN_POINT('Ctrl Pts',(-2.64149258036703,-1.35863098698238,44.6881907162426));
#4747=CARTESIAN_POINT('Ctrl Pts',(-0.306360700045281,-2.95457346259588,
44.8461392394351));
#4748=CARTESIAN_POINT('Ctrl Pts',(2.30653910314432,-1.871694029527,45.0040877626276));
#4749=CARTESIAN_POINT('Ctrl Pts',(2.82817006401939,0.908193436772617,45.1620362858201));
#4750=CARTESIAN_POINT('Ctrl Pts',(0.785585218864492,2.86464957105191,45.3199848090125));
#4751=CARTESIAN_POINT('Ctrl Pts',(-1.96926580531255,2.2238149943548,45.477933332205));
#4752=CARTESIAN_POINT('Ctrl Pts',(-2.93864350656091,-0.433284868793253,
45.6358818553975));
#4753=CARTESIAN_POINT('Ctrl Pts',(-1.24364233983196,-2.69753878088191,45.79383037859));
#4754=CARTESIAN_POINT('Ctrl Pts',(1.57893117188488,-2.51601581362154,45.9517789017824));
#4755=CARTESIAN_POINT('Ctrl Pts',(2.96993647357306,-0.0532988179256043,
46.1097274249749));
#4756=CARTESIAN_POINT('Ctrl Pts',(1.66818941359111,2.457744516418,46.2676759481673));
#4757=CARTESIAN_POINT('Ctrl Pts',(-1.14605174942645,2.74042191217199,46.4256244713599));
#4758=CARTESIAN_POINT('Ctrl Pts',(-2.92120751078148,0.538449364558382,46.5835729945523));
#4759=CARTESIAN_POINT('Ctrl Pts',(-2.04778381315703,-2.1517329526322,46.7415215177448));
#4760=CARTESIAN_POINT('Ctrl Pts',(0.682284813800977,-2.89097702578015,46.8994700409372));
#4761=CARTESIAN_POINT('Ctrl Pts',(2.79378226119194,-1.00911344352216,47.0574185641297));
#4762=CARTESIAN_POINT('Ctrl Pts',(2.3721728955531,1.78778617821251,47.2153670873221));
#4763=CARTESIAN_POINT('Ctrl Pts',(-0.200078591821226,2.9635531445424,47.3733156105146));
#4764=CARTESIAN_POINT('Ctrl Pts',(-2.59118709376744,1.45274787575303,47.5312641337071));
#4765=CARTESIAN_POINT('Ctrl Pts',(-2.63243540556329,-1.37598042792948,47.6892126568995));
#4766=CARTESIAN_POINT('Ctrl Pts',(-0.287925931966401,-2.95566797917867,
47.8471611800921));
#4767=CARTESIAN_POINT('Ctrl Pts',(2.31957181405848,-1.85844672545854,48.0051097032844));
#4768=CARTESIAN_POINT('Ctrl Pts',(2.82014453830039,0.929690321178306,48.163058226477));
#4769=CARTESIAN_POINT('Ctrl Pts',(1.45475039646214,2.21699634266933,48.2683572419386));
#4770=CARTESIAN_POINT('Ctrl Pts',(0.650199997975018,2.43208680203509,48.3210067496694));
#4771=CARTESIAN_POINT('Ctrl Pts',(2.05433155034214,-1.75642532122679,32.8929977501102));
#4772=CARTESIAN_POINT('Ctrl Pts',(2.63536866255516,-1.076838858248,32.945647257841));
#4773=CARTESIAN_POINT('Ctrl Pts',(3.06056477734154,0.892485032480056,33.0509462733027));
#4774=CARTESIAN_POINT('Ctrl Pts',(0.922090016137028,3.05492777429201,33.2088947964951));
#4775=CARTESIAN_POINT('Ctrl Pts',(-2.05221367507866,2.43998860401821,33.3668433196876));
#4776=CARTESIAN_POINT('Ctrl Pts',(-3.16589290784803,-0.38346685640758,33.52479184288));
#4777=CARTESIAN_POINT('Ctrl Pts',(-1.40912968404623,-2.8611579283933,33.6827403660725));
#4778=CARTESIAN_POINT('Ctrl Pts',(1.62523687424445,-2.74374111744731,33.840688889265));
#4779=CARTESIAN_POINT('Ctrl Pts',(3.18605655797757,-0.139163313337597,33.9986374124575));
#4780=CARTESIAN_POINT('Ctrl Pts',(1.85817259304468,2.59184977552445,34.1565859356499));
#4781=CARTESIAN_POINT('Ctrl Pts',(-1.15445837062738,2.97277765525066,34.3145344588424));
#4782=CARTESIAN_POINT('Ctrl Pts',(-3.1203778525762,0.658447313212337,34.4724829820349));
#4783=CARTESIAN_POINT('Ctrl Pts',(-2.25714521998911,-2.25291261420133,34.6304315052273));
#4784=CARTESIAN_POINT('Ctrl Pts',(0.652572120728266,-3.12160696311435,34.7883800284198));
#4785=CARTESIAN_POINT('Ctrl Pts',(2.97062227721661,-1.1600445978021,34.9463285516123));
#4786=CARTESIAN_POINT('Ctrl Pts',(2.59529950546477,1.85329974925223,35.1042770748048));
#4787=CARTESIAN_POINT('Ctrl Pts',(-0.13310236615971,3.18631109613223,35.2622255979972));
#4788=CARTESIAN_POINT('Ctrl Pts',(-2.74082438557039,1.63039235700955,35.4201741211897));
#4789=CARTESIAN_POINT('Ctrl Pts',(-2.86352428524252,-1.403754203411,35.5781226443821));
#4790=CARTESIAN_POINT('Ctrl Pts',(-0.389953809625786,-3.16515918264168,
35.7360711675747));
#4791=CARTESIAN_POINT('Ctrl Pts',(2.4371759273206,-2.05681076895119,35.8940196907671));
#4792=CARTESIAN_POINT('Ctrl Pts',(3.05459237326534,0.916385503408944,36.0519682139596));
#4793=CARTESIAN_POINT('Ctrl Pts',(0.902502816140876,3.0587228643671,36.209916737152));
#4794=CARTESIAN_POINT('Ctrl Pts',(-2.06785859627549,2.42780925475618,36.3678652603445));
#4795=CARTESIAN_POINT('Ctrl Pts',(-3.16335551038142,-0.404325179856401,
36.525813783537));
#4796=CARTESIAN_POINT('Ctrl Pts',(-1.39073419240733,-2.86987026461317,36.6837623067295));
#4797=CARTESIAN_POINT('Ctrl Pts',(1.64282352059208,-2.73339126683209,36.8417108299219));
#4798=CARTESIAN_POINT('Ctrl Pts',(3.18688311166988,-0.118629538090802,36.9996593531144));
#4799=CARTESIAN_POINT('Ctrl Pts',(1.84149271007514,2.60368998402847,37.1576078763068));
#4800=CARTESIAN_POINT('Ctrl Pts',(-1.17352312528082,2.96532298572013,37.3155563994993));
#4801=CARTESIAN_POINT('Ctrl Pts',(-3.12454123403449,0.638387822254982,37.4735049226918));
#4802=CARTESIAN_POINT('Ctrl Pts',(-2.24263283451645,-2.26735416384442,37.6314534458842));
#4803=CARTESIAN_POINT('Ctrl Pts',(0.6726025494639,-3.11735508810568,37.7894019690768));
#4804=CARTESIAN_POINT('Ctrl Pts',(2.9780096581268,-1.14094496401994,37.9473504922691));
#4805=CARTESIAN_POINT('Ctrl Pts',(2.58334598183588,1.86992525865434,38.1052990154617));
#4806=CARTESIAN_POINT('Ctrl Pts',(-0.153558927269309,3.18539112052082,38.2632475386541));
#4807=CARTESIAN_POINT('Ctrl Pts',(-2.75123662730301,1.61275973269851,38.4211960618466));
#4808=CARTESIAN_POINT('Ctrl Pts',(-2.85445175244071,-1.42211185488934,38.5791445850391));
#4809=CARTESIAN_POINT('Ctrl Pts',(-0.369622287866112,-3.16759787522708,
38.7370931082315));
#4810=CARTESIAN_POINT('Ctrl Pts',(2.45033246356296,-2.04111924023038,38.895041631424));
#4811=CARTESIAN_POINT('Ctrl Pts',(3.04864529377263,0.935980132047378,39.0529901546165));
#4812=CARTESIAN_POINT('Ctrl Pts',(0.882844156473952,3.06445478514685,39.2109386778089));
#4813=CARTESIAN_POINT('Ctrl Pts',(-2.08340492700838,2.41448148573284,39.3688872010014));
#4814=CARTESIAN_POINT('Ctrl Pts',(-3.16069412706877,-0.424628743660155,
39.5268357241939));
#4815=CARTESIAN_POINT('Ctrl Pts',(-1.37227809028245,-2.87874100567596,39.6847842473863));
#4816=CARTESIAN_POINT('Ctrl Pts',(1.66034075501147,-2.72278635079534,39.8427327705788));
#4817=CARTESIAN_POINT('Ctrl Pts',(3.18757913471791,-0.0981641214521456,
40.0006812937713));
#4818=CARTESIAN_POINT('Ctrl Pts',(1.8247364588127,2.61546053128493,40.1586298169638));
#4819=CARTESIAN_POINT('Ctrl Pts',(-1.19253926744728,2.95772666594223,40.3165783401562));
#4820=CARTESIAN_POINT('Ctrl Pts',(-3.12857590935509,0.618311987779954,40.4745268633487));
#4821=CARTESIAN_POINT('Ctrl Pts',(-2.22802792558575,-2.28170736459335,40.6324753865411));
#4822=CARTESIAN_POINT('Ctrl Pts',(0.692605215905952,-3.11297204448246,40.7904239097336));
#4823=CARTESIAN_POINT('Ctrl Pts',(2.98527427277118,-1.12179964840432,40.9483724329261));
#4824=CARTESIAN_POINT('Ctrl Pts',(2.57128593952758,1.88647437088799,41.1063209561185));
#4825=CARTESIAN_POINT('Ctrl Pts',(-0.174009152958848,3.18433945262059,41.2642694793111));
#4826=CARTESIAN_POINT('Ctrl Pts',(-2.76153543870663,1.59506079996871,41.4222180025035));
#4827=CARTESIAN_POINT('Ctrl Pts',(-2.84526153048292,-1.44041096843348,41.5801665256959));
#4828=CARTESIAN_POINT('Ctrl Pts',(-0.349275527288097,-3.16990591987635,
41.7381150488885));
#4829=CARTESIAN_POINT('Ctrl Pts',(2.46338797376389,-2.02534358209787,41.8960635720809));
#4830=CARTESIAN_POINT('Ctrl Pts',(3.04257251956264,0.955536183528209,42.0540120952734));
#4831=CARTESIAN_POINT('Ctrl Pts',(0.863149097534271,3.07006035286847,42.2119606184658));
#4832=CARTESIAN_POINT('Ctrl Pts',(-2.09886535973545,2.40105417192804,42.3699091416583));
#4833=CARTESIAN_POINT('Ctrl Pts',(-3.15790242943711,-0.444914801938384,
42.5278576648508));
#4834=CARTESIAN_POINT('Ctrl Pts',(-1.35376540962959,-2.8874930563584,42.6858061880432));
#4835=CARTESIAN_POINT('Ctrl Pts',(1.67778953417651,-2.71206917571156,42.8437547112357));
#4836=CARTESIAN_POINT('Ctrl Pts',(3.18814373500445,-0.077694657298992,43.0017032344282));
#4837=CARTESIAN_POINT('Ctrl Pts',(1.80790497431707,2.6271232439036,43.1596517576206));
#4838=CARTESIAN_POINT('Ctrl Pts',(-1.21150624164819,2.95000840021368,43.3176002808131));
#4839=CARTESIAN_POINT('Ctrl Pts',(-3.13248159459063,0.598210660474153,43.4755488040055));
#4840=CARTESIAN_POINT('Ctrl Pts',(-2.21333115587218,-2.2959664913127,43.6334973271981));
#4841=CARTESIAN_POINT('Ctrl Pts',(0.712579326516145,-3.10846065418733,43.7914458503905));
#4842=CARTESIAN_POINT('Ctrl Pts',(2.99241580554689,-1.10260808127967,43.949394373583));
#4843=CARTESIAN_POINT('Ctrl Pts',(2.55911988414583,1.90294570425008,44.1073428967754));
#4844=CARTESIAN_POINT('Ctrl Pts',(-0.194452204573128,3.18315649592369,44.2652914199679));
#4845=CARTESIAN_POINT('Ctrl Pts',(-2.77172039247733,1.57729610269189,44.4232399431604));
#4846=CARTESIAN_POINT('Ctrl Pts',(-2.83595400038478,-1.45865069287609,44.5811884663528));
#4847=CARTESIAN_POINT('Ctrl Pts',(-0.328914364292243,-3.17208327328152,
44.7391369895453));
#4848=CARTESIAN_POINT('Ctrl Pts',(2.47634191563664,-2.00948441422306,44.8970855127378));
#4849=CARTESIAN_POINT('Ctrl Pts',(3.03637430838811,0.975052827814732,45.0550340359302));
#4850=CARTESIAN_POINT('Ctrl Pts',(0.843418437227768,3.07553936403501,45.2129825591227));
#4851=CARTESIAN_POINT('Ctrl Pts',(-2.11423922970894,2.38752782280383,45.3709310823152));
#4852=CARTESIAN_POINT('Ctrl Pts',(-3.15498058562716,-0.465182437419412,
45.5288796055077));
#4853=CARTESIAN_POINT('Ctrl Pts',(-1.33519681066236,-2.89612621049731,45.6868281287001));
#4854=CARTESIAN_POINT('Ctrl Pts',(1.69516893839504,-2.70123988411126,45.8447766518927));
#4855=CARTESIAN_POINT('Ctrl Pts',(3.1885772785127,-0.0572225706917912,46.002725175085));
#4856=CARTESIAN_POINT('Ctrl Pts',(1.79099819398921,2.63867877012583,46.1606736982776));
#4857=CARTESIAN_POINT('Ctrl Pts',(-1.23042179546168,2.942166312459,46.31862222147));
#4858=CARTESIAN_POINT('Ctrl Pts',(-3.13626098658347,0.578088933799622,46.4765707446625));
#4859=CARTESIAN_POINT('Ctrl Pts',(-2.19853757682671,-2.31013924480877,46.6345192678549));
#4860=CARTESIAN_POINT('Ctrl Pts',(0.732513262192017,-3.10380499351715,46.7924677910474));
#4861=CARTESIAN_POINT('Ctrl Pts',(2.99945494404169,-1.0834023643561,46.9504163142398));
#4862=CARTESIAN_POINT('Ctrl Pts',(2.54680753705293,1.91939943409945,47.1083648374324));
#4863=CARTESIAN_POINT('Ctrl Pts',(-0.214807979050965,3.18172402151898,47.2663133606248));
#4864=CARTESIAN_POINT('Ctrl Pts',(-2.78194512410636,1.55969627944964,47.4242618838173));
#4865=CARTESIAN_POINT('Ctrl Pts',(-2.82623005442038,-1.47727736509317,47.5822104070097));
#4866=CARTESIAN_POINT('Ctrl Pts',(-0.309122465322683,-3.17325836599407,
47.7401589302022));
#4867=CARTESIAN_POINT('Ctrl Pts',(2.49033406875778,-1.99526187002722,47.8981074533947));
#4868=CARTESIAN_POINT('Ctrl Pts',(3.02775795945828,0.998132270013147,48.0560559765872));
#4869=CARTESIAN_POINT('Ctrl Pts',(1.5618462217429,2.38020719556892,48.1613549920488));
#4870=CARTESIAN_POINT('Ctrl Pts',(0.698066426160931,2.61113218593864,48.2140044997796));
#4871=CARTESIAN_POINT('Ctrl Pts',(2.19519710401918,-1.87686343907868,32.7859955002204));
#4872=CARTESIAN_POINT('Ctrl Pts',(2.8160759421236,-1.15067771934264,32.8386450079512));
#4873=CARTESIAN_POINT('Ctrl Pts',(3.27042776262882,0.953682748217727,32.9439440234128));
#4874=CARTESIAN_POINT('Ctrl Pts',(0.985317746169982,3.26440423017243,33.1018925466053));
#4875=CARTESIAN_POINT('Ctrl Pts',(-2.19293400600839,2.60729866923793,33.2598410697978));
#4876=CARTESIAN_POINT('Ctrl Pts',(-3.38297824505756,-0.409761186081699,
33.4177895929903));
#4877=CARTESIAN_POINT('Ctrl Pts',(-1.50575373341785,-3.05734758223639,33.5757381161827));
#4878=CARTESIAN_POINT('Ctrl Pts',(1.736679397779,-2.93187949831932,33.7336866393752));
#4879=CARTESIAN_POINT('Ctrl Pts',(3.40452451706193,-0.148705744393367,33.8916351625677));
#4880=CARTESIAN_POINT('Ctrl Pts',(1.9855875232701,2.7695729641773,34.0495836857601));
#4881=CARTESIAN_POINT('Ctrl Pts',(-1.23361960316963,3.17662107589804,34.2075322089526));
#4882=CARTESIAN_POINT('Ctrl Pts',(-3.33434222157569,0.703597058066019,34.3654807321451));
#4883=CARTESIAN_POINT('Ctrl Pts',(-2.41191771087077,-2.40739487522321,34.5234292553375));
#4884=CARTESIAN_POINT('Ctrl Pts',(0.697319003521004,-3.33565561224694,34.68137777853));
#4885=CARTESIAN_POINT('Ctrl Pts',(3.174317903551,-1.2395888780485,34.8393263017224));
#4886=CARTESIAN_POINT('Ctrl Pts',(2.77325924216556,1.98038054848565,34.997274824915));
#4887=CARTESIAN_POINT('Ctrl Pts',(-0.142229197951629,3.40479650890272,35.1552233481074));
#4888=CARTESIAN_POINT('Ctrl Pts',(-2.92876276608185,1.74218839209586,35.3131718712999));
#4889=CARTESIAN_POINT('Ctrl Pts',(-3.05987620022,-1.5000096559727,35.4711203944923));
#4890=CARTESIAN_POINT('Ctrl Pts',(-0.416692949806083,-3.38219420829979,
35.6290689176848));
#4891=CARTESIAN_POINT('Ctrl Pts',(2.6042931272454,-2.19784632269564,35.7870174408773));
#4892=CARTESIAN_POINT('Ctrl Pts',(3.26404583069095,0.979222074895085,35.9449659640697));
#4893=CARTESIAN_POINT('Ctrl Pts',(0.964387451495665,3.26845954964651,36.1029144872622));
#4894=CARTESIAN_POINT('Ctrl Pts',(-2.20965169975075,2.59428418176419,36.2608630104547));
#4895=CARTESIAN_POINT('Ctrl Pts',(-3.38026685819816,-0.432049765168131,
36.4188115336472));
#4896=CARTESIAN_POINT('Ctrl Pts',(-1.48609686256562,-3.06665732351739,36.5767600568397));
#4897=CARTESIAN_POINT('Ctrl Pts',(1.75547196080287,-2.92081995824957,36.7347085800321));
#4898=CARTESIAN_POINT('Ctrl Pts',(3.40540774755672,-0.126763967785381,36.8926571032246));
#4899=CARTESIAN_POINT('Ctrl Pts',(1.9677639004065,2.78222505600478,37.050605626417));
#4900=CARTESIAN_POINT('Ctrl Pts',(-1.25399162841409,3.16865523953531,37.2085541496095));
#4901=CARTESIAN_POINT('Ctrl Pts',(-3.33879108618016,0.682162087430265,37.3665026728019));
#4902=CARTESIAN_POINT('Ctrl Pts',(-2.39641021084884,-2.42282668220139,37.5244511959945));
#4903=CARTESIAN_POINT('Ctrl Pts',(0.718722919137936,-3.33111218608765,37.6823997191869));
#4904=CARTESIAN_POINT('Ctrl Pts',(3.18221183731142,-1.21917958201279,37.8403482423794));
#4905=CARTESIAN_POINT('Ctrl Pts',(2.76048606519294,1.99814606938528,37.9982967655718));
#4906=CARTESIAN_POINT('Ctrl Pts',(-0.164088465847556,3.40381345054605,38.1562452887643));
#4907=CARTESIAN_POINT('Ctrl Pts',(-2.93988897542912,1.72334669839875,38.3141938119568));
#4908=CARTESIAN_POINT('Ctrl Pts',(-3.05018156367053,-1.51962609196383,38.4721423351493));
#4909=CARTESIAN_POINT('Ctrl Pts',(-0.394967295210697,-3.38480012208239,
38.6300908583417));
#4910=CARTESIAN_POINT('Ctrl Pts',(2.61835180742939,-2.18107882555049,38.7880393815342));
#4911=CARTESIAN_POINT('Ctrl Pts',(3.25769095984374,1.00016030759382,38.9459879047266));
#4912=CARTESIAN_POINT('Ctrl Pts',(0.943380797159593,3.2745845083437,39.1039364279191));
#4913=CARTESIAN_POINT('Ctrl Pts',(-2.22626404267918,2.58004252736414,39.2618849511116));
#4914=CARTESIAN_POINT('Ctrl Pts',(-3.3774229837809,-0.453745544730025,39.4198334743041));
#4915=CARTESIAN_POINT('Ctrl Pts',(-1.46637522516523,-3.07613633146444,39.5777819974965));
#4916=CARTESIAN_POINT('Ctrl Pts',(1.77419035232125,-2.90948786291746,39.735730520689));
#4917=CARTESIAN_POINT('Ctrl Pts',(3.40615149691846,-0.1048952371366,39.8936790438815));
#4918=CARTESIAN_POINT('Ctrl Pts',(1.94985867267468,2.79480270991161,40.0516275670739));
#4919=CARTESIAN_POINT('Ctrl Pts',(-1.27431170781241,3.16053803996503,40.2095760902664));
#4920=CARTESIAN_POINT('Ctrl Pts',(-3.34310241926463,0.660709652601522,40.3675246134588));
#4921=CARTESIAN_POINT('Ctrl Pts',(-2.38080384303357,-2.43816408220005,40.5254731366513));
#4922=CARTESIAN_POINT('Ctrl Pts',(0.740097168800283,-3.3264285970794,40.6834216598438));
#4923=CARTESIAN_POINT('Ctrl Pts',(3.18997458672084,-1.19872147173943,40.8413701830362));
#4924=CARTESIAN_POINT('Ctrl Pts',(2.74759906555302,2.01582995456114,40.9993187062288));
#4925=CARTESIAN_POINT('Ctrl Pts',(-0.185940963903547,3.4026896697578,41.1572672294212));
#4926=CARTESIAN_POINT('Ctrl Pts',(-2.95089397652755,1.70443414951334,41.3152157526137));
#4927=CARTESIAN_POINT('Ctrl Pts',(-3.04036116801742,-1.53917997607349,41.4731642758062));
#4928=CARTESIAN_POINT('Ctrl Pts',(-0.373225356870904,-3.38726642939738,
41.6311127989986));
#4929=CARTESIAN_POINT('Ctrl Pts',(2.63230253421437,-2.16422143023827,41.7890613221911));
#4930=CARTESIAN_POINT('Ctrl Pts',(3.25120177539008,1.02105731789852,41.9470098453835));
#4931=CARTESIAN_POINT('Ctrl Pts',(0.922335247651933,3.28057444995115,42.104958368576));
#4932=CARTESIAN_POINT('Ctrl Pts',(-2.24278459757388,2.56569450239508,42.2629068917685));
#4933=CARTESIAN_POINT('Ctrl Pts',(-3.37443985938926,-0.475422618412174,
42.420855414961));
#4934=CARTESIAN_POINT('Ctrl Pts',(-1.44659312964612,-3.08548851042947,42.5788039381534));
#4935=CARTESIAN_POINT('Ctrl Pts',(1.79283559460719,-2.89803581093331,42.7367524613459));
#4936=CARTESIAN_POINT('Ctrl Pts',(3.40675481185743,-0.0830221814351766,
42.8947009845383));
#4937=CARTESIAN_POINT('Ctrl Pts',(1.93187305296543,2.80726513495748,43.0526495077309));
#4938=CARTESIAN_POINT('Ctrl Pts',(-1.29457924779684,3.15229053260794,43.2105980309233));
#4939=CARTESIAN_POINT('Ctrl Pts',(-3.34727591741142,0.639229976898109,43.3685465541158));
#4940=CARTESIAN_POINT('Ctrl Pts',(-2.3650993155398,-2.45340095751111,43.5264950773082));
#4941=CARTESIAN_POINT('Ctrl Pts',(0.761440904556839,-3.32160786066549,43.6844436005008));
#4942=CARTESIAN_POINT('Ctrl Pts',(3.19760581453549,-1.1782139384902,43.8423921236931));
#4943=CARTESIAN_POINT('Ctrl Pts',(2.73459878352119,2.03343072756673,44.0003406468857));
#4944=CARTESIAN_POINT('Ctrl Pts',(-0.207785795957806,3.40142559769758,44.158289170078));
#4945=CARTESIAN_POINT('Ctrl Pts',(-2.96177731277299,1.68545132660466,44.3162376932706));
#4946=CARTESIAN_POINT('Ctrl Pts',(-3.03041542040253,-1.55867039876979,44.474186216463));
#4947=CARTESIAN_POINT('Ctrl Pts',(-0.351468028539203,-3.38959308396717,
44.6321347396555));
#4948=CARTESIAN_POINT('Ctrl Pts',(2.64614472812895,-2.14727479891912,44.790083262848));
#4949=CARTESIAN_POINT('Ctrl Pts',(3.24457855275683,1.04191221885685,44.9480317860404));
#4950=CARTESIAN_POINT('Ctrl Pts',(0.901251655591047,3.28642915701811,45.105980309233));
#4951=CARTESIAN_POINT('Ctrl Pts',(-2.25921265410534,2.55124065125285,45.2639288324254));
#4952=CARTESIAN_POINT('Ctrl Pts',(-3.37131766469341,-0.497080006045564,
45.4218773556178));
#4953=CARTESIAN_POINT('Ctrl Pts',(-1.42675128149275,-3.09471364011272,45.5798258788103));
#4954=CARTESIAN_POINT('Ctrl Pts',(1.8114067049052,-2.88646395460097,45.7377744020028));
#4955=CARTESIAN_POINT('Ctrl Pts',(3.40721808345234,-0.0611463234579813,
45.8957229251952));
#4956=CARTESIAN_POINT('Ctrl Pts',(1.91380697438731,2.81961302383367,46.0536714483878));
#4957=CARTESIAN_POINT('Ctrl Pts',(-1.31479184149692,3.14391071274601,46.2116199715802));
#4958=CARTESIAN_POINT('Ctrl Pts',(-3.35131446238546,0.617728503040863,46.3695684947726));
#4959=CARTESIAN_POINT('Ctrl Pts',(-2.3492913404964,-2.46854553698533,46.5275170179652));
#4960=CARTESIAN_POINT('Ctrl Pts',(0.782741710583059,-3.31663296125416,46.6854655411576));
#4961=CARTESIAN_POINT('Ctrl Pts',(3.20512762689144,-1.15769128519004,46.8434140643501));
#4962=CARTESIAN_POINT('Ctrl Pts',(2.72144217855277,2.0510126899864,47.0013625875426));
#4963=CARTESIAN_POINT('Ctrl Pts',(-0.229537366280703,3.39989489849555,47.1593111107349));
#4964=CARTESIAN_POINT('Ctrl Pts',(-2.97270315444528,1.66664468314626,47.3172596339275));
#4965=CARTESIAN_POINT('Ctrl Pts',(-3.02002470327747,-1.57857430225686,47.4752081571199));
#4966=CARTESIAN_POINT('Ctrl Pts',(-0.330318998678965,-3.39084875280948,
47.6331566803125));
#4967=CARTESIAN_POINT('Ctrl Pts',(2.66109632345709,-2.1320770145959,47.7911052035048));
#4968=CARTESIAN_POINT('Ctrl Pts',(3.23537138061618,1.06657421884799,47.9490537266974));
#4969=CARTESIAN_POINT('Ctrl Pts',(1.66894204702367,2.54341804846851,48.054352742159));
#4970=CARTESIAN_POINT('Ctrl Pts',(0.745932854346844,2.79017756984218,48.1070022498898));
#4971=CARTESIAN_POINT('Ctrl Pts',(2.33606265769621,-1.99730155693058,32.6789932503306));
#4972=CARTESIAN_POINT('Ctrl Pts',(2.99678322169204,-1.22451658043728,32.7316427580614));
#4973=CARTESIAN_POINT('Ctrl Pts',(3.4802907479161,1.0148804639554,32.8369417735231));
#4974=CARTESIAN_POINT('Ctrl Pts',(1.04854547620293,3.47388068605285,32.9948902967154));
#4975=CARTESIAN_POINT('Ctrl Pts',(-2.33365433693812,2.77460873445766,33.152838819908));
#4976=CARTESIAN_POINT('Ctrl Pts',(-3.60006358226709,-0.436055515755822,
33.3107873431004));
#4977=CARTESIAN_POINT('Ctrl Pts',(-1.60237778278946,-3.25353723607948,33.4687358662929));
#4978=CARTESIAN_POINT('Ctrl Pts',(1.84812192131355,-3.12001787919133,33.6266843894854));
#4979=CARTESIAN_POINT('Ctrl Pts',(3.62299247614629,-0.158248175449135,33.7846329126778));
#4980=CARTESIAN_POINT('Ctrl Pts',(2.11300245349553,2.94729615283014,33.9425814358703));
#4981=CARTESIAN_POINT('Ctrl Pts',(-1.31278083571188,3.38046449654543,34.1005299590628));
#4982=CARTESIAN_POINT('Ctrl Pts',(-3.54830659057518,0.748746802919698,34.2584784822553));
#4983=CARTESIAN_POINT('Ctrl Pts',(-2.56669020175244,-2.56187713624509,34.4164270054477));
#4984=CARTESIAN_POINT('Ctrl Pts',(0.742065886313743,-3.54970426137953,34.5743755286402));
#4985=CARTESIAN_POINT('Ctrl Pts',(3.37801352988539,-1.31913315829491,34.7323240518327));
#4986=CARTESIAN_POINT('Ctrl Pts',(2.95121897886636,2.10746134771908,34.8902725750251));
#4987=CARTESIAN_POINT('Ctrl Pts',(-0.151356029743552,3.62328192167322,35.0482210982176));
#4988=CARTESIAN_POINT('Ctrl Pts',(-3.11670114659331,1.85398442718216,35.2061696214101));
#4989=CARTESIAN_POINT('Ctrl Pts',(-3.25622811519747,-1.59626510853439,35.3641181446025));
#4990=CARTESIAN_POINT('Ctrl Pts',(-0.44343208998638,-3.5992292339579,35.522066667795));
#4991=CARTESIAN_POINT('Ctrl Pts',(2.7714103271702,-2.33888187644008,35.6800151909875));
#4992=CARTESIAN_POINT('Ctrl Pts',(3.47349928811655,1.04205864638122,35.8379637141799));
#4993=CARTESIAN_POINT('Ctrl Pts',(1.02627208685046,3.47819623492592,35.9959122373724));
#4994=CARTESIAN_POINT('Ctrl Pts',(-2.35144480322601,2.7607591087722,36.1538607605649));
#4995=CARTESIAN_POINT('Ctrl Pts',(-3.59717820601491,-0.459774350479859,
36.3118092837573));
#4996=CARTESIAN_POINT('Ctrl Pts',(-1.58145953272391,-3.26344438242162,36.4697578069498));
#4997=CARTESIAN_POINT('Ctrl Pts',(1.86812040101366,-3.10824864966705,36.6277063301423));
#4998=CARTESIAN_POINT('Ctrl Pts',(3.62393238344356,-0.13489839747996,36.7856548533348));
#4999=CARTESIAN_POINT('Ctrl Pts',(2.09403509073785,2.96076012798108,36.9436033765272));
#5000=CARTESIAN_POINT('Ctrl Pts',(-1.33446013154736,3.37198749335049,37.1015518997197));
#5001=CARTESIAN_POINT('Ctrl Pts',(-3.55304093832583,0.725936352605546,37.2595004229122));
#5002=CARTESIAN_POINT('Ctrl Pts',(-2.55018758718123,-2.57829920055836,37.4174489461046));
#5003=CARTESIAN_POINT('Ctrl Pts',(0.764843288811974,-3.54486928406961,37.5753974692971));
#5004=CARTESIAN_POINT('Ctrl Pts',(3.38641401649604,-1.29741420000565,37.7333459924895));
#5005=CARTESIAN_POINT('Ctrl Pts',(2.93762614855001,2.12636688011621,37.8912945156821));
#5006=CARTESIAN_POINT('Ctrl Pts',(-0.174618004425806,3.62223578057128,38.0492430388745));
#5007=CARTESIAN_POINT('Ctrl Pts',(-3.12854132355522,1.83393366409899,38.207191562067));
#5008=CARTESIAN_POINT('Ctrl Pts',(-3.24591137490036,-1.61714032903831,38.3651400852594));
#5009=CARTESIAN_POINT('Ctrl Pts',(-0.420312302555282,-3.60200236893769,
38.5230886084519));
#5010=CARTESIAN_POINT('Ctrl Pts',(2.78637115129583,-2.3210384108706,38.6810371316444));
#5011=CARTESIAN_POINT('Ctrl Pts',(3.46673662591485,1.06434048314027,38.8389856548368));
#5012=CARTESIAN_POINT('Ctrl Pts',(1.00391743784523,3.48471423154054,38.9969341780293));
#5013=CARTESIAN_POINT('Ctrl Pts',(-2.36912315834997,2.74560356899545,39.1548827012217));
#5014=CARTESIAN_POINT('Ctrl Pts',(-3.59415184049302,-0.482862345799897,
39.3128312244143));
#5015=CARTESIAN_POINT('Ctrl Pts',(-1.56047236004801,-3.27353165725291,39.4707797476067));
#5016=CARTESIAN_POINT('Ctrl Pts',(1.88803994963103,-3.09618937503958,39.6287282707992));
#5017=CARTESIAN_POINT('Ctrl Pts',(3.62472385911901,-0.111626352821053,39.7866767939916));
#5018=CARTESIAN_POINT('Ctrl Pts',(2.07498088653665,2.97414488853829,39.9446253171842));
#5019=CARTESIAN_POINT('Ctrl Pts',(-1.35608414817755,3.36334941398784,40.1025738403765));
#5020=CARTESIAN_POINT('Ctrl Pts',(-3.55762892917416,0.703107317423081,40.2605223635691));
#5021=CARTESIAN_POINT('Ctrl Pts',(-2.53357976048139,-2.59462079980674,40.4184708867615));
#5022=CARTESIAN_POINT('Ctrl Pts',(0.787589121694618,-3.53988514967634,40.576419409954));
#5023=CARTESIAN_POINT('Ctrl Pts',(3.3946749006705,-1.27564329507455,40.7343679331465));
#5024=CARTESIAN_POINT('Ctrl Pts',(2.92391219157847,2.14518553823429,40.8923164563389));
#5025=CARTESIAN_POINT('Ctrl Pts',(-0.19787277484825,3.621039886895,41.0502649795314));
#5026=CARTESIAN_POINT('Ctrl Pts',(-3.14025251434847,1.81380749905797,41.2082135027239));
#5027=CARTESIAN_POINT('Ctrl Pts',(-3.23546080555192,-1.6379489837135,41.3661620259163));
#5028=CARTESIAN_POINT('Ctrl Pts',(-0.39717518645371,-3.6046269389184,41.5241105491088));
#5029=CARTESIAN_POINT('Ctrl Pts',(2.80121709466485,-2.30309927837867,41.6820590723013));
#5030=CARTESIAN_POINT('Ctrl Pts',(3.45983103121752,1.08657845226883,41.8400075954937));
#5031=CARTESIAN_POINT('Ctrl Pts',(0.98152139776959,3.49108854703382,41.9979561186862));
#5032=CARTESIAN_POINT('Ctrl Pts',(-2.38670383541231,2.73033483286212,42.1559046418786));
#5033=CARTESIAN_POINT('Ctrl Pts',(-3.59097728934142,-0.505930434885966,
42.3138531650711));
#5034=CARTESIAN_POINT('Ctrl Pts',(-1.53942084966265,-3.28348396450054,42.4718016882636));
#5035=CARTESIAN_POINT('Ctrl Pts',(1.90788165503787,-3.08400244615507,42.629750211456));
#5036=CARTESIAN_POINT('Ctrl Pts',(3.62536588871043,-0.0883497055713589,
42.7876987346486));
#5037=CARTESIAN_POINT('Ctrl Pts',(2.0558411316138,2.98740702601136,42.945647257841));
#5038=CARTESIAN_POINT('Ctrl Pts',(-1.3776522539455,3.35457266500219,43.1035957810335));
#5039=CARTESIAN_POINT('Ctrl Pts',(-3.56207024023221,0.680249293322063,43.2615443042259));
#5040=CARTESIAN_POINT('Ctrl Pts',(-2.51686747520742,-2.61083542370953,43.4194928274185));
#5041=CARTESIAN_POINT('Ctrl Pts',(0.810302482597534,-3.53475506714365,43.5774413506108));
#5042=CARTESIAN_POINT('Ctrl Pts',(3.40279582352409,-1.25381979570072,43.7353898738034));
#5043=CARTESIAN_POINT('Ctrl Pts',(2.91007768289654,2.16391575088338,43.8933383969958));
#5044=CARTESIAN_POINT('Ctrl Pts',(-0.221119387342482,3.61969469947146,44.0512869201883));
#5045=CARTESIAN_POINT('Ctrl Pts',(-3.15183423306866,1.79360655051743,44.2092354433807));
#5046=CARTESIAN_POINT('Ctrl Pts',(-3.22487684042028,-1.6586901046635,44.3671839665733));
#5047=CARTESIAN_POINT('Ctrl Pts',(-0.374021692786164,-3.60710289465281,
44.5251324897657));
#5048=CARTESIAN_POINT('Ctrl Pts',(2.81594754062127,-2.28506518361519,44.6830810129582));
#5049=CARTESIAN_POINT('Ctrl Pts',(3.45278279712556,1.10877160989896,44.8410295361506));
#5050=CARTESIAN_POINT('Ctrl Pts',(0.959084873954321,3.4973189500012,44.9989780593431));
#5051=CARTESIAN_POINT('Ctrl Pts',(-2.40418607850173,2.71495347970188,45.1569265825356));
#5052=CARTESIAN_POINT('Ctrl Pts',(-3.58765474375967,-0.528977574671724,
45.314875105728));
#5053=CARTESIAN_POINT('Ctrl Pts',(-1.51830575232315,-3.29330106972812,45.4728236289205));
#5054=CARTESIAN_POINT('Ctrl Pts',(1.92764447141536,-3.07168802509068,45.630772152113));
#5055=CARTESIAN_POINT('Ctrl Pts',(3.62585888839198,-0.0650700762241698,
45.7887206753054));
#5056=CARTESIAN_POINT('Ctrl Pts',(2.03661575478541,3.0005472775415,45.946669198498));
#5057=CARTESIAN_POINT('Ctrl Pts',(-1.39916188753215,3.34565511303302,46.1046177216903));
#5058=CARTESIAN_POINT('Ctrl Pts',(-3.56636793818744,0.657368072282102,46.2625662448829));
#5059=CARTESIAN_POINT('Ctrl Pts',(-2.50004510416609,-2.6269518291619,46.4205147680753));
#5060=CARTESIAN_POINT('Ctrl Pts',(0.832970158974102,-3.52946092899117,46.5784632912678));
#5061=CARTESIAN_POINT('Ctrl Pts',(3.41080030974118,-1.23198020602398,46.7364118144602));
#5062=CARTESIAN_POINT('Ctrl Pts',(2.89607682005261,2.18262594587335,46.8943603376528));
#5063=CARTESIAN_POINT('Ctrl Pts',(-0.244266753510441,3.61806577547212,47.0523088608452));
#5064=CARTESIAN_POINT('Ctrl Pts',(-3.1634611847842,1.77359308684287,47.2102573840377));
#5065=CARTESIAN_POINT('Ctrl Pts',(-3.21381935213456,-1.67987123942056,47.3682059072301));
#5066=CARTESIAN_POINT('Ctrl Pts',(-0.351515532035248,-3.60843913962488,
47.5261544304226));
#5067=CARTESIAN_POINT('Ctrl Pts',(2.8318585781564,-2.26889215916458,47.6841029536151));
#5068=CARTESIAN_POINT('Ctrl Pts',(3.44298480177408,1.13501616768283,47.8420514768075));
#5069=CARTESIAN_POINT('Ctrl Pts',(1.77603787230443,2.7066289013681,47.9473504922692));
#5070=CARTESIAN_POINT('Ctrl Pts',(0.793799282532758,2.96922295374572,48.));
#5071=CARTESIAN_POINT('Origin',(5.235714285714,0.,14.6));
#5072=CARTESIAN_POINT('',(5.235714285714,-4.108124972506,14.6));
#5073=CARTESIAN_POINT('',(4.835714285714,-4.108124972506,15.));
#5074=CARTESIAN_POINT('',(5.235714285714,-4.108124972506,14.6));
#5075=CARTESIAN_POINT('',(5.235714285714,4.108124972506,14.6));
#5076=CARTESIAN_POINT('',(5.235714285714,-4.108124972506,14.6));
#5077=CARTESIAN_POINT('',(4.835714285714,4.108124972506,15.));
#5078=CARTESIAN_POINT('',(4.835714285714,4.108124972506,15.));
#5079=CARTESIAN_POINT('',(4.835714285714,4.108124972506,15.));
#5080=CARTESIAN_POINT('',(4.835714285714,-1.271167709997,15.));
#5081=CARTESIAN_POINT('Origin',(4.235714285714,-4.108124972506,14.8));
#5082=CARTESIAN_POINT('',(4.435714285714,-5.08792086962,14.6));
#5083=CARTESIAN_POINT('',(4.268584813182,-4.707223902921,15.));
#5084=CARTESIAN_POINT('Ctrl Pts',(4.43571428571425,-5.08792086961954,14.5999999999997));
#5085=CARTESIAN_POINT('Ctrl Pts',(4.3728837778205,-4.96084686206797,14.7370726928072));
#5086=CARTESIAN_POINT('Ctrl Pts',(4.31604480784193,-4.83330029380061,14.8715128900253));
#5087=CARTESIAN_POINT('Ctrl Pts',(4.26858481318209,-4.7072239029208,14.9999999999998));
#5088=CARTESIAN_POINT('Origin',(4.235714285714,-4.108124972506,14.6));
#5089=CARTESIAN_POINT('Origin',(4.235714285714,-4.108124972506,15.));
#5090=CARTESIAN_POINT('Origin',(5.75,-6.595452979136,14.8));
#5091=CARTESIAN_POINT('',(3.35,-6.595452979136,15.));
#5092=CARTESIAN_POINT('',(3.75,-6.595452979136,14.6));
#5093=CARTESIAN_POINT('',(3.35,-6.595452979136,15.));
#5094=CARTESIAN_POINT('Origin',(5.75,-6.595452979136,14.6));
#5095=CARTESIAN_POINT('Origin',(5.75,-6.595452979136,15.));
#5096=CARTESIAN_POINT('Origin',(3.75,0.,14.6));
#5097=CARTESIAN_POINT('',(3.75,-7.75,14.6));
#5098=CARTESIAN_POINT('',(3.35,-7.75,15.));
#5099=CARTESIAN_POINT('',(3.75,-7.75,14.6));
#5100=CARTESIAN_POINT('',(3.75,-7.75,14.6));
#5101=CARTESIAN_POINT('',(3.35,-6.595452979136,15.));
#5102=CARTESIAN_POINT('Origin',(0.,-7.75,14.8));
#5103=CARTESIAN_POINT('',(-3.35,-7.75,15.));
#5104=CARTESIAN_POINT('',(-3.75,-7.75,14.6));
#5105=CARTESIAN_POINT('',(-3.35,-7.75,15.));
#5106=CARTESIAN_POINT('Origin',(0.,-7.75,14.6));
#5107=CARTESIAN_POINT('Origin',(0.,-7.75,15.));
#5108=CARTESIAN_POINT('Origin',(-3.75,0.,14.6));
#5109=CARTESIAN_POINT('',(-3.35,-6.595452979136,15.));
#5110=CARTESIAN_POINT('',(-3.35,-7.75,15.));
#5111=CARTESIAN_POINT('',(-3.75,-6.595452979136,14.6));
#5112=CARTESIAN_POINT('',(-3.75,-6.595452979136,14.6));
#5113=CARTESIAN_POINT('',(-3.75,-6.595452979136,14.6));
#5114=CARTESIAN_POINT('Origin',(-3.75,0.,48.));
#5115=CARTESIAN_POINT('',(-3.75,-7.75,0.4));
#5116=CARTESIAN_POINT('',(-3.75,-7.75,14.6));
#5117=CARTESIAN_POINT('',(-3.75,-6.595452979136,0.4));
#5118=CARTESIAN_POINT('',(-3.75,-6.595452979136,0.4));
#5119=CARTESIAN_POINT('',(-3.75,-7.75,0.4));
#5120=CARTESIAN_POINT('Origin',(0.,-7.75,48.));
#5121=CARTESIAN_POINT('',(3.75,-7.75,0.4));
#5122=CARTESIAN_POINT('',(3.75,-7.75,0.4));
#5123=CARTESIAN_POINT('Origin',(0.,-7.75,0.4));
#5124=CARTESIAN_POINT('Origin',(3.75,0.,48.));
#5125=CARTESIAN_POINT('',(3.75,-6.595452979136,0.4));
#5126=CARTESIAN_POINT('',(3.75,-6.595452979136,14.6));
#5127=CARTESIAN_POINT('',(3.75,-6.595452979136,0.4));
#5128=CARTESIAN_POINT('Origin',(5.75,-6.595452979136,48.));
#5129=CARTESIAN_POINT('',(4.435714285714,-5.08792086962,0.4));
#5130=CARTESIAN_POINT('',(4.435714285714,-5.08792086962,0.4));
#5131=CARTESIAN_POINT('Origin',(5.75,-6.595452979136,0.4));
#5132=CARTESIAN_POINT('Origin',(4.235714285714,-4.108124972506,48.));
#5133=CARTESIAN_POINT('',(5.235714285714,-4.108124972506,0.4));
#5134=CARTESIAN_POINT('',(5.235714285714,-4.108124972506,0.4));
#5135=CARTESIAN_POINT('Origin',(4.235714285714,-4.108124972506,0.4));
#5136=CARTESIAN_POINT('Origin',(5.235714285714,0.,48.));
#5137=CARTESIAN_POINT('',(5.235714285714,4.108124972506,0.4));
#5138=CARTESIAN_POINT('',(5.235714285714,4.108124972506,14.6));
#5139=CARTESIAN_POINT('',(5.235714285714,-2.6,0.4));
#5140=CARTESIAN_POINT('',(5.235714285714,-2.6,0.4));
#5141=CARTESIAN_POINT('',(5.235714285714,-2.6,3.4));
#5142=CARTESIAN_POINT('',(5.235714285714,-2.6,3.4));
#5143=CARTESIAN_POINT('',(5.235714285714,2.6,3.4));
#5144=CARTESIAN_POINT('',(5.235714285714,2.6,3.4));
#5145=CARTESIAN_POINT('',(5.235714285714,2.6,0.4));
#5146=CARTESIAN_POINT('',(5.235714285714,2.6,0.4));
#5147=CARTESIAN_POINT('',(5.235714285714,4.108124972506,0.4));
#5148=CARTESIAN_POINT('Origin',(4.235714285714,4.108124972506,48.));
#5149=CARTESIAN_POINT('',(4.435714285714,5.08792086962,0.4));
#5150=CARTESIAN_POINT('',(4.435714285714,5.08792086962,14.6));
#5151=CARTESIAN_POINT('',(4.435714285714,5.08792086962,0.4));
#5152=CARTESIAN_POINT('Origin',(4.235714285714,4.108124972506,14.6));
#5153=CARTESIAN_POINT('Origin',(4.235714285714,4.108124972506,0.4));
#5154=CARTESIAN_POINT('Origin',(5.75,6.595452979136,48.));
#5155=CARTESIAN_POINT('',(3.75,6.595452979136,0.4));
#5156=CARTESIAN_POINT('',(3.75,6.595452979136,14.6));
#5157=CARTESIAN_POINT('',(3.75,6.595452979136,0.4));
#5158=CARTESIAN_POINT('Origin',(5.75,6.595452979136,14.6));
#5159=CARTESIAN_POINT('Origin',(5.75,6.595452979136,0.4));
#5160=CARTESIAN_POINT('Origin',(3.75,0.,48.));
#5161=CARTESIAN_POINT('',(3.75,7.75,14.6));
#5162=CARTESIAN_POINT('',(3.75,7.75,0.4));
#5163=CARTESIAN_POINT('',(3.75,7.75,14.6));
#5164=CARTESIAN_POINT('',(3.75,6.595452979136,14.6));
#5165=CARTESIAN_POINT('',(3.75,7.75,0.4));
#5166=CARTESIAN_POINT('Origin',(0.,7.75,48.));
#5167=CARTESIAN_POINT('',(-3.75,7.75,0.4));
#5168=CARTESIAN_POINT('',(-3.75,7.75,14.6));
#5169=CARTESIAN_POINT('',(-3.75,7.75,0.4));
#5170=CARTESIAN_POINT('Origin',(0.,7.75,14.6));
#5171=CARTESIAN_POINT('Origin',(0.,7.75,0.4));
#5172=CARTESIAN_POINT('Origin',(-3.75,0.,48.));
#5173=CARTESIAN_POINT('',(-3.75,6.595452979136,14.6));
#5174=CARTESIAN_POINT('',(-3.75,6.595452979136,0.4));
#5175=CARTESIAN_POINT('',(-3.75,6.595452979136,14.6));
#5176=CARTESIAN_POINT('',(-3.75,7.75,14.6));
#5177=CARTESIAN_POINT('',(-3.75,6.595452979136,0.4));
#5178=CARTESIAN_POINT('Origin',(-5.75,6.595452979136,48.));
#5179=CARTESIAN_POINT('',(-4.435714285714,5.08792086962,0.4));
#5180=CARTESIAN_POINT('',(-4.435714285714,5.08792086962,14.6));
#5181=CARTESIAN_POINT('',(-4.435714285714,5.08792086962,0.4));
#5182=CARTESIAN_POINT('Origin',(-5.75,6.595452979136,14.6));
#5183=CARTESIAN_POINT('Origin',(-5.75,6.595452979136,0.4));
#5184=CARTESIAN_POINT('Origin',(0.,0.,48.));
#5185=CARTESIAN_POINT('',(-4.435714285714,-5.08792086962,14.6));
#5186=CARTESIAN_POINT('Origin',(0.,0.,14.6));
#5187=CARTESIAN_POINT('',(-4.435714285714,-5.08792086962,0.4));
#5188=CARTESIAN_POINT('Origin',(0.,0.,0.4));
#5189=CARTESIAN_POINT('',(-4.435714285714,-5.08792086962,0.4));
#5190=CARTESIAN_POINT('Origin',(0.,0.,14.8));
#5191=CARTESIAN_POINT('',(-4.172857142857,4.786414447716,15.));
#5192=CARTESIAN_POINT('',(-4.172857142857,-4.786414447716,15.));
#5193=CARTESIAN_POINT('Origin',(0.,0.,15.));
#5194=CARTESIAN_POINT('',(-4.172857142857,4.786414447716,15.));
#5195=CARTESIAN_POINT('',(-4.172857142857,-4.786414447716,15.));
#5196=CARTESIAN_POINT('Origin',(0.,0.,15.));
#5197=CARTESIAN_POINT('',(4.268584813182,4.707223902921,15.));
#5198=CARTESIAN_POINT('Origin',(4.235714285714,4.108124972506,15.));
#5199=CARTESIAN_POINT('',(3.35,6.595452979136,15.));
#5200=CARTESIAN_POINT('Origin',(5.75,6.595452979136,15.));
#5201=CARTESIAN_POINT('',(3.35,7.75,15.));
#5202=CARTESIAN_POINT('',(3.35,7.75,15.));
#5203=CARTESIAN_POINT('',(-3.35,7.75,15.));
#5204=CARTESIAN_POINT('Origin',(0.,7.75,15.));
#5205=CARTESIAN_POINT('',(-3.35,6.595452979136,15.));
#5206=CARTESIAN_POINT('',(-3.35,6.595452979136,15.));
#5207=CARTESIAN_POINT('Origin',(-5.75,6.595452979136,15.));
#5208=CARTESIAN_POINT('Origin',(-5.75,-6.595452979136,15.));
#5209=CARTESIAN_POINT('',(-2.75,-7.75,15.));
#5210=CARTESIAN_POINT('Origin',(0.,-7.75,15.));
#5211=CARTESIAN_POINT('Origin',(0.,-7.75,15.));
#5212=CARTESIAN_POINT('',(-2.75,7.75,15.));
#5213=CARTESIAN_POINT('Origin',(0.,7.75,15.));
#5214=CARTESIAN_POINT('Origin',(0.,7.75,15.));
#5215=CARTESIAN_POINT('Origin',(0.,0.,21.));
#5216=CARTESIAN_POINT('',(1.15,1.40834381901946E-16,21.));
#5217=CARTESIAN_POINT('Origin',(0.,0.,21.));
#5218=CARTESIAN_POINT('Origin',(0.,0.,48.));
#5219=CARTESIAN_POINT('',(1.15,-1.40834381901946E-16,1.2));
#5220=CARTESIAN_POINT('',(1.15,-1.40834381901946E-16,48.));
#5221=CARTESIAN_POINT('Origin',(0.,0.,1.2));
#5222=CARTESIAN_POINT('Origin',(0.,0.,0.6));
#5223=CARTESIAN_POINT('',(2.35,-2.87791997799628E-16,-2.77555756156289E-16));
#5224=CARTESIAN_POINT('',(1.75,-2.14313189850787E-16,0.6));
#5225=CARTESIAN_POINT('Origin',(0.,0.,0.));
#5226=CARTESIAN_POINT('Origin',(0.,0.,0.));
#5227=CARTESIAN_POINT('',(4.835714285714,-2.6,0.));
#5228=CARTESIAN_POINT('',(2.535714285714,-2.6,0.));
#5229=CARTESIAN_POINT('',(4.835714285714,-2.6,0.));
#5230=CARTESIAN_POINT('',(4.835714285714,-4.108124972506,0.));
#5231=CARTESIAN_POINT('',(4.835714285714,-4.108124972506,0.));
#5232=CARTESIAN_POINT('',(4.268584813182,-4.707223902921,0.));
#5233=CARTESIAN_POINT('Origin',(4.235714285714,-4.108124972506,0.));
#5234=CARTESIAN_POINT('',(3.35,-6.595452979136,0.));
#5235=CARTESIAN_POINT('Origin',(5.75,-6.595452979136,0.));
#5236=CARTESIAN_POINT('',(3.35,-7.75,0.));
#5237=CARTESIAN_POINT('',(3.35,-7.75,0.));
#5238=CARTESIAN_POINT('',(-3.35,-7.75,0.));
#5239=CARTESIAN_POINT('Origin',(0.,-7.75,0.));
#5240=CARTESIAN_POINT('',(-3.35,-6.595452979136,0.));
#5241=CARTESIAN_POINT('',(-3.35,-6.595452979136,0.));
#5242=CARTESIAN_POINT('',(-4.172857142857,-4.786414447716,0.));
#5243=CARTESIAN_POINT('Origin',(-5.75,-6.595452979136,0.));
#5244=CARTESIAN_POINT('',(-4.172857142857,4.786414447716,0.));
#5245=CARTESIAN_POINT('Origin',(0.,0.,0.));
#5246=CARTESIAN_POINT('',(-3.35,6.595452979136,0.));
#5247=CARTESIAN_POINT('Origin',(-5.75,6.595452979136,0.));
#5248=CARTESIAN_POINT('',(-3.35,7.75,0.));
#5249=CARTESIAN_POINT('',(-3.35,7.75,0.));
#5250=CARTESIAN_POINT('',(3.35,7.75,0.));
#5251=CARTESIAN_POINT('Origin',(0.,7.75,0.));
#5252=CARTESIAN_POINT('',(3.35,6.595452979136,0.));
#5253=CARTESIAN_POINT('',(3.35,6.595452979136,0.));
#5254=CARTESIAN_POINT('',(4.268584813182,4.707223902921,0.));
#5255=CARTESIAN_POINT('Origin',(5.75,6.595452979136,0.));
#5256=CARTESIAN_POINT('',(4.835714285714,4.108124972506,0.));
#5257=CARTESIAN_POINT('Origin',(4.235714285714,4.108124972506,0.));
#5258=CARTESIAN_POINT('',(4.835714285714,2.6,0.));
#5259=CARTESIAN_POINT('',(4.835714285714,2.6,0.));
#5260=CARTESIAN_POINT('',(2.535714285714,2.6,0.));
#5261=CARTESIAN_POINT('',(2.535714285714,2.6,0.));
#5262=CARTESIAN_POINT('',(2.535714285714,-2.6,0.));
#5263=CARTESIAN_POINT('',(1.9,7.75,-1.90819582357449E-16));
#5264=CARTESIAN_POINT('Origin',(0.,7.75,0.));
#5265=CARTESIAN_POINT('',(1.9,-7.75,-1.90819582357449E-16));
#5266=CARTESIAN_POINT('Origin',(0.,-7.75,0.));
#5267=CARTESIAN_POINT('Origin',(4.235714285714,-2.2,0.4));
#5268=CARTESIAN_POINT('',(2.935714285714,-2.2,0.4));
#5269=CARTESIAN_POINT('',(2.935714285714,-2.2,0.4));
#5270=CARTESIAN_POINT('',(4.835714285714,-2.2,0.4));
#5271=CARTESIAN_POINT('',(2.935714285714,-2.2,0.4));
#5272=CARTESIAN_POINT('',(4.835714285714,-2.6,0.));
#5273=CARTESIAN_POINT('Origin',(2.935714285714,2.2,0.4));
#5274=CARTESIAN_POINT('',(2.935714285714,2.2,0.4));
#5275=CARTESIAN_POINT('',(2.935714285714,2.2,0.4));
#5276=CARTESIAN_POINT('',(2.935714285714,2.2,0.4));
#5277=CARTESIAN_POINT('Origin',(4.235714285714,2.2,0.4));
#5278=CARTESIAN_POINT('',(4.835714285714,2.2,0.4));
#5279=CARTESIAN_POINT('',(4.835714285714,2.2,0.4));
#5280=CARTESIAN_POINT('',(4.835714285714,2.2,0.4));
#5281=CARTESIAN_POINT('Origin',(5.235714285714,2.6,0.4));
#5282=CARTESIAN_POINT('',(4.835714285714,2.6,0.));
#5283=CARTESIAN_POINT('',(5.235714285714,2.6,0.4));
#5284=CARTESIAN_POINT('Origin',(5.235714285714,2.6,48.));
#5285=CARTESIAN_POINT('',(4.835714285714,2.2,3.));
#5286=CARTESIAN_POINT('',(5.235714285714,2.6,3.4));
#5287=CARTESIAN_POINT('',(4.835714285714,2.2,3.));
#5288=CARTESIAN_POINT('Origin',(4.235714285714,2.2,9.7));
#5289=CARTESIAN_POINT('',(4.235714285714,2.2,3.));
#5290=CARTESIAN_POINT('',(4.835714285714,2.2,3.));
#5291=CARTESIAN_POINT('',(4.235714285714,2.2,9.7));
#5292=CARTESIAN_POINT('',(4.235714285714,2.2,3.));
#5293=CARTESIAN_POINT('',(2.935714285714,2.2,9.7));
#5294=CARTESIAN_POINT('',(4.235714285714,2.2,9.7));
#5295=CARTESIAN_POINT('',(2.935714285714,2.2,0.4));
#5296=CARTESIAN_POINT('Origin',(2.935714285714,2.2,9.7));
#5297=CARTESIAN_POINT('',(2.935714285714,-2.2,9.7));
#5298=CARTESIAN_POINT('',(2.935714285714,-2.2,0.4));
#5299=CARTESIAN_POINT('',(2.935714285714,2.2,9.7));
#5300=CARTESIAN_POINT('Origin',(4.235714285714,-2.2,9.7));
#5301=CARTESIAN_POINT('',(4.235714285714,-2.2,3.));
#5302=CARTESIAN_POINT('',(4.835714285714,-2.2,3.));
#5303=CARTESIAN_POINT('',(4.235714285714,-2.2,3.));
#5304=CARTESIAN_POINT('',(4.835714285714,-2.2,0.4));
#5305=CARTESIAN_POINT('',(4.235714285714,-2.2,9.7));
#5306=CARTESIAN_POINT('',(2.935714285714,-2.2,9.7));
#5307=CARTESIAN_POINT('',(4.235714285714,-2.2,3.));
#5308=CARTESIAN_POINT('Origin',(0.,0.,3.));
#5309=CARTESIAN_POINT('',(4.835714285714,-2.2,3.));
#5310=CARTESIAN_POINT('',(4.235714285714,2.2,3.));
#5311=CARTESIAN_POINT('Origin',(4.235714285714,2.2,9.7));
#5312=CARTESIAN_POINT('',(4.235714285714,-2.2,9.7));
#5313=CARTESIAN_POINT('Origin',(0.,0.,9.7));
#5314=CARTESIAN_POINT('Origin',(4.835714285714,0.,3.));
#5315=CARTESIAN_POINT('',(5.235714285714,-2.6,3.4));
#5316=CARTESIAN_POINT('Origin',(4.835714285714,-2.2,9.7));
#5317=CARTESIAN_POINT('',(5.235714285714,-2.6,0.4));
#5318=CARTESIAN_POINT('Origin',(5.235714285714,-2.6,0.4));
#5319=CARTESIAN_POINT('',(5.235714285714,-2.6,0.4));
#5320=CARTESIAN_POINT('Origin',(4.835714285714,0.,0.));
#5321=CARTESIAN_POINT('',(4.835714285714,-4.108124972506,0.));
#5322=CARTESIAN_POINT('Origin',(4.235714285714,-4.108124972506,0.2));
#5323=CARTESIAN_POINT('Ctrl Pts',(4.26858481318209,-4.7072239029208,1.59094537798077E-13));
#5324=CARTESIAN_POINT('Ctrl Pts',(4.31605376136559,-4.83332407863152,0.12851134959772));
#5325=CARTESIAN_POINT('Ctrl Pts',(4.37288235942897,-4.9608439933868,0.26292421279244));
#5326=CARTESIAN_POINT('Ctrl Pts',(4.43571428571425,-5.08792086961954,0.400000000000312));
#5327=CARTESIAN_POINT('Origin',(5.75,-6.595452979136,0.2));
#5328=CARTESIAN_POINT('',(3.75,-6.595452979136,0.4));
#5329=CARTESIAN_POINT('Origin',(3.75,0.,0.4));
#5330=CARTESIAN_POINT('',(3.35,-7.75,0.));
#5331=CARTESIAN_POINT('Origin',(0.,-7.75,0.2));
#5332=CARTESIAN_POINT('',(-3.75,-7.75,0.4));
#5333=CARTESIAN_POINT('Origin',(-3.35,0.,0.));
#5334=CARTESIAN_POINT('',(-3.35,-6.595452979136,0.));
#5335=CARTESIAN_POINT('Origin',(-5.75,-6.595452979136,0.2));
#5336=CARTESIAN_POINT('',(-4.172857142857,-4.786414447716,0.));
#5337=CARTESIAN_POINT('Origin',(-5.75,-6.595452979136,0.4));
#5338=CARTESIAN_POINT('Origin',(0.,0.,0.2));
#5339=CARTESIAN_POINT('',(-4.172857142857,4.786414447716,0.));
#5340=CARTESIAN_POINT('Origin',(-5.75,6.595452979136,0.2));
#5341=CARTESIAN_POINT('',(-3.75,6.595452979136,0.4));
#5342=CARTESIAN_POINT('Origin',(-3.75,0.,0.4));
#5343=CARTESIAN_POINT('',(-3.35,7.75,0.));
#5344=CARTESIAN_POINT('Origin',(0.,7.75,0.2));
#5345=CARTESIAN_POINT('',(3.75,7.75,0.4));
#5346=CARTESIAN_POINT('Origin',(3.35,0.,0.));
#5347=CARTESIAN_POINT('',(3.35,6.595452979136,0.));
#5348=CARTESIAN_POINT('Origin',(5.75,6.595452979136,0.2));
#5349=CARTESIAN_POINT('Ctrl Pts',(4.43571428571425,5.08792086961954,0.400000000000312));
#5350=CARTESIAN_POINT('Ctrl Pts',(4.40320524482157,5.02217169383893,0.329077419153353));
#5351=CARTESIAN_POINT('Ctrl Pts',(4.37187686930271,4.95535241038066,0.257863538834685));
#5352=CARTESIAN_POINT('Ctrl Pts',(4.31611723299635,4.82799056653259,0.1241213390759));
#5353=CARTESIAN_POINT('Ctrl Pts',(4.29135544746882,4.76771357236746,0.0616462983775208));
#5354=CARTESIAN_POINT('Ctrl Pts',(4.26858481318209,4.7072239029208,1.59507823616067E-13));
#5355=CARTESIAN_POINT('Origin',(4.235714285714,4.108124972506,0.2));
#5356=CARTESIAN_POINT('',(5.235714285714,4.108124972506,0.4));
#5357=CARTESIAN_POINT('Origin',(4.835714285714,0.,0.));
#5358=CARTESIAN_POINT('Origin',(-5.75,-6.595452979136,48.));
#5359=CARTESIAN_POINT('Origin',(-5.75,-6.595452979136,14.6));
#5360=CARTESIAN_POINT('Origin',(-5.75,-6.595452979136,14.8));
#5361=CARTESIAN_POINT('Origin',(0.,7.75,0.15));
#5362=CARTESIAN_POINT('',(1.6,7.75,0.3));
#5363=CARTESIAN_POINT('Origin',(0.,7.75,0.3));
#5364=CARTESIAN_POINT('',(1.75,7.75,0.15));
#5365=CARTESIAN_POINT('Origin',(0.,7.75,0.));
#5366=CARTESIAN_POINT('',(1.6,7.75,9.7));
#5367=CARTESIAN_POINT('',(-1.6,7.75,9.7));
#5368=CARTESIAN_POINT('Origin',(0.,7.75,9.7));
#5369=CARTESIAN_POINT('',(1.6,7.75,0.));
#5370=CARTESIAN_POINT('Origin',(0.,7.75,9.7));
#5371=CARTESIAN_POINT('Origin',(0.,7.75,9.85));
#5372=CARTESIAN_POINT('',(-1.9,7.75,10.));
#5373=CARTESIAN_POINT('',(-1.75,7.75,9.85));
#5374=CARTESIAN_POINT('Origin',(0.,7.75,10.));
#5375=CARTESIAN_POINT('Origin',(0.,0.,10.));
#5376=CARTESIAN_POINT('',(-2.75,7.75,10.));
#5377=CARTESIAN_POINT('Origin',(0.,7.75,10.));
#5378=CARTESIAN_POINT('Origin',(0.,7.75,-7.778174593052));
#5379=CARTESIAN_POINT('',(-2.75,7.75,-7.778174593052));
#5380=CARTESIAN_POINT('Origin',(0.,-7.75,0.15));
#5381=CARTESIAN_POINT('',(1.6,-7.75,0.3));
#5382=CARTESIAN_POINT('Origin',(0.,-7.75,0.3));
#5383=CARTESIAN_POINT('',(1.75,-7.75,0.15));
#5384=CARTESIAN_POINT('Origin',(0.,-7.75,0.));
#5385=CARTESIAN_POINT('',(-1.6,-7.75,9.7));
#5386=CARTESIAN_POINT('',(1.6,-7.75,9.7));
#5387=CARTESIAN_POINT('Origin',(0.,-7.75,9.7));
#5388=CARTESIAN_POINT('Origin',(0.,-7.75,9.7));
#5389=CARTESIAN_POINT('',(1.6,-7.75,0.));
#5390=CARTESIAN_POINT('Origin',(0.,-7.75,9.85));
#5391=CARTESIAN_POINT('',(-1.9,-7.75,10.));
#5392=CARTESIAN_POINT('',(-1.75,-7.75,9.85));
#5393=CARTESIAN_POINT('Origin',(0.,-7.75,10.));
#5394=CARTESIAN_POINT('Origin',(0.,0.,10.));
#5395=CARTESIAN_POINT('',(-2.75,-7.75,10.));
#5396=CARTESIAN_POINT('Origin',(0.,-7.75,10.));
#5397=CARTESIAN_POINT('Origin',(0.,-7.75,-7.778174593052));
#5398=CARTESIAN_POINT('',(-2.75,-7.75,-7.778174593052));
#5399=CARTESIAN_POINT('Origin',(-5.75,6.595452979136,14.8));
#5400=CARTESIAN_POINT('',(-3.35,6.595452979136,15.));
#5401=CARTESIAN_POINT('Origin',(-3.75,0.,14.6));
#5402=CARTESIAN_POINT('',(-3.75,7.75,14.6));
#5403=CARTESIAN_POINT('Origin',(0.,7.75,14.8));
#5404=CARTESIAN_POINT('',(3.35,7.75,15.));
#5405=CARTESIAN_POINT('Origin',(3.75,0.,14.6));
#5406=CARTESIAN_POINT('',(3.75,6.595452979136,14.6));
#5407=CARTESIAN_POINT('Origin',(5.75,6.595452979136,14.8));
#5408=CARTESIAN_POINT('Ctrl Pts',(4.43571428571425,5.08792086961954,14.5999999999997));
#5409=CARTESIAN_POINT('Ctrl Pts',(4.40320524482157,5.02217169383893,14.6709225808466));
#5410=CARTESIAN_POINT('Ctrl Pts',(4.37187686930271,4.95535241038066,14.7421364611653));
#5411=CARTESIAN_POINT('Ctrl Pts',(4.31611723299635,4.82799056653259,14.8758786609241));
#5412=CARTESIAN_POINT('Ctrl Pts',(4.29135544746882,4.76771357236746,14.9383537016225));
#5413=CARTESIAN_POINT('Ctrl Pts',(4.26858481318209,4.7072239029208,14.9999999999998));
#5414=CARTESIAN_POINT('Origin',(4.235714285714,4.108124972506,14.8));
#5415=CARTESIAN_POINT('Origin',(0.,0.,33.));
#5416=CARTESIAN_POINT('',(-3.50000005215406,-4.28626386088604E-16,33.));
#5417=CARTESIAN_POINT('Origin',(0.,0.,33.));
#5418=CARTESIAN_POINT('',(-2.50199914471532,3.06406524404503E-16,33.));
#5419=CARTESIAN_POINT('Origin',(0.,0.,33.));
#5420=CARTESIAN_POINT('Origin',(0.,0.,41.));
#5421=CARTESIAN_POINT('',(-2.50199914471532,-3.06406524404503E-16,41.));
#5422=CARTESIAN_POINT('',(-2.50199914471532,3.06406524404503E-16,41.));
#5423=CARTESIAN_POINT('Origin',(0.,0.,41.));
#5424=CARTESIAN_POINT('Origin',(0.,0.,41.));
#5425=CARTESIAN_POINT('',(-3.50000005215406,-4.28626386088604E-16,41.));
#5426=CARTESIAN_POINT('',(-3.50000005215406,4.28626386088604E-16,41.));
#5427=CARTESIAN_POINT('Origin',(0.,0.,41.));
#5428=CARTESIAN_POINT('Origin',(0.,0.,41.));
#5429=CARTESIAN_POINT('Origin',(0.,0.,20.5));
#5430=CARTESIAN_POINT('',(-3.50000005215406,-4.28626386088604E-16,20.5));
#5431=CARTESIAN_POINT('Origin',(0.,0.,20.5));
#5432=CARTESIAN_POINT('',(-2.50199914471532,-3.06406524404503E-16,20.5));
#5433=CARTESIAN_POINT('Origin',(0.,0.,20.5));
#5434=CARTESIAN_POINT('Origin',(0.,0.,41.));
#5435=CARTESIAN_POINT('',(-3.50000005215406,4.28626386088604E-16,21.));
#5436=CARTESIAN_POINT('',(-3.50000005215406,4.28626386088604E-16,41.));
#5437=CARTESIAN_POINT('Origin',(0.,0.,21.));
#5438=CARTESIAN_POINT('Origin',(0.,0.,41.));
#5439=CARTESIAN_POINT('',(-2.50199914471532,-3.06406524404503E-16,21.));
#5440=CARTESIAN_POINT('',(-2.50199914471532,3.06406524404503E-16,41.));
#5441=CARTESIAN_POINT('Origin',(0.,0.,21.));
#5442=CARTESIAN_POINT('Origin',(0.,0.,21.));
#5443=UNCERTAINTY_MEASURE_WITH_UNIT(LENGTH_MEASURE(0.01),#5447,
'DISTANCE_ACCURACY_VALUE',
'Maximum model space distance between geometric entities at asserted c
onnectivities');
#5444=UNCERTAINTY_MEASURE_WITH_UNIT(LENGTH_MEASURE(0.01),#5447,
'DISTANCE_ACCURACY_VALUE',
'Maximum model space distance between geometric entities at asserted c
onnectivities');
#5445=(
GEOMETRIC_REPRESENTATION_CONTEXT(3)
GLOBAL_UNCERTAINTY_ASSIGNED_CONTEXT((#5443))
GLOBAL_UNIT_ASSIGNED_CONTEXT((#5447,#5449,#5450))
REPRESENTATION_CONTEXT('','3D')
);
#5446=(
GEOMETRIC_REPRESENTATION_CONTEXT(3)
GLOBAL_UNCERTAINTY_ASSIGNED_CONTEXT((#5444))
GLOBAL_UNIT_ASSIGNED_CONTEXT((#5447,#5449,#5450))
REPRESENTATION_CONTEXT('','3D')
);
#5447=(
LENGTH_UNIT()
NAMED_UNIT(*)
SI_UNIT(.MILLI.,.METRE.)
);
#5448=(
LENGTH_UNIT()
NAMED_UNIT(*)
SI_UNIT($,.METRE.)
);
#5449=(
NAMED_UNIT(*)
PLANE_ANGLE_UNIT()
SI_UNIT($,.RADIAN.)
);
#5450=(
NAMED_UNIT(*)
SI_UNIT($,.STERADIAN.)
SOLID_ANGLE_UNIT()
);
#5451=SHAPE_DEFINITION_REPRESENTATION(#5452,#5453);
#5452=PRODUCT_DEFINITION_SHAPE('',$,#5455);
#5453=SHAPE_REPRESENTATION('',(#2009),#5445);
#5454=PRODUCT_DEFINITION_CONTEXT('part definition',#5459,'design');
#5455=PRODUCT_DEFINITION('0004','\X2\6ED18F6865396C1452A85934\X0\-2026
01',#5456,#5454);
#5456=PRODUCT_DEFINITION_FORMATION('',$,#5461);
#5457=PRODUCT_RELATED_PRODUCT_CATEGORY('\X2\6ED18F6865396C1452A85934\X0\-
202601','\X2\6ED18F6865396C1452A85934\X0\-202601',(#5461));
#5458=APPLICATION_PROTOCOL_DEFINITION('international standard',
'automotive_design',2009,#5459);
#5459=APPLICATION_CONTEXT(
'Core Data for Automotive Mechanical Design Process');
#5460=PRODUCT_CONTEXT('part definition',#5459,'mechanical');
#5461=PRODUCT('0004','\X2\6ED18F6865396C1452A85934\X0\-202601',$,(#5460));
#5462=PRESENTATION_STYLE_ASSIGNMENT((#5463));
#5463=SURFACE_STYLE_USAGE(.BOTH.,#5464);
#5464=SURFACE_SIDE_STYLE('',(#5465));
#5465=SURFACE_STYLE_FILL_AREA(#5466);
#5466=FILL_AREA_STYLE('\X2\94A2\X0\ - \X2\7F0E5149\X0\',(#5467));
#5467=FILL_AREA_STYLE_COLOUR('\X2\94A2\X0\ - \X2\7F0E5149\X0\',#5468);
#5468=COLOUR_RGB('\X2\94A2\X0\ - \X2\7F0E5149\X0\',0.627450980392157,0.627450980392157,
0.627450980392157);
ENDSEC;
END-ISO-10303-21;
